<?xml version='1.0' encoding='utf-8'?>
<kml xmlns="http://www.opengis.net/kml/2.2"><Document><name>Province Papua Tengah</name><Style id="papua-tengah-style"><LineStyle><color>ff00ffff</color><width>1.5</width></LineStyle><PolyStyle><color>6600ff00</color><fill>1</fill><outline>1</outline></PolyStyle></Style><Folder><name>Province Papua Tengah</name><open>1</open><Placemark><name>Province Papua Tengah - Bagian 001</name><visibility>1</visibility><styleUrl>#papua-tengah-style</styleUrl><Polygon><tessellate>1</tessellate><altitudeMode>clampToGround</altitudeMode><outerBoundaryIs><LinearRing><coordinates>134.83111181,-3.12362621,0 134.83138545,-3.12253166,0 134.83090956,-3.12265063,0 134.83111181,-3.12362621,0</coordinates></LinearRing></outerBoundaryIs></Polygon></Placemark><Placemark><name>Province Papua Tengah - Bagian 002</name><visibility>1</visibility><styleUrl>#papua-tengah-style</styleUrl><Polygon><tessellate>1</tessellate><altitudeMode>clampToGround</altitudeMode><outerBoundaryIs><LinearRing><coordinates>134.84328336,-3.05379980,0 134.84182114,-3.05545138,0 134.84209801,-3.05776066,0 134.84093182,-3.05728356,0 134.83956026,-3.05817341,0 134.83888055,-3.06030327,0 134.83804128,-3.05994788,0 134.83623399,-3.06086333,0 134.83579140,-3.06377438,0 134.83853422,-3.06345606,0 134.84088217,-3.06031343,0 134.84297380,-3.05977847,0 134.84328336,-3.05379980,0</coordinates></LinearRing></outerBoundaryIs></Polygon></Placemark><Placemark><name>Province Papua Tengah - Bagian 003</name><visibility>1</visibility><styleUrl>#papua-tengah-style</styleUrl><Polygon><tessellate>1</tessellate><altitudeMode>clampToGround</altitudeMode><outerBoundaryIs><LinearRing><coordinates>134.84162102,-3.05590836,0 134.84040338,-3.05510031,0 134.84027923,-3.05536478,0 134.84162102,-3.05590836,0</coordinates></LinearRing></outerBoundaryIs></Polygon></Placemark><Placemark><name>Province Papua Tengah - Bagian 004</name><visibility>1</visibility><styleUrl>#papua-tengah-style</styleUrl><Polygon><tessellate>1</tessellate><altitudeMode>clampToGround</altitudeMode><outerBoundaryIs><LinearRing><coordinates>134.84453162,-3.04803420,0 134.84498580,-3.04775325,0 134.84462908,-3.04711985,0 134.84442462,-3.04722756,0 134.84453162,-3.04803420,0</coordinates></LinearRing></outerBoundaryIs></Polygon></Placemark><Placemark><name>Province Papua Tengah - Bagian 005</name><visibility>1</visibility><styleUrl>#papua-tengah-style</styleUrl><Polygon><tessellate>1</tessellate><altitudeMode>clampToGround</altitudeMode><outerBoundaryIs><LinearRing><coordinates>134.83575269,-3.02147203,0 134.83293879,-3.02180962,0 134.83291283,-3.02310013,0 134.83160855,-3.02357196,0 134.83081271,-3.02568671,0 134.82880249,-3.02626046,0 134.83359003,-3.02841020,0 134.83499415,-3.02985145,0 134.83625723,-3.02972366,0 134.83745769,-3.03194038,0 134.83441417,-3.03487512,0 134.83511486,-3.03708321,0 134.83455809,-3.03803525,0 134.83520464,-3.03815145,0 134.83338498,-3.03909139,0 134.83185061,-3.04171769,0 134.83667091,-3.04257405,0 134.83774270,-3.04138637,0 134.84065483,-3.04231845,0 134.84125696,-3.04373745,0 134.83579669,-3.04639922,0 134.83496316,-3.04882980,0 134.83622342,-3.05025897,0 134.83985867,-3.04881946,0 134.84174258,-3.04958397,0 134.84224030,-3.04645522,0 134.84428861,-3.04655411,0 134.84551776,-3.04458602,0 134.84419709,-3.04195705,0 134.84445924,-3.04022127,0 134.84295754,-3.03954634,0 134.84134054,-3.03721781,0 134.84124247,-3.03352256,0 134.83550264,-3.02600260,0 134.83575269,-3.02147203,0</coordinates></LinearRing></outerBoundaryIs></Polygon></Placemark><Placemark><name>Province Papua Tengah - Bagian 006</name><visibility>1</visibility><styleUrl>#papua-tengah-style</styleUrl><Polygon><tessellate>1</tessellate><altitudeMode>clampToGround</altitudeMode><outerBoundaryIs><LinearRing><coordinates>134.82819250,-3.02714877,0 134.82822436,-3.02663263,0 134.82785639,-3.02654949,0 134.82819250,-3.02714877,0</coordinates></LinearRing></outerBoundaryIs></Polygon></Placemark><Placemark><name>Province Papua Tengah - Bagian 007</name><visibility>1</visibility><styleUrl>#papua-tengah-style</styleUrl><Polygon><tessellate>1</tessellate><altitudeMode>clampToGround</altitudeMode><outerBoundaryIs><LinearRing><coordinates>134.84474527,-3.00397538,0 134.84459061,-3.00420143,0 134.84468579,-3.00428471,0 134.84474527,-3.00397538,0</coordinates></LinearRing></outerBoundaryIs></Polygon></Placemark><Placemark><name>Province Papua Tengah - Bagian 008</name><visibility>1</visibility><styleUrl>#papua-tengah-style</styleUrl><Polygon><tessellate>1</tessellate><altitudeMode>clampToGround</altitudeMode><outerBoundaryIs><LinearRing><coordinates>134.84999199,-2.98804489,0 134.84996819,-2.98823525,0 134.85015855,-2.98827094,0 134.84999199,-2.98804489,0</coordinates></LinearRing></outerBoundaryIs></Polygon></Placemark><Placemark><name>Province Papua Tengah - Bagian 009</name><visibility>1</visibility><styleUrl>#papua-tengah-style</styleUrl><Polygon><tessellate>1</tessellate><altitudeMode>clampToGround</altitudeMode><outerBoundaryIs><LinearRing><coordinates>134.84178285,-2.97111502,0 134.84087865,-2.97057965,0 134.84096193,-2.97187645,0 134.84150921,-2.97204301,0 134.84178285,-2.97111502,0</coordinates></LinearRing></outerBoundaryIs></Polygon></Placemark><Placemark><name>Province Papua Tengah - Bagian 010</name><visibility>1</visibility><styleUrl>#papua-tengah-style</styleUrl><Polygon><tessellate>1</tessellate><altitudeMode>clampToGround</altitudeMode><outerBoundaryIs><LinearRing><coordinates>134.84713663,-2.95625529,0 134.84748165,-2.95650513,0 134.84750545,-2.95621960,0 134.84713663,-2.95625529,0</coordinates></LinearRing></outerBoundaryIs></Polygon></Placemark><Placemark><name>Province Papua Tengah - Bagian 011</name><visibility>1</visibility><styleUrl>#papua-tengah-style</styleUrl><Polygon><tessellate>1</tessellate><altitudeMode>clampToGround</altitudeMode><outerBoundaryIs><LinearRing><coordinates>134.79909598,-2.92099279,0 134.79929059,-2.92060446,0 134.79913385,-2.92061142,0 134.79909598,-2.92099279,0</coordinates></LinearRing></outerBoundaryIs></Polygon></Placemark><Placemark><name>Province Papua Tengah - Bagian 012</name><visibility>1</visibility><styleUrl>#papua-tengah-style</styleUrl><Polygon><tessellate>1</tessellate><altitudeMode>clampToGround</altitudeMode><outerBoundaryIs><LinearRing><coordinates>134.80436758,-2.92056404,0 134.80439609,-2.92055112,0 134.80423123,-2.92040387,0 134.80436758,-2.92056404,0</coordinates></LinearRing></outerBoundaryIs></Polygon></Placemark><Placemark><name>Province Papua Tengah - Bagian 013</name><visibility>1</visibility><styleUrl>#papua-tengah-style</styleUrl><Polygon><tessellate>1</tessellate><altitudeMode>clampToGround</altitudeMode><outerBoundaryIs><LinearRing><coordinates>134.80006333,-2.92031578,0 134.79973310,-2.92040962,0 134.79972353,-2.92057400,0 134.80006333,-2.92031578,0</coordinates></LinearRing></outerBoundaryIs></Polygon></Placemark><Placemark><name>Province Papua Tengah - Bagian 014</name><visibility>1</visibility><styleUrl>#papua-tengah-style</styleUrl><Polygon><tessellate>1</tessellate><altitudeMode>clampToGround</altitudeMode><outerBoundaryIs><LinearRing><coordinates>134.82779074,-2.91381348,0 134.82779074,-2.91390866,0 134.82788592,-2.91393245,0 134.82779074,-2.91381348,0</coordinates></LinearRing></outerBoundaryIs></Polygon></Placemark><Placemark><name>Province Papua Tengah - Bagian 015</name><visibility>1</visibility><styleUrl>#papua-tengah-style</styleUrl><Polygon><tessellate>1</tessellate><altitudeMode>clampToGround</altitudeMode><outerBoundaryIs><LinearRing><coordinates>134.80362731,-2.91162438,0 134.80407941,-2.91150540,0 134.80394854,-2.91142212,0 134.80362731,-2.91162438,0</coordinates></LinearRing></outerBoundaryIs></Polygon></Placemark><Placemark><name>Province Papua Tengah - Bagian 016</name><visibility>1</visibility><styleUrl>#papua-tengah-style</styleUrl><Polygon><tessellate>1</tessellate><altitudeMode>clampToGround</altitudeMode><outerBoundaryIs><LinearRing><coordinates>134.80260414,-2.91131505,0 134.80352024,-2.91123176,0 134.80323470,-2.91117228,0 134.80260414,-2.91131505,0</coordinates></LinearRing></outerBoundaryIs></Polygon></Placemark><Placemark><name>Province Papua Tengah - Bagian 017</name><visibility>1</visibility><styleUrl>#papua-tengah-style</styleUrl><Polygon><tessellate>1</tessellate><altitudeMode>clampToGround</altitudeMode><outerBoundaryIs><LinearRing><coordinates>134.80208066,-2.91116038,0 134.80214015,-2.91111279,0 134.80111698,-2.91110089,0 134.80208066,-2.91116038,0</coordinates></LinearRing></outerBoundaryIs></Polygon></Placemark><Placemark><name>Province Papua Tengah - Bagian 018</name><visibility>1</visibility><styleUrl>#papua-tengah-style</styleUrl><Polygon><tessellate>1</tessellate><altitudeMode>clampToGround</altitudeMode><outerBoundaryIs><LinearRing><coordinates>134.85395379,-2.88557340,0 134.85469142,-2.88504992,0 134.85416794,-2.88449075,0 134.85395379,-2.88557340,0</coordinates></LinearRing></outerBoundaryIs></Polygon></Placemark><Placemark><name>Province Papua Tengah - Bagian 019</name><visibility>1</visibility><styleUrl>#papua-tengah-style</styleUrl><Polygon><tessellate>1</tessellate><altitudeMode>clampToGround</altitudeMode><outerBoundaryIs><LinearRing><coordinates>134.85548854,-2.88221836,0 134.85547664,-2.88251579,0 134.85596443,-2.88224216,0 134.85548854,-2.88221836,0</coordinates></LinearRing></outerBoundaryIs></Polygon></Placemark><Placemark><name>Province Papua Tengah - Bagian 020</name><visibility>1</visibility><styleUrl>#papua-tengah-style</styleUrl><Polygon><tessellate>1</tessellate><altitudeMode>clampToGround</altitudeMode><outerBoundaryIs><LinearRing><coordinates>134.85615479,-2.88192093,0 134.85616669,-2.88243251,0 134.85666637,-2.88193283,0 134.85615479,-2.88192093,0</coordinates></LinearRing></outerBoundaryIs></Polygon></Placemark><Placemark><name>Province Papua Tengah - Bagian 021</name><visibility>1</visibility><styleUrl>#papua-tengah-style</styleUrl><Polygon><tessellate>1</tessellate><altitudeMode>clampToGround</altitudeMode><outerBoundaryIs><LinearRing><coordinates>134.85686863,-2.88051705,0 134.85686863,-2.88038618,0 134.85672586,-2.88090966,0 134.85686863,-2.88051705,0</coordinates></LinearRing></outerBoundaryIs></Polygon></Placemark><Placemark><name>Province Papua Tengah - Bagian 022</name><visibility>1</visibility><styleUrl>#papua-tengah-style</styleUrl><Polygon><tessellate>1</tessellate><altitudeMode>clampToGround</altitudeMode><outerBoundaryIs><LinearRing><coordinates>134.82215229,-2.87961285,0 134.82229506,-2.87982700,0 134.82278285,-2.87958906,0 134.82215229,-2.87961285,0</coordinates></LinearRing></outerBoundaryIs></Polygon></Placemark><Placemark><name>Province Papua Tengah - Bagian 023</name><visibility>1</visibility><styleUrl>#papua-tengah-style</styleUrl><Polygon><tessellate>1</tessellate><altitudeMode>clampToGround</altitudeMode><outerBoundaryIs><LinearRing><coordinates>134.82284234,-2.87929162,0 134.82403207,-2.87971993,0 134.82444847,-2.87800672,0 134.82344910,-2.87844692,0 134.82284234,-2.87929162,0</coordinates></LinearRing></outerBoundaryIs></Polygon></Placemark><Placemark><name>Province Papua Tengah - Bagian 024</name><visibility>1</visibility><styleUrl>#papua-tengah-style</styleUrl><Polygon><tessellate>1</tessellate><altitudeMode>clampToGround</altitudeMode><outerBoundaryIs><LinearRing><coordinates>134.83032921,-2.87435654,0 134.82996108,-2.87372680,0 134.83030893,-2.87492272,0 134.83032921,-2.87435654,0</coordinates></LinearRing></outerBoundaryIs></Polygon></Placemark><Placemark><name>Province Papua Tengah - Bagian 025</name><visibility>1</visibility><styleUrl>#papua-tengah-style</styleUrl><Polygon><tessellate>1</tessellate><altitudeMode>clampToGround</altitudeMode><outerBoundaryIs><LinearRing><coordinates>134.81723519,-2.68142933,0 134.81456889,-2.68275862,0 134.80855287,-2.68390466,0 134.80674099,-2.68568816,0 134.80626358,-2.68999737,0 134.80717921,-2.69039010,0 134.80718259,-2.69181387,0 134.80615500,-2.69401358,0 134.80693701,-2.69761745,0 134.80187752,-2.70704028,0 134.80244401,-2.70969660,0 134.80506684,-2.71253488,0 134.81597489,-2.71810296,0 134.83780507,-2.72465560,0 134.84195172,-2.72321327,0 134.84751004,-2.71969363,0 134.86074655,-2.71046921,0 134.86331475,-2.70758586,0 134.86380928,-2.70398543,0 134.85675476,-2.69899698,0 134.85227366,-2.69435194,0 134.85096626,-2.69003011,0 134.84749712,-2.68823553,0 134.84735239,-2.68738931,0 134.83762504,-2.68794681,0 134.83350483,-2.68492865,0 134.83187084,-2.68523915,0 134.82777746,-2.68352083,0 134.82392668,-2.68368174,0 134.81723519,-2.68142933,0</coordinates></LinearRing></outerBoundaryIs></Polygon></Placemark><Placemark><name>Province Papua Tengah - Bagian 026</name><visibility>1</visibility><styleUrl>#papua-tengah-style</styleUrl><Polygon><tessellate>1</tessellate><altitudeMode>clampToGround</altitudeMode><outerBoundaryIs><LinearRing><coordinates>135.20379771,-4.45884963,0 135.20397407,-4.46076665,0 135.20549693,-4.46143290,0 135.20573487,-4.46055713,0 135.20379771,-4.45884963,0</coordinates></LinearRing></outerBoundaryIs></Polygon></Placemark><Placemark><name>Province Papua Tengah - Bagian 027</name><visibility>1</visibility><styleUrl>#papua-tengah-style</styleUrl><Polygon><tessellate>1</tessellate><altitudeMode>clampToGround</altitudeMode><outerBoundaryIs><LinearRing><coordinates>135.40954352,-4.43277565,0 135.40559956,-4.43312067,0 135.40646212,-4.43441153,0 135.40819318,-4.43487552,0 135.40954352,-4.43277565,0</coordinates></LinearRing></outerBoundaryIs></Polygon></Placemark><Placemark><name>Province Papua Tengah - Bagian 028</name><visibility>1</visibility><styleUrl>#papua-tengah-style</styleUrl><Polygon><tessellate>1</tessellate><altitudeMode>clampToGround</altitudeMode><outerBoundaryIs><LinearRing><coordinates>135.40355492,-4.42813723,0 135.38876657,-4.43130892,0 135.37668024,-4.42845455,0 135.36037380,-4.43280040,0 135.35359947,-4.43307880,0 135.34912371,-4.43729758,0 135.35115118,-4.43866620,0 135.35354254,-4.43904692,0 135.38195330,-4.43600121,0 135.40177580,-4.43566293,0 135.40242301,-4.43325253,0 135.40446935,-4.43114671,0 135.41073923,-4.43119876,0 135.40787959,-4.42841682,0 135.40355492,-4.42813723,0</coordinates></LinearRing></outerBoundaryIs></Polygon></Placemark><Placemark><name>Province Papua Tengah - Bagian 029</name><visibility>1</visibility><styleUrl>#papua-tengah-style</styleUrl><Polygon><tessellate>1</tessellate><altitudeMode>clampToGround</altitudeMode><outerBoundaryIs><LinearRing><coordinates>134.95485429,-4.31677297,0 134.95157384,-4.31201542,0 134.93607547,-4.30605353,0 134.93006875,-4.30048153,0 134.93121089,-4.30400314,0 134.93514376,-4.30853738,0 134.94684528,-4.31758472,0 134.95862543,-4.32509051,0 134.96715244,-4.32875737,0 134.98269933,-4.33321310,0 134.99569393,-4.33966455,0 135.01158711,-4.34949067,0 135.01330033,-4.34960488,0 135.01824009,-4.34760614,0 135.01782606,-4.34570733,0 135.01475656,-4.34270921,0 135.01418549,-4.33744108,0 135.01188693,-4.33835479,0 135.00920289,-4.34243795,0 135.00700427,-4.34276631,0 135.00599062,-4.34115304,0 135.00620141,-4.33750805,0 135.00090188,-4.33613006,0 134.99688016,-4.33401466,0 134.99498238,-4.33491030,0 134.99071930,-4.33487900,0 134.98787747,-4.33262918,0 134.98687504,-4.32916415,0 134.98582017,-4.32808069,0 134.98308857,-4.32813460,0 134.97655261,-4.32617287,0 134.96238387,-4.31759564,0 134.95485429,-4.31677297,0</coordinates></LinearRing></outerBoundaryIs></Polygon></Placemark><Placemark><name>Province Papua Tengah - Bagian 030</name><visibility>1</visibility><styleUrl>#papua-tengah-style</styleUrl><Polygon><tessellate>1</tessellate><altitudeMode>clampToGround</altitudeMode><outerBoundaryIs><LinearRing><coordinates>135.09343779,-3.29078203,0 135.09380955,-3.29076234,0 135.09353957,-3.28941241,0 135.09343779,-3.29078203,0</coordinates></LinearRing></outerBoundaryIs></Polygon></Placemark><Placemark><name>Province Papua Tengah - Bagian 031</name><visibility>1</visibility><styleUrl>#papua-tengah-style</styleUrl><Polygon><tessellate>1</tessellate><altitudeMode>clampToGround</altitudeMode><outerBoundaryIs><LinearRing><coordinates>134.86616687,-3.24384316,0 134.86437116,-3.24421732,0 134.86647376,-3.24486351,0 134.86616687,-3.24384316,0</coordinates></LinearRing></outerBoundaryIs></Polygon></Placemark><Placemark><name>Province Papua Tengah - Bagian 032</name><visibility>1</visibility><styleUrl>#papua-tengah-style</styleUrl><Polygon><tessellate>1</tessellate><altitudeMode>clampToGround</altitudeMode><outerBoundaryIs><LinearRing><coordinates>135.07972832,-3.21643250,0 135.08039034,-3.21715718,0 135.08223057,-3.21526074,0 135.08220119,-3.21438944,0 135.08157412,-3.21434829,0 135.07972832,-3.21643250,0</coordinates></LinearRing></outerBoundaryIs></Polygon></Placemark><Placemark><name>Province Papua Tengah - Bagian 033</name><visibility>1</visibility><styleUrl>#papua-tengah-style</styleUrl><Polygon><tessellate>1</tessellate><altitudeMode>clampToGround</altitudeMode><outerBoundaryIs><LinearRing><coordinates>134.86085614,-3.17986110,0 134.86132675,-3.17913391,0 134.86048614,-3.17898054,0 134.86047672,-3.17920954,0 134.86085614,-3.17986110,0</coordinates></LinearRing></outerBoundaryIs></Polygon></Placemark><Placemark><name>Province Papua Tengah - Bagian 034</name><visibility>1</visibility><styleUrl>#papua-tengah-style</styleUrl><Polygon><tessellate>1</tessellate><altitudeMode>clampToGround</altitudeMode><outerBoundaryIs><LinearRing><coordinates>134.89393109,-3.16228011,0 134.89266998,-3.16275600,0 134.89210367,-3.16366496,0 134.89259860,-3.16613484,0 134.89322915,-3.16667022,0 134.89520411,-3.16558756,0 134.89652471,-3.16396953,0 134.89393109,-3.16228011,0</coordinates></LinearRing></outerBoundaryIs></Polygon></Placemark><Placemark><name>Province Papua Tengah - Bagian 035</name><visibility>1</visibility><styleUrl>#papua-tengah-style</styleUrl><Polygon><tessellate>1</tessellate><altitudeMode>clampToGround</altitudeMode><outerBoundaryIs><LinearRing><coordinates>134.89114712,-3.16295112,0 134.89154687,-3.16279408,0 134.89113999,-3.16259420,0 134.89114712,-3.16295112,0</coordinates></LinearRing></outerBoundaryIs></Polygon></Placemark><Placemark><name>Province Papua Tengah - Bagian 036</name><visibility>1</visibility><styleUrl>#papua-tengah-style</styleUrl><Polygon><tessellate>1</tessellate><altitudeMode>clampToGround</altitudeMode><outerBoundaryIs><LinearRing><coordinates>135.54765753,-3.10569335,0 135.54744338,-3.10384927,0 135.54626555,-3.10383737,0 135.54765753,-3.10569335,0</coordinates></LinearRing></outerBoundaryIs></Polygon></Placemark><Placemark><name>Province Papua Tengah - Bagian 037</name><visibility>1</visibility><styleUrl>#papua-tengah-style</styleUrl><Polygon><tessellate>1</tessellate><altitudeMode>clampToGround</altitudeMode><outerBoundaryIs><LinearRing><coordinates>135.58827493,-3.10398133,0 135.58829873,-3.10383856,0 135.58812027,-3.10381477,0 135.58827493,-3.10398133,0</coordinates></LinearRing></outerBoundaryIs></Polygon></Placemark><Placemark><name>Province Papua Tengah - Bagian 038</name><visibility>1</visibility><styleUrl>#papua-tengah-style</styleUrl><Polygon><tessellate>1</tessellate><altitudeMode>clampToGround</altitudeMode><outerBoundaryIs><LinearRing><coordinates>135.15818582,-3.10233647,0 135.15666133,-3.10217035,0 135.15714461,-3.10265626,0 135.15639131,-3.10306549,0 135.15725843,-3.10330726,0 135.15818582,-3.10233647,0</coordinates></LinearRing></outerBoundaryIs></Polygon></Placemark><Placemark><name>Province Papua Tengah - Bagian 039</name><visibility>1</visibility><styleUrl>#papua-tengah-style</styleUrl><Polygon><tessellate>1</tessellate><altitudeMode>clampToGround</altitudeMode><outerBoundaryIs><LinearRing><coordinates>135.58982158,-3.09819924,0 135.58728746,-3.09458246,0 135.58647844,-3.09616480,0 135.58486041,-3.09660500,0 135.58060117,-3.10125685,0 135.58289735,-3.10257745,0 135.58326617,-3.10439773,0 135.58582409,-3.10523055,0 135.58590737,-3.10419548,0 135.58789422,-3.10430256,0 135.58703761,-3.10373149,0 135.58732315,-3.10306524,0 135.58926241,-3.10286298,0 135.58982158,-3.09819924,0</coordinates></LinearRing></outerBoundaryIs></Polygon></Placemark><Placemark><name>Province Papua Tengah - Bagian 040</name><visibility>1</visibility><styleUrl>#papua-tengah-style</styleUrl><Polygon><tessellate>1</tessellate><altitudeMode>clampToGround</altitudeMode><outerBoundaryIs><LinearRing><coordinates>135.56113956,-3.09098114,0 135.56191051,-3.09062422,0 135.56259579,-3.08905378,0 135.56221032,-3.08784026,0 135.56053994,-3.08846843,0 135.56113956,-3.09098114,0</coordinates></LinearRing></outerBoundaryIs></Polygon></Placemark><Placemark><name>Province Papua Tengah - Bagian 041</name><visibility>1</visibility><styleUrl>#papua-tengah-style</styleUrl><Polygon><tessellate>1</tessellate><altitudeMode>clampToGround</altitudeMode><outerBoundaryIs><LinearRing><coordinates>135.58426792,-3.09026731,0 135.58318289,-3.08828284,0 135.58342559,-3.08668384,0 135.58896498,-3.08348584,0 135.59100656,-3.08020219,0 135.59343361,-3.07860319,0 135.59249134,-3.07343500,0 135.59149196,-3.07237852,0 135.59027844,-3.07209298,0 135.58700906,-3.07432016,0 135.58469622,-3.07873168,0 135.57608733,-3.08312892,0 135.57211839,-3.08896812,0 135.57214695,-3.09042435,0 135.57697249,-3.09216611,0 135.58035609,-3.09269436,0 135.58426792,-3.09026731,0</coordinates></LinearRing></outerBoundaryIs></Polygon></Placemark><Placemark><name>Province Papua Tengah - Bagian 042</name><visibility>1</visibility><styleUrl>#papua-tengah-style</styleUrl><Polygon><tessellate>1</tessellate><altitudeMode>clampToGround</altitudeMode><outerBoundaryIs><LinearRing><coordinates>134.86363185,-3.05284795,0 134.86291209,-3.05276557,0 134.86259374,-3.05308955,0 134.86340603,-3.05343590,0 134.86363185,-3.05284795,0</coordinates></LinearRing></outerBoundaryIs></Polygon></Placemark><Placemark><name>Province Papua Tengah - Bagian 043</name><visibility>1</visibility><styleUrl>#papua-tengah-style</styleUrl><Polygon><tessellate>1</tessellate><altitudeMode>clampToGround</altitudeMode><outerBoundaryIs><LinearRing><coordinates>134.86106326,-3.04914908,0 134.86253084,-3.05042844,0 134.86262894,-3.05007342,0 134.86106326,-3.04914908,0</coordinates></LinearRing></outerBoundaryIs></Polygon></Placemark><Placemark><name>Province Papua Tengah - Bagian 044</name><visibility>1</visibility><styleUrl>#papua-tengah-style</styleUrl><Polygon><tessellate>1</tessellate><altitudeMode>clampToGround</altitudeMode><outerBoundaryIs><LinearRing><coordinates>134.85815402,-3.04208126,0 134.85758317,-3.04116371,0 134.85695721,-3.04211514,0 134.85815402,-3.04208126,0</coordinates></LinearRing></outerBoundaryIs></Polygon></Placemark><Placemark><name>Province Papua Tengah - Bagian 045</name><visibility>1</visibility><styleUrl>#papua-tengah-style</styleUrl><Polygon><tessellate>1</tessellate><altitudeMode>clampToGround</altitudeMode><outerBoundaryIs><LinearRing><coordinates>135.05644649,-3.01004174,0 135.05704618,-3.00913317,0 135.05602751,-3.00611609,0 135.05567059,-3.00747238,0 135.05644649,-3.01004174,0</coordinates></LinearRing></outerBoundaryIs></Polygon></Placemark><Placemark><name>Province Papua Tengah - Bagian 046</name><visibility>1</visibility><styleUrl>#papua-tengah-style</styleUrl><Polygon><tessellate>1</tessellate><altitudeMode>clampToGround</altitudeMode><outerBoundaryIs><LinearRing><coordinates>134.85645138,-2.99193262,0 134.85718985,-2.99295848,0 134.85834389,-2.99080506,0 134.85833200,-2.98822335,0 134.85707088,-2.98821145,0 134.85645138,-2.99193262,0</coordinates></LinearRing></outerBoundaryIs></Polygon></Placemark><Placemark><name>Province Papua Tengah - Bagian 047</name><visibility>1</visibility><styleUrl>#papua-tengah-style</styleUrl><Polygon><tessellate>1</tessellate><altitudeMode>clampToGround</altitudeMode><outerBoundaryIs><LinearRing><coordinates>134.85764195,-2.87894660,0 134.85763006,-2.87880383,0 134.85743970,-2.87881573,0 134.85764195,-2.87894660,0</coordinates></LinearRing></outerBoundaryIs></Polygon></Placemark><Placemark><name>Province Papua Tengah - Bagian 048</name><visibility>1</visibility><styleUrl>#papua-tengah-style</styleUrl><Polygon><tessellate>1</tessellate><altitudeMode>clampToGround</altitudeMode><outerBoundaryIs><LinearRing><coordinates>134.88241953,-2.54791344,0 134.88371710,-2.54763539,0 134.88429638,-2.54602500,0 134.88335795,-2.54560792,0 134.88241953,-2.54791344,0</coordinates></LinearRing></outerBoundaryIs></Polygon></Placemark><Placemark><name>Province Papua Tengah - Bagian 049</name><visibility>1</visibility><styleUrl>#papua-tengah-style</styleUrl><Polygon><tessellate>1</tessellate><altitudeMode>clampToGround</altitudeMode><outerBoundaryIs><LinearRing><coordinates>134.96083513,-2.39554028,0 134.96179882,-2.39613515,0 134.96242937,-2.39539752,0 134.96198917,-2.39275632,0 134.96152518,-2.39283960,0 134.96083513,-2.39554028,0</coordinates></LinearRing></outerBoundaryIs></Polygon></Placemark><Placemark><name>Province Papua Tengah - Bagian 050</name><visibility>1</visibility><styleUrl>#papua-tengah-style</styleUrl><Polygon><tessellate>1</tessellate><altitudeMode>clampToGround</altitudeMode><outerBoundaryIs><LinearRing><coordinates>134.86356515,-2.27608420,0 134.86571856,-2.27629836,0 134.86561148,-2.27459704,0 134.86432658,-2.27482309,0 134.86356515,-2.27608420,0</coordinates></LinearRing></outerBoundaryIs></Polygon></Placemark><Placemark><name>Province Papua Tengah - Bagian 051</name><visibility>1</visibility><styleUrl>#papua-tengah-style</styleUrl><Polygon><tessellate>1</tessellate><altitudeMode>clampToGround</altitudeMode><outerBoundaryIs><LinearRing><coordinates>135.94812371,-4.50665034,0 135.94656517,-4.50500137,0 135.94671507,-4.50587940,0 135.94812371,-4.50665034,0</coordinates></LinearRing></outerBoundaryIs></Polygon></Placemark><Placemark><name>Province Papua Tengah - Bagian 052</name><visibility>1</visibility><styleUrl>#papua-tengah-style</styleUrl><Polygon><tessellate>1</tessellate><altitudeMode>clampToGround</altitudeMode><outerBoundaryIs><LinearRing><coordinates>135.66074554,-3.15266759,0 135.66012819,-3.15182482,0 135.65825708,-3.15207187,0 135.65541310,-3.15326903,0 135.65457793,-3.15464971,0 135.65925912,-3.15374846,0 135.66074554,-3.15266759,0</coordinates></LinearRing></outerBoundaryIs></Polygon></Placemark><Placemark><name>Province Papua Tengah - Bagian 053</name><visibility>1</visibility><styleUrl>#papua-tengah-style</styleUrl><Polygon><tessellate>1</tessellate><altitudeMode>clampToGround</altitudeMode><outerBoundaryIs><LinearRing><coordinates>135.76854264,-3.10729248,0 135.76931597,-3.10528184,0 135.76816193,-3.10367570,0 135.76616318,-3.10424677,0 135.76404546,-3.10617414,0 135.76356957,-3.10471077,0 135.76220138,-3.10591239,0 135.76299850,-3.10810150,0 135.76440238,-3.10912467,0 135.76854264,-3.10729248,0</coordinates></LinearRing></outerBoundaryIs></Polygon></Placemark><Placemark><name>Province Papua Tengah - Bagian 054</name><visibility>1</visibility><styleUrl>#papua-tengah-style</styleUrl><Polygon><tessellate>1</tessellate><altitudeMode>clampToGround</altitudeMode><outerBoundaryIs><LinearRing><coordinates>135.76377182,-3.10465128,0 135.76460463,-3.10440144,0 135.76449756,-3.10387796,0 135.76377182,-3.10465128,0</coordinates></LinearRing></outerBoundaryIs></Polygon></Placemark><Placemark><name>Province Papua Tengah - Bagian 055</name><visibility>1</visibility><styleUrl>#papua-tengah-style</styleUrl><Polygon><tessellate>1</tessellate><altitudeMode>clampToGround</altitudeMode><outerBoundaryIs><LinearRing><coordinates>135.58869134,-3.10333887,0 135.58846529,-3.10361251,0 135.58881031,-3.10367200,0 135.58869134,-3.10333887,0</coordinates></LinearRing></outerBoundaryIs></Polygon></Placemark><Placemark><name>Province Papua Tengah - Bagian 056</name><visibility>1</visibility><styleUrl>#papua-tengah-style</styleUrl><Polygon><tessellate>1</tessellate><altitudeMode>clampToGround</altitudeMode><outerBoundaryIs><LinearRing><coordinates>135.62621258,-3.09982203,0 135.62631966,-3.09979824,0 135.62557013,-3.09852522,0 135.62621258,-3.09982203,0</coordinates></LinearRing></outerBoundaryIs></Polygon></Placemark><Placemark><name>Province Papua Tengah - Bagian 057</name><visibility>1</visibility><styleUrl>#papua-tengah-style</styleUrl><Polygon><tessellate>1</tessellate><altitudeMode>clampToGround</altitudeMode><outerBoundaryIs><LinearRing><coordinates>135.59637414,-3.10055966,0 135.59825392,-3.10077382,0 135.60265592,-3.09772811,0 135.60291766,-3.09633612,0 135.60032405,-3.09457532,0 135.59886068,-3.09453963,0 135.59568410,-3.09630043,0 135.59494647,-3.09720462,0 135.59637414,-3.10055966,0</coordinates></LinearRing></outerBoundaryIs></Polygon></Placemark><Placemark><name>Province Papua Tengah - Bagian 058</name><visibility>1</visibility><styleUrl>#papua-tengah-style</styleUrl><Polygon><tessellate>1</tessellate><altitudeMode>clampToGround</altitudeMode><outerBoundaryIs><LinearRing><coordinates>135.60477364,-3.09549141,0 135.60460708,-3.09614576,0 135.60657013,-3.09732360,0 135.60734346,-3.09670494,0 135.60477364,-3.09549141,0</coordinates></LinearRing></outerBoundaryIs></Polygon></Placemark><Placemark><name>Province Papua Tengah - Bagian 059</name><visibility>1</visibility><styleUrl>#papua-tengah-style</styleUrl><Polygon><tessellate>1</tessellate><altitudeMode>clampToGround</altitudeMode><outerBoundaryIs><LinearRing><coordinates>135.60372683,-3.09467248,0 135.60388954,-3.09415409,0 135.60364769,-3.09406688,0 135.60372683,-3.09467248,0</coordinates></LinearRing></outerBoundaryIs></Polygon></Placemark><Placemark><name>Province Papua Tengah - Bagian 060</name><visibility>1</visibility><styleUrl>#papua-tengah-style</styleUrl><Polygon><tessellate>1</tessellate><altitudeMode>clampToGround</altitudeMode><outerBoundaryIs><LinearRing><coordinates>135.58919341,-3.08754044,0 135.58905064,-3.08669811,0 135.58738026,-3.08567019,0 135.58786567,-3.08652679,0 135.58919341,-3.08754044,0</coordinates></LinearRing></outerBoundaryIs></Polygon></Placemark><Placemark><name>Province Papua Tengah - Bagian 061</name><visibility>1</visibility><styleUrl>#papua-tengah-style</styleUrl><Polygon><tessellate>1</tessellate><altitudeMode>clampToGround</altitudeMode><outerBoundaryIs><LinearRing><coordinates>135.61560019,-3.07130419,0 135.61241171,-3.07007877,0 135.60913995,-3.07048328,0 135.61524327,-3.07519461,0 135.61607608,-3.07903744,0 135.61725391,-3.08078634,0 135.61273294,-3.09574126,0 135.61391077,-3.09670494,0 135.61974045,-3.09734739,0 135.62101346,-3.09672873,0 135.62043049,-3.09423030,0 135.61965717,-3.09600300,0 135.61643300,-3.09619335,0 135.61629023,-3.09531295,0 135.61812242,-3.09450394,0 135.62157264,-3.09395666,0 135.62121572,-3.09181514,0 135.62496337,-3.08740124,0 135.62585566,-3.07782391,0 135.62338103,-3.07611070,0 135.61914559,-3.07530169,0 135.61560019,-3.07130419,0</coordinates></LinearRing></outerBoundaryIs></Polygon></Placemark><Placemark><name>Province Papua Tengah - Bagian 062</name><visibility>1</visibility><styleUrl>#papua-tengah-style</styleUrl><Polygon><tessellate>1</tessellate><altitudeMode>clampToGround</altitudeMode><outerBoundaryIs><LinearRing><coordinates>135.78005447,-3.05700733,0 135.78082542,-3.05779731,0 135.78198659,-3.05726431,0 135.78141552,-3.05607458,0 135.78005447,-3.05700733,0</coordinates></LinearRing></outerBoundaryIs></Polygon></Placemark><Placemark><name>Province Papua Tengah - Bagian 063</name><visibility>1</visibility><styleUrl>#papua-tengah-style</styleUrl><Polygon><tessellate>1</tessellate><altitudeMode>clampToGround</altitudeMode><outerBoundaryIs><LinearRing><coordinates>135.79579726,-3.04523205,0 135.79721752,-3.04489588,0 135.79732460,-3.04377753,0 135.79256568,-3.04462224,0 135.79217307,-3.04677565,0 135.79460012,-3.04669237,0 135.79579726,-3.04523205,0</coordinates></LinearRing></outerBoundaryIs></Polygon></Placemark><Placemark><name>Province Papua Tengah - Bagian 064</name><visibility>1</visibility><styleUrl>#papua-tengah-style</styleUrl><Polygon><tessellate>1</tessellate><altitudeMode>clampToGround</altitudeMode><outerBoundaryIs><LinearRing><coordinates>135.79975165,-3.03358154,0 135.79812172,-3.03245129,0 135.79637282,-3.03348636,0 135.79226825,-3.03380759,0 135.79180425,-3.03530665,0 135.78996017,-3.03477127,0 135.78862767,-3.03597290,0 135.78530832,-3.03643689,0 135.78449931,-3.03807872,0 135.78083494,-3.03900671,0 135.78107288,-3.04016075,0 135.77680175,-3.04280195,0 135.77345861,-3.04299231,0 135.77160263,-3.04509813,0 135.77013926,-3.04532418,0 135.76968716,-3.04760846,0 135.77071033,-3.04872681,0 135.77081741,-3.05074935,0 135.77012736,-3.05274810,0 135.77318497,-3.05462787,0 135.77241164,-3.05550827,0 135.77347050,-3.05774497,0 135.77682554,-3.05648385,0 135.77661139,-3.05799481,0 135.77921690,-3.05778066,0 135.78001402,-3.05612693,0 135.78244107,-3.05493720,0 135.78272661,-3.05379506,0 135.78359511,-3.05404490,0 135.78631959,-3.05176062,0 135.78649805,-3.05077314,0 135.78789004,-3.05073745,0 135.79188753,-3.04816764,0 135.79212548,-3.04629976,0 135.78965084,-3.04720395,0 135.78912736,-3.04677565,0 135.79001965,-3.04440809,0 135.79400525,-3.04126720,0 135.79351746,-3.04013695,0 135.79192322,-3.03938742,0 135.79692009,-3.03478317,0 135.79975165,-3.03358154,0</coordinates></LinearRing></outerBoundaryIs></Polygon></Placemark><Placemark><name>Province Papua Tengah - Bagian 065</name><visibility>1</visibility><styleUrl>#papua-tengah-style</styleUrl><Polygon><tessellate>1</tessellate><altitudeMode>clampToGround</altitudeMode><outerBoundaryIs><LinearRing><coordinates>135.79688440,-3.04319456,0 135.79775290,-3.04350389,0 135.79809793,-3.04242124,0 135.79724132,-3.04259970,0 135.79688440,-3.04319456,0</coordinates></LinearRing></outerBoundaryIs></Polygon></Placemark><Placemark><name>Province Papua Tengah - Bagian 066</name><visibility>1</visibility><styleUrl>#papua-tengah-style</styleUrl><Polygon><tessellate>1</tessellate><altitudeMode>clampToGround</altitudeMode><outerBoundaryIs><LinearRing><coordinates>135.87267023,-2.99790152,0 135.87392291,-2.99704652,0 135.87327994,-2.99175549,0 135.86885519,-2.98963714,0 135.86619555,-2.98960149,0 135.86610993,-2.99166124,0 135.87267023,-2.99790152,0</coordinates></LinearRing></outerBoundaryIs></Polygon></Placemark><Placemark><name>Province Papua Tengah - Bagian 067</name><visibility>1</visibility><styleUrl>#papua-tengah-style</styleUrl><Polygon><tessellate>1</tessellate><altitudeMode>clampToGround</altitudeMode><outerBoundaryIs><LinearRing><coordinates>135.88626438,-2.99015232,0 135.88800981,-2.99035590,0 135.88886010,-2.98777862,0 135.88566646,-2.98561388,0 135.88067518,-2.98433271,0 135.88189688,-2.98718751,0 135.88626438,-2.99015232,0</coordinates></LinearRing></outerBoundaryIs></Polygon></Placemark><Placemark><name>Province Papua Tengah - Bagian 068</name><visibility>1</visibility><styleUrl>#papua-tengah-style</styleUrl><Polygon><tessellate>1</tessellate><altitudeMode>clampToGround</altitudeMode><outerBoundaryIs><LinearRing><coordinates>135.89003013,-2.98343547,0 135.88751780,-2.98169806,0 135.88615548,-2.98287086,0 135.88230240,-2.98322549,0 135.88312341,-2.98446000,0 135.88595502,-2.98536713,0 135.89271653,-2.98945920,0 135.89218239,-2.98627723,0 135.89003013,-2.98343547,0</coordinates></LinearRing></outerBoundaryIs></Polygon></Placemark><Placemark><name>Province Papua Tengah - Bagian 069</name><visibility>1</visibility><styleUrl>#papua-tengah-style</styleUrl><Polygon><tessellate>1</tessellate><altitudeMode>clampToGround</altitudeMode><outerBoundaryIs><LinearRing><coordinates>135.89219861,-2.98421107,0 135.89321009,-2.98268588,0 135.89172264,-2.98117218,0 135.89038544,-2.97776170,0 135.88845395,-2.97619909,0 135.88759429,-2.97759313,0 135.88761285,-2.97994733,0 135.89219861,-2.98421107,0</coordinates></LinearRing></outerBoundaryIs></Polygon></Placemark><Placemark><name>Province Papua Tengah - Bagian 070</name><visibility>1</visibility><styleUrl>#papua-tengah-style</styleUrl><Polygon><tessellate>1</tessellate><altitudeMode>clampToGround</altitudeMode><outerBoundaryIs><LinearRing><coordinates>135.90581307,-2.97714147,0 135.90548780,-2.97757272,0 135.90610724,-2.97741753,0 135.90581307,-2.97714147,0</coordinates></LinearRing></outerBoundaryIs></Polygon></Placemark><Placemark><name>Province Papua Tengah - Bagian 071</name><visibility>1</visibility><styleUrl>#papua-tengah-style</styleUrl><Polygon><tessellate>1</tessellate><altitudeMode>clampToGround</altitudeMode><outerBoundaryIs><LinearRing><coordinates>135.90872793,-2.97262570,0 135.90735053,-2.96976332,0 135.90598731,-2.96900711,0 135.90644742,-2.97122941,0 135.90359036,-2.97296960,0 135.90171281,-2.97243343,0 135.90078010,-2.97371717,0 135.89912483,-2.97346660,0 135.89892076,-2.97477755,0 135.90455134,-2.97784732,0 135.90843447,-2.97546748,0 135.90872793,-2.97262570,0</coordinates></LinearRing></outerBoundaryIs></Polygon></Placemark><Placemark><name>Province Papua Tengah - Bagian 072</name><visibility>1</visibility><styleUrl>#papua-tengah-style</styleUrl><Polygon><tessellate>1</tessellate><altitudeMode>clampToGround</altitudeMode><outerBoundaryIs><LinearRing><coordinates>135.77547514,-2.93708903,0 135.76866650,-2.93382428,0 135.76692913,-2.93705972,0 135.76533002,-2.93700061,0 135.76296691,-2.93831071,0 135.75556107,-2.93619248,0 135.75412570,-2.93688660,0 135.75282585,-2.93945290,0 135.74625603,-2.94152639,0 135.74190491,-2.94088892,0 135.74173238,-2.93803941,0 135.74059645,-2.93702982,0 135.73798380,-2.93777221,0 135.73263001,-2.94119863,0 135.73234448,-2.94061329,0 135.73163064,-2.94128429,0 135.73023152,-2.94102731,0 135.73011730,-2.94328304,0 135.72896088,-2.94359713,0 135.72549163,-2.94778022,0 135.72494674,-2.94750124,0 135.72377988,-2.94964962,0 135.72323807,-2.95450268,0 135.72561403,-2.95845584,0 135.72544478,-2.95933431,0 135.72225292,-2.95551026,0 135.71883320,-2.95392635,0 135.71401229,-2.95502185,0 135.70992156,-2.95957041,0 135.70921612,-2.96401291,0 135.70784555,-2.96404146,0 135.70742859,-2.96574822,0 135.70974298,-2.97352215,0 135.71421904,-2.97551989,0 135.71795327,-2.97553960,0 135.71905542,-2.97732142,0 135.72091901,-2.97842445,0 135.72096615,-2.98082662,0 135.72175050,-2.98143957,0 135.72768298,-2.98286989,0 135.73096642,-2.98270690,0 135.73790454,-2.97850269,0 135.74115828,-2.97380459,0 135.74051280,-2.96986989,0 135.74139893,-2.96875823,0 135.74931541,-2.96864012,0 135.75657252,-2.96525047,0 135.75418887,-2.96233877,0 135.74999056,-2.96166676,0 135.74580271,-2.96263758,0 135.74466057,-2.96042944,0 135.74633571,-2.96056269,0 135.74865806,-2.95923019,0 135.75077102,-2.95942055,0 135.75438780,-2.95818323,0 135.75651980,-2.95978222,0 135.76217340,-2.95932537,0 135.76311131,-2.95780446,0 135.76603657,-2.95631185,0 135.76751309,-2.95660064,0 135.76965563,-2.95954079,0 135.77369615,-2.95880054,0 135.77505642,-2.95635568,0 135.77943664,-2.95397662,0 135.77871893,-2.95089090,0 135.77966073,-2.94803537,0 135.78167070,-2.94583858,0 135.78925167,-2.94458223,0 135.78997978,-2.94362568,0 135.79272092,-2.94376845,0 135.79519080,-2.94600990,0 135.78989412,-2.95015017,0 135.79604741,-2.94985035,0 135.79918830,-2.94833702,0 135.79933106,-2.94561015,0 135.80392818,-2.94466789,0 135.80668360,-2.94242644,0 135.80223947,-2.93737962,0 135.79613033,-2.94030296,0 135.79284428,-2.94094604,0 135.78892698,-2.94053823,0 135.78111356,-2.93644898,0 135.77547514,-2.93708903,0</coordinates></LinearRing></outerBoundaryIs></Polygon></Placemark><Placemark><name>Province Papua Tengah - Bagian 073</name><visibility>1</visibility><styleUrl>#papua-tengah-style</styleUrl><Polygon><tessellate>1</tessellate><altitudeMode>clampToGround</altitudeMode><outerBoundaryIs><LinearRing><coordinates>135.73149977,-2.93478361,0 135.72761411,-2.93333690,0 135.72658618,-2.93508818,0 135.72694786,-2.93967578,0 135.73179720,-2.93774604,0 135.73341523,-2.93472412,0 135.73149977,-2.93478361,0</coordinates></LinearRing></outerBoundaryIs></Polygon></Placemark><Placemark><name>Province Papua Tengah - Bagian 074</name><visibility>1</visibility><styleUrl>#papua-tengah-style</styleUrl><Polygon><tessellate>1</tessellate><altitudeMode>clampToGround</altitudeMode><outerBoundaryIs><LinearRing><coordinates>135.70112595,-2.92111360,0 135.69954361,-2.92114930,0 135.68594499,-2.92759763,0 135.67959183,-2.93285624,0 135.67401199,-2.93876920,0 135.67239396,-2.94114867,0 135.67271518,-2.94295706,0 135.67743841,-2.94438473,0 135.68153109,-2.94417058,0 135.70163753,-2.93529519,0 135.70568262,-2.93379613,0 135.70840710,-2.93365336,0 135.71081035,-2.93151185,0 135.71756802,-2.92938223,0 135.72660998,-2.92343358,0 135.73085731,-2.92116119,0 135.73266570,-2.92104222,0 135.73527121,-2.91540290,0 135.73721047,-2.91378486,0 135.73086921,-2.91251185,0 135.72931066,-2.91129833,0 135.72555112,-2.91146489,0 135.72079219,-2.91271411,0 135.70112595,-2.92111360,0</coordinates></LinearRing></outerBoundaryIs></Polygon></Placemark><Placemark><name>Province Papua Tengah - Bagian 075</name><visibility>1</visibility><styleUrl>#papua-tengah-style</styleUrl><Polygon><tessellate>1</tessellate><altitudeMode>clampToGround</altitudeMode><outerBoundaryIs><LinearRing><coordinates>135.90523145,-2.87669498,0 135.90195846,-2.87855650,0 135.90072015,-2.87815980,0 135.90081513,-2.88041403,0 135.90302988,-2.88321693,0 135.90327758,-2.88675100,0 135.90469749,-2.88799320,0 135.90520608,-2.89030411,0 135.90634741,-2.89032632,0 135.90821019,-2.88809648,0 135.90815954,-2.88349982,0 135.90930571,-2.88083390,0 135.90523145,-2.87669498,0</coordinates></LinearRing></outerBoundaryIs></Polygon></Placemark><Placemark><name>Province Papua Tengah - Bagian 076</name><visibility>1</visibility><styleUrl>#papua-tengah-style</styleUrl><Polygon><tessellate>1</tessellate><altitudeMode>clampToGround</altitudeMode><outerBoundaryIs><LinearRing><coordinates>137.51675091,-5.20322407,0 137.51631547,-5.20379514,0 137.51628692,-5.20255306,0 137.51566928,-5.20727402,0 137.51663670,-5.21105488,0 137.51792161,-5.21196145,0 137.51926362,-5.21154743,0 137.51772716,-5.20986804,0 137.51787878,-5.20612939,0 137.51675091,-5.20322407,0</coordinates></LinearRing></outerBoundaryIs></Polygon></Placemark><Placemark><name>Province Papua Tengah - Bagian 077</name><visibility>1</visibility><styleUrl>#papua-tengah-style</styleUrl><Polygon><tessellate>1</tessellate><altitudeMode>clampToGround</altitudeMode><outerBoundaryIs><LinearRing><coordinates>137.51424739,-5.17900152,0 137.51506802,-5.17739920,0 137.51408371,-5.17507722,0 137.50955863,-5.17225647,0 137.50606730,-5.17703235,0 137.50124792,-5.17960258,0 137.49879184,-5.18347978,0 137.49615347,-5.18476658,0 137.49603711,-5.18556738,0 137.50172111,-5.18970631,0 137.50800429,-5.19586038,0 137.50963909,-5.19625485,0 137.50997737,-5.18630610,0 137.50871692,-5.18103947,0 137.50977127,-5.17863904,0 137.51156153,-5.18034607,0 137.51424739,-5.17900152,0</coordinates></LinearRing></outerBoundaryIs></Polygon></Placemark><Placemark><name>Province Papua Tengah - Bagian 078</name><visibility>1</visibility><styleUrl>#papua-tengah-style</styleUrl><Polygon><tessellate>1</tessellate><altitudeMode>clampToGround</altitudeMode><outerBoundaryIs><LinearRing><coordinates>137.18269757,-5.02738644,0 137.18166131,-5.02537689,0 137.18070477,-5.02574808,0 137.18085467,-5.02904602,0 137.18380996,-5.03457826,0 137.18862837,-5.03889699,0 137.19530276,-5.04280882,0 137.19250452,-5.03825096,0 137.19222255,-5.03453900,0 137.19116678,-5.03266018,0 137.18996040,-5.03108260,0 137.18269757,-5.02738644,0</coordinates></LinearRing></outerBoundaryIs></Polygon></Placemark><Placemark><name>Province Papua Tengah - Bagian 079</name><visibility>1</visibility><styleUrl>#papua-tengah-style</styleUrl><Polygon><tessellate>1</tessellate><altitudeMode>clampToGround</altitudeMode><outerBoundaryIs><LinearRing><coordinates>136.83473639,-4.91719788,0 136.83328359,-4.91745687,0 136.83221668,-4.92040606,0 136.83411213,-4.92129067,0 136.83901942,-4.92141666,0 136.83767026,-4.91961779,0 136.83473639,-4.91719788,0</coordinates></LinearRing></outerBoundaryIs></Polygon></Placemark><Placemark><name>Province Papua Tengah - Bagian 080</name><visibility>1</visibility><styleUrl>#papua-tengah-style</styleUrl><Polygon><tessellate>1</tessellate><altitudeMode>clampToGround</altitudeMode><outerBoundaryIs><LinearRing><coordinates>136.88141549,-4.91332387,0 136.88258618,-4.91273376,0 136.88253383,-4.91095392,0 136.88163915,-4.91151548,0 136.88141549,-4.91332387,0</coordinates></LinearRing></outerBoundaryIs></Polygon></Placemark><Placemark><name>Province Papua Tengah - Bagian 081</name><visibility>1</visibility><styleUrl>#papua-tengah-style</styleUrl><Polygon><tessellate>1</tessellate><altitudeMode>clampToGround</altitudeMode><outerBoundaryIs><LinearRing><coordinates>136.82106150,-4.90859960,0 136.81936072,-4.90853089,0 136.80413791,-4.89931337,0 136.80417608,-4.90139695,0 136.80998546,-4.90587788,0 136.82212033,-4.91342276,0 136.82333433,-4.91234302,0 136.82441369,-4.91249302,0 136.82430098,-4.91479015,0 136.82548865,-4.91606753,0 136.83011283,-4.91787551,0 136.83170404,-4.91740284,0 136.83178180,-4.91623091,0 136.82608472,-4.91092255,0 136.82106150,-4.90859960,0</coordinates></LinearRing></outerBoundaryIs></Polygon></Placemark><Placemark><name>Province Papua Tengah - Bagian 082</name><visibility>1</visibility><styleUrl>#papua-tengah-style</styleUrl><Polygon><tessellate>1</tessellate><altitudeMode>clampToGround</altitudeMode><outerBoundaryIs><LinearRing><coordinates>136.79964133,-4.89995940,0 136.80249756,-4.89944336,0 136.80326421,-4.89715211,0 136.79752582,-4.89503183,0 136.79473973,-4.89142993,0 136.79328366,-4.89138034,0 136.79149063,-4.89485831,0 136.79528825,-4.89785643,0 136.79964133,-4.89995940,0</coordinates></LinearRing></outerBoundaryIs></Polygon></Placemark><Placemark><name>Province Papua Tengah - Bagian 083</name><visibility>1</visibility><styleUrl>#papua-tengah-style</styleUrl><Polygon><tessellate>1</tessellate><altitudeMode>clampToGround</altitudeMode><outerBoundaryIs><LinearRing><coordinates>136.70441017,-4.85448599,0 136.70174786,-4.85310575,0 136.69844993,-4.85049310,0 136.69976339,-4.85390525,0 136.70147660,-4.85524727,0 136.70301849,-4.85474758,0 136.70360384,-4.85684626,0 136.71045669,-4.85875935,0 136.71302651,-4.85877363,0 136.71339770,-4.85746016,0 136.71589614,-4.85730312,0 136.71291229,-4.85457626,0 136.70884341,-4.85347695,0 136.70560259,-4.85134971,0 136.70091981,-4.85176373,0 136.70441017,-4.85448599,0</coordinates></LinearRing></outerBoundaryIs></Polygon></Placemark><Placemark><name>Province Papua Tengah - Bagian 084</name><visibility>1</visibility><styleUrl>#papua-tengah-style</styleUrl><Polygon><tessellate>1</tessellate><altitudeMode>clampToGround</altitudeMode><outerBoundaryIs><LinearRing><coordinates>136.77868914,-4.82783364,0 136.77908131,-4.82968807,0 136.77560756,-4.84065612,0 136.77486725,-4.84070795,0 136.77227179,-4.84546825,0 136.76825738,-4.85453405,0 136.76823603,-4.85820256,0 136.76740916,-4.86000500,0 136.77212050,-4.86529930,0 136.77832494,-4.86826768,0 136.78028800,-4.86332435,0 136.78194767,-4.86444270,0 136.78320878,-4.86427019,0 136.78313145,-4.86306856,0 136.78670064,-4.86049279,0 136.79057550,-4.85542216,0 136.79492271,-4.84502933,0 136.79487513,-4.83616786,0 136.79352036,-4.83346795,0 136.78841096,-4.83560657,0 136.78844352,-4.83720519,0 136.78714579,-4.83726914,0 136.78614000,-4.83661600,0 136.78666054,-4.83584534,0 136.78548600,-4.83427700,0 136.77868914,-4.82783364,0</coordinates></LinearRing></outerBoundaryIs></Polygon></Placemark><Placemark><name>Province Papua Tengah - Bagian 085</name><visibility>1</visibility><styleUrl>#papua-tengah-style</styleUrl><Polygon><tessellate>1</tessellate><altitudeMode>clampToGround</altitudeMode><outerBoundaryIs><LinearRing><coordinates>136.44875060,-4.73284999,0 136.44824120,-4.73478132,0 136.44871709,-4.73593536,0 136.45204238,-4.73785677,0 136.45166302,-4.73601948,0 136.44875060,-4.73284999,0</coordinates></LinearRing></outerBoundaryIs></Polygon></Placemark><Placemark><name>Province Papua Tengah - Bagian 086</name><visibility>1</visibility><styleUrl>#papua-tengah-style</styleUrl><Polygon><tessellate>1</tessellate><altitudeMode>clampToGround</altitudeMode><outerBoundaryIs><LinearRing><coordinates>136.46185948,-4.73446415,0 136.46159357,-4.73282655,0 136.46009748,-4.73125016,0 136.45916057,-4.73520898,0 136.46006060,-4.73646766,0 136.46185948,-4.73446415,0</coordinates></LinearRing></outerBoundaryIs></Polygon></Placemark><Placemark><name>Province Papua Tengah - Bagian 087</name><visibility>1</visibility><styleUrl>#papua-tengah-style</styleUrl><Polygon><tessellate>1</tessellate><altitudeMode>clampToGround</altitudeMode><outerBoundaryIs><LinearRing><coordinates>136.46221192,-4.73291377,0 136.46212864,-4.73368710,0 136.46250935,-4.73406781,0 136.46297334,-4.73335397,0 136.46221192,-4.73291377,0</coordinates></LinearRing></outerBoundaryIs></Polygon></Placemark><Placemark><name>Province Papua Tengah - Bagian 088</name><visibility>1</visibility><styleUrl>#papua-tengah-style</styleUrl><Polygon><tessellate>1</tessellate><altitudeMode>clampToGround</altitudeMode><outerBoundaryIs><LinearRing><coordinates>136.45001149,-4.73204205,0 136.45071106,-4.73137104,0 136.45054330,-4.72992552,0 136.45012611,-4.73046230,0 136.45001149,-4.73204205,0</coordinates></LinearRing></outerBoundaryIs></Polygon></Placemark><Placemark><name>Province Papua Tengah - Bagian 089</name><visibility>1</visibility><styleUrl>#papua-tengah-style</styleUrl><Polygon><tessellate>1</tessellate><altitudeMode>clampToGround</altitudeMode><outerBoundaryIs><LinearRing><coordinates>136.45906543,-4.73329021,0 136.45995416,-4.73109515,0 136.45726541,-4.72788062,0 136.45896906,-4.73222659,0 136.45906543,-4.73329021,0</coordinates></LinearRing></outerBoundaryIs></Polygon></Placemark><Placemark><name>Province Papua Tengah - Bagian 090</name><visibility>1</visibility><styleUrl>#papua-tengah-style</styleUrl><Polygon><tessellate>1</tessellate><altitudeMode>clampToGround</altitudeMode><outerBoundaryIs><LinearRing><coordinates>136.45859235,-4.73225374,0 136.45410992,-4.72355550,0 136.45116369,-4.72809092,0 136.45107610,-4.73121737,0 136.45027304,-4.73265694,0 136.45243240,-4.73548850,0 136.45399689,-4.73632131,0 136.45637945,-4.73696865,0 136.45625096,-4.73554097,0 136.45564419,-4.73544817,0 136.45641514,-4.73511267,0 136.45726461,-4.73721135,0 136.45859235,-4.73225374,0</coordinates></LinearRing></outerBoundaryIs></Polygon></Placemark><Placemark><name>Province Papua Tengah - Bagian 091</name><visibility>1</visibility><styleUrl>#papua-tengah-style</styleUrl><Polygon><tessellate>1</tessellate><altitudeMode>clampToGround</altitudeMode><outerBoundaryIs><LinearRing><coordinates>136.45801308,-4.72783450,0 136.45622373,-4.72501722,0 136.45643312,-4.72604515,0 136.45801308,-4.72783450,0</coordinates></LinearRing></outerBoundaryIs></Polygon></Placemark><Placemark><name>Province Papua Tengah - Bagian 092</name><visibility>1</visibility><styleUrl>#papua-tengah-style</styleUrl><Polygon><tessellate>1</tessellate><altitudeMode>clampToGround</altitudeMode><outerBoundaryIs><LinearRing><coordinates>136.44364031,-4.72212271,0 136.44531069,-4.71906034,0 136.43687041,-4.72289907,0 136.43471461,-4.72158084,0 136.43316083,-4.72348235,0 136.43191399,-4.72291604,0 136.42984181,-4.72462114,0 136.43125521,-4.72446410,0 136.43245446,-4.72662703,0 136.43406065,-4.72768367,0 136.44082032,-4.72294522,0 136.44364031,-4.72212271,0</coordinates></LinearRing></outerBoundaryIs></Polygon></Placemark><Placemark><name>Province Papua Tengah - Bagian 093</name><visibility>1</visibility><styleUrl>#papua-tengah-style</styleUrl><Polygon><tessellate>1</tessellate><altitudeMode>clampToGround</altitudeMode><outerBoundaryIs><LinearRing><coordinates>136.43361161,-4.72102732,0 136.43141954,-4.72003985,0 136.42943269,-4.72064066,0 136.42885745,-4.72165788,0 136.42933453,-4.72399867,0 136.43177646,-4.72262751,0 136.43311193,-4.72307366,0 136.43495898,-4.72075368,0 136.43361161,-4.72102732,0</coordinates></LinearRing></outerBoundaryIs></Polygon></Placemark><Placemark><name>Province Papua Tengah - Bagian 094</name><visibility>1</visibility><styleUrl>#papua-tengah-style</styleUrl><Polygon><tessellate>1</tessellate><altitudeMode>clampToGround</altitudeMode><outerBoundaryIs><LinearRing><coordinates>136.42834837,-4.72376917,0 136.42847686,-4.72093881,0 136.43041136,-4.71894720,0 136.42745250,-4.71907212,0 136.42703133,-4.72097807,0 136.42834837,-4.72376917,0</coordinates></LinearRing></outerBoundaryIs></Polygon></Placemark><Placemark><name>Province Papua Tengah - Bagian 095</name><visibility>1</visibility><styleUrl>#papua-tengah-style</styleUrl><Polygon><tessellate>1</tessellate><altitudeMode>clampToGround</altitudeMode><outerBoundaryIs><LinearRing><coordinates>136.31407146,-4.66477759,0 136.31355749,-4.66268366,0 136.31060696,-4.66405780,0 136.30941723,-4.66373657,0 136.30945292,-4.66282643,0 136.30901748,-4.66374014,0 136.30956952,-4.66556757,0 136.31143501,-4.66645273,0 136.31342424,-4.66615768,0 136.31407146,-4.66477759,0</coordinates></LinearRing></outerBoundaryIs></Polygon></Placemark><Placemark><name>Province Papua Tengah - Bagian 096</name><visibility>1</visibility><styleUrl>#papua-tengah-style</styleUrl><Polygon><tessellate>1</tessellate><altitudeMode>clampToGround</altitudeMode><outerBoundaryIs><LinearRing><coordinates>136.20831715,-4.65390237,0 136.20902623,-4.65292204,0 136.20575376,-4.64950323,0 136.20550463,-4.65058541,0 136.20831715,-4.65390237,0</coordinates></LinearRing></outerBoundaryIs></Polygon></Placemark><Placemark><name>Province Papua Tengah - Bagian 097</name><visibility>1</visibility><styleUrl>#papua-tengah-style</styleUrl><Polygon><tessellate>1</tessellate><altitudeMode>clampToGround</altitudeMode><outerBoundaryIs><LinearRing><coordinates>136.20526121,-4.64983873,0 136.20552176,-4.64938187,0 136.20483648,-4.64875727,0 136.20478294,-4.64913560,0 136.20526121,-4.64983873,0</coordinates></LinearRing></outerBoundaryIs></Polygon></Placemark><Placemark><name>Province Papua Tengah - Bagian 098</name><visibility>1</visibility><styleUrl>#papua-tengah-style</styleUrl><Polygon><tessellate>1</tessellate><altitudeMode>clampToGround</altitudeMode><outerBoundaryIs><LinearRing><coordinates>136.09088173,-4.60070995,0 136.09036300,-4.60068139,0 136.09021072,-4.60151421,0 136.09036776,-4.60147613,0 136.09088173,-4.60070995,0</coordinates></LinearRing></outerBoundaryIs></Polygon></Placemark><Placemark><name>Province Papua Tengah - Bagian 099</name><visibility>1</visibility><styleUrl>#papua-tengah-style</styleUrl><Polygon><tessellate>1</tessellate><altitudeMode>clampToGround</altitudeMode><outerBoundaryIs><LinearRing><coordinates>138.07735308,-3.87447362,0 138.07952689,-3.87326642,0 138.08079134,-3.87584206,0 138.07989594,-3.88470699,0 138.08214141,-3.88686064,0 138.08034675,-3.88983741,0 138.08396288,-3.89403801,0 138.08431276,-3.89611732,0 138.09181999,-3.90372661,0 138.08714747,-3.90610204,0 138.08573380,-3.90798392,0 138.10415375,-3.91168656,0 138.11071371,-3.91054835,0 138.11641802,-3.91197111,0 138.12183712,-3.91111746,0 138.12953794,-3.91168656,0 138.14123179,-3.90912560,0 138.15321084,-3.91111746,0 138.16633077,-3.90571096,0 138.18230284,-3.90087354,0 138.19314104,-3.89489787,0 138.21424700,-3.88522288,0 138.22451476,-3.87810884,0 138.23619225,-3.86907177,0 138.23806988,-3.86492995,0 138.23991641,-3.85676638,0 138.23861582,-3.84908758,0 138.24496652,-3.84088028,0 138.25382572,-3.83675007,0 138.25751249,-3.83428474,0 138.25930884,-3.83139583,0 138.26556372,-3.82733424,0 138.28112214,-3.82178083,0 138.28432410,-3.82136978,0 138.29762209,-3.82646581,0 138.30400486,-3.82622548,0 138.30567022,-3.82762792,0 138.30964147,-3.82848125,0 138.31610382,-3.83275982,0 138.31802117,-3.83775862,0 138.32586016,-3.83577821,0 138.32782217,-3.83455546,0 138.33640729,-3.83341810,0 138.34252546,-3.82916829,0 138.34488622,-3.82936968,0 138.35394007,-3.82564632,0 138.35397069,-3.81565970,0 138.35117284,-3.80773414,0 138.35124159,-3.80408637,0 138.35026753,-3.80244048,0 138.35426969,-3.79317758,0 138.34920014,-3.77470217,0 138.34862884,-3.76516972,0 138.34472187,-3.76213862,0 138.34450356,-3.76421254,0 138.33882587,-3.77064909,0 138.32264519,-3.77438164,0 138.29807854,-3.77413177,0 138.28905296,-3.77463341,0 138.28178215,-3.77638817,0 138.27351189,-3.77538490,0 138.26423454,-3.77538490,0 138.25935801,-3.77431256,0 138.26172885,-3.76143994,0 138.28254913,-3.75501539,0 138.29052033,-3.75489642,0 138.29224544,-3.75352823,0 138.29521976,-3.75281439,0 138.30116841,-3.74305860,0 138.30110893,-3.74014376,0 138.29504130,-3.73211308,0 138.30406763,-3.72923782,0 138.31395316,-3.71275277,0 138.31830670,-3.70914455,0 138.31574560,-3.70718489,0 138.30986461,-3.70701904,0 138.30463348,-3.70375214,0 138.30276491,-3.70488134,0 138.29994342,-3.70371368,0 138.29667253,-3.70522432,0 138.29519452,-3.70384003,0 138.29354900,-3.70481814,0 138.28929178,-3.70250115,0 138.28896739,-3.70117982,0 138.28727408,-3.70074715,0 138.28585639,-3.70289207,0 138.28590651,-3.70510646,0 138.28250523,-3.70397005,0 138.28294295,-3.70197570,0 138.27765173,-3.69601460,0 138.28669552,-3.69103914,0 138.28861269,-3.68595962,0 138.28565431,-3.68044878,0 138.28209193,-3.67788493,0 138.28160287,-3.67383034,0 138.28032854,-3.67313496,0 138.28151957,-3.67083248,0 138.28267051,-3.66415038,0 138.28061688,-3.65061716,0 138.27687746,-3.64568886,0 138.27410241,-3.63988318,0 138.27294765,-3.63538503,0 138.26707971,-3.62763044,0 138.25841154,-3.62679315,0 138.25777494,-3.62616195,0 138.25565344,-3.63090757,0 138.25624830,-3.63497645,0 138.25595866,-3.64508429,0 138.25003380,-3.64262155,0 138.24632184,-3.63805298,0 138.24018283,-3.63419826,0 138.22219410,-3.62363345,0 138.21491295,-3.62020703,0 138.20370569,-3.60963151,0 138.19499686,-3.59856702,0 138.18746587,-3.59756765,0 138.17176143,-3.59810302,0 138.15837696,-3.59717503,0 138.15123858,-3.59842425,0 138.14656294,-3.60110114,0 138.14028116,-3.60185068,0 138.11722418,-3.60317128,0 138.10355418,-3.60292143,0 138.10030621,-3.60202913,0 138.08867065,-3.59599720,0 138.07525049,-3.58653884,0 138.07124665,-3.56715100,0 138.06338015,-3.55747135,0 138.05963964,-3.54125294,0 138.05555648,-3.53171606,0 138.05455711,-3.52213635,0 138.04904628,-3.50304832,0 138.04722624,-3.48160404,0 138.04526318,-3.47506052,0 138.04538216,-3.47226466,0 138.04841597,-3.46572114,0 138.04907032,-3.45995095,0 138.05335335,-3.44977875,0 138.05454308,-3.44448445,0 138.05091440,-3.44145064,0 138.04811854,-3.43704863,0 138.04567959,-3.42830412,0 138.04562010,-3.42366417,0 138.03598329,-3.42580568,0 138.03485304,-3.42574620,0 138.03455561,-3.42491338,0 138.03598329,-3.42199854,0 138.03657815,-3.41640681,0 138.03467458,-3.40914945,0 138.03532893,-3.40635359,0 138.04270526,-3.40123775,0 138.04472780,-3.39820393,0 138.04431140,-3.39594345,0 138.04579856,-3.39481320,0 138.05112170,-3.39539898,0 138.05680357,-3.39273117,0 138.05650614,-3.39088709,0 138.05252054,-3.38928096,0 138.04865391,-3.39064915,0 138.04776162,-3.38910250,0 138.04603651,-3.38862660,0 138.04490626,-3.38410563,0 138.04341910,-3.38190463,0 138.04757529,-3.36996115,0 138.04694711,-3.36716291,0 138.05197254,-3.36390780,0 138.05185832,-3.36322252,0 138.04072244,-3.35848263,0 138.03398381,-3.34649015,0 138.02724518,-3.34563354,0 138.02536064,-3.34454851,0 138.01639483,-3.33689616,0 138.01548112,-3.33518295,0 138.02124399,-3.33088371,0 138.03027185,-3.32958646,0 138.03455488,-3.33015753,0 138.03535438,-3.32838721,0 138.03541149,-3.32062065,0 138.03763866,-3.31810794,0 138.03741023,-3.31582366,0 138.03920217,-3.31149543,0 138.04377747,-3.31332082,0 138.04660903,-3.31568839,0 138.04875054,-3.31542665,0 138.04948817,-3.31699709,0 138.05055893,-3.31700899,0 138.05115380,-3.31798457,0 138.05071360,-3.31887687,0 138.05152261,-3.31953122,0 138.05769731,-3.31942414,0 138.06510933,-3.31543854,0 138.06905924,-3.31590254,0 138.07054640,-3.31779421,0 138.06990395,-3.31860323,0 138.07221203,-3.31798457,0 138.07317571,-3.31893635,0 138.07305673,-3.31999521,0 138.07548378,-3.31888876,0 138.07905298,-3.31884117,0 138.07755392,-3.31796077,0 138.07747063,-3.31631895,0 138.07900539,-3.31597392,0 138.08149192,-3.31649740,0 138.08146813,-3.31797267,0 138.08326462,-3.31733022,0 138.08296719,-3.31906722,0 138.08397846,-3.31960260,0 138.08403795,-3.31847236,0 138.08519199,-3.31862702,0 138.08407364,-3.31753247,0 138.08428779,-3.31667586,0 138.08652448,-3.31624756,0 138.08738109,-3.31775852,0 138.08843995,-3.31730642,0 138.09056957,-3.31955501,0 138.09357959,-3.32018557,0 138.09344872,-3.32214862,0 138.09422204,-3.32277918,0 138.09509054,-3.32210104,0 138.09562592,-3.32305282,0 138.09511434,-3.32399271,0 138.09568541,-3.32484931,0 138.09419825,-3.32469465,0 138.09518572,-3.32572971,0 138.09648253,-3.32530141,0 138.09776744,-3.32605094,0 138.09832661,-3.32514675,0 138.09980188,-3.32645545,0 138.10068228,-3.32446860,0 138.10188390,-3.32622940,0 138.10313312,-3.32659822,0 138.10426337,-3.32609853,0 138.10504859,-3.32383804,0 138.10695216,-3.32335025,0 138.10751133,-3.32593197,0 138.10968854,-3.32681237,0 138.11535966,-3.32284762,0 138.11798326,-3.32273030,0 138.12012477,-3.32325379,0 138.12302771,-3.32544289,0 138.12771357,-3.32579261,0 138.12577431,-3.32154528,0 138.12561370,-3.31888623,0 138.12957599,-3.31239823,0 138.13039459,-3.30923099,0 138.13401369,-3.30546210,0 138.13427543,-3.30074086,0 138.13535808,-3.29770704,0 138.13240755,-3.29500636,0 138.12927826,-3.29585797,0 138.12733662,-3.29454451,0 138.12584268,-3.29457351,0 138.12486187,-3.29784955,0 138.12148058,-3.29848274,0 138.11953046,-3.30102426,0 138.11567294,-3.30136552,0 138.11259124,-3.30454219,0 138.10721121,-3.30663858,0 138.10343464,-3.30648506,0 138.10359741,-3.30359770,0 138.10632174,-3.29915022,0 138.10771194,-3.29425195,0 138.10920713,-3.29283972,0 138.10853196,-3.28968813,0 138.11012866,-3.28666324,0 138.10931136,-3.28468595,0 138.10674611,-3.28214750,0 138.10781147,-3.27929192,0 138.10561213,-3.27562856,0 138.10623631,-3.27392842,0 138.10586048,-3.27209791,0 138.10399979,-3.27058463,0 138.09996064,-3.26943710,0 138.09954440,-3.26340045,0 138.09559955,-3.26216227,0 138.09660682,-3.25945066,0 138.09430696,-3.25909271,0 138.08966029,-3.25325313,0 138.08019143,-3.24741030,0 138.08008345,-3.24434838,0 138.07866512,-3.24309743,0 138.07924596,-3.24098043,0 138.07794574,-3.24223981,0 138.07553354,-3.24088295,0 138.07462896,-3.23801846,0 138.06905075,-3.23304329,0 138.06739236,-3.22836965,0 138.06422634,-3.22897270,0 138.06211566,-3.23063109,0 138.05714050,-3.22610821,0 138.05472829,-3.22656050,0 138.05216533,-3.22399753,0 138.04945160,-3.21917313,0 138.04231322,-3.21468394,0 138.02589494,-3.21825313,0 138.01935331,-3.21724099,0 138.01935331,-3.19931511,0 138.01375147,-3.19035217,0 138.00702927,-3.18475033,0 138.00633464,-3.17336739,0 138.00722671,-3.17206832,0 138.00722671,-3.16894528,0 138.00633442,-3.16567352,0 138.00737543,-3.16374021,0 138.01020104,-3.16180690,0 138.01064719,-3.15853514,0 138.00990361,-3.15541210,0 138.00841644,-3.15377622,0 138.00722671,-3.15362750,0 138.00172421,-3.15466852,0 137.99577556,-3.15422237,0 137.99488326,-3.15214034,0 137.99473454,-3.14529939,0 137.99399096,-3.14455581,0 137.99057049,-3.14515067,0 137.98729873,-3.14782757,0 137.98506798,-3.14753013,0 137.98447312,-3.14663783,0 137.98477055,-3.14232506,0 137.98655515,-3.13935074,0 137.98759616,-3.13875587,0 137.99458583,-3.13905330,0 137.99860117,-3.13726871,0 138.00172421,-3.13459181,0 138.00291394,-3.12433039,0 137.99889860,-3.11689457,0 137.99860117,-3.11481254,0 137.99979090,-3.11064849,0 138.00627478,-3.10373356,0 138.00782158,-3.09979220,0 138.01763685,-3.09176152,0 138.02404130,-3.08403923,0 138.02611368,-3.08001293,0 138.02626240,-3.07584887,0 138.02358551,-3.07257711,0 138.01867787,-3.06915664,0 138.01659584,-3.06320798,0 138.01347280,-3.05770548,0 138.01347280,-3.05458244,0 138.01555483,-3.05101325,0 138.01778557,-3.04848507,0 138.02596497,-3.04803892,0 138.02893929,-3.05101325,0 138.03369822,-3.05800291,0 138.03771356,-3.05889521,0 138.03979559,-3.05800291,0 138.03920072,-3.05413629,0 138.03622639,-3.04922865,0 138.03637511,-3.04714662,0 138.03801099,-3.04595689,0 138.03994430,-3.04536203,0 138.04187761,-3.04595689,0 138.04797498,-3.05160811,0 138.05228776,-3.05056710,0 138.05347749,-3.04878250,0 138.05407235,-3.04684919,0 138.05347749,-3.04461844,0 138.05109803,-3.04119797,0 138.04708268,-3.04045439,0 138.04133899,-3.04328113,0 138.03771356,-3.04179283,0 138.03652383,-3.03822364,0 138.04455451,-3.03138269,0 138.04470322,-3.02706992,0 138.04633910,-3.02588019,0 138.05020573,-3.02588019,0 138.05228776,-3.02439303,0 138.05933615,-3.02222777,0 138.05911929,-3.01656958,0 138.06112177,-3.00900114,0 138.06075025,-3.00253395,0 138.06378587,-2.99750484,0 138.06055847,-2.98749466,0 138.05775410,-2.98411129,0 138.05564046,-2.98319222,0 138.04680634,-2.98418596,0 138.04098582,-2.98903464,0 138.03978653,-2.99225277,0 138.03882443,-3.00171632,0 138.03255386,-3.01180603,0 138.02934520,-3.01425300,0 138.02582235,-3.01556628,0 138.02077169,-3.01510311,0 138.01436540,-3.01169227,0 138.01282249,-3.00950791,0 138.01152426,-3.00217615,0 138.00984007,-2.99905462,0 138.00351463,-2.99323463,0 137.99999999,-2.99200195,0 137.99822377,-2.99223027,0 137.99656235,-2.99556973,0 137.99771338,-3.00000001,0 138.00559739,-3.00806981,0 138.01001131,-3.01881019,0 138.00986205,-3.02198145,0 138.00561120,-3.02556939,0 137.99932512,-3.02556216,0 137.99616985,-3.02708343,0 137.98650769,-3.02662016,0 137.98297419,-3.02804783,0 137.97840562,-3.03122442,0 137.96421001,-3.03309087,0 137.96128293,-3.03211383,0 137.95827247,-3.02797128,0 137.95688365,-3.02416677,0 137.95778625,-3.02046680,0 137.96693361,-3.01405106,0 137.96832559,-3.01140986,0 137.96721914,-3.00602038,0 137.96112086,-3.00124807,0 137.95383467,-3.00120197,0 137.94666060,-3.00377179,0 137.94362113,-3.00952998,0 137.93886437,-3.01499933,0 137.93678346,-3.02188662,0 137.93449917,-3.02421849,0 137.93026373,-3.02564617,0 137.92731320,-3.02578894,0 137.91927690,-3.02342078,0 137.90865538,-3.01655444,0 137.90383594,-3.01439804,0 137.90021233,-3.01402060,0 137.89842298,-3.01474396,0 137.89623387,-3.01756124,0 137.89662155,-3.02111331,0 137.90090889,-3.02632279,0 137.90340928,-3.03122970,0 137.90405148,-3.03882136,0 137.90824533,-3.04476860,0 137.90789561,-3.05107476,0 137.90566487,-3.05336499,0 137.90346386,-3.05324601,0 137.89944614,-3.05152480,0 137.89848985,-3.04840632,0 137.89813172,-3.04107913,0 137.89585857,-3.03802430,0 137.89031531,-3.03743652,0 137.88614517,-3.03848642,0 137.88490723,-3.03972717,0 137.88143854,-3.04527576,0 137.88032954,-3.05072431,0 137.88342944,-3.05832966,0 137.88371751,-3.06476270,0 137.88635563,-3.07218771,0 137.88675294,-3.07817672,0 137.88459463,-3.08132891,0 137.88153713,-3.08325102,0 137.87725410,-3.08268590,0 137.87374923,-3.08086425,0 137.87139785,-3.07188537,0 137.86644597,-3.06575727,0 137.86416549,-3.05930311,0 137.86216803,-3.05651116,0 137.85558723,-3.05267645,0 137.84671063,-3.04887376,0 137.84383148,-3.04920688,0 137.84199929,-3.05063456,0 137.83647150,-3.06362136,0 137.83545920,-3.06872405,0 137.83328509,-3.07104978,0 137.82786113,-3.07335666,0 137.82297185,-3.07382436,0 137.81885078,-3.07168317,0 137.81407286,-3.06683487,0 137.80976543,-3.06542427,0 137.80660610,-3.06571498,0 137.80465175,-3.06644625,0 137.80243081,-3.06882209,0 137.80179254,-3.07411844,0 137.79997879,-3.07856238,0 137.79295877,-3.08359149,0 137.78962886,-3.08391291,0 137.78688870,-3.08340579,0 137.78510940,-3.08203888,0 137.77975327,-3.07476130,0 137.77516794,-3.07067866,0 137.77488355,-3.06932798,0 137.77072708,-3.06424571,0 137.77151625,-3.05436149,0 137.77054864,-3.05101622,0 137.76886205,-3.04899141,0 137.76202947,-3.05054759,0 137.75762573,-3.05650285,0 137.74473394,-3.05568355,0 137.73814091,-3.05669369,0 137.73411683,-3.05962606,0 137.73083318,-3.06458010,0 137.72494394,-3.06576513,0 137.71686684,-3.06154357,0 137.71292104,-3.05779765,0 137.71218356,-3.05258993,0 137.71387892,-3.04631410,0 137.71197535,-3.04188235,0 137.70775181,-3.03867008,0 137.70254674,-3.03849162,0 137.69686578,-3.04027622,0 137.69173382,-3.04444736,0 137.68897707,-3.04550107,0 137.68570637,-3.04856670,0 137.68338216,-3.04874966,0 137.67560133,-3.04689368,0 137.67217490,-3.04707214,0 137.65789814,-3.05189055,0 137.64135074,-3.05603195,0 137.63543071,-3.06328602,0 137.63326540,-3.06445196,0 137.63019590,-3.06483267,0 137.62662671,-3.06307187,0 137.62536559,-3.06047826,0 137.62703312,-3.05513173,0 137.62997038,-3.05151135,0 137.63089079,-3.04577053,0 137.62724232,-3.04156601,0 137.62196537,-3.04011760,0 137.61539919,-3.04267340,0 137.61061470,-3.04722429,0 137.60183867,-3.05064514,0 137.58692485,-3.06223778,0 137.58047727,-3.06662113,0 137.57751498,-3.06766745,0 137.57131257,-3.06618460,0 137.56897909,-3.06447675,0 137.56525370,-3.05707499,0 137.55960934,-3.05135985,0 137.55627810,-3.05063649,0 137.55228060,-3.05116949,0 137.54921586,-3.05362509,0 137.54828311,-3.05733705,0 137.55177232,-3.06666818,0 137.55155725,-3.06948182,0 137.55047221,-3.07077625,0 137.54565104,-3.07189211,0 137.54034088,-3.06891445,0 137.53448537,-3.06774745,0 137.53128177,-3.06816520,0 137.52847195,-3.06963119,0 137.52444766,-3.07524430,0 137.52304875,-3.08057120,0 137.52037276,-3.08215750,0 137.51365878,-3.08414706,0 137.51038404,-3.08353344,0 137.50138201,-3.08786035,0 137.49876949,-3.08778633,0 137.49393474,-3.09056018,0 137.48744892,-3.09694682,0 137.47786012,-3.09729479,0 137.46696716,-3.09887795,0 137.45573510,-3.10474554,0 137.45070797,-3.10525713,0 137.44409883,-3.10744587,0 137.43591881,-3.10635306,0 137.43385257,-3.10494425,0 137.42865682,-3.10554044,0 137.42654920,-3.10498726,0 137.42169366,-3.09889487,0 137.41827355,-3.09187611,0 137.41025101,-3.08799769,0 137.40633987,-3.08882516,0 137.39439498,-3.09762916,0 137.38521026,-3.09834300,0 137.38026098,-3.09672497,0 137.37835741,-3.09553524,0 137.37569242,-3.09177569,0 137.37416956,-3.08392347,0 137.36945823,-3.07859347,0 137.36317645,-3.06890312,0 137.36121339,-3.06801082,0 137.35806061,-3.06890312,0 137.35553243,-3.07071746,0 137.35069997,-3.07710897,0 137.35098370,-3.08617801,0 137.34845552,-3.09022309,0 137.34441043,-3.09156154,0 137.33566592,-3.08950925,0 137.33015814,-3.09040973,0 137.32374238,-3.09940549,0 137.31641458,-3.10225594,0 137.31155536,-3.10254301,0 137.30070277,-3.09980965,0 137.29421764,-3.10179032,0 137.29285306,-3.10287587,0 137.29211875,-3.10513837,0 137.29221631,-3.11104800,0 137.28989652,-3.11313434,0 137.27855059,-3.11191290,0 137.27215918,-3.11343271,0 137.26366035,-3.11003347,0 137.25913273,-3.10961885,0 137.25687824,-3.11065133,0 137.25514852,-3.11258593,0 137.25407092,-3.12080930,0 137.25098621,-3.12310716,0 137.24704663,-3.12279920,0 137.23754529,-3.11594178,0 137.23360574,-3.11543001,0 137.22751492,-3.11721301,0 137.22407158,-3.12027634,0 137.22199474,-3.12379915,0 137.21939294,-3.12376856,0 137.21688888,-3.12236506,0 137.21539692,-3.12035254,0 137.21438970,-3.11298550,0 137.21316338,-3.11082068,0 137.21135010,-3.10979136,0 137.20808252,-3.11101199,0 137.20360676,-3.11878799,0 137.20003247,-3.12115078,0 137.19676258,-3.12128769,0 137.19217733,-3.11791610,0 137.19052061,-3.10918479,0 137.18987141,-3.10804462,0 137.18769896,-3.10710993,0 137.18461126,-3.10846016,0 137.18191714,-3.11247555,0 137.18153805,-3.12034419,0 137.18075218,-3.12263611,0 137.17536690,-3.12516157,0 137.16773216,-3.12429600,0 137.16598850,-3.12569402,0 137.16298042,-3.13088053,0 137.16122181,-3.13200404,0 137.15261060,-3.13170395,0 137.14728761,-3.13314548,0 137.14139344,-3.13295530,0 137.13643787,-3.13485121,0 137.13425996,-3.13481954,0 137.12807056,-3.13082951,0 137.12698659,-3.12794168,0 137.12672528,-3.12310140,0 137.12521557,-3.12293829,0 137.12115061,-3.12811250,0 137.11147104,-3.13278514,0 137.10698889,-3.13785907,0 137.10596636,-3.14051278,0 137.10579653,-3.14543348,0 137.10777443,-3.15320377,0 137.10621403,-3.15645827,0 137.10413076,-3.15706221,0 137.09753482,-3.15474908,0 137.09352458,-3.15506066,0 137.09066937,-3.15785537,0 137.09048197,-3.16467003,0 137.08834045,-3.17014279,0 137.08587176,-3.17267097,0 137.07100013,-3.17870885,0 137.06847195,-3.17844116,0 137.06658855,-3.17691228,0 137.06399289,-3.17797582,0 137.06429270,-3.18048853,0 137.06610585,-3.18165923,0 137.06250811,-3.18315829,0 137.06128031,-3.18531408,0 137.06162295,-3.18708440,0 137.06025238,-3.18784107,0 137.06109471,-3.18915453,0 137.06108043,-3.19189567,0 137.06262232,-3.19410857,0 137.06187993,-3.19646423,0 137.06259377,-3.19856292,0 137.06133741,-3.20204645,0 137.05842495,-3.20261752,0 137.05726853,-3.20531583,0 137.05989546,-3.20944181,0 137.05761118,-3.20875653,0 137.05504136,-3.20915628,0 137.05811086,-3.21546661,0 137.05791099,-3.21673724,0 137.05672602,-3.21735114,0 137.05609784,-3.21503831,0 137.05521268,-3.21461000,0 137.05252865,-3.21519535,0 137.05160066,-3.21659447,0 137.05465589,-3.21843618,0 137.05602646,-3.22073474,0 137.05599790,-3.22383280,0 137.05782533,-3.22421827,0 137.05999540,-3.22710217,0 137.05962420,-3.22814438,0 137.05773967,-3.22835853,0 137.05818225,-3.23155653,0 137.06119465,-3.23115678,0 137.06235106,-3.23352672,0 137.05589797,-3.24324920,0 137.05085827,-3.24439134,0 137.05044424,-3.24636153,0 137.04451938,-3.25128702,0 137.04172114,-3.26874750,0 137.03926553,-3.26956128,0 137.03439716,-3.26717706,0 137.02968582,-3.27013235,0 137.03194155,-3.27201688,0 137.03174168,-3.27437255,0 137.02830098,-3.27420123,0 137.02754431,-3.27819872,0 137.02535996,-3.27708513,0 137.02434631,-3.27737067,0 137.02520292,-3.28118256,0 137.02173366,-3.28320986,0 137.02103410,-3.28746434,0 137.02254744,-3.29117630,0 137.02474606,-3.29191869,0 137.02390373,-3.29384606,0 137.02174794,-3.29505958,0 137.02223335,-3.29822902,0 137.02062008,-3.30002790,0 137.02186215,-3.30198381,0 137.02277006,-3.30747099,0 137.00759512,-3.31574806,0 137.00498702,-3.31553246,0 137.00339516,-3.31764542,0 136.99825133,-3.31327995,0 136.95069558,-3.28359197,0 136.96428849,-3.26841124,0 137.00569111,-3.24128539,0 137.02318015,-3.22736554,0 137.04066918,-3.21130418,0 137.04066918,-3.20416579,0 137.00768986,-3.19331545,0 137.00327472,-3.18789952,0 137.00270960,-3.18540108,0 137.00378036,-3.18254573,0 137.00868799,-3.17924423,0 137.00856902,-3.17754886,0 137.00681417,-3.17576427,0 137.00342344,-3.17585350,0 137.00169833,-3.17775707,0 136.99934861,-3.18320008,0 136.99735581,-3.18465750,0 136.99563070,-3.18462776,0 136.99354867,-3.18251599,0 136.99363790,-3.17600221,0 136.99238869,-3.17454479,0 136.99027691,-3.17427710,0 136.98816005,-3.17617292,0 136.98668908,-3.17584992,0 136.88359765,-3.14615656,0 136.88501992,-3.15119936,0 136.88584084,-3.15144920,0 136.88651898,-3.14991445,0 136.88751836,-3.15012860,0 136.88823220,-3.15219873,0 136.89165862,-3.15437594,0 136.89290784,-3.15648176,0 136.89601303,-3.15626761,0 136.89690533,-3.15837343,0 136.90317798,-3.15812877,0 136.89999998,-3.16524621,0 136.90019033,-3.17000513,0 136.90761425,-3.17419298,0 136.91149277,-3.18244971,0 136.91173072,-3.18459122,0 136.90768564,-3.19220550,0 136.90768564,-3.19577469,0 136.91146848,-3.20282757,0 136.91361000,-3.20496909,0 136.91396691,-3.20696783,0 136.91075464,-3.20932350,0 136.91025496,-3.21132225,0 136.91397093,-3.21636372,0 136.91225370,-3.22217259,0 136.91353861,-3.22809745,0 136.91446660,-3.22995343,0 136.91760035,-3.23271360,0 136.91750517,-3.23471235,0 136.91580029,-3.23535326,0 136.91203123,-3.23346872,0 136.91133403,-3.23065854,0 136.90976479,-3.23009703,0 136.90607663,-3.23562928,0 136.90203154,-3.23672978,0 136.89944388,-3.23488569,0 136.89727262,-3.23548056,0 136.89548802,-3.23705695,0 136.89507162,-3.23839540,0 136.89798646,-3.24333278,0 136.89102654,-3.25148243,0 136.88806290,-3.25931915,0 136.88781426,-3.26183309,0 136.88900399,-3.26427204,0 136.89398896,-3.26585438,0 136.89564269,-3.26859076,0 136.89868354,-3.26939933,0 136.90215052,-3.27321881,0 136.90071114,-3.28576291,0 136.90870719,-3.29266150,0 136.90910058,-3.29784943,0 136.91373653,-3.30012350,0 136.91775562,-3.30377744,0 136.92316544,-3.30576086,0 136.92285950,-3.30774055,0 136.91852886,-3.31084733,0 136.91829719,-3.31310114,0 136.92000909,-3.32117729,0 136.92335279,-3.32637423,0 136.92227808,-3.32745853,0 136.91851653,-3.32739176,0 136.91782555,-3.32857910,0 136.91831467,-3.32979377,0 136.92004145,-3.33027961,0 136.92478151,-3.32909917,0 136.92872878,-3.32985489,0 136.92986999,-3.33263226,0 136.93144982,-3.33340744,0 136.93632993,-3.33220444,0 136.93712088,-3.33312200,0 136.93652150,-3.33588056,0 136.94030089,-3.33376057,0 136.94154150,-3.33756836,0 136.94591971,-3.33950048,0 136.94705233,-3.33840593,0 136.94861326,-3.33822509,0 136.94978531,-3.33253886,0 136.95434300,-3.33600743,0 136.95561839,-3.33612165,0 136.95477109,-3.33313003,0 136.95748389,-3.33126755,0 136.95786460,-3.33346617,0 136.95946360,-3.33247631,0 136.96105308,-3.33289510,0 136.96071044,-3.33634056,0 136.96157139,-3.33742362,0 136.96243108,-3.34415788,0 136.96281180,-3.35177215,0 136.96052752,-3.35596000,0 136.96071787,-3.36071893,0 136.96262144,-3.36852356,0 136.96243108,-3.37290177,0 136.96109859,-3.37727998,0 136.96024612,-3.39053872,0 136.95478686,-3.38869500,0 136.95131284,-3.38919468,0 136.94429343,-3.38800495,0 136.94260402,-3.38888535,0 136.94156340,-3.39278925,0 136.93699483,-3.39263221,0 136.93005632,-3.39580165,0 136.92851443,-3.39567316,0 136.92464067,-3.39716746,0 136.92142840,-3.39914242,0 136.91674086,-3.39907103,0 136.91261250,-3.40220002,0 136.90749903,-3.40362770,0 136.90730868,-3.40655920,0 136.90500536,-3.40676859,0 136.90369190,-3.40558838,0 136.90186447,-3.40659727,0 136.89892141,-3.40674562,0 136.89873832,-3.38540784,0 136.89769730,-3.38406940,0 136.89695372,-3.37767459,0 136.89442554,-3.37410540,0 136.89606142,-3.36756188,0 136.89145122,-3.35774661,0 136.89174865,-3.35447485,0 136.88624615,-3.33633146,0 136.88639486,-3.33395200,0 136.88461027,-3.32934179,0 136.88104107,-3.32458287,0 136.87687702,-3.31684962,0 136.87524114,-3.31164455,0 136.87479499,-3.30658820,0 136.87301039,-3.30034211,0 136.87092837,-3.29692164,0 136.87063093,-3.29439346,0 136.86378998,-3.28532176,0 136.86304640,-3.27937311,0 136.86088693,-3.27222240,0 136.85743834,-3.27036216,0 136.85321480,-3.27051087,0 136.85187635,-3.26982678,0 136.85117224,-3.26149233,0 136.85006692,-3.25841707,0 136.85123999,-3.25370812,0 136.85489485,-3.25254694,0 136.85702151,-3.25005136,0 136.86207979,-3.25025009,0 136.86424955,-3.24930987,0 136.87120947,-3.24845327,0 136.87787263,-3.24517019,0 136.86984405,-3.23973311,0 136.80884371,-3.25417017,0 136.78297592,-3.25107725,0 136.77016109,-3.25137877,0 136.74537529,-3.26671368,0 136.74263968,-3.26405975,0 136.73903823,-3.25569778,0 136.74245312,-3.25139536,0 136.74255755,-3.24889348,0 136.74410138,-3.24630367,0 136.74399182,-3.24448509,0 136.74158764,-3.24194102,0 136.73999000,-3.24136021,0 136.73930975,-3.23966904,0 136.73744081,-3.23817285,0 136.73997017,-3.23186549,0 136.74434229,-3.22553346,0 136.74765907,-3.21754304,0 136.75459415,-3.20910033,0 136.75970561,-3.19934775,0 136.76524660,-3.19271291,0 136.73178914,-3.18324381,0 136.69973348,-3.16105143,0 136.68329468,-3.14625651,0 136.66785319,-3.13731670,0 136.66656552,-3.13864596,0 136.66681537,-3.14039486,0 136.66563753,-3.14157270,0 136.66545907,-3.14360714,0 136.66385294,-3.14503481,0 136.66078343,-3.14578434,0 136.66031944,-3.14856831,0 136.65846346,-3.14988891,0 136.65717855,-3.14988891,0 136.65617918,-3.14888954,0 136.65321675,-3.15063844,0 136.64943340,-3.15410056,0 136.64871957,-3.15627776,0 136.64680410,-3.15714627,0 136.64710153,-3.15910932,0 136.64580851,-3.16040264,0 136.64677371,-3.16952750,0 136.64784446,-3.17178798,0 136.64748755,-3.17422693,0 136.65093776,-3.17720126,0 136.65007521,-3.18023507,0 136.65272236,-3.18326888,0 136.65287108,-3.18511296,0 136.65480439,-3.18526168,0 136.65522079,-3.18761140,0 136.65346594,-3.18903908,0 136.65468542,-3.19165648,0 136.65403106,-3.19540413,0 136.65810589,-3.19665335,0 136.65837358,-3.19811077,0 136.66128842,-3.20185842,0 136.66875051,-3.20538726,0 136.67089202,-3.20913491,0 136.67371168,-3.20952752,0 136.67503229,-3.21166904,0 136.67863717,-3.21149058,0 136.68423842,-3.21594683,0 136.69118645,-3.21870701,0 136.70489214,-3.22137200,0 136.71488588,-3.22451289,0 136.71888337,-3.22755860,0 136.71934507,-3.23291087,0 136.72053526,-3.23542118,0 136.72219846,-3.23685384,0 136.72386167,-3.23649216,0 136.72541807,-3.23828387,0 136.72745394,-3.23838230,0 136.72521832,-3.23838995,0 136.72208053,-3.23688775,0 136.72039488,-3.23576239,0 136.71865889,-3.23346996,0 136.71890488,-3.23014318,0 136.71380261,-3.22855674,0 136.71058553,-3.22591665,0 136.70714217,-3.22683673,0 136.70475957,-3.22555687,0 136.69548477,-3.22867514,0 136.69159539,-3.22909015,0 136.68944657,-3.22874359,0 136.68368732,-3.22497853,0 136.67969376,-3.22390471,0 136.67111859,-3.22728696,0 136.66791057,-3.22685828,0 136.66560168,-3.22514739,0 136.65975645,-3.22830999,0 136.65688006,-3.23146955,0 136.64452330,-3.23449992,0 136.64201844,-3.23933538,0 136.63929992,-3.24045427,0 136.63418177,-3.24488146,0 136.62928897,-3.23899111,0 136.62521549,-3.23869153,0 136.62268796,-3.23961658,0 136.62057848,-3.23893618,0 136.61938441,-3.23633151,0 136.61810583,-3.23627837,0 136.60314797,-3.23940193,0 136.60205181,-3.24273144,0 136.59691789,-3.24651471,0 136.58966995,-3.24770011,0 136.58463659,-3.24625173,0 136.56728575,-3.25397533,0 136.56125192,-3.24129136,0 136.55706143,-3.24054974,0 136.54809919,-3.23210532,0 136.54445482,-3.23038352,0 136.54102233,-3.22985570,0 136.53265385,-3.22575903,0 136.53037382,-3.22161648,0 136.52801573,-3.21403854,0 136.52477924,-3.20960848,0 136.52403479,-3.19532662,0 136.52236878,-3.19210024,0 136.51819253,-3.18755438,0 136.51727479,-3.18444389,0 136.52027998,-3.18024008,0 136.51888647,-3.16950070,0 136.52069390,-3.15932091,0 136.52791910,-3.15648143,0 136.53194976,-3.15678873,0 136.53804368,-3.15569594,0 136.54257648,-3.15329992,0 136.54336785,-3.15094890,0 136.54073133,-3.14699253,0 136.54395701,-3.14064935,0 136.55021537,-3.13421799,0 136.55179547,-3.12821362,0 136.55456088,-3.12441818,0 136.55507250,-3.11997841,0 136.55870996,-3.11256008,0 136.55794531,-3.10534895,0 136.55895473,-3.09799028,0 136.55769339,-3.08471577,0 136.56082740,-3.08186861,0 136.56529809,-3.07556384,0 136.56705341,-3.07022174,0 136.57017930,-3.06944798,0 136.57192858,-3.06758382,0 136.57747074,-3.06610420,0 136.57879883,-3.06437442,0 136.57904215,-3.06117794,0 136.57712669,-3.05880475,0 136.57704459,-3.05522632,0 136.57547632,-3.05071311,0 136.57228262,-3.04654538,0 136.56728975,-3.04586476,0 136.56647197,-3.04396101,0 136.56445453,-3.04441976,0 136.56190247,-3.04323072,0 136.55677894,-3.04276998,0 136.55159656,-3.04768229,0 136.54879152,-3.04794274,0 136.54728558,-3.04941636,0 136.54306123,-3.04970113,0 136.54161799,-3.04849930,0 136.53759668,-3.05121389,0 136.53523888,-3.05409329,0 136.53472045,-3.05602253,0 136.53326879,-3.05670461,0 136.52587229,-3.05673556,0 136.52075190,-3.05473884,0 136.51474482,-3.05696077,0 136.49936308,-3.05664587,0 136.49703124,-3.05646895,0 136.49622303,-3.05565925,0 136.49246320,-3.06043943,0 136.48860945,-3.06215658,0 136.47713155,-3.06280319,0 136.46914798,-3.06119253,0 136.46323615,-3.06233936,0 136.46116894,-3.06112574,0 136.45824364,-3.05740881,0 136.45766466,-3.05061174,0 136.45353088,-3.04861379,0 136.44989761,-3.04804625,0 136.44861660,-3.04883511,0 136.44605270,-3.05454064,0 136.44328975,-3.05641250,0 136.44007914,-3.05654948,0 136.43728392,-3.05484539,0 136.43728497,-3.05149602,0 136.43208827,-3.05061866,0 136.42823441,-3.04658907,0 136.42658029,-3.04298764,0 136.42339409,-3.04076447,0 136.42140381,-3.03738930,0 136.42079566,-3.03393647,0 136.41904155,-3.03482504,0 136.41684901,-3.03456623,0 136.41425835,-3.02944604,0 136.41082495,-3.03157846,0 136.40921718,-3.02972899,0 136.40699524,-3.02911286,0 136.40578175,-3.02604138,0 136.40798964,-3.02430300,0 136.40734201,-3.02089915,0 136.40819092,-3.01837217,0 136.40776080,-3.01737233,0 136.40619320,-3.01681060,0 136.40550327,-3.01470567,0 136.40115258,-3.01320241,0 136.39839352,-3.01386370,0 136.39718748,-3.01227897,0 136.39574718,-3.01238031,0 136.39461349,-3.01148085,0 136.38848865,-3.01126762,0 136.38828273,-3.00930023,0 136.38459534,-3.01060382,0 136.37854937,-3.01628238,0 136.37434701,-3.01908447,0 136.36062778,-3.02635902,0 136.35300292,-3.02245326,0 136.34762049,-3.02251459,0 136.34514199,-3.02299277,0 136.34328641,-3.02603255,0 136.33837974,-3.02860800,0 136.33254837,-3.02414468,0 136.33122686,-3.02047017,0 136.32905592,-3.01904756,0 136.32579928,-3.01836507,0 136.32431578,-3.01998798,0 136.32292815,-3.02031603,0 136.32220800,-3.01791134,0 136.31848858,-3.01793535,0 136.31823751,-3.01681199,0 136.31973906,-3.01566412,0 136.31998178,-3.01415540,0 136.31488498,-3.01141937,0 136.31415733,-3.01235977,0 136.31475092,-3.01429337,0 136.31340663,-3.01767223,0 136.31176755,-3.01865792,0 136.31057080,-3.01827251,0 136.31005945,-3.01611775,0 136.31255996,-3.01299282,0 136.31279122,-3.01090625,0 136.31050226,-3.00711720,0 136.30681228,-3.00384980,0 136.30756981,-3.00268610,0 136.31113253,-3.00273824,0 136.31121706,-3.00140228,0 136.30987951,-2.99982877,0 136.30536549,-2.99852914,0 136.30781849,-2.99448131,0 136.30548738,-2.99267024,0 136.30468180,-2.99076428,0 136.30235003,-2.99039470,0 136.30175425,-2.98865224,0 136.29830435,-2.98806274,0 136.29756480,-2.98713361,0 136.29918008,-2.98206167,0 136.29747170,-2.97863687,0 136.29726419,-2.97509451,0 136.29794815,-2.97257752,0 136.30068341,-2.96985501,0 136.30518841,-2.95354505,0 136.30640070,-2.95293712,0 136.30934986,-2.95342983,0 136.30749857,-2.95066292,0 136.30910071,-2.94937391,0 136.31141644,-2.94937339,0 136.31365559,-2.94834496,0 136.31438867,-2.94681451,0 136.31274732,-2.94407145,0 136.31624060,-2.94433286,0 136.31759844,-2.94189383,0 136.31977415,-2.94030941,0 136.31957286,-2.93690132,0 136.31654921,-2.93676241,0 136.31555259,-2.93532252,0 136.31292149,-2.93418306,0 136.30906363,-2.93705674,0 136.30880193,-2.93397446,0 136.31205828,-2.93171311,0 136.30873567,-2.93271991,0 136.30563176,-2.93051735,0 136.30479824,-2.93194427,0 136.30616602,-2.93568860,0 136.30416101,-2.93625962,0 136.30356587,-2.93346149,0 136.30126675,-2.93010613,0 136.30355358,-2.93028072,0 136.30581588,-2.92866361,0 136.30604256,-2.92741856,0 136.30456630,-2.92529042,0 136.30464079,-2.92396029,0 136.30568591,-2.92328545,0 136.30894586,-2.92365026,0 136.31017745,-2.92059289,0 136.30659302,-2.92068213,0 136.30345319,-2.91915283,0 136.30289064,-2.92030752,0 136.30397702,-2.92160484,0 136.30386086,-2.92264020,0 136.30285041,-2.92367811,0 136.30148423,-2.92362907,0 136.30027981,-2.92235638,0 136.30034070,-2.91929379,0 136.29909318,-2.91954391,0 136.29765266,-2.92120114,0 136.29603565,-2.92083376,0 136.29617815,-2.91688129,0 136.30035686,-2.91448264,0 136.29980021,-2.91191975,0 136.29720525,-2.91050343,0 136.29479233,-2.91109975,0 136.29466270,-2.91580568,0 136.29360950,-2.91610614,0 136.28895637,-2.91156686,0 136.28917578,-2.90795451,0 136.29426717,-2.90740323,0 136.29700889,-2.90424959,0 136.29687324,-2.90255255,0 136.29602810,-2.90180337,0 136.28901749,-2.90136737,0 136.28785258,-2.89964421,0 136.29034805,-2.89585500,0 136.29335589,-2.89397205,0 136.29108182,-2.89221140,0 136.29000063,-2.88759610,0 136.29125475,-2.88568554,0 136.29530910,-2.88406183,0 136.29566417,-2.88251819,0 136.29445662,-2.88069481,0 136.29157169,-2.88116519,0 136.28568707,-2.88043646,0 136.28417294,-2.88147791,0 136.28190120,-2.88546180,0 136.27918709,-2.88554754,0 136.27828113,-2.88445739,0 136.27839313,-2.88163014,0 136.27983822,-2.87977780,0 136.28316689,-2.87772980,0 136.28410923,-2.87523142,0 136.28310329,-2.87191437,0 136.28003673,-2.87108828,0 136.27774841,-2.87277837,0 136.27668048,-2.87896843,0 136.27268656,-2.88232385,0 136.27144108,-2.88733894,0 136.26804614,-2.88828947,0 136.26546686,-2.88712142,0 136.26414980,-2.88415817,0 136.26484071,-2.88129234,0 136.26640112,-2.88016948,0 136.27158721,-2.88001302,0 136.27305010,-2.87897917,0 136.27322524,-2.87744798,0 136.27143727,-2.87491051,0 136.26640970,-2.87339795,0 136.26488167,-2.87209297,0 136.26422105,-2.87015236,0 136.26060168,-2.86725178,0 136.26255818,-2.86205152,0 136.26096222,-2.85674184,0 136.26106835,-2.85405631,0 136.26514533,-2.85219522,0 136.26505911,-2.85049942,0 136.26105140,-2.85018586,0 136.25729419,-2.85423304,0 136.25352593,-2.85614931,0 136.25191642,-2.85591347,0 136.24675084,-2.85035201,0 136.24414579,-2.85055379,0 136.24307913,-2.85260331,0 136.24335167,-2.85524315,0 136.24653330,-2.85789591,0 136.25050923,-2.85934081,0 136.25138904,-2.86216508,0 136.24999999,-2.86344446,0 136.24698800,-2.86330060,0 136.24281436,-2.86121890,0 136.23979602,-2.85833296,0 136.23938440,-2.85516034,0 136.24453819,-2.84550226,0 136.24676003,-2.84327668,0 136.24679691,-2.84207631,0 136.24331500,-2.84087961,0 136.23897640,-2.83559157,0 136.23771150,-2.83587840,0 136.23561063,-2.84052603,0 136.23391543,-2.84224339,0 136.23052069,-2.84225709,0 136.22934235,-2.84142512,0 136.22844152,-2.83938463,0 136.22905161,-2.83664797,0 136.23444791,-2.83416477,0 136.23491927,-2.83301790,0 136.23405630,-2.83107403,0 136.23104474,-2.82921650,0 136.22792334,-2.83002556,0 136.22409244,-2.83409263,0 136.22224539,-2.83383124,0 136.22163939,-2.83170556,0 136.22276410,-2.82834266,0 136.22825892,-2.82439409,0 136.22922551,-2.82246233,0 136.22818596,-2.82136589,0 136.22250875,-2.82114298,0 136.21882152,-2.81747861,0 136.21592685,-2.81208980,0 136.21606748,-2.80992771,0 136.21772409,-2.80768430,0 136.21740729,-2.80678067,0 136.21007246,-2.80702693,0 136.20646230,-2.80568844,0 136.20405760,-2.80950522,0 136.20240148,-2.80988026,0 136.20159147,-2.80903192,0 136.20168041,-2.80749129,0 136.20496193,-2.80260600,0 136.20475698,-2.80072895,0 136.19673583,-2.80126407,0 136.19219164,-2.79837547,0 136.18889897,-2.79824706,0 136.18776606,-2.79939310,0 136.18752842,-2.80195027,0 136.18915271,-2.80910623,0 136.18791605,-2.81040030,0 136.18351876,-2.81033696,0 136.18014151,-2.80743892,0 136.17895755,-2.80177793,0 136.18023268,-2.79979102,0 136.18409569,-2.79884255,0 136.18491685,-2.79662157,0 136.18401116,-2.79504599,0 136.18070457,-2.79258103,0 136.17771173,-2.79288673,0 136.17566161,-2.79640630,0 136.17410449,-2.79760203,0 136.16836926,-2.79727287,0 136.16306025,-2.79957177,0 136.16154389,-2.79596901,0 136.16299440,-2.79081974,0 136.16282725,-2.78867735,0 136.15923635,-2.78884215,0 136.15665187,-2.79139612,0 136.15591845,-2.79449957,0 136.15371658,-2.79411321,0 136.14978047,-2.79096653,0 136.14825978,-2.78501001,0 136.14650180,-2.78345447,0 136.14370378,-2.78402503,0 136.14213612,-2.78604550,0 136.14264352,-2.79093632,0 136.14528542,-2.79627155,0 136.14490594,-2.79736737,0 136.14372656,-2.79731574,0 136.14144988,-2.79429194,0 136.13854007,-2.78689618,0 136.14104213,-2.78333458,0 136.14670443,-2.77980276,0 136.14728901,-2.77866202,0 136.14678222,-2.77620393,0 136.14323497,-2.77289679,0 136.13764663,-2.77241993,0 136.13357536,-2.77542041,0 136.12674439,-2.77530908,0 136.10378259,-2.77911622,0 136.08891096,-2.77935417,0 136.07784647,-2.77756957,0 136.07142192,-2.77542806,0 136.06142818,-2.76983632,0 136.05536056,-2.77031222,0 136.05310007,-2.77150195,0 136.04976883,-2.77102605,0 136.05072667,-2.76670291,0 136.04977958,-2.76527200,0 136.05049035,-2.76179279,0 136.05561003,-2.76061170,0 136.05766453,-2.75722227,0 136.05731270,-2.75137924,0 136.05530576,-2.75140364,0 136.05451727,-2.74993750,0 136.05297592,-2.74960191,0 136.05235233,-2.74983703,0 136.05219598,-2.75174695,0 136.05081748,-2.75207606,0 136.04998250,-2.75000000,0 136.05250802,-2.74772818,0 136.05240842,-2.74695795,0 136.05092043,-2.74692358,0 136.04822035,-2.74917018,0 136.04408658,-2.74385859,0 136.04717291,-2.74159103,0 136.05140447,-2.74455986,0 136.05329404,-2.74146033,0 136.05125476,-2.74011422,0 136.05278839,-2.73867819,0 136.05199845,-2.73206665,0 136.04900033,-2.72568970,0 136.04800096,-2.72045488,0 136.04414623,-2.71583873,0 136.04100534,-2.71383998,0 136.01932283,-2.71175527,0 136.01139344,-2.70585244,0 136.00972545,-2.70861401,0 136.00969738,-2.71036335,0 136.01247387,-2.71315224,0 136.01369072,-2.71818509,0 135.99335163,-2.74252665,0 135.99236208,-2.74527272,0 135.99291928,-2.74779405,0 135.98672834,-2.74864883,0 135.98269934,-2.75136822,0 135.98022533,-2.75454254,0 135.97595937,-2.76181874,0 135.98081341,-2.76374316,0 135.98047202,-2.76485933,0 135.97739474,-2.76434279,0 135.97612017,-2.76636044,0 135.97499755,-2.76630190,0 135.97369964,-2.76759121,0 135.97396591,-2.76584680,0 135.96929949,-2.76430645,0 135.96673480,-2.76482751,0 135.95516329,-2.77667539,0 135.95457944,-2.77823050,0 135.94871781,-2.77925761,0 135.94580696,-2.78276279,0 135.94627942,-2.78634035,0 135.94812362,-2.78619208,0 135.95147351,-2.78870781,0 135.95386881,-2.78949874,0 135.95834151,-2.79455141,0 135.96022681,-2.79525424,0 135.96193927,-2.79415490,0 135.96118002,-2.79760441,0 135.95979688,-2.79796627,0 135.96142787,-2.79936220,0 135.95817131,-2.79828151,0 135.95536007,-2.79856192,0 135.95567010,-2.80015068,0 135.95397258,-2.80511110,0 135.95471390,-2.80938928,0 135.95403865,-2.80959640,0 135.95119283,-2.81950273,0 135.94540979,-2.82881505,0 135.94690665,-2.83284912,0 135.94551772,-2.83248637,0 135.94443875,-2.83318062,0 135.93567551,-2.84987091,0 135.92675538,-2.85954300,0 135.92058782,-2.86466360,0 135.91624768,-2.86692885,0 135.91434238,-2.86752404,0 135.91058828,-2.86706463,0 135.90544679,-2.87003420,0 135.90849851,-2.87757103,0 135.91238425,-2.87940199,0 135.90984639,-2.88286892,0 135.90988379,-2.89444217,0 135.91333156,-2.89771130,0 135.91662193,-2.89701091,0 135.91805064,-2.89542608,0 135.91996296,-2.88938649,0 135.92187355,-2.88848254,0 135.92465418,-2.88452863,0 135.92888229,-2.88281481,0 135.92946913,-2.88406481,0 135.92801342,-2.88568146,0 135.93189830,-2.89012628,0 135.93203843,-2.89365300,0 135.93121993,-2.89531811,0 135.93228876,-2.89549241,0 135.93290773,-2.89672712,0 135.93186189,-2.89882596,0 135.93283976,-2.89898173,0 135.93260005,-2.90010167,0 135.93360658,-2.90032939,0 135.93374567,-2.90165631,0 135.93283730,-2.90267766,0 135.93497261,-2.90513544,0 135.93443079,-2.90820207,0 135.93278437,-2.90958071,0 135.93290391,-2.91309039,0 135.93200923,-2.91406121,0 135.93337980,-2.91512721,0 135.93450291,-2.91489878,0 135.93563157,-2.91680815,0 135.93502447,-2.91739418,0 135.93566590,-2.92159898,0 135.93398349,-2.92339927,0 135.93446272,-2.92453622,0 135.93155977,-2.92462046,0 135.93264948,-2.92692467,0 135.93136324,-2.92955128,0 135.93152823,-2.93087766,0 135.93237766,-2.93039109,0 135.93260001,-2.93095445,0 135.93162000,-2.93416053,0 135.93216152,-2.93612357,0 135.93692044,-2.93918832,0 135.93671105,-2.94071118,0 135.93558794,-2.94015914,0 135.93503591,-2.94116803,0 135.93779608,-2.94440410,0 135.93583998,-2.94603097,0 135.93271317,-2.94380456,0 135.93096995,-2.93989982,0 135.92923920,-2.93940292,0 135.92957201,-2.94188384,0 135.92703019,-2.94723195,0 135.92717417,-2.94994348,0 135.92645727,-2.94935437,0 135.92476161,-2.95076297,0 135.92502313,-2.95704380,0 135.92323060,-2.96145498,0 135.91640435,-2.96613807,0 135.91494675,-2.96889553,0 135.91571684,-2.96473181,0 135.91401086,-2.96312624,0 135.91308711,-2.96317768,0 135.91211449,-2.96543722,0 135.91267982,-2.96832205,0 135.91044996,-2.97414321,0 135.90481049,-2.97842295,0 135.89882470,-2.97537620,0 135.89789744,-2.97380433,0 135.89472040,-2.97552303,0 135.89329143,-2.97445703,0 135.89191727,-2.97522875,0 135.89081999,-2.97723198,0 135.89229303,-2.98157708,0 135.89356510,-2.98280039,0 135.89253265,-2.98543955,0 135.89409420,-2.99037784,0 135.88933845,-2.98824569,0 135.88814132,-2.98956607,0 135.88885048,-2.99055691,0 135.88646473,-2.99058191,0 135.87954031,-2.98583619,0 135.87888488,-2.98667505,0 135.87979874,-2.98822805,0 135.88005179,-2.99239414,0 135.87883922,-2.98935003,0 135.87437798,-2.98697770,0 135.87420410,-2.98849945,0 135.87579496,-2.99125554,0 135.87475226,-2.99189338,0 135.87497831,-2.99570052,0 135.87385996,-2.99752081,0 135.87256320,-2.99805614,0 135.86816930,-2.99361668,0 135.86412161,-2.99150380,0 135.86283171,-2.99241979,0 135.86280651,-2.99340272,0 135.86514111,-2.99769797,0 135.86406347,-2.99948208,0 135.86251823,-2.99968688,0 135.86213113,-3.00094768,0 135.86096988,-3.00055146,0 135.85942161,-3.00139809,0 135.85556191,-3.00469488,0 135.85490756,-3.00407622,0 135.85067425,-3.00408741,0 135.85060266,-3.00626121,0 135.84942371,-3.00552604,0 135.84811928,-3.00613715,0 135.84717336,-3.00534821,0 135.84645079,-3.00636526,0 135.84479485,-3.00489714,0 135.84393824,-3.00638430,0 135.83874739,-3.00805559,0 135.83787940,-3.01140349,0 135.83667466,-3.01247283,0 135.83566961,-3.01204742,0 135.83202925,-3.01336041,0 135.82701727,-3.01356430,0 135.82272255,-3.02372857,0 135.82305254,-3.02431575,0 135.82503179,-3.02418777,0 135.82547720,-3.02761968,0 135.82173597,-3.02885422,0 135.81853455,-3.03105876,0 135.81955673,-3.03416245,0 135.81703843,-3.03924466,0 135.80798459,-3.04399168,0 135.80750869,-3.04531228,0 135.80584307,-3.04535987,0 135.80322566,-3.04833420,0 135.79683681,-3.05068986,0 135.79642040,-3.05197477,0 135.79398146,-3.05206995,0 135.79352936,-3.05361660,0 135.79183994,-3.05346194,0 135.78922254,-3.05497289,0 135.78812798,-3.05469926,0 135.78750932,-3.05573432,0 135.78373788,-3.05632919,0 135.78171534,-3.05868485,0 135.77996643,-3.05797101,0 135.77761265,-3.06133627,0 135.77517883,-3.06043300,0 135.77420776,-3.06130627,0 135.77003378,-3.05648852,0 135.76809054,-3.05601748,0 135.76841177,-3.05682649,0 135.76757896,-3.05652906,0 135.76512811,-3.05940821,0 135.76441428,-3.05865868,0 135.76510432,-3.05698116,0 135.76760275,-3.05488723,0 135.76682943,-3.05403063,0 135.76726684,-3.05265345,0 135.76266136,-3.04995353,0 135.75762004,-3.04950012,0 135.75727585,-3.05067247,0 135.75506560,-3.05182593,0 135.75325389,-3.05156789,0 135.74914963,-3.05381814,0 135.74559888,-3.05751265,0 135.74153862,-3.05868447,0 135.73615818,-3.06383163,0 135.73386524,-3.06446909,0 135.73246833,-3.06726486,0 135.73023334,-3.06765024,0 135.72799902,-3.07222035,0 135.72997909,-3.07523119,0 135.73822831,-3.07590739,0 135.74499787,-3.08038078,0 135.74945936,-3.08074959,0 135.75996366,-3.08356978,0 135.76147652,-3.08498178,0 135.76790174,-3.08762088,0 135.76813150,-3.08886014,0 135.76447922,-3.09039393,0 135.76566895,-3.09334824,0 135.76565876,-3.09749172,0 135.76689264,-3.09771428,0 135.76666667,-3.10031354,0 135.77042426,-3.10193740,0 135.76928027,-3.10692367,0 135.76696030,-3.10845842,0 135.76675804,-3.11073080,0 135.76514001,-3.11236073,0 135.76247507,-3.11025586,0 135.76114252,-3.10519856,0 135.76289142,-3.10128434,0 135.76164220,-3.10047533,0 135.76223707,-3.10024928,0 135.76147564,-3.09885729,0 135.75958397,-3.10067758,0 135.75909618,-3.10541271,0 135.75772799,-3.10885103,0 135.74940582,-3.11764545,0 135.74583609,-3.11992240,0 135.74028180,-3.12196095,0 135.71819325,-3.12769636,0 135.71433852,-3.13071828,0 135.71266673,-3.13483362,0 135.70816337,-3.14026348,0 135.70596730,-3.14172445,0 135.70400130,-3.14666313,0 135.69976993,-3.15067970,0 135.69464206,-3.15341786,0 135.69005859,-3.15337283,0 135.68439720,-3.15727358,0 135.67280149,-3.15807471,0 135.66821093,-3.16065109,0 135.65972460,-3.16228183,0 135.65684700,-3.16520491,0 135.65239740,-3.16589496,0 135.64830473,-3.16844098,0 135.64542558,-3.16770335,0 135.64409261,-3.16298900,0 135.64249119,-3.16208081,0 135.64076635,-3.16254337,0 135.63640142,-3.16815678,0 135.63033025,-3.16901682,0 135.62265645,-3.17443331,0 135.61970190,-3.17866884,0 135.61552676,-3.17851203,0 135.61338286,-3.18000235,0 135.61166219,-3.18020651,0 135.61001371,-3.18305624,0 135.60677042,-3.18595264,0 135.60585515,-3.18736959,0 135.60614068,-3.18828569,0 135.60134723,-3.19335190,0 135.59942247,-3.19259821,0 135.59610900,-3.19432844,0 135.59420941,-3.19882989,0 135.59022209,-3.20263384,0 135.58714069,-3.21030760,0 135.58477312,-3.21323434,0 135.58424964,-3.21292501,0 135.58409498,-3.21767203,0 135.58120393,-3.22401329,0 135.58088270,-3.22710659,0 135.58098978,-3.22841530,0 135.58239366,-3.22953364,0 135.58271489,-3.23203208,0 135.58405929,-3.23341216,0 135.58402359,-3.23592250,0 135.58178690,-3.23682669,0 135.58235797,-3.23776658,0 135.58100168,-3.23881354,0 135.57614758,-3.23887303,0 135.57543486,-3.23465508,0 135.57433318,-3.23378942,0 135.57274272,-3.23414202,0 135.57074415,-3.23680483,0 135.57094952,-3.23850452,0 135.56936814,-3.24099141,0 135.56161633,-3.25004205,0 135.56086784,-3.25278147,0 135.55650469,-3.25694165,0 135.55622142,-3.25969279,0 135.55425702,-3.26264575,0 135.56117151,-3.26547973,0 135.56579122,-3.26472096,0 135.56627612,-3.26734638,0 135.56556277,-3.27155137,0 135.56285728,-3.27606181,0 135.56231815,-3.27850533,0 135.56166380,-3.27729180,0 135.56230126,-3.28019216,0 135.56070633,-3.28465695,0 135.56169895,-3.28902662,0 135.55974098,-3.29371206,0 135.55842776,-3.29996208,0 135.55187967,-3.30596610,0 135.54353230,-3.31086600,0 135.54179530,-3.31043770,0 135.54265190,-3.31112774,0 135.54208083,-3.31157984,0 135.54159304,-3.31080651,0 135.54189048,-3.31185348,0 135.53973706,-3.31449468,0 135.53927307,-3.31743331,0 135.53497580,-3.32418045,0 135.52365626,-3.33513069,0 135.51038306,-3.34520414,0 135.50647965,-3.35274472,0 135.50250125,-3.35679953,0 135.49695022,-3.36014161,0 135.48889882,-3.36283237,0 135.47420660,-3.37178352,0 135.46548838,-3.37477185,0 135.45658746,-3.37666014,0 135.44678679,-3.37547715,0 135.42268600,-3.36671909,0 135.41934823,-3.36678333,0 135.41527936,-3.36860362,0 135.41297128,-3.36786599,0 135.39937266,-3.37465935,0 135.39878969,-3.37437381,0 135.39751476,-3.37570873,0 135.39092573,-3.37815383,0 135.38936703,-3.37744332,0 135.38959307,-3.37869254,0 135.38770140,-3.37915653,0 135.38695187,-3.38037006,0 135.36439909,-3.38457614,0 135.35266018,-3.38781164,0 135.34933720,-3.38783514,0 135.34767887,-3.38919786,0 135.34426434,-3.39515841,0 135.34155176,-3.39744269,0 135.33638833,-3.39641952,0 135.33592433,-3.39558671,0 135.32790555,-3.39524169,0 135.32581162,-3.39394488,0 135.32505797,-3.39014296,0 135.31302202,-3.38709203,0 135.29743655,-3.38610456,0 135.29180912,-3.38478396,0 135.27680662,-3.38334438,0 135.23965211,-3.37587033,0 135.23429305,-3.37535271,0 135.22228127,-3.37606323,0 135.22067514,-3.37716968,0 135.21827188,-3.37683656,0 135.20973597,-3.38088745,0 135.19884358,-3.38152409,0 135.19645223,-3.38004883,0 135.18687489,-3.37864495,0 135.17221742,-3.37457607,0 135.16352049,-3.37041201,0 135.16240405,-3.37142724,0 135.15208717,-3.37074514,0 135.15009605,-3.37129355,0 135.14356142,-3.37516821,0 135.13240908,-3.38015060,0 135.12965631,-3.38032417,0 135.12586406,-3.37901435,0 135.12264134,-3.38079836,0 135.11258949,-3.38178848,0 135.10729382,-3.37586098,0 135.10260628,-3.37630118,0 135.10170209,-3.37423105,0 135.09788305,-3.37244645,0 135.09724780,-3.36802350,0 135.09850171,-3.36336881,0 135.09757372,-3.35943080,0 135.09266682,-3.35431877,0 135.09017387,-3.34830589,0 135.08800640,-3.34565027,0 135.07004336,-3.33432748,0 135.05934768,-3.33506512,0 135.05630197,-3.33318534,0 135.05310160,-3.32975892,0 135.05009158,-3.32893801,0 135.04825939,-3.32931872,0 135.04472520,-3.33259802,0 135.04176311,-3.33184616,0 135.03819656,-3.33310027,0 135.03489968,-3.33561343,0 135.03274770,-3.33594852,0 135.03240489,-3.33725243,0 135.02403923,-3.33967944,0 135.01656810,-3.33983052,0 135.00083674,-3.33592172,0 134.99342471,-3.33100814,0 134.98488622,-3.32755827,0 134.98099203,-3.32108578,0 134.97469836,-3.31743331,0 134.96818821,-3.31095743,0 134.96803579,-3.30899890,0 134.96402205,-3.30716416,0 134.96164045,-3.30290572,0 134.96217863,-3.30046691,0 134.95968112,-3.29662124,0 134.95389646,-3.29363891,0 134.95039863,-3.28926385,0 134.95021855,-3.28762725,0 134.94748699,-3.28699253,0 134.94524063,-3.28371635,0 134.94587119,-3.27592361,0 134.94798891,-3.27451973,0 134.94967832,-3.27130746,0 134.95192692,-3.27190233,0 134.95328321,-3.27095054,0 134.95136020,-3.26829103,0 134.94959080,-3.26239484,0 134.94989420,-3.26065810,0 134.95134663,-3.25934272,0 134.95092495,-3.25850566,0 134.95196689,-3.25812037,0 134.95278352,-3.25557922,0 134.95461571,-3.25499625,0 134.95518956,-3.25316500,0 134.95281921,-3.24832187,0 134.95496073,-3.24652537,0 134.95714983,-3.24615656,0 134.95876787,-3.24737008,0 134.96162322,-3.24740577,0 134.96217049,-3.24865499,0 134.96315797,-3.24891673,0 134.96390236,-3.24625207,0 134.96322275,-3.24184813,0 134.96424063,-3.23996996,0 134.96501395,-3.23284347,0 134.96314607,-3.23108267,0 134.96311551,-3.22944792,0 134.96095697,-3.22595493,0 134.95726881,-3.22524109,0 134.95166517,-3.22177898,0 134.94984489,-3.22403947,0 134.95325941,-3.22595493,0 134.95709484,-3.23583083,0 134.95819368,-3.24159327,0 134.95793165,-3.24379504,0 134.95686430,-3.24482406,0 134.94816737,-3.24764372,0 134.94380106,-3.24723921,0 134.93956561,-3.24602569,0 134.93581796,-3.24195681,0 134.92640720,-3.23775706,0 134.92336149,-3.24312275,0 134.91994696,-3.24447904,0 134.91719868,-3.24425299,0 134.91742473,-3.24790546,0 134.92031214,-3.24940691,0 134.92790231,-3.25596604,0 134.92947441,-3.25969572,0 134.93897580,-3.26994143,0 134.93676248,-3.27151002,0 134.93464936,-3.27200242,0 134.93289933,-3.27056928,0 134.92922722,-3.27026077,0 134.92567827,-3.26586330,0 134.92543076,-3.26398512,0 134.91990588,-3.26208303,0 134.91742829,-3.26247556,0 134.91624040,-3.26181643,0 134.91665568,-3.26124805,0 134.91459040,-3.26052166,0 134.91419185,-3.26111848,0 134.91339154,-3.26049281,0 134.91151177,-3.26089732,0 134.90793068,-3.25899375,0 134.90691941,-3.25954103,0 134.89496262,-3.25862493,0 134.89076287,-3.25945774,0 134.88802649,-3.25872011,0 134.87878228,-3.25052287,0 134.87925818,-3.24891673,0 134.87766394,-3.24684660,0 134.87636713,-3.24745336,0 134.87585555,-3.24917847,0 134.87009725,-3.25189106,0 134.86697814,-3.25118472,0 134.86695435,-3.24992360,0 134.86633569,-3.24989981,0 134.86611594,-3.25119323,0 134.86417667,-3.25203839,0 134.86210654,-3.25078918,0 134.86057179,-3.24892130,0 134.86076214,-3.24694635,0 134.86251105,-3.24440032,0 134.86019107,-3.24230640,0 134.86080689,-3.24189096,0 134.86137796,-3.23665615,0 134.86359086,-3.23615646,0 134.86366224,-3.23082647,0 134.86604170,-3.23080267,0 134.86920639,-3.23225414,0 134.87072924,-3.22813768,0 134.87251384,-3.22663862,0 134.87470294,-3.22663862,0 134.87539263,-3.22532380,0 134.87092083,-3.22489831,0 134.86963909,-3.22236137,0 134.86999601,-3.21829250,0 134.87149507,-3.21557991,0 134.87373176,-3.21646031,0 134.87520703,-3.21593683,0 134.87344623,-3.21277215,0 134.87368417,-3.20851291,0 134.87258962,-3.20713282,0 134.87287516,-3.20649037,0 134.87078123,-3.20563376,0 134.87059087,-3.20470577,0 134.86947253,-3.20472957,0 134.86830659,-3.20361122,0 134.86680753,-3.20434886,0 134.86537986,-3.20772769,0 134.86695758,-3.21409441,0 134.86634002,-3.21694486,0 134.86263043,-3.21530753,0 134.86230008,-3.21701553,0 134.86349689,-3.21875239,0 134.86133995,-3.22349183,0 134.86162680,-3.22690662,0 134.85933095,-3.22636015,0 134.85796020,-3.22091951,0 134.85520003,-3.21639853,0 134.85679003,-3.21441237,0 134.85392642,-3.20954450,0 134.85535410,-3.20958257,0 134.85579192,-3.20840235,0 134.85474496,-3.20758382,0 134.85302421,-3.20817157,0 134.85105830,-3.20650619,0 134.85077126,-3.20425896,0 134.85163421,-3.20426685,0 134.85228142,-3.20209678,0 134.85093811,-3.20017754,0 134.85473703,-3.19758342,0 134.85487028,-3.19478518,0 134.85123981,-3.19523569,0 134.85019404,-3.19446955,0 134.84990272,-3.19294942,0 134.84868459,-3.19251669,0 134.85158424,-3.19107797,0 134.85312613,-3.19134923,0 134.85558173,-3.19042124,0 134.85676671,-3.19189175,0 134.85725212,-3.19134923,0 134.85605287,-3.18933621,0 134.85642406,-3.18832256,0 134.85778704,-3.18731192,0 134.85922701,-3.18763323,0 134.86126936,-3.18675970,0 134.86519507,-3.18406273,0 134.86432965,-3.18444835,0 134.86488392,-3.18251457,0 134.86389755,-3.18077452,0 134.86438423,-3.18025884,0 134.86268530,-3.17991620,0 134.86178535,-3.18120759,0 134.86017168,-3.17913317,0 134.86261098,-3.17688746,0 134.86293459,-3.17445090,0 134.86592716,-3.17075402,0 134.86520433,-3.16877392,0 134.86613258,-3.16736962,0 134.86288562,-3.16178380,0 134.86253662,-3.15914474,0 134.85987381,-3.15971333,0 134.85919144,-3.15553569,0 134.85727544,-3.15445947,0 134.85454858,-3.15057619,0 134.85199679,-3.14857400,0 134.84716411,-3.14654670,0 134.84532954,-3.14497625,0 134.84499404,-3.14366993,0 134.84278828,-3.14366993,0 134.83790681,-3.13856696,0 134.83821112,-3.13709093,0 134.83731176,-3.13654213,0 134.83762846,-3.13582681,0 134.83195020,-3.12634273,0 134.83174795,-3.12481988,0 134.82950157,-3.12625537,0 134.82950954,-3.12474634,0 134.82862914,-3.12408009,0 134.82739182,-3.12629299,0 134.82694899,-3.12946220,0 134.82429852,-3.13257477,0 134.82387467,-3.13462535,0 134.82008212,-3.13507082,0 134.81732194,-3.13442361,0 134.81551355,-3.13573707,0 134.81343866,-3.13596550,0 134.81189677,-3.13352893,0 134.80873685,-3.13322436,0 134.80351977,-3.13613153,0 134.80018610,-3.13127637,0 134.80293376,-3.12704952,0 134.80258654,-3.12532841,0 134.80358688,-3.12271073,0 134.80449679,-3.12431817,0 134.80711382,-3.12436976,0 134.81524074,-3.12041094,0 134.81484478,-3.11881762,0 134.80986329,-3.11972716,0 134.80810159,-3.11942799,0 134.80781606,-3.11868560,0 134.80908272,-3.11643809,0 134.80933862,-3.11288629,0 134.81212516,-3.10977364,0 134.81162548,-3.10714672,0 134.80959818,-3.10570476,0 134.80985516,-3.10419143,0 134.81403825,-3.10353469,0 134.81575146,-3.10569049,0 134.81854971,-3.10601885,0 134.81656524,-3.10340620,0 134.81635109,-3.10070789,0 134.81522322,-3.10165016,0 134.81442372,-3.10130752,0 134.81247983,-3.09837663,0 134.81354658,-3.09538762,0 134.81161922,-3.09338887,0 134.81142886,-3.09012901,0 134.81266618,-3.08682156,0 134.81233306,-3.08322857,0 134.81304690,-3.08187228,0 134.81445078,-3.08158674,0 134.81518841,-3.08046840,0 134.81863863,-3.08063496,0 134.82147019,-3.08308580,0 134.82185090,-3.08444210,0 134.82344514,-3.08477522,0 134.82533132,-3.08659146,0 134.82720885,-3.09002372,0 134.82794649,-3.09349773,0 134.82920760,-3.09385465,0 134.82858894,-3.09671000,0 134.82999282,-3.10004125,0 134.83089702,-3.09992228,0 134.83149188,-3.09718590,0 134.83513246,-3.09575822,0 134.83698844,-3.09685277,0 134.83832094,-3.09580581,0 134.83682188,-3.09437813,0 134.83406170,-3.09542509,0 134.82964068,-3.09413264,0 134.82807319,-3.08837773,0 134.82594596,-3.08697860,0 134.82497514,-3.08339513,0 134.82251953,-3.08211023,0 134.82057789,-3.07886940,0 134.82059217,-3.07745600,0 134.82194846,-3.07642807,0 134.81925015,-3.07462920,0 134.81940720,-3.07220215,0 134.81813656,-3.07108856,0 134.81823650,-3.06871862,0 134.81926443,-3.06743371,0 134.81773682,-3.06711962,0 134.81520983,-3.06914692,0 134.81351089,-3.06816183,0 134.81329674,-3.06567767,0 134.81118378,-3.06457836,0 134.81074120,-3.06200854,0 134.81465303,-3.06095206,0 134.81315397,-3.05976709,0 134.81281133,-3.05793966,0 134.81108384,-3.05575532,0 134.81268284,-3.05525563,0 134.81378215,-3.05294279,0 134.81559530,-3.05268581,0 134.81640908,-3.05451324,0 134.81769399,-3.05260015,0 134.81757977,-3.05051574,0 134.81568096,-3.04944498,0 134.81583800,-3.04757473,0 134.81416762,-3.04660391,0 134.81488146,-3.04354868,0 134.81100452,-3.03762096,0 134.81278911,-3.03526529,0 134.81167077,-3.03405177,0 134.81300326,-3.03173179,0 134.81249168,-3.02609247,0 134.81349105,-3.02358214,0 134.81280101,-3.02195221,0 134.81552549,-3.01989398,0 134.81697696,-3.01766918,0 134.81936832,-3.01801420,0 134.81905899,-3.01605115,0 134.81780978,-3.01526592,0 134.81866638,-3.01180381,0 134.82023683,-3.01158966,0 134.82171209,-3.01227970,0 134.82212850,-3.01346943,0 134.82406776,-3.01404050,0 134.82705398,-3.01400481,0 134.83056369,-3.01222021,0 134.83083732,-3.00906743,0 134.83391873,-3.00647382,0 134.83823745,-3.00547444,0 134.84131885,-3.00639053,0 134.84135454,-3.00467732,0 134.84409092,-3.00424902,0 134.84723181,-3.00079880,0 134.84749355,-3.00141746,0 134.85276406,-3.00259529,0 134.85284734,-2.99947820,0 134.85018234,-2.99465979,0 134.85064634,-2.99282761,0 134.84964696,-2.98800920,0 134.84478097,-2.98670049,0 134.84096193,-2.98170363,0 134.84087865,-2.97862222,0 134.83952236,-2.97793218,0 134.83727377,-2.97266167,0 134.83516794,-2.97068672,0 134.83377596,-2.97080569,0 134.83147978,-2.96804552,0 134.83222931,-2.96170426,0 134.83321679,-2.95982448,0 134.83710720,-2.95789712,0 134.84015291,-2.95903926,0 134.84359124,-2.95568422,0 134.84697007,-2.95581509,0 134.84983732,-2.95385204,0 134.84898071,-2.95294784,0 134.84909969,-2.95143688,0 134.84808842,-2.95169862,0 134.84686299,-2.95040182,0 134.84652987,-2.94840307,0 134.84766011,-2.94741559,0 134.84649418,-2.94573807,0 134.84318673,-2.94464352,0 134.84166387,-2.94026531,0 134.84238961,-2.93717201,0 134.84595880,-2.93430476,0 134.84637521,-2.93114008,0 134.84800514,-2.92993845,0 134.84721991,-2.92804678,0 134.84774340,-2.92635736,0 134.84517358,-2.92272868,0 134.84570896,-2.92096788,0 134.84706525,-2.91999230,0 134.84681541,-2.91823150,0 134.84907589,-2.91498354,0 134.85234765,-2.91648260,0 134.85141966,-2.91488836,0 134.84838585,-2.91285392,0 134.84663695,-2.90575123,0 134.84724371,-2.90340746,0 134.84618485,-2.89851767,0 134.84723181,-2.89626908,0 134.84638710,-2.89418705,0 134.84691058,-2.89283076,0 134.85277596,-2.88747697,0 134.85283544,-2.88615637,0 134.85212160,-2.88549012,0 134.84945661,-2.88756025,0 134.84485235,-2.88954710,0 134.84398385,-2.89155775,0 134.84449543,-2.89323527,0 134.84124747,-2.89381823,0 134.83889180,-2.89233107,0 134.83807089,-2.88990402,0 134.83496569,-2.88747697,0 134.83359750,-2.88397916,0 134.82980226,-2.87954147,0 134.82958811,-2.87782826,0 134.82896945,-2.88051705,0 134.82528128,-2.88230164,0 134.82486488,-2.88400296,0 134.82622117,-2.88690590,0 134.82381704,-2.89320735,0 134.82473313,-2.89668136,0 134.82346012,-2.90070265,0 134.82462606,-2.90135700,0 134.82524472,-2.90624679,0 134.82796920,-2.90483101,0 134.83053902,-2.90535450,0 134.83039625,-2.90608023,0 134.83113388,-2.90573521,0 134.83231171,-2.90706771,0 134.83304935,-2.91060121,0 134.83204997,-2.91275462,0 134.82553025,-2.91713283,0 134.82305561,-2.91791805,0 134.81716645,-2.91431317,0 134.81177697,-2.91359933,0 134.81080139,-2.91263565,0 134.80971873,-2.91336138,0 134.80813639,-2.91139833,0 134.80738686,-2.91231442,0 134.80554278,-2.91113659,0 134.80421028,-2.91151730,0 134.80628041,-2.91480096,0 134.80591159,-2.91950039,0 134.80481704,-2.92029751,0 134.80610195,-2.92227246,0 134.80568555,-2.92792368,0 134.80316332,-2.93212343,0 134.80562606,-2.93168323,0 134.80833865,-2.93352731,0 134.81202681,-2.93381285,0 134.81362105,-2.93519294,0 134.81585774,-2.93468135,0 134.81905812,-2.93557365,0 134.81992662,-2.93675148,0 134.81998611,-2.93902387,0 134.81872499,-2.93896438,0 134.81764234,-2.94097503,0 134.81602430,-2.94046344,0 134.81006375,-2.94350915,0 134.80612575,-2.94277152,0 134.80516206,-2.94381848,0 134.80498360,-2.94643589,0 134.80210446,-2.94964816,0 134.79817835,-2.95057615,0 134.79734554,-2.95142086,0 134.79609632,-2.95117102,0 134.79483520,-2.94929124,0 134.79246764,-2.94804203,0 134.79199175,-2.94584102,0 134.79052838,-2.94462750,0 134.78899363,-2.94612656,0 134.78662606,-2.94479406,0 134.78624535,-2.94074898,0 134.78560290,-2.94192681,0 134.78412763,-2.94224804,0 134.78422281,-2.94373520,0 134.78249770,-2.94448473,0 134.77741755,-2.94101072,0 134.77684648,-2.94398505,0 134.77559726,-2.94486545,0 134.77627541,-2.94782787,0 134.77527603,-2.95099256,0 134.77662043,-2.95374084,0 134.77623972,-2.96018917,0 134.77875005,-2.96716100,0 134.77681079,-2.97525116,0 134.77794103,-2.98272267,0 134.77651335,-2.98639894,0 134.76742381,-2.99151478,0 134.76048768,-2.99278779,0 134.75108881,-2.99316850,0 134.74973252,-2.99143150,0 134.74397423,-2.98914722,0 134.74019088,-2.99067007,0 134.73608631,-2.98785041,0 134.73563421,-2.98579217,0 134.73348080,-2.98261559,0 134.72289220,-2.97884415,0 134.72044136,-2.97912968,0 134.71185150,-2.97671453,0 134.69816960,-2.97438266,0 134.69153328,-2.97116087,0 134.68642220,-2.96659230,0 134.68676484,-2.96419381,0 134.68870648,-2.96103864,0 134.69047680,-2.95563489,0 134.69121444,-2.95498053,0 134.69233278,-2.95537315,0 134.69220191,-2.95112581,0 134.69308231,-2.95106632,0 134.69384374,-2.94849650,0 134.69332026,-2.94333307,0 134.68959640,-2.93314898,0 134.67961456,-2.92608198,0 134.67573751,-2.92155882,0 134.67366262,-2.92182532,0 134.67611822,-2.91362094,0 134.67657508,-2.90836709,0 134.67861190,-2.90507392,0 134.67857383,-2.90006753,0 134.68141014,-2.89323372,0 134.68097232,-2.88976923,0 134.68251421,-2.88952176,0 134.68832010,-2.89698375,0 134.68835817,-2.89574643,0 134.69010945,-2.89669822,0 134.68969067,-2.89890636,0 134.69025460,-2.90500016,0 134.68920764,-2.90721305,0 134.68711371,-2.90776033,0 134.68597157,-2.90724875,0 134.68701604,-2.90794282,0 134.68939086,-2.90813391,0 134.68980609,-2.90755029,0 134.69061152,-2.90425776,0 134.69009163,-2.89906751,0 134.69061511,-2.89691410,0 134.68319119,-2.88953777,0 134.67664767,-2.87808067,0 134.67218618,-2.87377384,0 134.67012795,-2.86985963,0 134.66887873,-2.86897923,0 134.66729639,-2.86637372,0 134.66776039,-2.86513640,0 134.66483365,-2.85850960,0 134.66534523,-2.85595168,0 134.66447673,-2.84863484,0 134.66271593,-2.84372125,0 134.66163327,-2.83683271,0 134.66221624,-2.83451274,0 134.66080046,-2.82271061,0 134.66170466,-2.81991474,0 134.66056252,-2.81652401,0 134.66425068,-2.80604249,0 134.66404843,-2.80024850,0 134.66496452,-2.79954656,0 134.66510729,-2.79802370,0 134.66359633,-2.79548958,0 134.66450053,-2.79358601,0 134.66456001,-2.78513892,0 134.66367961,-2.78279515,0 134.65784993,-2.77622784,0 134.65637467,-2.77159979,0 134.65677917,-2.76845890,0 134.65983678,-2.76276009,0 134.66142933,-2.75630111,0 134.65832769,-2.75704102,0 134.65473825,-2.75563442,0 134.65301246,-2.75636300,0 134.64989976,-2.75541512,0 134.64338980,-2.75757229,0 134.63900344,-2.75714034,0 134.63726173,-2.75779324,0 134.63615382,-2.76206938,0 134.63247242,-2.76636597,0 134.63163987,-2.77250988,0 134.62605652,-2.77716724,0 134.62651751,-2.77970921,0 134.62589475,-2.78261396,0 134.62336018,-2.78818902,0 134.61794177,-2.79229187,0 134.61555312,-2.79227145,0 134.60614623,-2.79540723,0 134.59965278,-2.79528890,0 134.59639572,-2.79623788,0 134.59098867,-2.79511415,0 134.58647323,-2.79567449,0 134.58810992,-2.79919731,0 134.58575339,-2.80133467,0 134.58528357,-2.80374423,0 134.58853857,-2.80942820,0 134.58797782,-2.81798677,0 134.58967085,-2.82240182,0 134.58990274,-2.82678632,0 134.59221259,-2.83188237,0 134.59045194,-2.83470912,0 134.59090767,-2.83859585,0 134.59209179,-2.83912352,0 134.59494373,-2.84379793,0 134.59390074,-2.84593910,0 134.59313534,-2.85678027,0 134.59541586,-2.85709518,0 134.59706733,-2.85901318,0 134.59796019,-2.86481103,0 134.59772895,-2.86806290,0 134.59706550,-2.86871578,0 134.59764680,-2.87136161,0 134.59985593,-2.87386703,0 134.59992292,-2.87832244,0 134.60122440,-2.88181281,0 134.60417420,-2.88446711,0 134.60558468,-2.89121583,0 134.60472647,-2.89286882,0 134.60638846,-2.89574379,0 134.60721981,-2.90183255,0 134.60885336,-2.90626785,0 134.60851157,-2.91163976,0 134.60619164,-2.91882660,0 134.60380420,-2.92238869,0 134.60373822,-2.92443311,0 134.60629286,-2.92626463,0 134.60655550,-2.92966792,0 134.60928073,-2.93399315,0 134.61182762,-2.94168366,0 134.61430667,-2.94446678,0 134.61639115,-2.95058305,0 134.61563552,-2.95372903,0 134.61743061,-2.95427825,0 134.61862580,-2.95583673,0 134.62058480,-2.96336109,0 134.61965205,-2.96381794,0 134.61738681,-2.96229509,0 134.61142543,-2.96410470,0 134.61340835,-2.97042333,0 134.61211295,-2.97152090,0 134.61233111,-2.97305978,0 134.61114310,-2.97627272,0 134.61151731,-2.97892278,0 134.61326529,-2.98351980,0 134.61343911,-2.98668567,0 134.61505325,-2.98751731,0 134.61362213,-2.98993877,0 134.61424592,-2.99320905,0 134.61602208,-2.99491858,0 134.61503344,-2.99690747,0 134.61710460,-2.99810391,0 134.62169220,-2.99772320,0 134.62036534,-3.00636935,0 134.62493390,-3.01215144,0 134.62327297,-3.01568724,0 134.62332808,-3.01906750,0 134.62475607,-3.02006901,0 134.62825511,-3.02742813,0 134.62845114,-3.02934664,0 134.62684650,-3.03532640,0 134.62714513,-3.03856676,0 134.63071707,-3.04434112,0 134.63135241,-3.05143009,0 134.62956326,-3.05680673,0 134.63115709,-3.06176790,0 134.62760227,-3.07641675,0 134.61698035,-3.08355513,0 134.61852224,-3.08606784,0 134.62217709,-3.08835213,0 134.62389031,-3.09274937,0 134.62488032,-3.09338691,0 134.62497978,-3.09883805,0 134.62706562,-3.10273500,0 134.62880544,-3.11010243,0 134.63319744,-3.11466113,0 134.63134846,-3.11601039,0 134.63055753,-3.11502946,0 134.62648866,-3.11395870,0 134.61456756,-3.11410147,0 134.61285434,-3.11795620,0 134.60923756,-3.12269212,0 134.60883781,-3.12766043,0 134.61089367,-3.13137239,0 134.61363481,-3.13382799,0 134.61352059,-3.13668335,0 134.61460563,-3.13748285,0 134.62094451,-3.13799681,0 134.62319269,-3.13544212,0 134.62814000,-3.13685467,0 134.62985321,-3.13965291,0 134.63219460,-3.13999556,0 134.63430778,-3.13929777,0 134.64296790,-3.14339159,0 134.64378453,-3.14434528,0 134.64361034,-3.14907044,0 134.64213969,-3.15103818,0 134.64224951,-3.15430520,0 134.64070836,-3.15652526,0 134.64221218,-3.15934255,0 134.64238350,-3.16179815,0 134.64579682,-3.16287008,0 134.64701704,-3.16677446,0 134.65255284,-3.16490601,0 134.65323657,-3.16647641,0 134.65565425,-3.16651160,0 134.65665923,-3.16727191,0 134.65628166,-3.17099664,0 134.66187627,-3.17067749,0 134.66407725,-3.17269024,0 134.66767351,-3.17290238,0 134.67036032,-3.17023603,0 134.66728593,-3.17849860,0 134.66992021,-3.18490744,0 134.67136255,-3.19110052,0 134.67635861,-3.19737203,0 134.68064395,-3.19983051,0 134.68222288,-3.20296017,0 134.68100746,-3.21010349,0 134.68135612,-3.21379878,0 134.67819222,-3.22103987,0 134.67805125,-3.22553148,0 134.68123270,-3.23764517,0 134.68496290,-3.24064671,0 134.68186922,-3.24954795,0 134.68245639,-3.25769684,0 134.68387187,-3.26112859,0 134.68710735,-3.26259031,0 134.68839599,-3.26406078,0 134.68953717,-3.26781008,0 134.68936262,-3.26982541,0 134.69293200,-3.27586214,0 134.69370153,-3.29115936,0 134.69963058,-3.29312412,0 134.70499926,-3.29262216,0 134.70906016,-3.29741788,0 134.71459140,-3.30111266,0 134.71604688,-3.30398386,0 134.71833902,-3.30565075,0 134.72700254,-3.31668909,0 134.72749374,-3.32391989,0 134.72880302,-3.32638841,0 134.72899858,-3.32888042,0 134.72806344,-3.33071979,0 134.72481055,-3.33244298,0 134.72283594,-3.34122973,0 134.72379398,-3.35271266,0 134.72758684,-3.36131679,0 134.73239335,-3.36374384,0 134.73589116,-3.36364866,0 134.74015039,-3.36674196,0 134.74283918,-3.36693232,0 134.74490932,-3.36835999,0 134.75185734,-3.37043012,0 134.75668448,-3.37969465,0 134.75691290,-3.38266422,0 134.75969211,-3.38570993,0 134.76049161,-3.38776579,0 134.76483175,-3.38624293,0 134.76688760,-3.38277844,0 134.76624039,-3.38083680,0 134.76753482,-3.37790530,0 134.76932417,-3.37843830,0 134.77313131,-3.37760073,0 134.77463713,-3.37892739,0 134.77621657,-3.37893388,0 134.77871808,-3.37876356,0 134.78275254,-3.37684880,0 134.78911266,-3.37718347,0 134.79135718,-3.37643043,0 134.79754957,-3.37188001,0 134.80451088,-3.36965304,0 134.80755785,-3.37062462,0 134.80983797,-3.36937039,0 134.81775891,-3.37424018,0 134.81980880,-3.37449616,0 134.82338318,-3.37980568,0 134.82578686,-3.38134746,0 134.82726348,-3.38052939,0 134.82829399,-3.37841163,0 134.82884321,-3.37863927,0 134.82950130,-3.38155428,0 134.83099626,-3.38091429,0 134.83286635,-3.38620714,0 134.83438326,-3.38601083,0 134.83525678,-3.38395484,0 134.83665201,-3.38358488,0 134.84259114,-3.38444149,0 134.84701377,-3.38397629,0 134.85146324,-3.38717431,0 134.85606515,-3.38841273,0 134.85723097,-3.39383322,0 134.85923881,-3.39472559,0 134.86043866,-3.39680539,0 134.86060267,-3.40046968,0 134.86386820,-3.40283786,0 134.86379787,-3.40674273,0 134.86181742,-3.40819156,0 134.86379075,-3.40987035,0 134.86401929,-3.41241920,0 134.86266034,-3.41386324,0 134.86520831,-3.41584978,0 134.86499125,-3.41929496,0 134.86923354,-3.42252632,0 134.86871830,-3.42415507,0 134.87344036,-3.42463837,0 134.87425672,-3.42604335,0 134.87787596,-3.42710657,0 134.88049527,-3.42905582,0 134.88416535,-3.42864465,0 134.88541409,-3.42733500,0 134.89066794,-3.42861419,0 134.89231263,-3.43045685,0 134.89512991,-3.43175128,0 134.89689642,-3.43528430,0 134.89995736,-3.43730970,0 134.90914018,-3.43677670,0 134.91115034,-3.43790361,0 134.91514022,-3.43796452,0 134.91737882,-3.43884778,0 134.91881031,-3.44034018,0 134.91951526,-3.44289350,0 134.92180459,-3.44461385,0 134.92218149,-3.44898825,0 134.92492412,-3.45191312,0 134.92603581,-3.45594868,0 134.92496981,-3.45841571,0 134.92688861,-3.45987765,0 134.92638607,-3.46472033,0 134.92763481,-3.46606044,0 134.92758912,-3.46758329,0 134.92384610,-3.47303161,0 134.92490829,-3.47645804,0 134.92945401,-3.47875374,0 134.93096164,-3.48104944,0 134.93516100,-3.48432054,0 134.93635073,-3.48667620,0 134.93877778,-3.48815147,0 134.94199006,-3.48708071,0 134.94560684,-3.49015022,0 134.94874773,-3.49079267,0 134.95041335,-3.48708071,0 134.95367321,-3.49012642,0 134.95740896,-3.49038816,0 134.96002637,-3.50192855,0 134.96419043,-3.51071828,0 134.96573993,-3.51234393,0 134.97249760,-3.51243910,0 134.97653317,-3.51390485,0 134.97811313,-3.51611299,0 134.97935045,-3.52110034,0 134.98869697,-3.53122733,0 134.98881119,-3.53252175,0 134.98517537,-3.53689996,0 134.98633655,-3.54222996,0 134.98863987,-3.54339113,0 134.99227568,-3.54771223,0 134.99923970,-3.55138802,0 135.00520739,-3.55061708,0 135.00666362,-3.55144513,0 135.00574990,-3.55475734,0 135.00337996,-3.55612791,0 135.00012486,-3.55966855,0 134.99678409,-3.56075358,0 134.99489956,-3.56260956,0 134.99203469,-3.56330170,0 134.99386212,-3.56722305,0 134.99343572,-3.57241599,0 134.98847007,-3.58191289,0 134.98958365,-3.58422573,0 134.99223913,-3.58548208,0 135.00014846,-3.58245541,0 135.01019930,-3.58245541,0 135.01094170,-3.58676699,0 135.00925704,-3.59339141,0 135.01425391,-3.59884514,0 135.01645253,-3.59910212,0 135.02273431,-3.59750312,0 135.02890187,-3.59950187,0 135.03521220,-3.60021571,0 135.03744509,-3.60367639,0 135.04235249,-3.60651652,0 135.04542098,-3.60970403,0 135.04985587,-3.61067187,0 135.05221365,-3.60642109,0 135.05616864,-3.60459932,0 135.06194901,-3.59609769,0 135.07214072,-3.58418010,0 135.08590713,-3.58304147,0 135.09290442,-3.58334510,0 135.09549037,-3.58304147,0 135.09990171,-3.58106783,0 135.11891609,-3.57917011,0 135.12150204,-3.57970147,0 135.12598944,-3.58220647,0 135.12933597,-3.58228238,0 135.13260644,-3.58106783,0 135.13458394,-3.58220647,0 135.13325293,-3.58619168,0 135.13519240,-3.59017687,0 135.13370928,-3.59757789,0 135.13678960,-3.60201848,0 135.13906121,-3.61251992,0 135.14358172,-3.60380279,0 135.14577955,-3.60206774,0 135.14688722,-3.59909006,0 135.14942530,-3.59841368,0 135.15143313,-3.59579206,0 135.15716449,-3.59623152,0 135.16293665,-3.59185729,0 135.16458328,-3.58608154,0 135.16725414,-3.58064522,0 135.17020277,-3.57833250,0 135.17114458,-3.57664626,0 135.17317086,-3.57595671,0 135.17494179,-3.57340940,0 135.17746695,-3.57408416,0 135.17897333,-3.57214306,0 135.17999520,-3.57194506,0 135.18212568,-3.57268609,0 135.18169646,-3.57570703,0 135.18232449,-3.57482149,0 135.18450059,-3.57581350,0 135.18559722,-3.57524926,0 135.18578091,-3.57641772,0 135.18688818,-3.57529290,0 135.18790201,-3.57540638,0 135.18692732,-3.57754695,0 135.18955711,-3.57666495,0 135.19179442,-3.57722219,0 135.19436106,-3.57658505,0 135.19592024,-3.57872135,0 135.19467999,-3.57974117,0 135.19661157,-3.58207282,0 135.19983452,-3.58344204,0 135.19931083,-3.58559167,0 135.20281540,-3.58488847,0 135.20114720,-3.58722327,0 135.19904707,-3.58814766,0 135.20024852,-3.58939258,0 135.19992897,-3.58994547,0 135.19798435,-3.58969622,0 135.19794630,-3.58727432,0 135.19510972,-3.58866138,0 135.19775739,-3.59560293,0 135.19255698,-3.59905075,0 135.18651075,-3.60505425,0 135.18227401,-3.60534525,0 135.18259734,-3.60753759,0 135.18171815,-3.60935250,0 135.18259939,-3.60960724,0 135.18386018,-3.60798966,0 135.18533715,-3.60789385,0 135.18593103,-3.60879707,0 135.18478906,-3.61010519,0 135.18603406,-3.61222953,0 135.18777290,-3.61220950,0 135.18831027,-3.61364446,0 135.19084573,-3.61385284,0 135.18910681,-3.61587993,0 135.18950959,-3.61765601,0 135.18824736,-3.61936804,0 135.18962078,-3.62266730,0 135.18881859,-3.62483477,0 135.18800864,-3.62491086,0 135.18764765,-3.62131064,0 135.18224831,-3.62340371,0 135.18276191,-3.62607406,0 135.18093921,-3.62749571,0 135.18047684,-3.62984747,0 135.17946957,-3.63047622,0 135.17732125,-3.62676525,0 135.16840550,-3.62720940,0 135.16717764,-3.62907147,0 135.16657474,-3.63170575,0 135.16710947,-3.63308197,0 135.16594011,-3.63544590,0 135.16265094,-3.63246766,0 135.15923648,-3.63246025,0 135.15744457,-3.63550977,0 135.15758289,-3.64044648,0 135.15518930,-3.64174854,0 135.15332141,-3.64078190,0 135.15113796,-3.64149006,0 135.15159882,-3.64505626,0 135.14923779,-3.64661728,0 135.14760210,-3.64660485,0 135.14737570,-3.64963554,0 135.14279831,-3.65581801,0 135.14586718,-3.66173338,0 135.14611311,-3.66458608,0 135.14038145,-3.66622258,0 135.13918200,-3.66845022,0 135.14125731,-3.67293523,0 135.13938077,-3.67308472,0 135.13937488,-3.67492725,0 135.13748137,-3.67797256,0 135.13496644,-3.67854219,0 135.13238506,-3.68150692,0 135.12869779,-3.68891831,0 135.12328858,-3.69175987,0 135.11382087,-3.68509120,0 135.10128022,-3.68311612,0 135.09156760,-3.68361082,0 135.07509361,-3.69163988,0 135.06845465,-3.69336984,0 135.06193849,-3.69337070,0 135.05103658,-3.68880169,0 135.04951002,-3.68977722,0 135.04715638,-3.69403750,0 135.04532448,-3.69873972,0 135.04551483,-3.70224069,0 135.04471560,-3.70539276,0 135.04135460,-3.71151878,0 135.02886176,-3.71273407,0 135.02061621,-3.71663592,0 135.01613976,-3.72148408,0 135.02206219,-3.72475721,0 135.02279405,-3.73281567,0 135.02412184,-3.73509479,0 135.02666594,-3.73661578,0 135.02814111,-3.74665584,0 135.03049480,-3.74781976,0 135.03505654,-3.75619902,0 135.04033360,-3.76090646,0 135.03791559,-3.76466330,0 135.03343549,-3.76777055,0 135.03455313,-3.77113994,0 135.03368878,-3.77341034,0 135.03437308,-3.77527456,0 135.03356708,-3.77741189,0 135.03615775,-3.78141655,0 135.04012505,-3.77986609,0 135.04171234,-3.78052801,0 135.04351208,-3.78311714,0 135.03980929,-3.78846830,0 135.04029748,-3.79056485,0 135.04436567,-3.79579959,0 135.04368179,-3.80294587,0 135.04537924,-3.80670669,0 135.04412384,-3.81057081,0 135.04043717,-3.81459572,0 135.03898976,-3.81809834,0 135.03619075,-3.82140821,0 135.03162421,-3.82434861,0 135.02709257,-3.83198848,0 135.02687527,-3.83635828,0 135.02876027,-3.83801271,0 135.02872955,-3.84060063,0 135.02987040,-3.84241968,0 135.02926899,-3.84302914,0 135.02704170,-3.84279432,0 135.02851458,-3.84653883,0 135.02613271,-3.84733955,0 135.02916976,-3.84878877,0 135.02728857,-3.84990777,0 135.02420963,-3.85022559,0 135.02358685,-3.84965781,0 135.02425937,-3.84779641,0 135.02227110,-3.84829494,0 135.02236435,-3.85129203,0 135.02455855,-3.85471172,0 135.02097642,-3.85591407,0 135.01980389,-3.86004086,0 135.02077792,-3.86102445,0 135.02336405,-3.85966734,0 135.02470517,-3.86040413,0 135.02559897,-3.86326505,0 135.02324220,-3.86392302,0 135.02226436,-3.86510045,0 135.02495615,-3.86836865,0 135.02734874,-3.86846334,0 135.02989777,-3.86625253,0 135.03344733,-3.86788858,0 135.03317381,-3.86912933,0 135.03050125,-3.87110886,0 135.02871117,-3.87553925,0 135.02889953,-3.87696268,0 135.02989227,-3.87769644,0 135.03327952,-3.87513222,0 135.03414297,-3.87522924,0 135.03434915,-3.87643807,0 135.03238972,-3.87980592,0 135.03322138,-3.88091523,0 135.04040900,-3.88135259,0 135.04210171,-3.87993890,0 135.04256416,-3.87721639,0 135.04525919,-3.87460118,0 135.04717038,-3.87711961,0 135.05034353,-3.87803280,0 135.05463984,-3.87441941,0 135.05671859,-3.86958152,0 135.05826111,-3.86904793,0 135.05969935,-3.86977346,0 135.06235416,-3.87729823,0 135.06022613,-3.88222833,0 135.06013366,-3.88422989,0 135.06450781,-3.88888352,0 135.07296384,-3.89314409,0 135.07507154,-3.89882566,0 135.07747725,-3.90152155,0 135.08169979,-3.90201527,0 135.08515740,-3.90451163,0 135.08627275,-3.90868231,0 135.08504877,-3.91239590,0 135.08817201,-3.91306870,0 135.09284874,-3.91554033,0 135.09260680,-3.91666751,0 135.08942871,-3.91916048,0 135.08697713,-3.92299935,0 135.09088141,-3.92362970,0 135.09309437,-3.92133402,0 135.09528170,-3.92050235,0 135.09679138,-3.92191824,0 135.09739299,-3.92932381,0 135.09602779,-3.93018897,0 135.09324899,-3.92871790,0 135.09166065,-3.92931865,0 135.09166251,-3.93073426,0 135.09418266,-3.93233075,0 135.09446013,-3.93361381,0 135.09032736,-3.93617126,0 135.09034964,-3.93911069,0 135.08761538,-3.93943066,0 135.08724831,-3.94062442,0 135.08795820,-3.94166435,0 135.09585605,-3.94375516,0 135.09827445,-3.94815522,0 135.09888297,-3.95378659,0 135.09683151,-3.95522961,0 135.09679822,-3.95815560,0 135.09449352,-3.96057306,0 135.09288562,-3.96645941,0 135.09114233,-3.96835873,0 135.08844671,-3.96838693,0 135.08312973,-3.96506740,0 135.08010956,-3.96932396,0 135.07734091,-3.97026236,0 135.07590205,-3.96937806,0 135.07411218,-3.96619325,0 135.07269627,-3.96637236,0 135.07167776,-3.97250080,0 135.07002206,-3.97384153,0 135.06195817,-3.96978624,0 135.05801326,-3.96918397,0 135.05703925,-3.97080980,0 135.05913762,-3.97451820,0 135.05888461,-3.97669171,0 135.05748930,-3.97698252,0 135.05369568,-3.97459196,0 135.05210877,-3.97799373,0 135.04841614,-3.98003864,0 135.04734803,-3.98227334,0 135.04524232,-3.98307490,0 135.04237366,-3.98241710,0 135.04100037,-3.98369217,0 135.04142762,-3.98628378,0 135.04228215,-3.98733258,0 135.04524230,-3.98770284,0 135.04554749,-3.99004745,0 135.04368592,-3.99046969,0 135.03976441,-3.98827171,0 135.03678895,-3.98880553,0 135.03588867,-3.99137521,0 135.03724671,-3.99363661,0 135.03694154,-3.99749064,0 135.03077698,-4.00474644,0 135.03054810,-4.01019287,0 135.03287276,-4.00890887,0 135.03564501,-4.00960529,0 135.03753200,-4.01173317,0 135.03551581,-4.01469242,0 135.03505606,-4.01680705,0 135.03596590,-4.01791802,0 135.04808779,-4.02162020,0 135.05423381,-4.02694847,0 135.05386149,-4.02947198,0 135.05605812,-4.03190864,0 135.05525350,-4.03390105,0 135.05058416,-4.03582024,0 135.04864299,-4.03935892,0 135.04439825,-4.04130150,0 135.04320994,-4.04420136,0 135.04343302,-4.04527190,0 135.04958736,-4.04685652,0 135.05363171,-4.04930138,0 135.05338642,-4.05153394,0 135.04892610,-4.05396883,0 135.04643434,-4.05274973,0 135.04569177,-4.05063026,0 135.04299953,-4.04919044,0 135.04204168,-4.04940403,0 135.04139824,-4.05390474,0 135.04354200,-4.05575319,0 135.04390203,-4.05744313,0 135.04080676,-4.06685645,0 135.03986835,-4.06777378,0 135.03238317,-4.06969919,0 135.02733514,-4.07605669,0 135.02345011,-4.07895256,0 135.01976345,-4.08014520,0 135.01259382,-4.07957866,0 135.00754190,-4.08931128,0 135.00340210,-4.09218966,0 135.00250167,-4.10128607,0 135.00323882,-4.10625419,0 135.00147464,-4.10945171,0 134.99924120,-4.11085795,0 134.99784426,-4.11310247,0 134.99782957,-4.11627221,0 135.00033734,-4.11899968,0 134.99992149,-4.12224116,0 134.99583757,-4.12461009,0 134.99687917,-4.12864203,0 134.99405746,-4.13068050,0 134.99369744,-4.13322747,0 134.99046694,-4.13582188,0 134.98798070,-4.13635895,0 134.98729981,-4.13621848,0 134.98604751,-4.13321914,0 134.98399553,-4.13299437,0 134.97476033,-4.13613702,0 134.97330522,-4.13817821,0 134.96922454,-4.14008121,0 134.96872921,-4.14285800,0 134.96366885,-4.15053492,0 134.96342358,-4.15319722,0 134.96191249,-4.15410542,0 134.95746345,-4.15467150,0 134.95697006,-4.15688172,0 134.95823525,-4.15730498,0 134.96063385,-4.16093368,0 134.96248936,-4.16791677,0 134.96036926,-4.17118480,0 134.95619983,-4.17352838,0 134.95647621,-4.17549545,0 134.95345421,-4.18184555,0 134.95587647,-4.18665735,0 134.95093375,-4.18973363,0 134.95072760,-4.19302577,0 134.95226573,-4.19669198,0 134.95015459,-4.20131868,0 134.94761046,-4.20327633,0 134.94406479,-4.20307776,0 134.94228254,-4.20824234,0 134.93683989,-4.20591973,0 134.93431896,-4.20645587,0 134.93484367,-4.21000650,0 134.93383025,-4.21688327,0 134.93529928,-4.22130189,0 134.93589707,-4.22655935,0 134.93423285,-4.22676665,0 134.93180363,-4.22557616,0 134.92697845,-4.22773775,0 134.92511491,-4.22651451,0 134.91437070,-4.22693323,0 134.91163214,-4.23162839,0 134.90586879,-4.23261556,0 134.90208499,-4.23653122,0 134.90162830,-4.23893555,0 134.89464592,-4.23801607,0 134.89296890,-4.24432768,0 134.88937936,-4.24786447,0 134.88779821,-4.25149956,0 134.88548994,-4.25245506,0 134.88813630,-4.25417429,0 134.89301419,-4.25493572,0 134.89858213,-4.25731518,0 134.90388833,-4.26350178,0 134.90679127,-4.26397767,0 134.91567387,-4.27031967,0 134.92792550,-4.28303188,0 134.93534950,-4.29791301,0 134.93861600,-4.30137398,0 134.94487710,-4.30404560,0 134.94670675,-4.30586374,0 134.94799166,-4.30519749,0 134.94004426,-4.29558447,0 134.93742685,-4.29453750,0 134.93628471,-4.29567965,0 134.93768418,-4.29396438,0 134.93476185,-4.28806537,0 134.93304709,-4.28692879,0 134.93338177,-4.28630457,0 134.93585641,-4.28797019,0 134.94032979,-4.29358572,0 134.94323274,-4.29415679,0 134.95242016,-4.30094067,0 134.95722491,-4.30231451,0 134.96528963,-4.31370520,0 134.96875412,-4.31444759,0 134.97652068,-4.31992987,0 134.97832907,-4.32154790,0 134.97724404,-4.32171922,0 134.97745343,-4.32236644,0 134.97962350,-4.32400350,0 134.98701899,-4.32549720,0 134.98985493,-4.32928394,0 134.99086567,-4.33328245,0 134.99704206,-4.33260276,0 134.99996551,-4.33409004,0 135.00098868,-4.33548202,0 135.00637816,-4.33674314,0 135.00731805,-4.33831358,0 135.00663990,-4.34118083,0 135.00788912,-4.34234677,0 135.01242199,-4.33688591,0 135.01481335,-4.33690970,0 135.01612205,-4.34158534,0 135.01859669,-4.34386962,0 135.02091667,-4.34449780,0 135.02168761,-4.34573988,0 135.02121435,-4.35324968,0 135.02873939,-4.35812758,0 135.03183269,-4.36119113,0 135.03447984,-4.36467109,0 135.03498548,-4.36862695,0 135.03641315,-4.37139307,0 135.04004183,-4.37558687,0 135.05375348,-4.37740121,0 135.05735241,-4.37719301,0 135.06109229,-4.37451875,0 135.06572739,-4.37553436,0 135.06676612,-4.37679317,0 135.06970168,-4.37802038,0 135.07291285,-4.38754547,0 135.07153276,-4.38814509,0 135.07013364,-4.38512794,0 135.06769707,-4.38503276,0 135.07022882,-4.38063551,0 135.06682194,-4.38224444,0 135.06535901,-4.38389887,0 135.06467373,-4.38402831,0 135.06490429,-4.38341790,0 135.06133801,-4.38424216,0 135.06074314,-4.38546163,0 135.06160570,-4.38644316,0 135.08572748,-4.39976814,0 135.08891001,-4.40309939,0 135.09753556,-4.40759062,0 135.10062886,-4.40842343,0 135.11555998,-4.40806651,0 135.11817738,-4.41350953,0 135.12545887,-4.41884662,0 135.13801614,-4.42460377,0 135.19028211,-4.45514944,0 135.19756691,-4.46203745,0 135.20181187,-4.46470244,0 135.20276369,-4.46373000,0 135.20347943,-4.46127059,0 135.20315202,-4.45913098,0 135.20424914,-4.45744145,0 135.20622818,-4.45954977,0 135.20719520,-4.46549651,0 135.21108553,-4.46541160,0 135.24811358,-4.45717301,0 135.25103221,-4.45532142,0 135.25221004,-4.45278729,0 135.26327454,-4.45178792,0 135.27787253,-4.44743351,0 135.29578830,-4.44381158,0 135.30985014,-4.44237316,0 135.32305634,-4.44208022,0 135.32943528,-4.44242437,0 135.33650657,-4.44510297,0 135.33893148,-4.44501007,0 135.34392945,-4.44039045,0 135.34536273,-4.43667654,0 135.34435146,-4.43546302,0 135.34670713,-4.43184624,0 135.34972904,-4.43190572,0 135.35102585,-4.43100153,0 135.35217987,-4.43144624,0 135.35464263,-4.43060892,0 135.36053084,-4.43127279,0 135.36908487,-4.42987411,0 135.37731794,-4.42639394,0 135.38261938,-4.42846550,0 135.38337605,-4.42802292,0 135.38496761,-4.42885851,0 135.38468951,-4.42966475,0 135.38668826,-4.43019299,0 135.38882263,-4.42856544,0 135.39269164,-4.42891522,0 135.40192143,-4.42661901,0 135.40825436,-4.42821456,0 135.41067540,-4.43066817,0 135.41215667,-4.43086766,0 135.41431009,-4.43264631,0 135.41604287,-4.43265348,0 135.41623839,-4.43418798,0 135.41168674,-4.43410003,0 135.41194660,-4.43521540,0 135.41390617,-4.43589591,0 135.44240742,-4.43705512,0 135.46466624,-4.43912752,0 135.50211725,-4.44443387,0 135.52574529,-4.44938315,0 135.52760127,-4.44909761,0 135.53188430,-4.45133430,0 135.54635835,-4.45478484,0 135.54814343,-4.45415428,0 135.54917611,-4.45557244,0 135.55287855,-4.45668603,0 135.57116233,-4.46070256,0 135.57248531,-4.45996968,0 135.57392251,-4.46146398,0 135.58413960,-4.46452191,0 135.59019294,-4.46824101,0 135.59278418,-4.47130337,0 135.59406195,-4.47142473,0 135.59367648,-4.47048246,0 135.59510415,-4.47048246,0 135.59631853,-4.47215948,0 135.59964977,-4.47354552,0 135.62431300,-4.47479952,0 135.62847705,-4.47610823,0 135.63064236,-4.47544198,0 135.63577461,-4.47753003,0 135.64239053,-4.47775910,0 135.65972326,-4.48082740,0 135.66035263,-4.47938068,0 135.66134011,-4.48001124,0 135.66287486,-4.47966027,0 135.66550416,-4.48209327,0 135.66754780,-4.48284210,0 135.69958126,-4.48923617,0 135.70911695,-4.49552390,0 135.71594005,-4.49380474,0 135.71772021,-4.49511639,0 135.71756057,-4.49657923,0 135.71881693,-4.49715744,0 135.73483546,-4.49530860,0 135.73621317,-4.49470183,0 135.73793352,-4.49238186,0 135.74517184,-4.48901254,0 135.74658524,-4.48732788,0 135.74814141,-4.48797748,0 135.75206752,-4.48609294,0 135.75324535,-4.48717084,0 135.75265287,-4.48871987,0 135.75458023,-4.48944085,0 135.78270416,-4.48677725,0 135.79205577,-4.48376850,0 135.79648989,-4.48509478,0 135.84135721,-4.48446603,0 135.84352829,-4.48339899,0 135.85017558,-4.48466646,0 135.87209964,-4.48481332,0 135.90568415,-4.48789354,0 135.90661690,-4.48751282,0 135.90594113,-4.48651345,0 135.90774001,-4.48634213,0 135.91115691,-4.48900712,0 135.92627077,-4.49204478,0 135.93746343,-4.49868558,0 135.94326374,-4.50316574,0 135.94633222,-4.50358361,0 135.95012452,-4.50810257,0 135.94898080,-4.50815491,0 135.94917274,-4.50944458,0 135.95490795,-4.52145500,0 135.95617720,-4.52140564,0 135.95444396,-4.52356796,0 135.95507927,-4.52518837,0 135.96037595,-4.52887178,0 135.96502304,-4.53047792,0 135.97287128,-4.52953819,0 135.97422781,-4.53137588,0 135.98009318,-4.53408847,0 135.98568323,-4.53525163,0 135.98499318,-4.54090999,0 135.98350840,-4.54042458,0 135.98353695,-4.54165238,0 136.00869262,-4.55427304,0 136.01707784,-4.55928895,0 136.02663093,-4.56637716,0 136.03727901,-4.57770340,0 136.04695881,-4.57896519,0 136.05022078,-4.58479571,0 136.05342068,-4.58719894,0 136.06072073,-4.58993035,0 136.06746976,-4.58700776,0 136.06789807,-4.58619875,0 136.06437647,-4.58586562,0 136.05809469,-4.58743607,0 136.05528692,-4.58653187,0 136.06140214,-4.58443795,0 136.07118705,-4.58389924,0 136.07320174,-4.58259081,0 136.07653655,-4.58354259,0 136.07548007,-4.59129488,0 136.07605962,-4.59248052,0 136.08326939,-4.59690632,0 136.09446698,-4.60001961,0 136.09360889,-4.60124919,0 136.09164583,-4.60086253,0 136.09159328,-4.60307989,0 136.09676093,-4.60704283,0 136.10608842,-4.61782178,0 136.11011178,-4.62087316,0 136.11413827,-4.62193596,0 136.11831423,-4.62061536,0 136.11995415,-4.61820687,0 136.11840274,-4.61739785,0 136.11856931,-4.61656504,0 136.11696111,-4.61492861,0 136.11802711,-4.61313925,0 136.12048332,-4.61278776,0 136.12242154,-4.60998404,0 136.12581663,-4.60947927,0 136.12605933,-4.60865121,0 136.12737280,-4.60945071,0 136.12988551,-4.60825146,0 136.13728887,-4.61437258,0 136.13410356,-4.62092324,0 136.13249743,-4.62142292,0 136.13221285,-4.61945811,0 136.13191816,-4.62229842,0 136.13568247,-4.62421032,0 136.13977425,-4.62357649,0 136.14131495,-4.62415945,0 136.14178340,-4.62799633,0 136.14077986,-4.62860261,0 136.14271626,-4.63080446,0 136.16346205,-4.63410161,0 136.18180056,-4.64100046,0 136.18752316,-4.64329664,0 136.19855196,-4.64951893,0 136.20446134,-4.65447288,0 136.20546287,-4.65412414,0 136.20209979,-4.64859472,0 136.20560288,-4.64668607,0 136.20633284,-4.64725353,0 136.20724655,-4.64678953,0 136.20716968,-4.64799522,0 136.21087407,-4.65229637,0 136.21127974,-4.65136523,0 136.21296440,-4.65187920,0 136.21145820,-4.65008746,0 136.21352119,-4.65121533,0 136.21402040,-4.64876686,0 136.21540644,-4.64870143,0 136.21779185,-4.65055146,0 136.22072309,-4.65098382,0 136.22366436,-4.65056127,0 136.22413898,-4.64924238,0 136.22897524,-4.65470324,0 136.23080147,-4.65162481,0 136.23250279,-4.65233568,0 136.23133090,-4.65513749,0 136.23145449,-4.65690560,0 136.22972075,-4.65772895,0 136.22883588,-4.65956864,0 136.22997207,-4.66116288,0 136.23245266,-4.66248943,0 136.24970375,-4.66328655,0 136.25163112,-4.66212656,0 136.25270782,-4.66234071,0 136.25252341,-4.66147221,0 136.25393919,-4.66066914,0 136.25623418,-4.66064178,0 136.25818534,-4.66170302,0 136.25728591,-4.66251203,0 136.26010480,-4.66477555,0 136.27738117,-4.66715444,0 136.27902776,-4.66695457,0 136.27889926,-4.66613127,0 136.28033646,-4.66693553,0 136.28379144,-4.66695457,0 136.28473688,-4.66527467,0 136.28838588,-4.66488800,0 136.29091168,-4.66738049,0 136.29003104,-4.66824376,0 136.29164483,-4.67163250,0 136.29414869,-4.67397172,0 136.29723605,-4.67511981,0 136.29896710,-4.67470935,0 136.30068031,-4.67129066,0 136.30047330,-4.66995578,0 136.29978088,-4.67041264,0 136.29904563,-4.66980587,0 136.29858163,-4.67066962,0 136.29951676,-4.67149053,0 136.29797487,-4.67143343,0 136.29738238,-4.67376054,0 136.29612603,-4.67346786,0 136.29727531,-4.67293962,0 136.29821222,-4.66928120,0 136.30208836,-4.66391076,0 136.30519364,-4.66132704,0 136.30797694,-4.65953718,0 136.31961251,-4.65654620,0 136.31899147,-4.65572529,0 136.32293786,-4.65549383,0 136.32674906,-4.66102306,0 136.32483954,-4.66287904,0 136.32278725,-4.66292068,0 136.32275156,-4.66396764,0 136.32453616,-4.66595449,0 136.33910203,-4.66929109,0 136.35026646,-4.67368833,0 136.35328361,-4.67321244,0 136.35655712,-4.67491614,0 136.35732806,-4.67687205,0 136.36156112,-4.67883511,0 136.36490919,-4.67905822,0 136.36635471,-4.67777926,0 136.36831380,-4.67819249,0 136.36840898,-4.67890633,0 136.36675922,-4.67957575,0 136.36721726,-4.68080118,0 136.37142891,-4.68277018,0 136.37091732,-4.68320443,0 136.37171444,-4.68404914,0 136.38863457,-4.69379420,0 136.39087721,-4.69409164,0 136.39136500,-4.69608444,0 136.39686751,-4.70331205,0 136.39903877,-4.70368681,0 136.40120408,-4.70303841,0 136.40562392,-4.69915394,0 136.40558784,-4.69747880,0 136.41034819,-4.69785951,0 136.41076221,-4.69818074,0 136.40928457,-4.69801656,0 136.41178824,-4.70001685,0 136.41181679,-4.69898179,0 136.41245210,-4.69986695,0 136.41384885,-4.69912872,0 136.41512709,-4.69955754,0 136.41403778,-4.70131881,0 136.41387748,-4.70453596,0 136.41614749,-4.70823365,0 136.41736080,-4.70839206,0 136.41599291,-4.71081078,0 136.41939810,-4.71586668,0 136.41639147,-4.71413013,0 136.41571927,-4.71238122,0 136.41607024,-4.71536150,0 136.42368452,-4.72125067,0 136.42565352,-4.72145887,0 136.42713474,-4.71827039,0 136.43023113,-4.71808741,0 136.43319356,-4.72044903,0 136.43489273,-4.72008774,0 136.43543321,-4.72189017,0 136.43667519,-4.72264591,0 136.44613075,-4.71829606,0 136.44751084,-4.71922405,0 136.44427432,-4.72458723,0 136.44010550,-4.72755680,0 136.43641258,-4.73276544,0 136.43936311,-4.73297959,0 136.43960106,-4.73459763,0 136.44235861,-4.73642394,0 136.44470833,-4.73327710,0 136.44321799,-4.73632956,0 136.44230190,-4.73724565,0 136.44336671,-4.73929793,0 136.43674586,-4.73544321,0 136.43632945,-4.73588341,0 136.44638863,-4.74204026,0 136.44763189,-4.74213544,0 136.44802451,-4.73944070,0 136.44972582,-4.73894101,0 136.44771715,-4.73490626,0 136.44920145,-4.72893847,0 136.45304810,-4.72299855,0 136.45503257,-4.72281295,0 136.46013556,-4.73019731,0 136.46410216,-4.73365022,0 136.46159793,-4.73989309,0 136.46339681,-4.73979315,0 136.46455322,-4.74206316,0 136.46767746,-4.74048320,0 136.46738002,-4.74131601,0 136.47017589,-4.74078063,0 136.47036625,-4.74178000,0 136.47177013,-4.74233918,0 136.47671941,-4.74301732,0 136.48406004,-4.74147067,0 136.48628484,-4.74193467,0 136.48742103,-4.73958173,0 136.48815867,-4.73969475,0 136.48756237,-4.74317269,0 136.48804778,-4.74434339,0 136.49498629,-4.74699887,0 136.49849838,-4.74530707,0 136.49982156,-4.74775369,0 136.49899706,-4.74993506,0 136.49959742,-4.75200891,0 136.50275862,-4.75533661,0 136.51101846,-4.76027657,0 136.51824947,-4.76943573,0 136.52095611,-4.77009008,0 136.52744014,-4.76943573,0 136.53537248,-4.77328130,0 136.54040775,-4.77332229,0 136.53945715,-4.77727830,0 136.53798115,-4.77754969,0 136.53664865,-4.78045263,0 136.53610138,-4.78038125,0 136.53679142,-4.77802558,0 136.53600620,-4.77628857,0 136.53217527,-4.78004812,0 136.53372192,-4.78406941,0 136.54126481,-4.78830485,0 136.54735623,-4.79058913,0 136.55087783,-4.78868557,0 136.55237689,-4.78690097,0 136.56481461,-4.78174867,0 136.56625439,-4.78202119,0 136.56970846,-4.78678076,0 136.56684045,-4.79035911,0 136.56591602,-4.79375382,0 136.56839066,-4.79732301,0 136.57279267,-4.80053528,0 136.58893988,-4.80491131,0 136.59078466,-4.80639557,0 136.60736778,-4.81341477,0 136.60949033,-4.81529738,0 136.63148607,-4.82639793,0 136.63411228,-4.82640995,0 136.63465450,-4.82145406,0 136.64300360,-4.82183886,0 136.64392362,-4.82780739,0 136.64667855,-4.83024656,0 136.64798363,-4.82994542,0 136.64929234,-4.82789908,0 136.65267117,-4.82837497,0 136.65397988,-4.83308631,0 136.65750148,-4.83632237,0 136.66455537,-4.83918455,0 136.66490818,-4.83980483,0 136.66364049,-4.83967741,0 136.67751630,-4.84652296,0 136.68163572,-4.84675106,0 136.68435916,-4.84580993,0 136.68511107,-4.84423948,0 136.69049658,-4.84303310,0 136.69080591,-4.84391350,0 136.69407767,-4.84192665,0 136.69705200,-4.84215269,0 136.69698061,-4.84381832,0 136.69945138,-4.84379388,0 136.69824232,-4.84499714,0 136.70002245,-4.84460290,0 136.69922980,-4.84622256,0 136.70166874,-4.84663897,0 136.70027676,-4.84835218,0 136.70139511,-4.84962519,0 136.70599936,-4.85086251,0 136.70696305,-4.85181430,0 136.70826952,-4.85125800,0 136.70910483,-4.85266331,0 136.71433369,-4.85406719,0 136.71523789,-4.85369243,0 136.71472036,-4.85464421,0 136.71695705,-4.85658942,0 136.71623726,-4.85542943,0 136.71823601,-4.85717834,0 136.72446752,-4.86003250,0 136.72955005,-4.86447257,0 136.72850785,-4.86430125,0 136.72887904,-4.86541484,0 136.73867290,-4.87149674,0 136.74445499,-4.87282448,0 136.75069394,-4.87316712,0 136.75200740,-4.87278165,0 136.75357785,-4.87049737,0 136.75318738,-4.86180780,0 136.75432239,-4.86082984,0 136.75310886,-4.85750335,0 136.75538839,-4.85443623,0 136.75444612,-4.85206629,0 136.75835795,-4.85090987,0 136.75844314,-4.84822060,0 136.76032767,-4.84268534,0 136.76095421,-4.83606570,0 136.76166210,-4.83517935,0 136.76118026,-4.83427516,0 136.76187030,-4.83353753,0 136.76356567,-4.83445362,0 136.76800931,-4.82961142,0 136.76813227,-4.81371402,0 136.77362755,-4.81270488,0 136.77540155,-4.81978831,0 136.77657462,-4.82176112,0 136.77883749,-4.82188961,0 136.77907924,-4.82247940,0 136.78040921,-4.82163053,0 136.78102311,-4.82257279,0 136.77954919,-4.82405104,0 136.77978713,-4.82474584,0 136.78190415,-4.82609810,0 136.78434988,-4.82946591,0 136.78693734,-4.82842623,0 136.78720204,-4.83204150,0 136.79267132,-4.82836202,0 136.79311313,-4.82892593,0 136.79754921,-4.82845244,0 136.79915563,-4.83035601,0 136.81700416,-4.82183199,0 136.81886946,-4.82394336,0 136.81992601,-4.82432244,0 136.82030904,-4.82293209,0 136.82157610,-4.82431813,0 136.82537134,-4.82532940,0 136.82954610,-4.82780017,0 136.84308524,-4.82933255,0 136.84503164,-4.82773355,0 136.84754588,-4.83401242,0 136.84625484,-4.83393847,0 136.84360888,-4.83588963,0 136.84362791,-4.83388136,0 136.84113424,-4.83518531,0 136.83348189,-4.83517579,0 136.83096918,-4.83618468,0 136.82987463,-4.83615613,0 136.82957006,-4.83505206,0 136.81634800,-4.83301200,0 136.80809800,-4.83355500,0 136.80730400,-4.83548100,0 136.80708370,-4.83967596,0 136.80775471,-4.83975448,0 136.80613100,-4.84502300,0 136.80686955,-4.84606481,0 136.80455195,-4.85019556,0 136.80524247,-4.85167130,0 136.80255844,-4.85427681,0 136.79711090,-4.86361304,0 136.79559781,-4.86763260,0 136.79583575,-4.86973843,0 136.79476499,-4.87065452,0 136.79593093,-4.87343849,0 136.79470551,-4.87389059,0 136.79215948,-4.87823310,0 136.79054145,-4.87861382,0 136.79035109,-4.87674594,0 136.78889665,-4.87843536,0 136.79045800,-4.88347083,0 136.79160014,-4.88395624,0 136.79095768,-4.88614058,0 136.79145737,-4.88726845,0 136.79247102,-4.88768248,0 136.79579751,-4.88399907,0 136.79763921,-4.88574559,0 136.79518361,-4.88821072,0 136.79670646,-4.89363589,0 136.80160815,-4.89491128,0 136.80643377,-4.89746746,0 136.81376612,-4.90245439,0 136.81862216,-4.90709776,0 136.81967283,-4.90744533,0 136.81956268,-4.90674701,0 136.82786756,-4.90943900,0 136.82648538,-4.90979289,0 136.83079981,-4.91385179,0 136.83195389,-4.91381867,0 136.83233017,-4.91291178,0 136.83473797,-4.91214859,0 136.83755263,-4.90999024,0 136.83867950,-4.90886562,0 136.83640684,-4.90975674,0 136.83422136,-4.90845230,0 136.83711218,-4.90883870,0 136.83777187,-4.90792495,0 136.83707580,-4.90767910,0 136.83909643,-4.90702870,0 136.83916939,-4.90576710,0 136.84172787,-4.90747741,0 136.84484864,-4.90737903,0 136.85367935,-4.90237509,0 136.86110877,-4.90101202,0 136.86116774,-4.89832221,0 136.86224544,-4.89770927,0 136.86280167,-4.89860530,0 136.86404313,-4.89831933,0 136.86689524,-4.89982259,0 136.86825586,-4.89966632,0 136.86992215,-4.89855452,0 136.87309653,-4.89416591,0 136.87465169,-4.89036720,0 136.88519196,-4.88984306,0 136.89303093,-4.88600299,0 136.90011775,-4.88055972,0 136.92771314,-4.88575338,0 136.92438165,-4.89229738,0 136.92529752,-4.89629767,0 136.92723074,-4.89885064,0 136.93255500,-4.90317366,0 136.94930587,-4.91351941,0 136.95655205,-4.91737402,0 136.95792405,-4.91693034,0 136.96283804,-4.92159710,0 136.96334401,-4.92308382,0 136.96465370,-4.92310847,0 136.96431745,-4.92376797,0 136.96681773,-4.92588763,0 136.96602746,-4.92636015,0 136.97449262,-4.93756187,0 136.97795951,-4.93883712,0 136.98323714,-4.93564641,0 136.98423498,-4.93142286,0 136.98534143,-4.93147640,0 136.98536676,-4.93313013,0 136.98712161,-4.93428417,0 136.98864447,-4.93430796,0 136.98646726,-4.93284459,0 136.99589340,-4.93629927,0 137.00150892,-4.93694173,0 137.00739557,-4.93596230,0 137.02373172,-4.92423487,0 137.02519745,-4.92236555,0 137.02379357,-4.92187181,0 137.02435229,-4.91888680,0 137.02871390,-4.91714828,0 137.03202789,-4.91774671,0 137.03766461,-4.92060841,0 137.04054852,-4.92270710,0 137.04081978,-4.92374216,0 137.04348496,-4.92347347,0 137.05960343,-4.93530891,0 137.05891316,-4.93686265,0 137.05809225,-4.93664850,0 137.05788999,-4.93805238,0 137.06074297,-4.94228782,0 137.06494985,-4.94599978,0 137.06761548,-4.94972951,0 137.07048170,-4.95182142,0 137.07302162,-4.95232788,0 137.07305426,-4.95463223,0 137.07546489,-4.95791017,0 137.08826187,-4.96874005,0 137.09375842,-4.97456497,0 137.10038284,-4.97477912,0 137.10257908,-4.97370837,0 137.10262192,-4.97248532,0 137.10637693,-4.97438511,0 137.10789758,-4.97433694,0 137.11090537,-4.97106948,0 137.11215707,-4.96358346,0 137.11506315,-4.95967291,0 137.12623583,-4.96054401,0 137.12540629,-4.96442090,0 137.12972426,-4.96782465,0 137.14569358,-4.97307262,0 137.14994711,-4.97330510,0 137.15558642,-4.97576141,0 137.15838229,-4.97933060,0 137.15835849,-4.98048464,0 137.15229087,-4.97608264,0 137.14988761,-4.97589228,0 137.14906670,-4.97731996,0 137.15076801,-4.97915214,0 137.16561585,-4.98561238,0 137.16924889,-4.99075733,0 137.16830107,-4.99053975,0 137.16721604,-4.98913348,0 137.16627377,-4.98934050,0 137.17046400,-4.99521586,0 137.17437584,-5.00429779,0 137.18170458,-5.00763855,0 137.18442668,-5.00826673,0 137.18552123,-5.00763855,0 137.18734406,-5.00402875,0 137.18743205,-5.00124300,0 137.18520254,-4.99957916,0 137.18646366,-4.99853220,0 137.19368532,-4.99718780,0 137.19687380,-4.99790164,0 137.20130196,-4.99620004,0 137.21107576,-4.98125009,0 137.21146083,-4.97940444,0 137.21077833,-4.97794859,0 137.21184908,-4.97747270,0 137.23835231,-4.98652655,0 137.23660197,-4.98946658,0 137.24155125,-4.99517729,0 137.24056140,-4.99515825,0 137.24092307,-4.99664303,0 137.24691932,-5.00252506,0 137.26473529,-5.01487161,0 137.28154618,-5.02442514,0 137.28571024,-5.02550780,0 137.28722120,-5.02487724,0 137.28806790,-5.02272427,0 137.28786365,-5.02059421,0 137.29565698,-5.01069476,0 137.29940384,-5.01189900,0 137.30748457,-5.01208211,0 137.31926558,-5.02163108,0 137.32676834,-5.02689349,0 137.32839379,-5.02678202,0 137.32871501,-5.02902466,0 137.33330737,-5.03387876,0 137.33394983,-5.03610951,0 137.33320506,-5.03804797,0 137.33526805,-5.04149581,0 137.33655296,-5.04187415,0 137.34035780,-5.04871470,0 137.33826312,-5.05143732,0 137.33999808,-5.05644637,0 137.35282596,-5.06801186,0 137.36114877,-5.07783401,0 137.36229091,-5.07823376,0 137.36521099,-5.07732148,0 137.36470702,-5.08195500,0 137.36899719,-5.08645218,0 137.37350855,-5.08993586,0 137.37495060,-5.09019270,0 137.37637114,-5.09226283,0 137.38767833,-5.09678142,0 137.38710726,-5.09845894,0 137.39383553,-5.10491060,0 137.39516212,-5.10805285,0 137.40777231,-5.10875003,0 137.41640753,-5.11307637,0 137.41582694,-5.11379497,0 137.41622146,-5.11707386,0 137.42028554,-5.12413485,0 137.42341929,-5.12459884,0 137.42433300,-5.12140798,0 137.43454803,-5.11575438,0 137.43568303,-5.11337730,0 137.43524240,-5.11231482,0 137.43604190,-5.11108701,0 137.43626081,-5.10730843,0 137.43849283,-5.09985762,0 137.44939076,-5.09900102,0 137.45900251,-5.10829043,0 137.46999562,-5.11356094,0 137.47208955,-5.11533364,0 137.47342956,-5.11446773,0 137.47523827,-5.11563968,0 137.47516261,-5.11945216,0 137.47694879,-5.12386963,0 137.48714176,-5.13541531,0 137.48961942,-5.13550539,0 137.48994779,-5.13810377,0 137.49701100,-5.14564922,0 137.49933417,-5.14590245,0 137.50864262,-5.14304710,0 137.50950636,-5.14358247,0 137.51002033,-5.14263307,0 137.51649465,-5.13994128,0 137.51765908,-5.13823251,0 137.51744371,-5.13607688,0 137.51820752,-5.13660512,0 137.51947101,-5.13601264,0 137.52019199,-5.13469917,0 137.54761330,-5.13740465,0 137.54645270,-5.14029369,0 137.54746159,-5.14202594,0 137.55252508,-5.14341554,0 137.55543278,-5.14228958,0 137.55919800,-5.14793000,0 137.55659576,-5.15143795,0 137.55668625,-5.15695489,0 137.55504442,-5.16004818,0 137.55478185,-5.16248334,0 137.55373572,-5.16359358,0 137.55248650,-5.16931619,0 137.55540134,-5.17060109,0 137.55690040,-5.17219533,0 137.55818531,-5.17553848,0 137.56014837,-5.17627611,0 137.56496678,-5.18023791,0 137.57863678,-5.18653159,0 137.57986220,-5.18651969,0 137.58088537,-5.18486596,0 137.58237253,-5.18648400,0 137.59448548,-5.19142782,0 137.60225442,-5.19598449,0 137.60677539,-5.19665074,0 137.60689437,-5.19806652,0 137.61473469,-5.19860190,0 137.61873218,-5.20225437,0 137.62822227,-5.20878758,0 137.63981404,-5.21551065,0 137.64385950,-5.21574421,0 137.64575851,-5.21491667,0 137.64746973,-5.21122177,0 137.64861187,-5.21086009,0 137.64935426,-5.21152634,0 137.65266647,-5.20967987,0 137.65390379,-5.20777631,0 137.66199396,-5.21124080,0 137.66252696,-5.21263041,0 137.66728588,-5.21506697,0 137.67156891,-5.21441976,0 137.67783874,-5.21768721,0 137.67996916,-5.21191357,0 137.68175915,-5.20145041,0 137.68370762,-5.19754275,0 137.68890529,-5.19145698,0 137.69918328,-5.18567032,0 137.70200783,-5.18115350,0 137.70391143,-5.16990383,0 137.70355407,-5.15470127,0 137.70503621,-5.15138757,0 137.70944993,-5.14819113,0 137.71621166,-5.14534170,0 137.74075429,-5.14194530,0 137.74356378,-5.14032474,0 137.74491615,-5.13833545,0 137.74454355,-5.13445596,0 137.74181841,-5.13155798,0 137.73639182,-5.12918662,0 137.72595597,-5.12720709,0 137.72074678,-5.12448550,0 137.71812135,-5.12107525,0 137.71609431,-5.11641532,0 137.71573871,-5.11336337,0 137.71664943,-5.11105715,0 137.71873330,-5.10830905,0 137.72074773,-5.10767215,0 137.73056979,-5.11250507,0 137.73302254,-5.11248479,0 137.73530381,-5.11128218,0 137.73657380,-5.10943587,0 137.73689238,-5.10605712,0 137.73378029,-5.09372910,0 137.73427120,-5.08941199,0 137.73834339,-5.08685181,0 137.74648145,-5.08488793,0 137.75056956,-5.08528715,0 137.75715709,-5.08767668,0 137.75946829,-5.08744115,0 137.76037539,-5.08545332,0 137.75980646,-5.07757445,0 137.76047768,-5.07485630,0 137.77445903,-5.06166312,0 137.74734724,-5.00490551,0 137.75099500,-5.00716997,0 137.75118873,-5.00983149,0 137.75294411,-5.01142779,0 137.75679359,-5.01079662,0 137.75805096,-5.00744395,0 137.76050973,-5.00700608,0 137.76230450,-5.00914250,0 137.76351585,-5.00781315,0 137.76491577,-5.01281538,0 137.76659261,-5.01346158,0 137.76585755,-5.01626316,0 137.76938559,-5.01638999,0 137.76982332,-5.01804460,0 137.77241970,-5.01625139,0 137.77180627,-5.01759019,0 137.77407039,-5.01872401,0 137.77548581,-5.01833288,0 137.77580716,-5.01915959,0 137.77501581,-5.02006558,0 137.77724423,-5.02062593,0 137.77507286,-5.02094443,0 137.77548321,-5.02206226,0 137.77881668,-5.02149685,0 137.77802637,-5.02057499,0 137.77870712,-5.02025930,0 137.77980625,-5.02249080,0 137.78136987,-5.02230151,0 137.78170756,-5.02119801,0 137.78345974,-5.02210414,0 137.78294105,-5.02369604,0 137.78495892,-5.02592728,0 137.78554764,-5.02424014,0 137.78710818,-5.02413540,0 137.78736998,-5.02524555,0 137.78524980,-5.02682521,0 137.78578505,-5.02771905,0 137.78887916,-5.02722429,0 137.79043586,-5.02595740,0 137.79063634,-5.02837875,0 137.79372339,-5.02934125,0 137.79568530,-5.02681129,0 137.79663852,-5.02803899,0 137.79933960,-5.02674179,0 137.80118140,-5.02770476,0 137.80191404,-5.02967120,0 137.80068453,-5.03002929,0 137.80154687,-5.03135887,0 137.80293428,-5.03153389,0 137.80319346,-5.03049192,0 137.80453805,-5.03102540,0 137.80437308,-5.02934175,0 137.80652165,-5.02896967,0 137.80630145,-5.02819666,0 137.80533364,-5.02885828,0 137.80403106,-5.02704358,0 137.80555201,-5.02493402,0 137.80676507,-5.02534465,0 137.80685732,-5.02401573,0 137.80839712,-5.02462050,0 137.80838996,-5.02358193,0 137.81070386,-5.02356573,0 137.81121921,-5.02647218,0 137.81995982,-5.02590565,0 137.81838821,-5.02182371,0 137.81616081,-5.01919476,0 137.81779242,-5.01521526,0 137.81752647,-5.01280889,0 137.81461724,-5.01410352,0 137.81217710,-5.01322670,0 137.80958018,-5.01337792,0 137.80879446,-5.01230593,0 137.81101339,-5.00824520,0 137.81441550,-5.01100891,0 137.81603537,-5.01093260,0 137.81826071,-5.00898958,0 137.81875760,-5.00623262,0 137.81528202,-5.00549389,0 137.81484846,-5.00213451,0 137.81147379,-5.00499329,0 137.80649060,-5.00395150,0 137.80534808,-5.00163922,0 137.80669909,-5.00027127,0 137.80921249,-5.00031399,0 137.81185197,-4.99911385,0 137.81419967,-4.99933939,0 137.81447900,-4.99840027,0 137.81308952,-4.99698650,0 137.81370432,-4.99567957,0 137.81742354,-4.99590591,0 137.81920318,-4.99503575,0 137.81883467,-4.99403947,0 137.81501098,-4.99367149,0 137.81423073,-4.99239292,0 137.81939304,-4.98594402,0 137.82480107,-4.98165920,0 137.82433174,-4.97996831,0 137.82242143,-4.98161377,0 137.82052168,-4.98115848,0 137.82050274,-4.97871858,0 137.82430727,-4.97859538,0 137.82710908,-4.97701387,0 137.83074833,-4.97684547,0 137.83198583,-4.97591851,0 137.83214596,-4.97301088,0 137.82885173,-4.97415341,0 137.82681867,-4.97230583,0 137.82697690,-4.97085395,0 137.82920935,-4.96859355,0 137.82911360,-4.96749116,0 137.82486254,-4.96645491,0 137.82361858,-4.96435468,0 137.82816145,-4.95725608,0 137.83015576,-4.95754193,0 137.82947795,-4.95662138,0 137.83006951,-4.95566007,0 137.82878686,-4.95448937,0 137.83076355,-4.95138371,0 137.83207513,-4.95165589,0 137.83182613,-4.95070505,0 137.83344392,-4.95021476,0 137.82996430,-4.94431618,0 137.83099318,-4.94367636,0 137.83639377,-4.94764619,0 137.83717946,-4.94704971,0 137.83653756,-4.94540054,0 137.83740309,-4.94341070,0 137.84207064,-4.94483243,0 137.84441479,-4.94290835,0 137.84477545,-4.94123854,0 137.84375590,-4.94126993,0 137.84367345,-4.94009511,0 137.84156387,-4.94104350,0 137.83939243,-4.93973456,0 137.83965644,-4.93471778,0 137.84097417,-4.93514738,0 137.84110078,-4.93709394,0 137.84211133,-4.93831843,0 137.84414517,-4.93843414,0 137.84569124,-4.93734077,0 137.84605945,-4.93554083,0 137.84241102,-4.93343406,0 137.84272906,-4.93051439,0 137.84457392,-4.93028475,0 137.84751789,-4.93385243,0 137.84940719,-4.93357243,0 137.85045187,-4.93222500,0 137.84925524,-4.93056993,0 137.84690227,-4.93084480,0 137.84596208,-4.92923179,0 137.84604789,-4.92777841,0 137.84825947,-4.92618127,0 137.84810728,-4.92464329,0 137.84584476,-4.92447285,0 137.84484518,-4.92341805,0 137.84694669,-4.91885410,0 137.84565727,-4.91830760,0 137.84295223,-4.92098874,0 137.84194580,-4.92075005,0 137.84048654,-4.91920494,0 137.83972229,-4.91611344,0 137.83653718,-4.91338895,0 137.83624679,-4.91128597,0 137.83908490,-4.90958893,0 137.83984384,-4.90818264,0 137.83876952,-4.90704541,0 137.83556214,-4.90926900,0 137.83415047,-4.90794338,0 137.83427245,-4.90683006,0 137.83732952,-4.90403573,0 137.83688383,-4.90215024,0 137.83268807,-4.90137708,0 137.83042280,-4.89908295,0 137.82667145,-4.89799261,0 137.82484765,-4.89567314,0 137.82682947,-4.89390820,0 137.82804123,-4.89378351,0 137.83003289,-4.89739593,0 137.83261398,-4.89768340,0 137.83546847,-4.89348627,0 137.84209270,-4.89039776,0 137.84324347,-4.88718562,0 137.84163601,-4.88526175,0 137.84186004,-4.88412260,0 137.84909347,-4.88061979,0 137.85129385,-4.87805613,0 137.85376694,-4.87310207,0 137.86511120,-4.86341424,0 137.86292448,-4.85877623,0 137.86696825,-4.85578539,0 137.86961309,-4.85014676,0 137.86999273,-4.84032492,0 137.87414719,-4.83637053,0 137.87348293,-4.83274156,0 137.87463520,-4.82643943,0 137.87860203,-4.82448857,0 137.88060213,-4.82852182,0 137.88184168,-4.82892090,0 137.88252682,-4.82813726,0 137.88256051,-4.82650703,0 137.88073103,-4.82232988,0 137.88363638,-4.81627258,0 137.88120636,-4.81293889,0 137.88034956,-4.80771611,0 137.88457779,-4.80740061,0 137.88781015,-4.80281777,0 137.88731141,-4.79702837,0 137.89149757,-4.79441034,0 137.89241988,-4.78946868,0 137.89453968,-4.78632418,0 137.89508644,-4.78260433,0 137.89678063,-4.77989683,0 137.89595926,-4.77586264,0 137.89696333,-4.77245762,0 137.89499818,-4.76798653,0 137.89885797,-4.76620881,0 137.89965277,-4.76404659,0 137.89189875,-4.75790490,0 137.89158528,-4.75645462,0 137.89284873,-4.75300539,0 137.89236470,-4.75164875,0 137.88933641,-4.75077062,0 137.88678493,-4.74840095,0 137.86172356,-4.73615101,0 137.86108030,-4.73431086,0 137.85882534,-4.73411356,0 137.85753387,-4.73166994,0 137.85328936,-4.73208671,0 137.85300188,-4.72964690,0 137.85149689,-4.72824314,0 137.85199285,-4.72639544,0 137.85094899,-4.72518711,0 137.84937263,-4.72594825,0 137.84516235,-4.72595802,0 137.84229178,-4.72432968,0 137.83721625,-4.72399483,0 137.83653428,-4.72296666,0 137.83683230,-4.71905312,0 137.83395938,-4.71489063,0 137.83273977,-4.71492542,0 137.82957141,-4.71860572,0 137.82796334,-4.71822467,0 137.82745288,-4.71706392,0 137.82874244,-4.71225827,0 137.83182476,-4.70888306,0 137.83152200,-4.70561324,0 137.83043827,-4.70448333,0 137.82891372,-4.70499075,0 137.82792239,-4.70718428,0 137.82780187,-4.71076713,0 137.82544996,-4.71299495,0 137.82333574,-4.71318431,0 137.82275421,-4.71128060,0 137.82641684,-4.70794026,0 137.82661596,-4.70553241,0 137.82504312,-4.70391666,0 137.82363377,-4.70400088,0 137.82057025,-4.70819948,0 137.81958152,-4.70901456,0 137.81804068,-4.70886383,0 137.81759162,-4.70755747,0 137.81960981,-4.70307530,0 137.81869843,-4.69979034,0 137.81605738,-4.69614054,0 137.81326963,-4.69615102,0 137.81278561,-4.69765921,0 137.81717440,-4.70035926,0 137.81773638,-4.70199420,0 137.81718387,-4.70271681,0 137.81594369,-4.70304927,0 137.81459853,-4.70164670,0 137.81224400,-4.70109956,0 137.80816800,-4.70308068,0 137.80669544,-4.70249722,0 137.80605995,-4.69949994,0 137.80931023,-4.69548891,0 137.80988514,-4.68981751,0 137.80865137,-4.68825896,0 137.80675324,-4.68824756,0 137.80419897,-4.69277596,0 137.80157887,-4.69357781,0 137.80090995,-4.69189576,0 137.80171222,-4.68870175,0 137.80106973,-4.68775534,0 137.79858214,-4.68728229,0 137.79638852,-4.69057047,0 137.79428289,-4.69047723,0 137.79024429,-4.68181065,0 137.78644107,-4.68461074,0 137.78360974,-4.68406504,0 137.78387950,-4.68103734,0 137.78645135,-4.67770337,0 137.78615927,-4.67337307,0 137.78071052,-4.67029795,0 137.78025193,-4.66726624,0 137.77790547,-4.66621474,0 137.77808332,-4.66283741,0 137.77632581,-4.65903149,0 137.77621771,-4.65661511,0 137.77178858,-4.65376899,0 137.77063632,-4.64931210,0 137.76783775,-4.64673395,0 137.82745958,-4.64574754,0 137.80764522,-4.61849284,0 137.81249398,-4.61218609,0 137.82774977,-4.59675616,0 137.86534600,-4.59730441,0 137.90853286,-4.60341624,0 137.92513616,-4.60139348,0 137.92423714,-4.59285329,0 137.91434657,-4.59034231,0 137.91065618,-4.58784473,0 137.90579880,-4.58221958,0 137.89779311,-4.57903358,0 137.88898612,-4.57392462,0 137.88339698,-4.57237793,0 137.87769431,-4.57276257,0 137.87601887,-4.57188152,0 137.86957325,-4.56732443,0 137.86579921,-4.56276949,0 137.85400842,-4.55185797,0 137.84033514,-4.54456508,0 137.82953766,-4.54131567,0 137.82771765,-4.53889744,0 137.82699157,-4.53585559,0 137.82862306,-4.53024270,0 137.83207918,-4.52541003,0 137.83273700,-4.52272624,0 137.83286420,-4.51860817,0 137.83409260,-4.51457600,0 137.83269498,-4.50604282,0 137.83375389,-4.49999998,0 137.83526567,-4.49740368,0 137.84027413,-4.49886741,0 137.83995843,-4.49569775,0 137.84159238,-4.49323274,0 137.84001909,-4.48922041,0 137.83486256,-4.48680662,0 137.83457330,-4.48568839,0 137.83665727,-4.48394267,0 137.83806482,-4.48021558,0 137.84323607,-4.47577495,0 137.84402939,-4.47358761,0 137.84352283,-4.46686767,0 137.84495455,-4.46139653,0 137.84458913,-4.45981885,0 137.84638912,-4.45751409,0 137.85574525,-4.45163363,0 137.85543977,-4.44834670,0 137.85653645,-4.44603835,0 137.85595114,-4.44421129,0 137.85844421,-4.43877925,0 137.86361921,-4.43227672,0 137.86367971,-4.42969006,0 137.86514177,-4.42776434,0 137.86488537,-4.42392185,0 137.93253848,-4.42514086,0 137.93595380,-4.38954675,0 137.93829563,-4.38086599,0 137.94082555,-4.36503051,0 137.94550847,-4.34745237,0 137.95057467,-4.31729924,0 137.96480515,-4.25546036,0 137.97072369,-4.22205298,0 137.96877215,-4.21989263,0 137.95495470,-4.22037902,0 137.90187961,-4.21519941,0 137.90284185,-4.22305088,0 137.90271880,-4.23053931,0 137.90086633,-4.23565119,0 137.89628249,-4.23954229,0 137.89560527,-4.24141966,0 137.89614558,-4.24330376,0 137.89465894,-4.24668629,0 137.89614618,-4.25308158,0 137.89595406,-4.25552183,0 137.89844296,-4.25914916,0 137.89719792,-4.26255339,0 137.89599307,-4.26325817,0 137.89603722,-4.26429706,0 137.89469881,-4.26426824,0 137.89485741,-4.26631188,0 137.89366275,-4.26705051,0 137.89073305,-4.26664369,0 137.88624087,-4.26818533,0 137.88341102,-4.26757480,0 137.88271198,-4.26900051,0 137.88323104,-4.27326779,0 137.88057406,-4.27584159,0 137.87774023,-4.27686876,0 137.87598849,-4.27664945,0 137.86949447,-4.27299188,0 137.86496991,-4.27776463,0 137.86372573,-4.27650398,0 137.86435390,-4.27388182,0 137.86261214,-4.27076948,0 137.86351157,-4.26944174,0 137.86301189,-4.26779991,0 137.86379711,-4.26591538,0 137.86281201,-4.26325990,0 137.86383994,-4.25866278,0 137.86525334,-4.25713517,0 137.86491736,-4.25389529,0 137.86628793,-4.25261990,0 137.86530759,-4.24757545,0 137.86629745,-4.24407288,0 137.86282343,-4.23813374,0 137.86347065,-4.23606837,0 137.86583107,-4.23370795,0 137.86581204,-4.23101440,0 137.86533614,-4.22953913,0 137.86214865,-4.22796184,0 137.86019749,-4.22491613,0 137.85947414,-4.21981457,0 137.85745636,-4.21898652,0 137.85605723,-4.21702584,0 137.85639036,-4.21327581,0 137.85537195,-4.21122947,0 137.85560038,-4.20957337,0 137.85254277,-4.20802672,0 137.85053331,-4.20549894,0 137.84495110,-4.20682747,0 137.84158416,-4.20538790,0 137.83989474,-4.20608984,0 137.83934747,-4.20723198,0 137.83569528,-4.20814006,0 137.83557270,-4.20972221,0 137.83712840,-4.21141073,0 137.83268718,-4.21167221,0 137.82521260,-4.23349018,0 137.82462851,-4.23776504,0 137.82462176,-4.23586333,0 137.82267084,-4.23367468,0 137.82114799,-4.23257061,0 137.81979645,-4.23283711,0 137.81722664,-4.23169497,0 137.80877479,-4.22453755,0 137.80643340,-4.22444237,0 137.80521512,-4.22234845,0 137.80026584,-4.22271013,0 137.79860973,-4.22143474,0 137.79617316,-4.22187256,0 137.79396502,-4.22061620,0 137.78962489,-4.22002610,0 137.78290529,-4.22063524,0 137.77949790,-4.21907431,0 137.77744205,-4.21943599,0 137.77525294,-4.21819867,0 137.77258795,-4.21791313,0 137.76977066,-4.21913142,0 137.76889502,-4.21758953,0 137.76579221,-4.21559078,0 137.75527975,-4.21536235,0 137.74915264,-4.21203111,0 137.74760599,-4.21268546,0 137.74356090,-4.21679003,0 137.73541497,-4.21879623,0 137.73364465,-4.21879623,0 137.73038955,-4.21634062,0 137.72526580,-4.21639207,0 137.73058988,-4.21209167,0 137.73083234,-4.20698419,0 137.72962219,-4.20265040,0 137.72711147,-4.19915442,0 137.71882816,-4.19707465,0 137.71323379,-4.19152994,0 137.71034222,-4.19199534,0 137.71374880,-4.18994987,0 137.71553339,-4.18638068,0 137.71807466,-4.18545269,0 137.71856007,-4.18386797,0 137.72018762,-4.18259733,0 137.72097284,-4.17991330,0 137.72055882,-4.17804305,0 137.72252901,-4.17651543,0 137.72214354,-4.17488788,0 137.72298587,-4.17139007,0 137.72515593,-4.16879646,0 137.72637422,-4.16508450,0 137.72764961,-4.16455150,0 137.72978161,-4.16082051,0 137.72930571,-4.15783190,0 137.73063821,-4.15674687,0 137.73317591,-4.15764869,0 137.73632869,-4.15744048,0 137.73811329,-4.15559640,0 137.73824297,-4.15126816,0 137.73708179,-4.14917424,0 137.73673915,-4.14390135,0 137.73496883,-4.14169321,0 137.73274166,-4.13137587,0 137.73297008,-4.12747355,0 137.73562699,-4.12458489,0 137.73586437,-4.12067534,0 137.74686745,-4.12259460,0 137.75162637,-4.12482535,0 137.76292881,-4.12765096,0 137.77214922,-4.12794839,0 137.78389781,-4.13300475,0 137.80263607,-4.13493806,0 137.82107689,-4.14207644,0 137.82464608,-4.14207644,0 137.82940500,-4.14534820,0 137.84083245,-4.15007861,0 137.84238964,-4.15696225,0 137.84218696,-4.16085492,0 137.84489002,-4.16342473,0 137.84525170,-4.16584227,0 137.84473784,-4.16834402,0 137.84144456,-4.17094383,0 137.84018821,-4.17357076,0 137.84045471,-4.17459868,0 137.84203467,-4.17537915,0 137.84313874,-4.17848196,0 137.84273899,-4.18088046,0 137.83988364,-4.18350738,0 137.83896992,-4.18602010,0 137.83908414,-4.18851377,0 137.84133035,-4.19081709,0 137.84260869,-4.19375970,0 137.84429915,-4.19377613,0 137.84602601,-4.19273071,0 137.84723126,-4.18934923,0 137.85126342,-4.18862295,0 137.85643554,-4.18594982,0 137.86481282,-4.18482357,0 137.86676088,-4.18375476,0 137.86916199,-4.17999620,0 137.87107890,-4.17866772,0 137.87389196,-4.17752796,0 137.87704407,-4.17831828,0 137.87968570,-4.17707748,0 137.88506154,-4.17791605,0 137.88920403,-4.17715535,0 137.89154137,-4.17800507,0 137.89359692,-4.18157773,0 137.90169857,-4.18493594,0 137.90504921,-4.18772441,0 137.91339361,-4.18869849,0 137.91695373,-4.18827861,0 137.92557492,-4.19035324,0 137.92607882,-4.18413988,0 137.92467209,-4.17462123,0 137.92496994,-4.16245705,0 137.92804918,-4.16072440,0 137.93617545,-4.16402167,0 137.95400953,-4.16567592,0 137.95491947,-4.16452507,0 137.95524433,-4.15970465,0 137.95408102,-4.15420136,0 137.95258987,-4.15271530,0 137.94809672,-4.15109359,0 137.94788989,-4.15034560,0 137.94907540,-4.14902640,0 137.94902219,-4.14752059,0 137.95125213,-4.14536081,0 137.95610309,-4.14378883,0 137.95872590,-4.13844825,0 137.96216686,-4.13673526,0 137.96454940,-4.13824092,0 137.96564506,-4.13786963,0 137.96737032,-4.13471924,0 137.96971932,-4.13262061,0 137.96979546,-4.12997084,0 137.97104824,-4.12811928,0 137.97364817,-4.12664083,0 137.97643673,-4.12672215,0 137.97857713,-4.12429160,0 137.97879646,-4.12212367,0 137.97989089,-4.12143111,0 137.98460874,-4.12203374,0 137.98692515,-4.12013181,0 137.98799688,-4.12152377,0 137.99254838,-4.12144925,0 137.99438062,-4.12249410,0 137.99696913,-4.12206362,0 137.99837414,-4.12091092,0 138.00071814,-4.12130364,0 138.00552691,-4.12049107,0 138.00216774,-4.11777260,0 137.99650272,-4.11803148,0 137.98835700,-4.11362980,0 137.98774024,-4.11159678,0 137.98527321,-4.11063739,0 137.98385696,-4.10909169,0 137.98306222,-4.10302477,0 137.98768521,-4.09786807,0 137.98838206,-4.09320416,0 137.98779162,-4.09019013,0 137.98466878,-4.08688345,0 137.98025423,-4.08403140,0 137.97941267,-4.08176363,0 137.97666407,-4.07878580,0 137.96986686,-4.07534487,0 137.96835126,-4.07278025,0 137.96940776,-4.06876039,0 137.96824885,-4.06431843,0 137.97095603,-4.06251560,0 137.97751848,-4.06041167,0 137.97701834,-4.05806990,0 137.97021134,-4.05187987,0 137.96549388,-4.04486927,0 137.96267524,-4.04220229,0 137.96015298,-4.02935080,0 137.95791402,-4.02897649,0 137.95449659,-4.02692215,0 137.94864451,-4.02730595,0 137.94609827,-4.02508470,0 137.94864729,-4.02423971,0 137.94887714,-4.02538519,0 137.95053820,-4.02485400,0 137.95126616,-4.02360340,0 137.95036993,-4.02289516,0 137.95363336,-4.02216616,0 137.95363298,-4.02078270,0 137.95469378,-4.02114024,0 137.95472910,-4.02199277,0 137.95597577,-4.02151956,0 137.95616541,-4.02045727,0 137.95517249,-4.02103685,0 137.95517938,-4.02039310,0 137.95667923,-4.01986814,0 137.95688046,-4.02074266,0 137.95757743,-4.01984793,0 137.95553603,-4.01837589,0 137.95695206,-4.01760278,0 137.95800629,-4.01869443,0 137.95832978,-4.01770506,0 137.95773402,-4.01728372,0 137.95860943,-4.01605519,0 137.95979171,-4.01686402,0 137.96137385,-4.01601125,0 137.96082695,-4.01497424,0 137.96192368,-4.01482909,0 137.96214159,-4.01266558,0 137.96383918,-4.01100490,0 137.95924225,-4.00840715,0 137.95857292,-4.00634286,0 137.96007069,-4.00607767,0 137.96013244,-4.00367192,0 137.96171059,-4.00338386,0 137.96012197,-4.00075823,0 137.95826584,-4.00206371,0 137.95619260,-4.00173241,0 137.95359108,-4.00274695,0 137.95340565,-4.00152791,0 137.95264251,-4.00189207,0 137.95108049,-4.00107328,0 137.94972459,-4.00163156,0 137.94911473,-4.00016275,0 137.94947809,-3.99904183,0 137.95171372,-3.99804130,0 137.95123468,-3.99769631,0 137.95186802,-3.99665014,0 137.95393127,-3.99597421,0 137.95265950,-3.99527443,0 137.95356275,-3.99390969,0 137.95379308,-3.99456008,0 137.95548110,-3.99412142,0 137.95554313,-3.99308380,0 137.95750457,-3.99435282,0 137.95743355,-3.99265367,0 137.95943800,-3.99164765,0 137.95958224,-3.99270474,0 137.96030043,-3.99132848,0 137.96128333,-3.99131248,0 137.96127864,-3.99220560,0 137.96204585,-3.99145855,0 137.96200979,-3.99078987,0 137.96109137,-3.99075430,0 137.96127473,-3.98973161,0 137.96231716,-3.98931955,0 137.96129705,-3.98750663,0 137.96316546,-3.98804014,0 137.96321677,-3.98716015,0 137.96475128,-3.98658514,0 137.96423857,-3.98574540,0 137.96335896,-3.98662603,0 137.96369376,-3.98581731,0 137.96262535,-3.98502651,0 137.96457242,-3.98452280,0 137.96449765,-3.98248678,0 137.96599518,-3.98234668,0 137.96588392,-3.98077853,0 137.96436655,-3.98129864,0 137.96452695,-3.98220740,0 137.96333234,-3.98166003,0 137.96402518,-3.98117065,0 137.96328536,-3.98085810,0 137.96378466,-3.97984519,0 137.96477811,-3.97963348,0 137.96480545,-3.97768565,0 137.96610613,-3.97828777,0 137.96683356,-3.97731915,0 137.96465788,-3.97638808,0 137.96649143,-3.97559372,0 137.96546118,-3.97526156,0 137.96745560,-3.97340149,0 137.96618905,-3.97343433,0 137.96681361,-3.97183285,0 137.96744797,-3.97284414,0 137.96961052,-3.97206437,0 137.96923847,-3.97143584,0 137.96813443,-3.97201365,0 137.96824175,-3.97087256,0 137.96943253,-3.97033942,0 137.96785652,-3.96964136,0 137.97039746,-3.96782942,0 137.96881896,-3.96802168,0 137.96778499,-3.96648977,0 137.97042422,-3.96370037,0 137.96693781,-3.95739760,0 137.96567200,-3.95640268,0 137.96583315,-3.95505252,0 137.96402527,-3.95435317,0 137.96453259,-3.95135292,0 137.96251531,-3.94832783,0 137.96236185,-3.94617696,0 137.96339158,-3.94442278,0 137.96181150,-3.94271746,0 137.96126878,-3.93856901,0 137.96286071,-3.93225590,0 137.96638546,-3.92929008,0 137.96720656,-3.92968807,0 137.96905381,-3.92874412,0 137.96909577,-3.92781226,0 137.97028261,-3.92924794,0 137.97094524,-3.92891806,0 137.97214128,-3.92585327,0 137.97083874,-3.92440106,0 137.97534862,-3.92273612,0 137.97550979,-3.92138599,0 137.97734623,-3.92023879,0 137.97686497,-3.91924105,0 137.97860230,-3.91992939,0 137.97943300,-3.91878579,0 137.98055460,-3.91884389,0 137.97926476,-3.91813702,0 137.97914838,-3.91651119,0 137.98349635,-3.91600439,0 137.98654253,-3.91142536,0 137.99352776,-3.91016940,0 137.99666508,-3.90861664,0 137.99745455,-3.90578487,0 137.99893623,-3.90529960,0 137.99838121,-3.90335352,0 137.99931220,-3.90214181,0 137.99811781,-3.90139509,0 138.00020441,-3.89991951,0 138.00124610,-3.89706738,0 138.00488744,-3.89685453,0 138.00752967,-3.89478600,0 138.01115354,-3.89382770,0 138.01428548,-3.88977326,0 138.01864742,-3.89055669,0 138.02020253,-3.88875527,0 138.02014584,-3.88771608,0 138.02052594,-3.88830469,0 138.02183760,-3.88708965,0 138.02318395,-3.88745581,0 138.02274462,-3.88655078,0 138.02409588,-3.88551657,0 138.02407886,-3.88463562,0 138.02683513,-3.88444209,0 138.03141050,-3.88172522,0 138.03239568,-3.88184163,0 138.03261977,-3.88102929,0 138.03293835,-3.88195648,0 138.03394356,-3.88209554,0 138.03370574,-3.88107829,0 138.03461188,-3.88078785,0 138.03850805,-3.88249559,0 138.04044126,-3.88184736,0 138.04347129,-3.88391345,0 138.04659140,-3.88322420,0 138.05037118,-3.88371179,0 138.05179414,-3.88517540,0 138.05126855,-3.88595109,0 138.05198943,-3.88687970,0 138.05587342,-3.88788470,0 138.05858434,-3.88571224,0 138.05973413,-3.88245010,0 138.06007395,-3.87808745,0 138.06112894,-3.87661337,0 138.06313889,-3.87706362,0 138.06725251,-3.87524834,0 138.07735308,-3.87447362,0</coordinates></LinearRing></outerBoundaryIs></Polygon></Placemark></Folder></Document></kml>