<?xml version='1.0' encoding='utf-8'?>
<kml xmlns="http://www.opengis.net/kml/2.2"><Document><name>Province Papua Pegunungan</name><Style id="papua-pegunungan-style"><LineStyle><color>ff00ffff</color><width>1.5</width></LineStyle><PolyStyle><color>6600ff00</color><fill>1</fill><outline>1</outline></PolyStyle></Style><Folder><name>Province Papua Pegunungan</name><open>1</open><Placemark><name>Province Papua Pegunungan - Bagian 001</name><visibility>1</visibility><styleUrl>#papua-pegunungan-style</styleUrl><Polygon><tessellate>1</tessellate><altitudeMode>clampToGround</altitudeMode><outerBoundaryIs><LinearRing><coordinates>141.00247472,-4.14811750,0 141.00123879,-4.01955231,0 140.99571517,-4.01707976,0 140.99527013,-4.01552609,0 140.99630926,-4.00961531,0 140.99294715,-4.00598633,0 140.99173633,-4.00585543,0 140.99059663,-4.00808859,0 140.98755563,-4.00721520,0 140.98619980,-4.00994601,0 140.98349187,-4.00805044,0 140.98505669,-4.00633211,0 140.98564006,-4.00376129,0 140.98440397,-4.00084896,0 140.98838410,-3.99787680,0 140.98764548,-3.99442983,0 140.98526201,-3.99336804,0 140.98505558,-3.99241309,0 140.98374185,-3.99228113,0 140.98348144,-3.99105874,0 140.98078286,-3.99045913,0 140.98119580,-3.98836705,0 140.98015731,-3.98871885,0 140.97874352,-3.98783926,0 140.97968818,-3.98685919,0 140.97772384,-3.98689056,0 140.97846205,-3.98614296,0 140.97729221,-3.98579110,0 140.97773641,-3.98467910,0 140.97685439,-3.98287599,0 140.97559069,-3.98410733,0 140.97527793,-3.98262464,0 140.97361390,-3.98239213,0 140.97469674,-3.98125554,0 140.97336117,-3.97969189,0 140.97342228,-3.97805931,0 140.97630729,-3.97475590,0 140.97581128,-3.97231851,0 140.97650592,-3.96742845,0 140.96900394,-3.96712536,0 140.95784372,-3.96890283,0 140.95347101,-3.96834346,0 140.92706494,-3.96955391,0 140.92221761,-3.96795787,0 140.92106647,-3.96901322,0 140.91611196,-3.96897504,0 140.91468558,-3.96968482,0 140.91116249,-3.96745185,0 140.90889439,-3.96810657,0 140.90782995,-3.96739699,0 140.90534791,-3.96866674,0 140.89441879,-3.96762681,0 140.89297528,-3.96169123,0 140.88978649,-3.96105724,0 140.88849289,-3.96362251,0 140.88572935,-3.96326233,0 140.88144167,-3.96488651,0 140.87930168,-3.96827955,0 140.87707872,-3.96973593,0 140.87391935,-3.96862195,0 140.87110423,-3.96934370,0 140.86949080,-3.96834643,0 140.86459377,-3.97065721,0 140.85622539,-3.97150887,0 140.85299158,-3.97389537,0 140.85101963,-3.97348838,0 140.84913046,-3.97573226,0 140.84585513,-3.97693931,0 140.84440656,-3.97902852,0 140.84044065,-3.98033551,0 140.83957216,-3.98348566,0 140.83606186,-3.98580920,0 140.83185239,-3.99673610,0 140.82751582,-3.99960930,0 140.82496837,-3.99837661,0 140.82177989,-3.99823979,0 140.82272735,-4.00071604,0 140.82098801,-4.00215117,0 140.81687689,-3.99960377,0 140.81354149,-3.99555605,0 140.81172267,-3.99480219,0 140.81014120,-3.99526425,0 140.80925956,-3.99662084,0 140.80984447,-4.00015123,0 140.81081696,-4.00141169,0 140.81309973,-4.00230063,0 140.81490708,-4.00462351,0 140.81455603,-4.00566414,0 140.81266712,-4.00607836,0 140.81151289,-4.00841197,0 140.81279599,-4.01090108,0 140.81227189,-4.01301019,0 140.81055160,-4.01197145,0 140.81199237,-4.01080980,0 140.81078296,-4.01031934,0 140.80931337,-4.01107347,0 140.80905672,-4.00930275,0 140.80728951,-4.00915278,0 140.80694310,-4.00698506,0 140.80588845,-4.00709881,0 140.80491717,-4.00528146,0 140.80329918,-4.00546688,0 140.80336380,-4.00403955,0 140.80017423,-4.00300079,0 140.80045153,-4.00421486,0 140.79864492,-4.00558887,0 140.79875700,-4.00834350,0 140.79660989,-4.00795365,0 140.79675939,-4.00917838,0 140.79297696,-4.01058189,0 140.78971608,-4.00974278,0 140.78714980,-4.00772108,0 140.78545010,-4.00604214,0 140.78532699,-4.00341798,0 140.77869023,-4.00014188,0 140.77642966,-4.00143852,0 140.77560750,-4.00538479,0 140.76983055,-4.00721790,0 140.76197612,-4.00724276,0 140.75308113,-4.00362446,0 140.75127197,-4.00437827,0 140.75097045,-4.00633819,0 140.74267850,-4.00935344,0 140.73529094,-4.01437852,0 140.73120761,-4.01427712,0 140.72725488,-4.01653850,0 140.72236846,-4.01616638,0 140.72097718,-4.01850838,0 140.71840843,-4.02046811,0 140.71340820,-4.01684088,0 140.71300973,-4.01423113,0 140.70941268,-4.01421270,0 140.70674002,-4.01212820,0 140.70550270,-4.00698857,0 140.70217454,-4.00288729,0 140.70093722,-3.99860426,0 140.69727770,-3.99198607,0 140.69442235,-3.99013009,0 140.69304226,-3.98499045,0 140.69209048,-3.98403867,0 140.68590388,-3.98451456,0 140.68190638,-3.98161162,0 140.67605291,-3.97951769,0 140.67265444,-3.97115270,0 140.67091279,-3.97271418,0 140.66841919,-3.97333718,0 140.66303614,-3.97208297,0 140.65933854,-3.97437719,0 140.65875795,-3.97379184,0 140.65939655,-3.97189760,0 140.65697135,-3.97217478,0 140.65628884,-3.97253770,0 140.65761344,-3.97380540,0 140.65741831,-3.97488402,0 140.65941706,-3.97526949,0 140.66010234,-3.97703267,0 140.66195902,-3.97830627,0 140.66210943,-3.98124072,0 140.66084112,-3.98537076,0 140.66469470,-3.99104472,0 140.66826389,-3.99539913,0 140.66964493,-3.99633942,0 140.67039479,-3.99552696,0 140.67149464,-3.99799170,0 140.67426347,-3.99822354,0 140.67548910,-4.00258408,0 140.68034845,-4.00630646,0 140.67976955,-4.00850685,0 140.68232785,-4.01076652,0 140.68254726,-4.01412822,0 140.68379721,-4.01604963,0 140.68436874,-4.01932703,0 140.68655859,-4.02325415,0 140.68646350,-4.02455232,0 140.68775580,-4.02571382,0 140.68625296,-4.02835679,0 140.68852935,-4.02824114,0 140.68827233,-4.03032349,0 140.68679477,-4.02965271,0 140.68682999,-4.03104701,0 140.68915927,-4.03278926,0 140.68815102,-4.03383329,0 140.69051249,-4.03604669,0 140.69176300,-4.03856062,0 140.69177872,-4.04203444,0 140.69398693,-4.04473966,0 140.69406967,-4.04734576,0 140.69773830,-4.04912822,0 140.70228035,-4.05499546,0 140.70218218,-4.05757924,0 140.70323423,-4.05846885,0 140.70278788,-4.06110995,0 140.70420665,-4.06154981,0 140.70502971,-4.06351193,0 140.70669124,-4.06478964,0 140.70765025,-4.07231800,0 140.71693144,-4.07675624,0 140.71860956,-4.08026828,0 140.72071083,-4.08204247,0 140.72069333,-4.08341888,0 140.71855831,-4.08593159,0 140.71817747,-4.08753585,0 140.71908672,-4.09142286,0 140.71858553,-4.09921096,0 140.71375524,-4.10042829,0 140.71119880,-4.09932706,0 140.71089637,-4.09776550,0 140.70803257,-4.09865833,0 140.70817567,-4.09534427,0 140.70918699,-4.09441711,0 140.70831317,-4.09299593,0 140.70599583,-4.09204518,0 140.70574527,-4.08736416,0 140.70235995,-4.08349326,0 140.70066702,-4.08283451,0 140.69937993,-4.08066941,0 140.69637106,-4.07914235,0 140.69601475,-4.07582107,0 140.69828143,-4.07001740,0 140.69790722,-4.06856751,0 140.69399241,-4.06573718,0 140.69393056,-4.06130502,0 140.69197717,-4.05648223,0 140.68958774,-4.05461454,0 140.68438594,-4.04573436,0 140.68170451,-4.04344800,0 140.67906880,-4.04266988,0 140.67706971,-4.03819182,0 140.67521014,-4.04153158,0 140.67261628,-4.04236143,0 140.67062092,-4.04142214,0 140.66898646,-4.03888580,0 140.66670218,-4.03745812,0 140.66384683,-4.03745812,0 140.66117020,-4.03782312,0 140.65596116,-4.04055021,0 140.65032184,-4.04133543,0 140.64082779,-4.04618953,0 140.64011395,-4.04825966,0 140.64296930,-4.05582635,0 140.64328828,-4.05858774,0 140.64011395,-4.06467794,0 140.62912084,-4.06474933,0 140.62776455,-4.06060907,0 140.62583719,-4.05975246,0 140.61462685,-4.05946141,0 140.61030895,-4.06187139,0 140.60470757,-4.06760468,0 140.60056731,-4.07488583,0 140.59879420,-4.08235305,0 140.59978209,-4.08523649,0 140.59971070,-4.08852014,0 140.59514214,-4.09330286,0 140.59449968,-4.09765727,0 140.58894474,-4.10588048,0 140.58822489,-4.10807856,0 140.58932630,-4.11294018,0 140.58859856,-4.11599364,0 140.58539253,-4.11375236,0 140.57824774,-4.11258381,0 140.57416983,-4.11568372,0 140.56794790,-4.11613994,0 140.56736759,-4.11247428,0 140.57226705,-4.10790332,0 140.57273351,-4.10606347,0 140.56939514,-4.10327619,0 140.56894071,-4.09726624,0 140.55226185,-4.09676335,0 140.55261790,-4.09553268,0 140.55542607,-4.09414282,0 140.55977488,-4.08855556,0 140.55973645,-4.08493854,0 140.55858067,-4.08222688,0 140.55654766,-4.08046536,0 140.55132283,-4.07979350,0 140.54929796,-4.07218264,0 140.54642100,-4.06978839,0 140.54013865,-4.06910122,0 140.53852758,-4.07208331,0 140.53261857,-4.07223027,0 140.53186188,-4.06990059,0 140.53257563,-4.06450606,0 140.53126827,-4.06242989,0 140.52333257,-4.06214254,0 140.52285716,-4.06466467,0 140.52217687,-4.06498246,0 140.51894043,-4.06367226,0 140.51830264,-4.06062048,0 140.51554215,-4.05665157,0 140.50914911,-4.05150916,0 140.50502778,-4.04122452,0 140.49948191,-4.03556571,0 140.49808913,-4.02858620,0 140.49284448,-4.02324248,0 140.49258293,-4.02129857,0 140.49575527,-4.02109473,0 140.49601967,-4.01841412,0 140.49054980,-4.01480291,0 140.48830501,-4.01072404,0 140.48262538,-4.00657264,0 140.48424801,-4.00276534,0 140.48394963,-4.00094278,0 140.48079318,-4.00105512,0 140.47814475,-3.99694892,0 140.47641313,-3.99687143,0 140.47543432,-3.99810750,0 140.47387646,-3.99789874,0 140.47191880,-3.99617885,0 140.46714954,-3.99403771,0 140.46464602,-3.99147518,0 140.46446663,-3.98885946,0 140.46765904,-3.98643953,0 140.46951980,-3.98731800,0 140.47160576,-3.99244943,0 140.47409301,-3.99380506,0 140.47642972,-3.99296744,0 140.47425140,-3.98623931,0 140.47845624,-3.98181416,0 140.47870609,-3.98038117,0 140.47560478,-3.97689632,0 140.47198753,-3.97574416,0 140.47158576,-3.96800715,0 140.47071691,-3.96516968,0 140.46818299,-3.96319094,0 140.46422792,-3.96157903,0 140.45415899,-3.96289027,0 140.44575017,-3.96282603,0 140.44054117,-3.96168521,0 140.43783332,-3.95915560,0 140.43668059,-3.95621050,0 140.43728444,-3.95367150,0 140.44194153,-3.95272742,0 140.44580485,-3.94962329,0 140.44665606,-3.94800191,0 140.43998161,-3.94183260,0 140.43298236,-3.93680517,0 140.42728499,-3.93115029,0 140.42714620,-3.92756901,0 140.42884334,-3.92423719,0 140.43471786,-3.92402118,0 140.43956877,-3.91989078,0 140.43543752,-3.91159539,0 140.42891030,-3.90844666,0 140.42339629,-3.90792383,0 140.42018187,-3.90957802,0 140.41751342,-3.91507113,0 140.41422226,-3.91791153,0 140.41006997,-3.91842300,0 140.40506028,-3.91453339,0 140.40499057,-3.91216786,0 140.41074772,-3.91362945,0 140.41286249,-3.91141540,0 140.41134500,-3.90862282,0 140.40614706,-3.90462601,0 140.40370581,-3.90133025,0 140.40331832,-3.89891054,0 140.40455375,-3.89417172,0 140.40664740,-3.89370022,0 140.41292314,-3.89980083,0 140.41587978,-3.90009194,0 140.41707101,-3.89900447,0 140.41751140,-3.89666251,0 140.41665978,-3.89253397,0 140.41529622,-3.88911401,0 140.41265561,-3.88632841,0 140.41234642,-3.88388265,0 140.41533977,-3.88148280,0 140.41707140,-3.87627790,0 140.42159243,-3.87288977,0 140.42281920,-3.86566892,0 140.42607108,-3.86271366,0 140.43199322,-3.85518381,0 140.43150599,-3.85279914,0 140.42966160,-3.85058540,0 140.42256477,-3.85088951,0 140.42054290,-3.85006275,0 140.41965991,-3.84710552,0 140.41642246,-3.84558042,0 140.41450059,-3.84265947,0 140.41509174,-3.84110129,0 140.41831546,-3.83819129,0 140.41976857,-3.83503045,0 140.41969533,-3.82367168,0 140.42217127,-3.82011840,0 140.41773522,-3.81749531,0 140.41444213,-3.81707726,0 140.41333153,-3.81747341,0 140.41159730,-3.82166808,0 140.40992251,-3.82145902,0 140.40582027,-3.81556526,0 140.40228656,-3.81529595,0 140.40021503,-3.81388020,0 140.40013634,-3.81241246,0 140.40104044,-3.81139906,0 140.40683441,-3.80905480,0 140.41167069,-3.80839100,0 140.41327493,-3.80501755,0 140.41754546,-3.80106387,0 140.41731180,-3.79981550,0 140.41132686,-3.79386602,0 140.40447584,-3.79040316,0 140.40374906,-3.78807505,0 140.40513289,-3.78475219,0 140.40982544,-3.78436440,0 140.41277413,-3.78206872,0 140.42683454,-3.78702487,0 140.43135551,-3.78488335,0 140.43397292,-3.78179005,0 140.44872558,-3.80153958,0 140.45610191,-3.80844002,0 140.46133672,-3.81010564,0 140.46609564,-3.80844002,0 140.47014073,-3.80320520,0 140.47489965,-3.80249137,0 140.47918268,-3.80249137,0 140.48989025,-3.80677440,0 140.49298355,-3.80677440,0 140.49655274,-3.80558466,0 140.49964604,-3.80368110,0 140.50154961,-3.80106369,0 140.50273934,-3.78713661,0 140.50464828,-3.79482551,0 140.50839892,-3.80209533,0 140.50890138,-3.80799521,0 140.51007921,-3.80988688,0 140.51100720,-3.81002965,0 140.51275610,-3.80820936,0 140.51578991,-3.80753122,0 140.52021571,-3.81181425,0 140.52414658,-3.81249953,0 140.52854383,-3.81605921,0 140.53162761,-3.81497417,0 140.53455910,-3.81527874,0 140.53322661,-3.81940949,0 140.53737639,-3.82226484,0 140.54255409,-3.82885119,0 140.53820206,-3.83467373,0 140.53532291,-3.83676765,0 140.53187269,-3.84257354,0 140.53244376,-3.85192482,0 140.53136698,-3.85222365,0 140.52884431,-3.85089388,0 140.52745312,-3.85138934,0 140.52630232,-3.85702283,0 140.52275172,-3.85897522,0 140.52287977,-3.86105183,0 140.52572966,-3.86171761,0 140.52438202,-3.86586993,0 140.52282352,-3.86650270,0 140.52058924,-3.86591359,0 140.51874164,-3.86701952,0 140.51918957,-3.86792062,0 140.52207757,-3.86843376,0 140.52243302,-3.87163274,0 140.52167996,-3.87266294,0 140.51829731,-3.87318016,0 140.51779418,-3.87578317,0 140.51895608,-3.87760079,0 140.51736647,-3.87943212,0 140.51741677,-3.88455477,0 140.51657311,-3.88448557,0 140.51540388,-3.88217935,0 140.51301787,-3.88103282,0 140.50965582,-3.88530608,0 140.50984507,-3.88664982,0 140.51204821,-3.88860549,0 140.51056463,-3.89103233,0 140.51364922,-3.89346946,0 140.51720079,-3.89483158,0 140.51634418,-3.89690647,0 140.51792415,-3.89852451,0 140.51760054,-3.90037097,0 140.52190260,-3.90141793,0 140.52161707,-3.90305500,0 140.51961832,-3.90465400,0 140.52487217,-3.90800428,0 140.52527192,-3.90926064,0 140.51885689,-3.90948906,0 140.51671278,-3.91484132,0 140.51191426,-3.91350173,0 140.51151280,-3.91247749,0 140.51425568,-3.91146888,0 140.51609712,-3.90804261,0 140.51862554,-3.90740336,0 140.51854817,-3.90606457,0 140.51780132,-3.90567152,0 140.51649359,-3.90550860,0 140.51275851,-3.90745637,0 140.50797747,-3.90781750,0 140.50672428,-3.90515066,0 140.50521140,-3.90418290,0 140.50398717,-3.90510893,0 140.50314025,-3.90991318,0 140.50189962,-3.91109358,0 140.50097386,-3.91015906,0 140.50131171,-3.90792017,0 140.50070161,-3.90646583,0 140.49750367,-3.90484926,0 140.49727535,-3.90798866,0 140.49378258,-3.91018151,0 140.49367252,-3.91174059,0 140.49511130,-3.91400701,0 140.49856717,-3.91218071,0 140.49977306,-3.91279427,0 140.49899904,-3.91833347,0 140.50270921,-3.92143266,0 140.50282257,-3.92369453,0 140.50677624,-3.92622225,0 140.50741033,-3.92790762,0 140.50592228,-3.92826975,0 140.50164990,-3.92589555,0 140.50135957,-3.92359836,0 140.50037928,-3.92257389,0 140.49480274,-3.92470244,0 140.49435455,-3.92611964,0 140.49500290,-3.92844740,0 140.49646302,-3.92945908,0 140.49624887,-3.93552671,0 140.49731962,-3.93562188,0 140.49729583,-3.93414662,0 140.49905663,-3.93476528,0 140.49808105,-3.93919108,0 140.49874730,-3.94121362,0 140.50162645,-3.94456866,0 140.50131712,-3.94747160,0 140.50372037,-3.94835200,0 140.50350622,-3.94530629,0 140.50462457,-3.94352170,0 140.50612363,-3.94587736,0 140.50598086,-3.94659120,0 140.50476734,-3.94628187,0 140.50536220,-3.94837580,0 140.50398212,-3.94966070,0 140.50469595,-3.95082664,0 140.50643296,-3.95113597,0 140.50650434,-3.94870892,0 140.50912175,-3.95006521,0 140.50962144,-3.94835200,0 140.51119188,-3.94744781,0 140.50971662,-3.95253985,0 140.51247679,-3.95096941,0 140.51238161,-3.95587110,0 140.51392826,-3.95546659,0 140.51507040,-3.95406271,0 140.51533214,-3.95518105,0 140.51456385,-3.95630981,0 140.51848368,-3.95419914,0 140.52662487,-3.95193770,0 140.53114775,-3.95238999,0 140.54200266,-3.96656167,0 140.54516867,-3.96701396,0 140.55104842,-3.96369718,0 140.55225452,-3.96369718,0 140.55798350,-3.96746625,0 140.56506934,-3.97560743,0 140.56642621,-3.97621048,0 140.56823536,-3.97621048,0 140.56974298,-3.97515515,0 140.56989375,-3.97138608,0 140.56597392,-3.96686320,0 140.56431553,-3.96339566,0 140.56431553,-3.96053117,0 140.56838612,-3.95450066,0 140.56687849,-3.94877168,0 140.56687849,-3.94470109,0 140.57004451,-3.93791677,0 140.56989375,-3.93580609,0 140.57109985,-3.93294160,0 140.57348138,-3.92969393,0 140.58039692,-3.92917454,0 140.57980363,-3.92747637,0 140.57750743,-3.92602340,0 140.57788168,-3.92478710,0 140.58290297,-3.92741026,0 140.58392911,-3.92662588,0 140.58507125,-3.92110553,0 140.58694619,-3.92227379,0 140.58735096,-3.92505636,0 140.58947649,-3.92706766,0 140.59210628,-3.92590438,0 140.59478584,-3.92729275,0 140.59504981,-3.92817565,0 140.59292014,-3.92853346,0 140.59266237,-3.92958836,0 140.59618031,-3.92878953,0 140.59573123,-3.92995712,0 140.59401802,-3.93052820,0 140.58821214,-3.92976677,0 140.58472975,-3.93073994,0 140.58458606,-3.93229728,0 140.58659410,-3.93291041,0 140.58726907,-3.93430512,0 140.58564211,-3.93545569,0 140.58638430,-3.93746562,0 140.58936250,-3.93640526,0 140.59082423,-3.93745304,0 140.59013528,-3.93889570,0 140.59049912,-3.94015186,0 140.59212868,-3.93963592,0 140.59271468,-3.93844208,0 140.59544570,-3.93976050,0 140.59598799,-3.94010301,0 140.59477906,-3.94131664,0 140.59650741,-3.94340600,0 140.59882274,-3.94344300,0 140.60109449,-3.94494409,0 140.60180100,-3.94328815,0 140.60589981,-3.94458292,0 140.60657526,-3.94560700,0 140.60724318,-3.94521683,0 140.61000438,-3.94781197,0 140.60968498,-3.95087918,0 140.61529419,-3.95465812,0 140.61795821,-3.95408161,0 140.61922365,-3.95809715,0 140.61868098,-3.95972129,0 140.62048567,-3.96045478,0 140.62266601,-3.96017110,0 140.62304046,-3.96178311,0 140.62432436,-3.96190092,0 140.62564095,-3.96350499,0 140.62577650,-3.96863095,0 140.62266565,-3.96933715,0 140.62260938,-3.97023891,0 140.62488990,-3.97209098,0 140.62600962,-3.97569432,0 140.62992049,-3.97857776,0 140.63068027,-3.97751436,0 140.63209649,-3.97818784,0 140.63276690,-3.97721412,0 140.63412960,-3.97705980,0 140.63429793,-3.97423293,0 140.63544305,-3.97174408,0 140.64002056,-3.96849079,0 140.64441015,-3.95872675,0 140.64803285,-3.95872830,0 140.65565878,-3.96064641,0 140.66061695,-3.95873357,0 140.66424289,-3.95069249,0 140.66729516,-3.94667245,0 140.67320647,-3.94495139,0 140.67721259,-3.93939976,0 140.69497247,-3.94098973,0 140.69840423,-3.94156545,0 140.70046702,-3.94277495,0 140.70070218,-3.94088452,0 140.70380879,-3.93686493,0 140.70388990,-3.93566762,0 140.70235852,-3.93216547,0 140.70278810,-3.92848680,0 140.70110300,-3.92526310,0 140.70420838,-3.91984683,0 140.70429952,-3.91323313,0 140.70690764,-3.90870375,0 140.71352116,-3.91214018,0 140.71380689,-3.91290624,0 140.71035860,-3.91452209,0 140.71469874,-3.91707287,0 140.72870900,-3.91400812,0 140.73017475,-3.91237105,0 140.73211639,-3.91697769,0 140.73335371,-3.91811983,0 140.73462910,-3.91821501,0 140.73573317,-3.91669215,0 140.73818878,-3.91838633,0 140.74077763,-3.91800562,0 140.74174845,-3.91880511,0 140.74235759,-3.92291682,0 140.73976874,-3.92354500,0 140.73925478,-3.92466811,0 140.74348070,-3.92514400,0 140.74443248,-3.92670493,0 140.74782084,-3.92872271,0 140.75289385,-3.92875602,0 140.75286529,-3.92975539,0 140.75119491,-3.93109741,0 140.75512102,-3.93649403,0 140.75931839,-3.93262502,0 140.76064375,-3.92719271,0 140.76240455,-3.92823968,0 140.76511714,-3.92845383,0 140.76560493,-3.92781137,0 140.76332064,-3.92601488,0 140.76941206,-3.92503930,0 140.76992365,-3.92569365,0 140.76909084,-3.92695477,0 140.77045903,-3.92812070,0 140.77049472,-3.92947700,0 140.76849597,-3.93155903,0 140.76860305,-3.93233235,0 140.77227932,-3.93289152,0 140.77300505,-3.93541375,0 140.77527744,-3.93398608,0 140.77676460,-3.93619897,0 140.77840643,-3.93613949,0 140.77932252,-3.94012509,0 140.77731188,-3.93945884,0 140.77182791,-3.94235077,0 140.77060249,-3.94388553,0 140.77028126,-3.94574151,0 140.77337456,-3.94829943,0 140.77314851,-3.94904896,0 140.77162566,-3.94846599,0 140.77091182,-3.94900137,0 140.77208965,-3.95177344,0 140.77283918,-3.95258246,0 140.77632509,-3.95324871,0 140.77523168,-3.95453687,0 140.77189737,-3.95460257,0 140.77087231,-3.95585435,0 140.77031695,-3.95866198,0 140.77389804,-3.95860249,0 140.77329128,-3.95652046,0 140.77578971,-3.95524745,0 140.77709842,-3.95574714,0 140.77787174,-3.95713912,0 140.77688427,-3.96036329,0 140.77845471,-3.96054175,0 140.78039397,-3.95823368,0 140.78185926,-3.96006671,0 140.78460358,-3.95630624,0 140.79642628,-3.95152195,0 140.81111039,-3.94003593,0 140.81435202,-3.93869621,0 140.82197883,-3.93793192,0 140.82909421,-3.93538102,0 140.83446853,-3.93252485,0 140.83852117,-3.92725962,0 140.84361619,-3.92486270,0 140.83939114,-3.91829387,0 140.83607578,-3.91651505,0 140.83614564,-3.91487304,0 140.83849037,-3.91109359,0 140.83804768,-3.90922928,0 140.83588989,-3.90792390,0 140.83583406,-3.90665373,0 140.83948392,-3.90494073,0 140.83971797,-3.90315491,0 140.83826181,-3.90293816,0 140.83624801,-3.90436285,0 140.83459090,-3.90440095,0 140.83332621,-3.90263866,0 140.83376879,-3.89985469,0 140.83080556,-3.89906839,0 140.83005683,-3.89992607,0 140.83071357,-3.90320973,0 140.83018245,-3.90413084,0 140.82620211,-3.90199621,0 140.82442655,-3.89898027,0 140.82615928,-3.89752758,0 140.82735853,-3.89502914,0 140.83062005,-3.89238101,0 140.82918362,-3.89152467,0 140.82581067,-3.89435520,0 140.82394756,-3.89442324,0 140.82696304,-3.88858785,0 140.82873272,-3.88748304,0 140.82780662,-3.88668969,0 140.82289365,-3.88740234,0 140.82357756,-3.88637504,0 140.82543354,-3.88597054,0 140.82555179,-3.88510912,0 140.82407599,-3.88317456,0 140.82162640,-3.88255601,0 140.82324309,-3.87972790,0 140.82174481,-3.87734747,0 140.82402004,-3.87733083,0 140.82394634,-3.87361447,0 140.82660518,-3.87301035,0 140.82593301,-3.87155914,0 140.82413205,-3.87079173,0 140.82530133,-3.86849490,0 140.82410746,-3.86649183,0 140.82192205,-3.86544709,0 140.82085376,-3.86644397,0 140.81858129,-3.86584684,0 140.81815299,-3.86823106,0 140.81689732,-3.86584390,0 140.81632782,-3.86718698,0 140.81498354,-3.86718886,0 140.81343331,-3.86604939,0 140.81382814,-3.86429169,0 140.81146441,-3.86325058,0 140.81055775,-3.86393375,0 140.80883026,-3.86229192,0 140.80844479,-3.86053588,0 140.80480421,-3.86102129,0 140.80217502,-3.85988184,0 140.80154911,-3.86166375,0 140.79950828,-3.85863369,0 140.79907229,-3.86051168,0 140.79819407,-3.86026462,0 140.79599542,-3.85804552,0 140.79566355,-3.85646917,0 140.79313174,-3.85715568,0 140.79383965,-3.85513926,0 140.79161298,-3.85462726,0 140.79031329,-3.85670971,0 140.78969766,-3.85520758,0 140.79050829,-3.85365299,0 140.78617111,-3.85244285,0 140.78342954,-3.85363917,0 140.77069943,-3.87065232,0 140.76698747,-3.87365044,0 140.75528052,-3.87422151,0 140.74528678,-3.87964668,0 140.72644145,-3.88607123,0 140.71487727,-3.88692783,0 140.70218867,-3.88619740,0 140.70227582,-3.86549473,0 140.70114728,-3.83874063,0 140.69852253,-3.83423059,0 140.69557253,-3.82658725,0 140.69451205,-3.81947400,0 140.69228199,-3.81624406,0 140.69225764,-3.81093158,0 140.69490751,-3.80877314,0 140.69512056,-3.80677948,0 140.69256233,-3.80308205,0 140.69143330,-3.79962985,0 140.68803118,-3.79604164,0 140.68788176,-3.79335186,0 140.68297039,-3.79149208,0 140.67951694,-3.79296932,0 140.66701696,-3.79030529,0 140.66337486,-3.79246277,0 140.66182828,-3.79440492,0 140.65875467,-3.79489597,0 140.65792709,-3.79600003,0 140.65837427,-3.80187716,0 140.65759687,-3.80311775,0 140.65355657,-3.80561396,0 140.65209679,-3.80543619,0 140.65011301,-3.80075233,0 140.64289690,-3.79367376,0 140.63967626,-3.79215092,0 140.62995136,-3.78483688,0 140.62611001,-3.78380656,0 140.62632174,-3.77105528,0 140.62262318,-3.76883402,0 140.61683992,-3.76921500,0 140.61337180,-3.76603883,0 140.60392670,-3.76096885,0 140.59994214,-3.76126778,0 140.59619866,-3.75787570,0 140.58777356,-3.75506343,0 140.58467843,-3.75460522,0 140.58149947,-3.75752702,0 140.57987127,-3.75796787,0 140.57662568,-3.75636080,0 140.57411569,-3.75704693,0 140.56622467,-3.75641174,0 140.55702741,-3.75003809,0 140.54943290,-3.75227343,0 140.54413280,-3.75117846,0 140.54346963,-3.75231748,0 140.54452462,-3.75423276,0 140.54175281,-3.75493610,0 140.54112530,-3.75674890,0 140.53826232,-3.75654359,0 140.53891109,-3.75869135,0 140.53740560,-3.76035453,0 140.53774242,-3.76296392,0 140.53271088,-3.76566564,0 140.52937113,-3.77448706,0 140.52913010,-3.77988676,0 140.52671164,-3.77814659,0 140.51874196,-3.76870577,0 140.50991133,-3.76412981,0 140.50629006,-3.76077184,0 140.49518374,-3.75767130,0 140.48863228,-3.76247839,0 140.48207739,-3.76236698,0 140.47444978,-3.76070321,0 140.46994440,-3.76253175,0 140.46549277,-3.76289005,0 140.46262381,-3.76653453,0 140.45862629,-3.76645960,0 140.45567539,-3.76458929,0 140.45348959,-3.76192990,0 140.45243395,-3.75312164,0 140.45020962,-3.75000000,0 140.45030930,-3.74866771,0 140.44909979,-3.74803454,0 140.44944456,-3.74687099,0 140.44876509,-3.74591129,0 140.44745271,-3.74562529,0 140.44694765,-3.74648208,0 140.44539448,-3.74520919,0 140.44523914,-3.74651824,0 140.44440741,-3.74665781,0 140.43955978,-3.74366331,0 140.43617459,-3.74432769,0 140.43443873,-3.74227066,0 140.43238673,-3.74381361,0 140.42593941,-3.74251365,0 140.42613913,-3.74547641,0 140.42536341,-3.74461616,0 140.42408296,-3.74625243,0 140.42343800,-3.74324350,0 140.42228391,-3.74322604,0 140.42392801,-3.74169485,0 140.42370088,-3.74094137,0 140.42166897,-3.74061630,0 140.41981873,-3.73835951,0 140.41574289,-3.73668402,0 140.41461376,-3.73697661,0 140.41331247,-3.73564759,0 140.41084284,-3.73675532,0 140.40906575,-3.73529986,0 140.40841151,-3.73311806,0 140.40695357,-3.73271421,0 140.40492356,-3.73431480,0 140.40630344,-3.73641048,0 140.40541912,-3.73740632,0 140.40581091,-3.73900378,0 140.40355613,-3.73891977,0 140.40226918,-3.73575964,0 140.39946479,-3.73391749,0 140.39826680,-3.73495505,0 140.39686337,-3.73877486,0 140.39520240,-3.73976399,0 140.39300754,-3.73957403,0 140.39048719,-3.73675381,0 140.38422194,-3.73652484,0 140.38051645,-3.73866320,0 140.37617892,-3.74339898,0 140.37352799,-3.74469606,0 140.36747860,-3.74340876,0 140.36483135,-3.74505860,0 140.35496148,-3.73993969,0 140.35129846,-3.73897880,0 140.34746081,-3.74221133,0 140.34685978,-3.74544226,0 140.34501520,-3.74646723,0 140.33948421,-3.74580556,0 140.33329651,-3.74807806,0 140.33099904,-3.74634033,0 140.32966592,-3.74652774,0 140.32914656,-3.75000816,0 140.32728388,-3.75371342,0 140.32105659,-3.75432331,0 140.31839663,-3.75293144,0 140.31752021,-3.75071242,0 140.31827734,-3.74962099,0 140.32265642,-3.74833346,0 140.32293326,-3.74642933,0 140.32120617,-3.74357528,0 140.31310240,-3.73911609,0 140.30660900,-3.73285763,0 140.30162315,-3.72938979,0 140.29354627,-3.72557702,0 140.28912588,-3.72075722,0 140.28526195,-3.71791054,0 140.27981300,-3.70575450,0 140.28013733,-3.70315739,0 140.28414845,-3.69567609,0 140.28432647,-3.69264534,0 140.27863829,-3.67957102,0 140.27853117,-3.67382187,0 140.27658586,-3.67187921,0 140.27304261,-3.67023053,0 140.27029872,-3.66997032,0 140.26590496,-3.67140207,0 140.25246309,-3.67345156,0 140.24646369,-3.67242703,0 140.23172466,-3.67459265,0 140.22105729,-3.67479814,0 140.21592664,-3.67874707,0 140.21365289,-3.67961353,0 140.20942756,-3.67925475,0 140.20545525,-3.67765683,0 140.20266602,-3.68174522,0 140.20095259,-3.68604851,0 140.19812060,-3.69724527,0 140.19037644,-3.69893584,0 140.18585145,-3.70079325,0 140.17838127,-3.70731246,0 140.17631787,-3.70822011,0 140.16298579,-3.70773146,0 140.15915662,-3.70619460,0 140.15779065,-3.69948146,0 140.15430101,-3.69719456,0 140.14306909,-3.69589064,0 140.12851588,-3.69686941,0 140.12243411,-3.69366899,0 140.11974559,-3.69078139,0 140.11694779,-3.69223653,0 140.10998715,-3.69197555,0 140.10707329,-3.68891971,0 140.10704761,-3.68260611,0 140.10194285,-3.68211377,0 140.09790726,-3.67824782,0 140.09617134,-3.67839844,0 140.09133665,-3.68375360,0 140.08711182,-3.68264195,0 140.08443358,-3.67939307,0 140.08231741,-3.67504912,0 140.07552819,-3.67066115,0 140.07358747,-3.66439252,0 140.07387929,-3.65854501,0 140.07203803,-3.65810747,0 140.06639366,-3.64973353,0 140.06473085,-3.64910788,0 140.06147975,-3.65087510,0 140.05519903,-3.65846700,0 140.05160856,-3.66577763,0 140.05149721,-3.67037582,0 140.05020373,-3.67339480,0 140.04342687,-3.67406696,0 140.03894684,-3.67041003,0 140.03744525,-3.67381328,0 140.03190320,-3.67504078,0 140.02734039,-3.67509765,0 140.02438169,-3.67813525,0 140.02116720,-3.68003941,0 140.02152067,-3.68320973,0 140.02568522,-3.68731658,0 140.02232598,-3.69001023,0 140.02297456,-3.69284584,0 140.02219645,-3.69489853,0 140.02230214,-3.69829623,0 140.01968177,-3.70152801,0 140.01449454,-3.70371711,0 140.01006874,-3.70376470,0 140.00464357,-3.70243220,0 140.00135992,-3.70105212,0 139.99907055,-3.69755654,0 139.99978947,-3.69353302,0 140.00210226,-3.69240562,0 140.00378419,-3.68933497,0 140.00000003,-3.68392915,0 140.00000003,-3.68123429,0 139.99843570,-3.67960787,0 139.99901706,-3.67715771,0 139.99636396,-3.67490564,0 139.99275726,-3.66640992,0 139.98924159,-3.66147979,0 139.98985286,-3.65928189,0 139.98942705,-3.65747463,0 139.98439638,-3.65685591,0 139.97953490,-3.65420887,0 139.97000030,-3.64108257,0 139.96615081,-3.64050998,0 139.96069826,-3.64176283,0 139.95751388,-3.63941574,0 139.95722168,-3.63633296,0 139.95834813,-3.63143983,0 139.96154479,-3.62818404,0 139.96429955,-3.62329750,0 139.96907567,-3.61975390,0 139.96892774,-3.61554568,0 139.96750588,-3.61266486,0 139.96450418,-3.61160516,0 139.95211010,-3.61249004,0 139.94542005,-3.61383149,0 139.94067645,-3.61588073,0 139.93599803,-3.62241145,0 139.92692204,-3.62444208,0 139.91645977,-3.62441620,0 139.90954899,-3.61987588,0 139.90740801,-3.61764398,0 139.90403851,-3.61667398,0 139.90042148,-3.61724530,0 139.89575742,-3.62110182,0 139.89029109,-3.62212817,0 139.88764432,-3.62008699,0 139.88166970,-3.60824467,0 139.88006003,-3.61117731,0 139.87749334,-3.61084707,0 139.87427991,-3.60901825,0 139.87150894,-3.61057040,0 139.86669823,-3.60967603,0 139.86433791,-3.61241783,0 139.86120294,-3.61372849,0 139.85911904,-3.61345663,0 139.85549148,-3.60950327,0 139.85653549,-3.60797892,0 139.86484857,-3.60317304,0 139.86892830,-3.60266958,0 139.87176711,-3.60403126,0 139.87581815,-3.60122580,0 139.87175844,-3.59629175,0 139.86732067,-3.58844699,0 139.86175401,-3.58493720,0 139.85523072,-3.58450040,0 139.84477023,-3.58730845,0 139.83878530,-3.58808355,0 139.83531795,-3.58667031,0 139.83319008,-3.58351457,0 139.82806744,-3.57883502,0 139.82467869,-3.57742866,0 139.82120246,-3.57740270,0 139.81300780,-3.58260917,0 139.80384822,-3.59155695,0 139.80045889,-3.59245980,0 139.79858011,-3.59078626,0 139.79763363,-3.58862753,0 139.79800773,-3.58277621,0 139.79969415,-3.57939826,0 139.80619741,-3.57313504,0 139.80695041,-3.57037645,0 139.80645519,-3.56696397,0 139.80430884,-3.56540578,0 139.80121172,-3.56500034,0 139.78919542,-3.56765424,0 139.78374012,-3.57003824,0 139.78091554,-3.57006466,0 139.77776250,-3.56853659,0 139.77021794,-3.56184587,0 139.77135777,-3.55651434,0 139.77370803,-3.55114061,0 139.77790131,-3.54868982,0 139.78016123,-3.54518256,0 139.78006575,-3.54270469,0 139.77862757,-3.53927942,0 139.77310399,-3.53117399,0 139.77548600,-3.52898833,0 139.77554700,-3.52605922,0 139.77703204,-3.52692271,0 139.77886133,-3.52681025,0 139.77966322,-3.52554773,0 139.78176556,-3.52607459,0 139.78273603,-3.52155282,0 139.78116785,-3.51867900,0 139.77781401,-3.51537206,0 139.76735169,-3.51151727,0 139.75970259,-3.51016147,0 139.75611285,-3.51045477,0 139.75284257,-3.51441012,0 139.75161801,-3.51833096,0 139.75231073,-3.52375704,0 139.75142072,-3.52632619,0 139.74954918,-3.52793546,0 139.74447589,-3.52926080,0 139.74449822,-3.53052875,0 139.74656796,-3.53177664,0 139.74735165,-3.53329304,0 139.74675554,-3.53583608,0 139.74231057,-3.53847111,0 139.74499468,-3.54224337,0 139.74499185,-3.54434600,0 139.73713010,-3.54835172,0 139.73597600,-3.54565691,0 139.72944719,-3.54583364,0 139.72574774,-3.54407664,0 139.72340980,-3.53448164,0 139.72301078,-3.52691652,0 139.72161695,-3.52367291,0 139.71873500,-3.52162382,0 139.71453847,-3.52247209,0 139.71113843,-3.52505506,0 139.70738948,-3.53812615,0 139.70560114,-3.54103230,0 139.70254634,-3.54279686,0 139.69997670,-3.54261400,0 139.69524115,-3.53975568,0 139.68783735,-3.53025208,0 139.68573818,-3.52903030,0 139.67929057,-3.52863873,0 139.67729059,-3.52952176,0 139.67517107,-3.53179247,0 139.67443255,-3.53438998,0 139.67501656,-3.53710750,0 139.68294782,-3.54646183,0 139.68413260,-3.55041863,0 139.69312611,-3.54863266,0 139.69336135,-3.55000697,0 139.69110616,-3.55148892,0 139.69318207,-3.55650953,0 139.69436899,-3.55676422,0 139.69614437,-3.55499924,0 139.69921705,-3.55868335,0 139.70282524,-3.55917524,0 139.70103679,-3.56242851,0 139.69663565,-3.56168658,0 139.69774927,-3.56387584,0 139.70031824,-3.56339703,0 139.70102730,-3.56402732,0 139.69765591,-3.56626005,0 139.69670859,-3.56985894,0 139.69829486,-3.57049514,0 139.69823566,-3.57312116,0 139.69780176,-3.57429293,0 139.69587720,-3.57507178,0 139.69704087,-3.57746164,0 139.70028479,-3.57596820,0 139.70151977,-3.57964382,0 139.70253891,-3.58051996,0 139.69824272,-3.58151814,0 139.69776956,-3.57966693,0 139.69702558,-3.57953106,0 139.69446435,-3.58372651,0 139.69465622,-3.58454044,0 139.69602441,-3.58458731,0 139.69501095,-3.58562333,0 139.69617863,-3.58692312,0 139.69290441,-3.58973751,0 139.69443604,-3.58997045,0 139.69649079,-3.59173651,0 139.69274634,-3.59309263,0 139.69314107,-3.59403229,0 139.69450653,-3.59425345,0 139.69577678,-3.59700992,0 139.69457759,-3.59755135,0 139.69339134,-3.59594210,0 139.69072129,-3.59539667,0 139.68953435,-3.59994944,0 139.69021500,-3.60081400,0 139.69233713,-3.60114835,0 139.69402049,-3.60618955,0 139.69705840,-3.60762826,0 139.69792404,-3.60898797,0 139.69802863,-3.61004957,0 139.69649182,-3.61079358,0 139.69577983,-3.61237772,0 139.69603198,-3.61533858,0 139.69721853,-3.61688424,0 139.69639106,-3.61975665,0 139.69900238,-3.62317413,0 139.69743742,-3.62577314,0 139.69961375,-3.63156002,0 139.70222206,-3.63355535,0 139.70361420,-3.63730378,0 139.70198127,-3.63947478,0 139.69475384,-3.64396777,0 139.68238934,-3.64793024,0 139.67476292,-3.65138136,0 139.66608750,-3.65851080,0 139.66373952,-3.66155415,0 139.66282297,-3.66431606,0 139.65290711,-3.66384429,0 139.63675196,-3.66453137,0 139.63397210,-3.66199444,0 139.63276849,-3.66465013,0 139.63125975,-3.66568303,0 139.62601909,-3.66419321,0 139.62254147,-3.67145285,0 139.62297372,-3.67637501,0 139.62442169,-3.68025427,0 139.62359333,-3.68561004,0 139.62433429,-3.68730482,0 139.62595180,-3.68807744,0 139.62537613,-3.69240019,0 139.62068414,-3.69825308,0 139.62063194,-3.70018086,0 139.62322233,-3.70598081,0 139.62193645,-3.70974659,0 139.62107158,-3.70958334,0 139.62156850,-3.70692534,0 139.61823410,-3.70666168,0 139.61808174,-3.70943871,0 139.61330804,-3.70951298,0 139.60933384,-3.71100018,0 139.60632652,-3.71434016,0 139.60578918,-3.71791066,0 139.60434302,-3.71973983,0 139.60185323,-3.72647688,0 139.59753366,-3.72781603,0 139.59513432,-3.72718706,0 139.59567634,-3.72258199,0 139.59389635,-3.71846791,0 139.59257717,-3.71227698,0 139.59315746,-3.70826114,0 139.59261128,-3.70513679,0 139.59134928,-3.70475351,0 139.59047342,-3.70329639,0 139.58649523,-3.70239718,0 139.58481063,-3.69961867,0 139.58270615,-3.69986669,0 139.58099932,-3.69576483,0 139.57681601,-3.69481733,0 139.57503938,-3.69575172,0 139.57344850,-3.69478974,0 139.56924566,-3.68902946,0 139.56886712,-3.68634217,0 139.56663744,-3.68424475,0 139.56162555,-3.68202908,0 139.56039451,-3.67903252,0 139.55847029,-3.68182394,0 139.55575872,-3.68108684,0 139.55252760,-3.68151558,0 139.55085537,-3.68036736,0 139.54968037,-3.67720035,0 139.54764972,-3.67708781,0 139.54629229,-3.67529222,0 139.54379689,-3.67408754,0 139.54313755,-3.67126250,0 139.53681739,-3.66957294,0 139.53264516,-3.66559501,0 139.52800872,-3.66757670,0 139.52477843,-3.66738930,0 139.52499686,-3.66447889,0 139.52348749,-3.66471114,0 139.52110323,-3.65973255,0 139.51786298,-3.65728865,0 139.51762109,-3.65500225,0 139.51502160,-3.64942946,0 139.51798734,-3.64742255,0 139.51842966,-3.64566607,0 139.52014315,-3.64396530,0 139.52149726,-3.63983408,0 139.52473649,-3.63866460,0 139.52509215,-3.63585115,0 139.52790316,-3.63351402,0 139.52364148,-3.63111363,0 139.52513797,-3.62844731,0 139.52337235,-3.62557997,0 139.52141266,-3.62446369,0 139.52334838,-3.62219485,0 139.52153815,-3.61932166,0 139.52289825,-3.61702432,0 139.52007066,-3.61571169,0 139.52026377,-3.61381610,0 139.51882790,-3.61166465,0 139.51871982,-3.60780368,0 139.52160077,-3.60616312,0 139.51926376,-3.60495702,0 139.51715073,-3.60024045,0 139.52010522,-3.59869259,0 139.52235623,-3.59590020,0 139.52117908,-3.59341304,0 139.52112571,-3.58958590,0 139.51806985,-3.58665488,0 139.51834403,-3.58377952,0 139.51760047,-3.58109130,0 139.51602206,-3.58065550,0 139.51625421,-3.57767242,0 139.51514633,-3.57714604,0 139.51281177,-3.57768360,0 139.51306750,-3.57451347,0 139.51208595,-3.57425877,0 139.51056019,-3.57568896,0 139.50928463,-3.57308809,0 139.50705991,-3.57225909,0 139.50535492,-3.56865777,0 139.50604377,-3.56707131,0 139.50490069,-3.56265357,0 139.50671417,-3.55877730,0 139.50813744,-3.56063610,0 139.50752967,-3.56366292,0 139.50962494,-3.56183915,0 139.51123821,-3.56210279,0 139.51423193,-3.56104613,0 139.51340742,-3.55880120,0 139.51763009,-3.55552032,0 139.51752076,-3.55355902,0 139.51549962,-3.55366705,0 139.51482952,-3.55263970,0 139.51357880,-3.55357319,0 139.51164840,-3.55161670,0 139.50708777,-3.54552788,0 139.50621531,-3.54248164,0 139.50863081,-3.53710503,0 139.51852424,-3.52941673,0 139.51983746,-3.52498243,0 139.50894998,-3.52362758,0 139.50547276,-3.52245524,0 139.49874920,-3.51634365,0 139.49711901,-3.51113944,0 139.49796688,-3.50671869,0 139.50512328,-3.49773190,0 139.50000003,-3.48899942,0 139.49600066,-3.48694996,0 139.49035803,-3.48889940,0 139.48739962,-3.49069262,0 139.48630986,-3.49280991,0 139.48362093,-3.50289997,0 139.48583614,-3.51225467,0 139.48482541,-3.51850445,0 139.48337158,-3.52028712,0 139.47897768,-3.52305430,0 139.47426753,-3.52281692,0 139.47239367,-3.52207897,0 139.47107056,-3.52014775,0 139.46889597,-3.50751360,0 139.46618681,-3.49857235,0 139.46640305,-3.49330724,0 139.46855023,-3.48934560,0 139.47759907,-3.48529886,0 139.48442841,-3.48050997,0 139.48622395,-3.47659583,0 139.48573792,-3.47081583,0 139.48325123,-3.46736034,0 139.48037582,-3.46577381,0 139.47741829,-3.46160497,0 139.47416178,-3.45976106,0 139.46981758,-3.45929071,0 139.46257570,-3.46039868,0 139.45022292,-3.46432540,0 139.43968733,-3.46339680,0 139.43307212,-3.46004542,0 139.43090601,-3.45787253,0 139.42609706,-3.44796395,0 139.41742379,-3.44315401,0 139.41550020,-3.44280837,0 139.41149595,-3.44474810,0 139.40641919,-3.44524124,0 139.39896933,-3.44444585,0 139.38619895,-3.44109002,0 139.37919575,-3.43679559,0 139.37346041,-3.43593519,0 139.37095413,-3.43689329,0 139.36935195,-3.43968026,0 139.36815332,-3.45172962,0 139.36972046,-3.45544446,0 139.37670386,-3.45908857,0 139.37849227,-3.46080097,0 139.37959473,-3.46453229,0 139.37902195,-3.46770572,0 139.37520535,-3.47232680,0 139.37061597,-3.47491339,0 139.36470328,-3.47681921,0 139.35658894,-3.48287546,0 139.35017739,-3.48398586,0 139.33958341,-3.48417976,0 139.33511122,-3.48122665,0 139.33106100,-3.47500654,0 139.33079226,-3.46904797,0 139.33493061,-3.45890525,0 139.33605837,-3.45324286,0 139.33564699,-3.45097877,0 139.33375147,-3.44787736,0 139.33046399,-3.44605767,0 139.32482544,-3.44590326,0 139.32162688,-3.44804859,0 139.31534908,-3.45713898,0 139.31092981,-3.47202737,0 139.30862704,-3.47341976,0 139.30637421,-3.47367254,0 139.29638347,-3.46858210,0 139.28325420,-3.46780383,0 139.27773168,-3.46533783,0 139.27573802,-3.46363271,0 139.27425537,-3.46202483,0 139.27360518,-3.45940720,0 139.27335640,-3.44680616,0 139.27157461,-3.44278998,0 139.26948438,-3.44151809,0 139.26443716,-3.44131626,0 139.26239030,-3.44256454,0 139.26008358,-3.44617192,0 139.25927723,-3.45039202,0 139.25753074,-3.45334230,0 139.25313649,-3.45418493,0 139.24926790,-3.45255920,0 139.24827902,-3.45000259,0 139.24783410,-3.44305350,0 139.24846600,-3.43708171,0 139.25011026,-3.43291260,0 139.25304091,-3.42929266,0 139.25782991,-3.42644544,0 139.26506029,-3.42569709,0 139.26760265,-3.42736744,0 139.27023698,-3.42712821,0 139.27179065,-3.42490627,0 139.27212671,-3.42278272,0 139.26959137,-3.41869254,0 139.26064334,-3.41763659,0 139.25549457,-3.41776976,0 139.25215057,-3.41878512,0 139.24669839,-3.42252733,0 139.23976321,-3.43059670,0 139.23662043,-3.43301552,0 139.23275488,-3.43462476,0 139.22074371,-3.43679575,0 139.21832661,-3.43840763,0 139.21397040,-3.44421850,0 139.20669598,-3.44897995,0 139.19921315,-3.44848084,0 139.19559582,-3.44645347,0 139.19342771,-3.44402477,0 139.19213231,-3.43891726,0 139.18884650,-3.43179893,0 139.18298149,-3.42693863,0 139.18078468,-3.42675636,0 139.17208379,-3.43223536,0 139.16870215,-3.43327949,0 139.16113963,-3.43253755,0 139.14317184,-3.42788109,0 139.14035960,-3.42577437,0 139.13843577,-3.42197223,0 139.13795937,-3.41865782,0 139.13868972,-3.41241137,0 139.14046645,-3.40902051,0 139.14296596,-3.40635840,0 139.14474935,-3.40148088,0 139.14371954,-3.39299311,0 139.14251923,-3.38951567,0 139.14260755,-3.38539417,0 139.14445444,-3.38059789,0 139.14744042,-3.37591622,0 139.14736502,-3.37324911,0 139.14060622,-3.36027873,0 139.13787624,-3.35728328,0 139.13417878,-3.35533660,0 139.13015766,-3.35435909,0 139.12669577,-3.35548386,0 139.12347325,-3.35765970,0 139.12145512,-3.36113089,0 139.12249033,-3.36551767,0 139.12545435,-3.37231196,0 139.12464060,-3.37707854,0 139.12117178,-3.38163153,0 139.11785409,-3.38279509,0 139.11444913,-3.38274345,0 139.11118139,-3.38125205,0 139.10713673,-3.37621658,0 139.10306783,-3.36441113,0 139.10307910,-3.35857918,0 139.10709220,-3.34171234,0 139.10565115,-3.33624207,0 139.10164938,-3.33257321,0 139.09816688,-3.33198327,0 139.08371821,-3.33516269,0 139.07928316,-3.33149295,0 139.07291148,-3.32382612,0 139.06883173,-3.29789402,0 139.06920233,-3.29388533,0 139.07240388,-3.28951766,0 139.07436457,-3.28886537,0 139.07639545,-3.28945250,0 139.07987162,-3.29324996,0 139.08153342,-3.30229933,0 139.08283581,-3.30434302,0 139.09052297,-3.30727386,0 139.09495050,-3.30699081,0 139.09683908,-3.30611966,0 139.09778545,-3.30459059,0 139.09779073,-3.30182042,0 139.09388922,-3.28997298,0 139.09150225,-3.28581314,0 139.08633437,-3.28183884,0 139.07647098,-3.27853939,0 139.06812299,-3.27686130,0 139.05816066,-3.27633135,0 139.05474666,-3.27800134,0 139.05271047,-3.28018429,0 139.05267735,-3.29033283,0 139.05151155,-3.29273616,0 139.04918688,-3.29397084,0 139.04584835,-3.29411007,0 139.04212470,-3.29308216,0 139.03675299,-3.28806901,0 139.03429999,-3.28650598,0 139.03009326,-3.28533130,0 139.02435687,-3.28706944,0 139.02108667,-3.28939561,0 139.01799446,-3.29968376,0 139.01675687,-3.30164947,0 139.01181837,-3.30353485,0 139.00789932,-3.30367275,0 138.99943841,-3.30106752,0 138.99346747,-3.30927844,0 138.99276894,-3.31272823,0 138.99077684,-3.31346159,0 138.99261322,-3.31448206,0 138.99126945,-3.31653493,0 138.99300824,-3.31784901,0 138.99172142,-3.31999851,0 138.98981953,-3.32067374,0 138.98665188,-3.32020572,0 138.98588165,-3.32343962,0 138.98325229,-3.32549337,0 138.98119699,-3.32564689,0 138.98048740,-3.32677681,0 138.97631040,-3.32514925,0 138.97306654,-3.32526700,0 138.96582897,-3.32932206,0 138.96511191,-3.33164548,0 138.96785305,-3.33910747,0 138.96724390,-3.34261003,0 138.96450276,-3.34611260,0 138.95947734,-3.34824460,0 138.94988336,-3.35022431,0 138.94440108,-3.35296545,0 138.93922337,-3.35616344,0 138.93096257,-3.36403276,0 138.92791686,-3.37149475,0 138.92457877,-3.38942713,0 138.92080347,-3.39189903,0 138.91570480,-3.39282344,0 138.91108932,-3.39494672,0 138.90522632,-3.39898228,0 138.90225676,-3.40324628,0 138.89759651,-3.41333355,0 138.89473232,-3.41266833,0 138.89805595,-3.40588972,0 138.89691500,-3.40423600,0 138.89309696,-3.40289247,0 138.89274206,-3.40483939,0 138.89113696,-3.40585791,0 138.88986125,-3.41099682,0 138.88794390,-3.41373915,0 138.88344359,-3.41471427,0 138.87261518,-3.42568820,0 138.87238675,-3.42294706,0 138.87520243,-3.41410548,0 138.87460765,-3.41215138,0 138.87676691,-3.40803166,0 138.87592792,-3.40630462,0 138.87748370,-3.40449045,0 138.87646929,-3.40202861,0 138.87699894,-3.39959629,0 138.87939363,-3.39656137,0 138.87939188,-3.39363210,0 138.88563333,-3.38038082,0 138.88472514,-3.37756621,0 138.88490742,-3.37451131,0 138.88722972,-3.36878213,0 138.88702665,-3.36576508,0 138.88849300,-3.36031992,0 138.88749070,-3.35662383,0 138.88268836,-3.35275025,0 138.88217545,-3.34712665,0 138.88086084,-3.34384198,0 138.87843585,-3.34312313,0 138.87561044,-3.34015653,0 138.87764060,-3.32936762,0 138.88028381,-3.32315922,0 138.88440935,-3.32033387,0 138.88714910,-3.31684649,0 138.88909335,-3.31592239,0 138.88831862,-3.31161909,0 138.89180024,-3.30938959,0 138.89357681,-3.30045227,0 138.89774725,-3.29680519,0 138.89706778,-3.29623053,0 138.89691092,-3.29373168,0 138.89803561,-3.29161112,0 138.90243728,-3.29130183,0 138.90246708,-3.28959772,0 138.90332421,-3.28888891,0 138.90699182,-3.28826713,0 138.90826833,-3.28665064,0 138.90870071,-3.28423615,0 138.91862220,-3.27937693,0 138.91865741,-3.27875248,0 138.91055798,-3.27309042,0 138.91333213,-3.27126808,0 138.91228635,-3.26896823,0 138.91257916,-3.26686817,0 138.91175741,-3.26387242,0 138.90981864,-3.26087721,0 138.91300903,-3.25258452,0 138.91176539,-3.25485148,0 138.90421636,-3.25628368,0 138.90068084,-3.25627629,0 138.89583340,-3.25453165,0 138.89039991,-3.24929774,0 138.88548355,-3.24119320,0 138.88310499,-3.23116737,0 138.88146765,-3.22777760,0 138.87760821,-3.22545689,0 138.87415491,-3.22553224,0 138.87086347,-3.22684682,0 138.86094860,-3.23459851,0 138.85116495,-3.23449514,0 138.84451883,-3.22812142,0 138.83909058,-3.21767907,0 138.83581070,-3.21354252,0 138.83317985,-3.21353692,0 138.83153138,-3.21551559,0 138.83136066,-3.21848850,0 138.82979002,-3.22253210,0 138.82745898,-3.22500256,0 138.81759060,-3.22622020,0 138.80616799,-3.22380042,0 138.80493975,-3.22148525,0 138.80412570,-3.21253344,0 138.80085522,-3.20410225,0 138.80020828,-3.19906290,0 138.80038014,-3.19416238,0 138.80327576,-3.18557930,0 138.80691158,-3.18117572,0 138.81497254,-3.17912815,0 138.82459189,-3.17881821,0 138.82837756,-3.17692663,0 138.82905857,-3.17527498,0 138.82864810,-3.17260738,0 138.82374185,-3.16899859,0 138.81778978,-3.16803148,0 138.81400790,-3.16871975,0 138.80775373,-3.17167970,0 138.77808521,-3.17810516,0 138.77520367,-3.18008104,0 138.77454016,-3.18280500,0 138.77535586,-3.18577994,0 138.78478920,-3.19546322,0 138.78486360,-3.19909727,0 138.78280284,-3.20165304,0 138.77926709,-3.20197571,0 138.77606553,-3.19982144,0 138.77401795,-3.19626570,0 138.77010056,-3.18296054,0 138.76424486,-3.17764233,0 138.76038575,-3.17548666,0 138.75496223,-3.17448380,0 138.74937058,-3.17521486,0 138.74566610,-3.17760175,0 138.73575248,-3.19139730,0 138.73179930,-3.19469197,0 138.72825441,-3.19922629,0 138.72368051,-3.20924104,0 138.71906497,-3.21459872,0 138.71643322,-3.21508831,0 138.70757857,-3.20441502,0 138.70306533,-3.20077118,0 138.69375649,-3.19635823,0 138.68940223,-3.19519223,0 138.67929222,-3.19467383,0 138.67780884,-3.19632211,0 138.67780159,-3.19954281,0 138.68001144,-3.20384212,0 138.68468520,-3.21155379,0 138.69913916,-3.23083124,0 138.70221736,-3.23741900,0 138.70333436,-3.24123374,0 138.70263565,-3.24777396,0 138.69755015,-3.24960380,0 138.69291685,-3.24880422,0 138.69111072,-3.24739705,0 138.69977226,-3.25520264,0 138.70614177,-3.25531772,0 138.70388033,-3.25968984,0 138.70350761,-3.26306945,0 138.70429211,-3.26476889,0 138.70292938,-3.26680423,0 138.70487843,-3.26703854,0 138.70422471,-3.26817331,0 138.70487212,-3.26966300,0 138.70437392,-3.27125206,0 138.70553169,-3.27407682,0 138.70402139,-3.27633719,0 138.70658545,-3.27716901,0 138.70911155,-3.27628812,0 138.70879865,-3.27813101,0 138.71069624,-3.27967754,0 138.70961043,-3.28513476,0 138.71018663,-3.28851787,0 138.70804177,-3.28989613,0 138.71043542,-3.29276135,0 138.71372304,-3.29404606,0 138.71334455,-3.29620804,0 138.71643141,-3.29802387,0 138.71511080,-3.29968949,0 138.71275379,-3.30022598,0 138.71067382,-3.30413460,0 138.70630171,-3.31890934,0 138.70257496,-3.32739701,0 138.68884729,-3.31556030,0 138.68836474,-3.30939972,0 138.68645561,-3.30494506,0 138.68534062,-3.30504642,0 138.68129554,-3.30968637,0 138.67760737,-3.31230378,0 138.67201564,-3.31063816,0 138.66236050,-3.30993784,0 138.65595314,-3.30448904,0 138.65470866,-3.30211321,0 138.65137741,-3.29997170,0 138.64780822,-3.29211948,0 138.64376314,-3.28926412,0 138.63892445,-3.28207875,0 138.63768066,-3.28139963,0 138.64041255,-3.28044747,0 138.64053365,-3.27814317,0 138.63972465,-3.27542119,0 138.63713556,-3.27491492,0 138.63704199,-3.27200424,0 138.63804188,-3.27151036,0 138.64287255,-3.27218968,0 138.62574780,-3.26846975,0 138.62137568,-3.26816823,0 138.61519441,-3.26590679,0 138.61082230,-3.26304230,0 138.60645018,-3.25203663,0 138.60690247,-3.24781527,0 138.61338526,-3.24238782,0 138.62001882,-3.24284010,0 138.62408941,-3.24072943,0 138.62520829,-3.23919097,0 138.62582478,-3.23538856,0 138.62408941,-3.23092986,0 138.62243102,-3.22972375,0 138.61805891,-3.22896994,0 138.60117349,-3.23379435,0 138.59533955,-3.23238107,0 138.58734456,-3.22857393,0 138.58410850,-3.22305358,0 138.58531761,-3.20507050,0 138.58642006,-3.19936943,0 138.58905778,-3.19297720,0 138.59362634,-3.18859899,0 138.59438777,-3.18669542,0 138.59457813,-3.18041364,0 138.59343599,-3.17851007,0 138.58924813,-3.17660651,0 138.58410850,-3.17984257,0 138.58182422,-3.18060400,0 138.57953993,-3.18003293,0 138.57325816,-3.17203794,0 138.57420994,-3.17013437,0 138.58144350,-3.16613688,0 138.58632716,-3.16627473,0 138.59724312,-3.16880187,0 138.60371526,-3.16899223,0 138.60561883,-3.16823080,0 138.60695132,-3.16651759,0 138.60695132,-3.16442366,0 138.60676097,-3.16213938,0 138.60485740,-3.15814189,0 138.60047919,-3.15319261,0 138.59705277,-3.15071797,0 138.57725565,-3.14748190,0 138.57287744,-3.14614940,0 138.57154494,-3.14424584,0 138.57173530,-3.14028833,0 138.57071877,-3.13716888,0 138.57232388,-3.13316621,0 138.57770138,-3.12767806,0 138.58001876,-3.12705508,0 138.58450496,-3.12776706,0 138.59080348,-3.13236524,0 138.59627011,-3.13286955,0 138.60259833,-3.12717375,0 138.60314419,-3.11493088,0 138.60252041,-3.11131775,0 138.59949000,-3.10829179,0 138.58582579,-3.10195506,0 138.58391814,-3.09513376,0 138.58525064,-3.09342055,0 138.59419741,-3.08770984,0 138.59876598,-3.08314128,0 138.60066955,-3.08218949,0 138.60714168,-3.08257021,0 138.60999703,-3.08542556,0 138.61262742,-3.09044406,0 138.61723060,-3.09570483,0 138.62065702,-3.09817947,0 138.62484487,-3.09817947,0 138.62674844,-3.09722769,0 138.62770022,-3.09494340,0 138.62750987,-3.09075555,0 138.62703259,-3.08884646,0 138.62372017,-3.08486938,0 138.62111855,-3.07876968,0 138.61856309,-3.07057772,0 138.61780167,-3.06410559,0 138.61476501,-3.05754620,0 138.60409597,-3.04925775,0 138.59819491,-3.04278562,0 138.59648170,-3.03878812,0 138.59648170,-3.03250635,0 138.59762384,-3.02812814,0 138.59971776,-3.02451136,0 138.60809346,-3.01822958,0 138.61018739,-3.01404173,0 138.61113918,-3.00661781,0 138.61342346,-2.99824211,0 138.61323310,-2.99386390,0 138.61037775,-2.99100855,0 138.60847418,-2.99081819,0 138.60504775,-2.99329283,0 138.60124062,-2.99843247,0 138.59591062,-3.00147818,0 138.59115170,-3.00071675,0 138.58753492,-2.99843247,0 138.58391814,-2.99310247,0 138.58372778,-2.98320391,0 138.58734456,-2.97539928,0 138.59382057,-2.96896934,0 138.59503789,-2.96653470,0 138.59514920,-2.96321644,0 138.59438777,-2.96131287,0 138.58791564,-2.96055145,0 138.58144350,-2.96169359,0 138.57154494,-2.96093216,0 138.56964138,-2.96017073,0 138.56849923,-2.95826716,0 138.56907030,-2.95198539,0 138.57135459,-2.94855896,0 138.58049172,-2.94189647,0 138.57953993,-2.93789898,0 138.57192566,-2.93352077,0 138.55955246,-2.93123649,0 138.55060569,-2.92552578,0 138.54584677,-2.92038614,0 138.54339177,-2.91971662,0 138.53956499,-2.92076686,0 138.53728071,-2.92514507,0 138.53975534,-2.92952327,0 138.54356248,-2.93104613,0 138.54679855,-2.93371113,0 138.55117676,-2.93447255,0 138.55440829,-2.93599239,0 138.55751991,-2.94157028,0 138.55901909,-2.94766998,0 138.55901909,-2.95336914,0 138.55602074,-2.95487022,0 138.54911995,-2.95227051,0 138.54302025,-2.94766998,0 138.52432060,-2.93737030,0 138.51901817,-2.93577003,0 138.51369276,-2.93613791,0 138.50834646,-2.93904112,0 138.50701396,-2.94056397,0 138.50834646,-2.94208683,0 138.50777539,-2.94418075,0 138.50377789,-2.94913003,0 138.49749612,-2.94893968,0 138.49292755,-2.94779753,0 138.47541472,-2.94665539,0 138.46456438,-2.94322897,0 138.44705154,-2.93218827,0 138.44057633,-2.92429927,0 138.43213362,-2.92701299,0 138.41962032,-2.92535460,0 138.41554973,-2.92610842,0 138.40998635,-2.92907212,0 138.40824497,-2.93372915,0 138.40771007,-2.94842129,0 138.40303643,-2.95611018,0 138.40394101,-2.96259298,0 138.40363948,-2.96696510,0 138.39987042,-2.97148797,0 138.39564906,-2.97148797,0 138.39157847,-2.97028187,0 138.37348695,-2.96048230,0 138.36896407,-2.95927620,0 138.36655187,-2.95761781,0 138.36519501,-2.95188883,0 138.36640111,-2.94751671,0 138.36805950,-2.94600909,0 138.37243162,-2.94631061,0 138.37620068,-2.94796900,0 138.38162814,-2.95158730,0 138.38373881,-2.95550713,0 138.38735712,-2.95867315,0 138.39172923,-2.95822086,0 138.39564906,-2.95656247,0 138.39715669,-2.94827053,0 138.39715669,-2.94615985,0 138.39610135,-2.94419994,0 138.38961856,-2.93786790,0 138.38057280,-2.93198816,0 138.37635144,-2.92716376,0 138.37548088,-2.92475297,0 138.37302115,-2.92659288,0 138.36673937,-2.93553965,0 138.35741189,-2.94315392,0 138.34732297,-2.94372499,0 138.34123155,-2.94696106,0 138.33647263,-2.95438498,0 138.33228478,-2.95781140,0 138.32733550,-2.95724033,0 138.32448015,-2.96047640,0 138.32695479,-2.96218961,0 138.33342692,-2.96161854,0 138.33628227,-2.96809068,0 138.33494977,-2.96923282,0 138.33114264,-2.96504497,0 138.32828728,-2.96732925,0 138.33038121,-2.96961353,0 138.33038121,-2.97075567,0 138.32733550,-2.96961353,0 138.32638372,-2.97227853,0 138.32676443,-2.97627602,0 138.32352836,-2.98065423,0 138.32143444,-2.97970244,0 138.32067301,-2.97798923,0 138.31477195,-2.97760852,0 138.31477195,-2.98027352,0 138.31267802,-2.98160601,0 138.30925160,-2.98122530,0 138.30696731,-2.98522279,0 138.30868053,-2.98979136,0 138.30487339,-2.98864922,0 138.30277946,-2.98922029,0 138.30163732,-2.99074314,0 138.29992411,-2.99093350,0 138.29288090,-2.98979136,0 138.29173876,-2.99207564,0 138.29573626,-2.99550207,0 138.29573626,-2.99797671,0 138.29097734,-3.00026099,0 138.29540409,-3.00946284,0 138.29200050,-3.01330043,0 138.28838372,-3.01577507,0 138.28495730,-3.01691721,0 138.28153088,-3.01634614,0 138.27639124,-3.01691721,0 138.27182267,-3.01406186,0 138.26439876,-3.01406186,0 138.25830734,-3.01710757,0 138.24726664,-3.02586399,0 138.24650521,-3.03024220,0 138.24707628,-3.03157469,0 138.24612450,-3.03462040,0 138.24403057,-3.03652397,0 138.24307879,-3.04147325,0 138.24593414,-3.04470932,0 138.24555342,-3.04737432,0 138.24460164,-3.04889717,0 138.24022343,-3.05022967,0 138.23641629,-3.04775503,0 138.22956345,-3.04737432,0 138.22613702,-3.04870681,0 138.22366238,-3.04870681,0 138.21757096,-3.04737432,0 138.20653026,-3.04166361,0 138.20272313,-3.03880826,0 138.19720278,-3.03119398,0 138.19453778,-3.01805936,0 138.18844636,-3.00778008,0 138.18825600,-2.99921403,0 138.18726846,-2.99445102,0 138.19367235,-2.99379464,0 138.19557592,-2.99236697,0 138.19581387,-2.99022545,0 138.19462414,-2.98855983,0 138.19521900,-2.97609740,0 138.19492157,-2.97401537,0 138.19358312,-2.97237950,0 138.18733704,-2.97178463,0 138.18347042,-2.97312308,0 138.18121764,-2.97184032,0 138.18451881,-2.98316956,0 138.18191719,-2.98657036,0 138.17581749,-2.98576927,0 138.16535677,-2.97261744,0 138.16039527,-2.97077815,0 138.15880498,-2.97103169,0 138.15777506,-2.97272953,0 138.15763997,-2.97874534,0 138.15672456,-2.98089820,0 138.15086731,-2.98401783,0 138.14404295,-2.98413066,0 138.14079597,-2.98314254,0 138.12964274,-2.97722320,0 138.12497770,-2.97698115,0 138.11379348,-2.98591505,0 138.10787310,-2.99485832,0 138.10327839,-2.99732890,0 138.10168766,-3.00027095,0 138.10240519,-3.00421050,0 138.10547302,-3.00676771,0 138.10916455,-3.00732655,0 138.11333866,-3.00629316,0 138.11811103,-3.00378788,0 138.12235071,-3.00085704,0 138.12911078,-2.99411769,0 138.13263582,-2.99229858,0 138.13742401,-2.99147645,0 138.14129948,-2.99180460,0 138.14453788,-2.99376073,0 138.14963752,-3.00021534,0 138.14977871,-3.00269394,0 138.14874699,-3.00454817,0 138.14393706,-3.00752869,0 138.14174798,-3.01024965,0 138.13952963,-3.01633926,0 138.13915590,-3.02308582,0 138.14191597,-3.02856298,0 138.15026923,-3.03383082,0 138.15149387,-3.03681073,0 138.15157922,-3.04004189,0 138.14990936,-3.04340378,0 138.14706950,-3.04585304,0 138.14290064,-3.04685676,0 138.13895707,-3.04609936,0 138.13601492,-3.04421561,0 138.13362373,-3.04129572,0 138.13125720,-3.03188604,0 138.12924436,-3.02906353,0 138.10993294,-3.02325378,0 138.10458760,-3.02349133,0 138.09620441,-3.02719531,0 138.08848398,-3.02954593,0 138.08481556,-3.02908540,0 138.09008516,-3.12718240,0 138.08459622,-3.12808855,0 138.07465869,-3.13134908,0 138.07440770,-3.13438970,0 138.07558800,-3.13472293,0 138.07601571,-3.13774482,0 138.07730492,-3.13874356,0 138.07785999,-3.14120998,0 138.07594978,-3.14515173,0 138.07381654,-3.14691810,0 138.07275619,-3.15019582,0 138.07422087,-3.15240751,0 138.07555298,-3.15264812,0 138.07725831,-3.15724297,0 138.07507245,-3.15991483,0 138.07381707,-3.16369027,0 138.07085205,-3.16646823,0 138.07029893,-3.16782143,0 138.07086293,-3.16790242,0 138.06929204,-3.16974585,0 138.06902857,-3.17407469,0 138.07291693,-3.18228524,0 138.07222868,-3.18374267,0 138.07264658,-3.18453020,0 138.07109993,-3.18557778,0 138.07124804,-3.18768808,0 138.06910405,-3.18941679,0 138.06851910,-3.19153984,0 138.06922707,-3.19404927,0 138.07074967,-3.19508763,0 138.07190644,-3.19804238,0 138.06944585,-3.20350007,0 138.06881480,-3.20383110,0 138.06865920,-3.20324471,0 138.06472287,-3.20692874,0 138.06314849,-3.20707475,0 138.06187831,-3.20968630,0 138.06404569,-3.21223407,0 138.06734077,-3.21218939,0 138.06958627,-3.21371524,0 138.06888852,-3.21652101,0 138.07020126,-3.22061267,0 138.07264014,-3.22192367,0 138.07522750,-3.22573044,0 138.07712078,-3.22634685,0 138.08320956,-3.22312595,0 138.08661364,-3.22505964,0 138.08663128,-3.22634386,0 138.08548506,-3.22758295,0 138.08599234,-3.22889963,0 138.08480549,-3.23077179,0 138.08585754,-3.23511521,0 138.08375242,-3.23602232,0 138.08211729,-3.23503763,0 138.08078804,-3.23999425,0 138.07933029,-3.24072920,0 138.07866512,-3.24309743,0 138.08008345,-3.24434838,0 138.08019143,-3.24741030,0 138.08966029,-3.25325313,0 138.09430696,-3.25909271,0 138.09660682,-3.25945066,0 138.09568491,-3.26241028,0 138.09954440,-3.26340045,0 138.10013525,-3.26963724,0 138.10375433,-3.27047488,0 138.10586048,-3.27209791,0 138.10623631,-3.27392842,0 138.10561213,-3.27562856,0 138.10781147,-3.27929192,0 138.10674611,-3.28214750,0 138.10963211,-3.28512182,0 138.11011013,-3.28693044,0 138.10853196,-3.28968813,0 138.10920713,-3.29283972,0 138.10771194,-3.29425195,0 138.10632174,-3.29915022,0 138.10359741,-3.30359770,0 138.10343464,-3.30648506,0 138.10721121,-3.30663858,0 138.11259124,-3.30454219,0 138.11567294,-3.30136552,0 138.11953046,-3.30102426,0 138.12148058,-3.29848274,0 138.12486187,-3.29784955,0 138.12584268,-3.29457351,0 138.12733662,-3.29454451,0 138.12927826,-3.29585797,0 138.13240755,-3.29500636,0 138.13470373,-3.29673146,0 138.13535808,-3.29833760,0 138.13427543,-3.30074086,0 138.13401369,-3.30546210,0 138.13039459,-3.30923099,0 138.12957599,-3.31239823,0 138.12561370,-3.31888623,0 138.12577431,-3.32154528,0 138.12771357,-3.32579261,0 138.12302771,-3.32544289,0 138.12012477,-3.32325379,0 138.11798326,-3.32273030,0 138.11535966,-3.32284762,0 138.10968854,-3.32681237,0 138.10751133,-3.32593197,0 138.10695216,-3.32335025,0 138.10504859,-3.32383804,0 138.10426337,-3.32609853,0 138.10313312,-3.32659822,0 138.10188390,-3.32622940,0 138.10068228,-3.32446860,0 138.09980188,-3.32645545,0 138.09832661,-3.32514675,0 138.09776744,-3.32605094,0 138.09648253,-3.32530141,0 138.09518572,-3.32572971,0 138.09419825,-3.32469465,0 138.09568541,-3.32484931,0 138.09511434,-3.32399271,0 138.09562592,-3.32305282,0 138.09509054,-3.32210104,0 138.09422204,-3.32277918,0 138.09344872,-3.32214862,0 138.09357959,-3.32018557,0 138.09056957,-3.31955501,0 138.08843995,-3.31730642,0 138.08738109,-3.31775852,0 138.08652448,-3.31624756,0 138.08428779,-3.31667586,0 138.08407364,-3.31753247,0 138.08519199,-3.31862702,0 138.08403795,-3.31847236,0 138.08397846,-3.31960260,0 138.08296719,-3.31906722,0 138.08326462,-3.31733022,0 138.08146813,-3.31797267,0 138.08149192,-3.31649740,0 138.07900539,-3.31597392,0 138.07747063,-3.31631895,0 138.07755392,-3.31796077,0 138.07905298,-3.31884117,0 138.07548378,-3.31888876,0 138.07305673,-3.31999521,0 138.07317571,-3.31893635,0 138.07221203,-3.31798457,0 138.06990395,-3.31860323,0 138.07054640,-3.31779421,0 138.06905924,-3.31590254,0 138.06510933,-3.31543854,0 138.05769731,-3.31942414,0 138.05152261,-3.31953122,0 138.05071360,-3.31887687,0 138.05115380,-3.31798457,0 138.05055893,-3.31700899,0 138.04948817,-3.31699709,0 138.04875054,-3.31542665,0 138.04660903,-3.31568839,0 138.04377747,-3.31332082,0 138.03920217,-3.31149543,0 138.03741023,-3.31582366,0 138.03763866,-3.31810794,0 138.03541149,-3.32062065,0 138.03535438,-3.32838721,0 138.03455488,-3.33015753,0 138.03027185,-3.32958646,0 138.02124399,-3.33088371,0 138.01548112,-3.33518295,0 138.01639483,-3.33689616,0 138.02536064,-3.34454851,0 138.02724518,-3.34563354,0 138.03398381,-3.34649015,0 138.04072244,-3.35848263,0 138.05185832,-3.36322252,0 138.05197254,-3.36390780,0 138.04694711,-3.36716291,0 138.04757529,-3.36996115,0 138.04341910,-3.38190463,0 138.04490626,-3.38410563,0 138.04603651,-3.38862660,0 138.04776162,-3.38910250,0 138.04865391,-3.39064915,0 138.05252054,-3.38928096,0 138.05650614,-3.39088709,0 138.05680357,-3.39273117,0 138.05112170,-3.39539898,0 138.04579856,-3.39481320,0 138.04431140,-3.39594345,0 138.04472780,-3.39820393,0 138.04270526,-3.40123775,0 138.03532893,-3.40635359,0 138.03467458,-3.40914945,0 138.03657815,-3.41640681,0 138.03598329,-3.42199854,0 138.03455561,-3.42491338,0 138.03485304,-3.42574620,0 138.03598329,-3.42580568,0 138.04562010,-3.42366417,0 138.04567959,-3.42830412,0 138.04811854,-3.43704863,0 138.05091440,-3.44145064,0 138.05454308,-3.44448445,0 138.05335335,-3.44977875,0 138.04907032,-3.45995095,0 138.04841597,-3.46572114,0 138.04538216,-3.47226466,0 138.04526318,-3.47506052,0 138.04722624,-3.48160404,0 138.04904628,-3.50304832,0 138.05455711,-3.52213635,0 138.05461422,-3.52704756,0 138.05598479,-3.53321512,0 138.05963964,-3.54125294,0 138.06338015,-3.55747135,0 138.07124665,-3.56715100,0 138.07432250,-3.58032845,0 138.07471511,-3.58575362,0 138.08867065,-3.59599720,0 138.09705825,-3.60070853,0 138.10355418,-3.60292143,0 138.11722418,-3.60317128,0 138.14484972,-3.60138668,0 138.15123858,-3.59842425,0 138.15837696,-3.59717503,0 138.17176143,-3.59810302,0 138.18746587,-3.59756765,0 138.19499686,-3.59856702,0 138.20370569,-3.60963151,0 138.21491295,-3.62020703,0 138.22219410,-3.62363345,0 138.24018283,-3.63419826,0 138.24632184,-3.63805298,0 138.25003380,-3.64262155,0 138.25595866,-3.64508429,0 138.25624830,-3.63497645,0 138.25565344,-3.63090757,0 138.25777494,-3.62616195,0 138.25841154,-3.62679315,0 138.26707971,-3.62763044,0 138.27294765,-3.63538503,0 138.27410241,-3.63988318,0 138.27687746,-3.64568886,0 138.28061688,-3.65061716,0 138.28267051,-3.66415038,0 138.28151957,-3.67083248,0 138.28032854,-3.67313496,0 138.28160287,-3.67383034,0 138.28209193,-3.67788493,0 138.28565431,-3.68044878,0 138.28861269,-3.68595962,0 138.28669552,-3.69103914,0 138.27765173,-3.69601460,0 138.28294295,-3.70197570,0 138.28250523,-3.70397005,0 138.28590651,-3.70510646,0 138.28585639,-3.70289207,0 138.28727408,-3.70074715,0 138.28896739,-3.70117982,0 138.28929178,-3.70250115,0 138.29354900,-3.70481814,0 138.29519452,-3.70384003,0 138.29667253,-3.70522432,0 138.29994342,-3.70371368,0 138.30276491,-3.70488134,0 138.30463348,-3.70375214,0 138.30986461,-3.70701904,0 138.31574560,-3.70718489,0 138.31830670,-3.70914455,0 138.31395316,-3.71275277,0 138.30406763,-3.72923782,0 138.29504130,-3.73211308,0 138.30110893,-3.74014376,0 138.30116841,-3.74305860,0 138.29521976,-3.75281439,0 138.29224544,-3.75352823,0 138.29052033,-3.75489642,0 138.28254913,-3.75501539,0 138.26172885,-3.76143994,0 138.25935801,-3.77431256,0 138.26423454,-3.77538490,0 138.27351189,-3.77538490,0 138.28178215,-3.77638817,0 138.28905296,-3.77463341,0 138.29807854,-3.77413177,0 138.32264519,-3.77438164,0 138.33882587,-3.77064909,0 138.34450356,-3.76421254,0 138.34472187,-3.76213862,0 138.34862884,-3.76516972,0 138.34920014,-3.77470217,0 138.35426969,-3.79317758,0 138.35026753,-3.80244048,0 138.35124159,-3.80408637,0 138.35117284,-3.80773414,0 138.35397069,-3.81565970,0 138.35394007,-3.82564632,0 138.34488622,-3.82936968,0 138.34252546,-3.82916829,0 138.33640729,-3.83341810,0 138.32782217,-3.83455546,0 138.32586016,-3.83577821,0 138.31802117,-3.83775862,0 138.31610382,-3.83275982,0 138.30964147,-3.82848125,0 138.30567022,-3.82762792,0 138.30400486,-3.82622548,0 138.29762209,-3.82646581,0 138.28432410,-3.82136978,0 138.28112214,-3.82178083,0 138.26556372,-3.82733424,0 138.25930884,-3.83139583,0 138.25751249,-3.83428474,0 138.25382572,-3.83675007,0 138.24496652,-3.84088028,0 138.23861582,-3.84908758,0 138.23991641,-3.85676638,0 138.23806988,-3.86492995,0 138.23619225,-3.86907177,0 138.22451476,-3.87810884,0 138.21424700,-3.88522288,0 138.19314104,-3.89489787,0 138.18230284,-3.90087354,0 138.16633077,-3.90571096,0 138.15321084,-3.91111746,0 138.14123179,-3.90912560,0 138.12953794,-3.91168656,0 138.12183712,-3.91111746,0 138.11641802,-3.91197111,0 138.11071371,-3.91054835,0 138.10415375,-3.91168656,0 138.08573380,-3.90798392,0 138.08714747,-3.90610204,0 138.09181999,-3.90372661,0 138.08431276,-3.89611732,0 138.08396288,-3.89403801,0 138.08034675,-3.88983741,0 138.08214141,-3.88686064,0 138.07989594,-3.88470699,0 138.08079134,-3.87584206,0 138.07952689,-3.87326642,0 138.07442972,-3.87514226,0 138.07108411,-3.87472407,0 138.06666471,-3.87538182,0 138.06313889,-3.87706362,0 138.06112894,-3.87661337,0 138.06007395,-3.87808745,0 138.05973413,-3.88245010,0 138.05858434,-3.88571224,0 138.05647324,-3.88776483,0 138.05229044,-3.88708404,0 138.05126855,-3.88595109,0 138.05179414,-3.88517540,0 138.05037118,-3.88371179,0 138.04659140,-3.88322420,0 138.04347129,-3.88391345,0 138.04044126,-3.88184736,0 138.03850805,-3.88249559,0 138.03461188,-3.88078785,0 138.03370574,-3.88107829,0 138.03394356,-3.88209554,0 138.03293835,-3.88195648,0 138.03261977,-3.88102929,0 138.03239568,-3.88184163,0 138.03141050,-3.88172522,0 138.02683513,-3.88444209,0 138.02407886,-3.88463562,0 138.02409588,-3.88551657,0 138.02274462,-3.88655078,0 138.02318395,-3.88745581,0 138.02183760,-3.88708965,0 138.02052594,-3.88830469,0 138.02014584,-3.88771608,0 138.02020253,-3.88875527,0 138.01864742,-3.89055669,0 138.01428548,-3.88977326,0 138.01115354,-3.89382770,0 138.00752967,-3.89478600,0 138.00488744,-3.89685453,0 138.00124610,-3.89706738,0 138.00020441,-3.89991951,0 137.99811781,-3.90139509,0 137.99931220,-3.90214181,0 137.99838121,-3.90335352,0 137.99893623,-3.90529960,0 137.99745455,-3.90578487,0 137.99666508,-3.90861664,0 137.99352776,-3.91016940,0 137.98654253,-3.91142536,0 137.98349635,-3.91600439,0 137.97914838,-3.91651119,0 137.97926476,-3.91813702,0 137.98055460,-3.91884389,0 137.97943300,-3.91878579,0 137.97860230,-3.91992939,0 137.97686497,-3.91924105,0 137.97734623,-3.92023879,0 137.97550979,-3.92138599,0 137.97534862,-3.92273612,0 137.97083874,-3.92440106,0 137.97214128,-3.92585327,0 137.97094524,-3.92891806,0 137.97028261,-3.92924794,0 137.96909577,-3.92781226,0 137.96905381,-3.92874412,0 137.96720656,-3.92968807,0 137.96638546,-3.92929008,0 137.96286071,-3.93225590,0 137.96126878,-3.93856901,0 137.96181150,-3.94271746,0 137.96339158,-3.94442278,0 137.96236185,-3.94617696,0 137.96251531,-3.94832783,0 137.96453259,-3.95135292,0 137.96402527,-3.95435317,0 137.96583315,-3.95505252,0 137.96567200,-3.95640268,0 137.96693781,-3.95739760,0 137.97042422,-3.96370037,0 137.96778499,-3.96648977,0 137.96881896,-3.96802168,0 137.97039746,-3.96782942,0 137.96785652,-3.96964136,0 137.96943253,-3.97033942,0 137.96824175,-3.97087256,0 137.96813443,-3.97201365,0 137.96923847,-3.97143584,0 137.96961052,-3.97206437,0 137.96744797,-3.97284414,0 137.96681361,-3.97183285,0 137.96618905,-3.97343433,0 137.96745560,-3.97340149,0 137.96546118,-3.97526156,0 137.96649143,-3.97559372,0 137.96465788,-3.97638808,0 137.96683356,-3.97731915,0 137.96610613,-3.97828777,0 137.96480545,-3.97768565,0 137.96477811,-3.97963348,0 137.96378466,-3.97984519,0 137.96328536,-3.98085810,0 137.96402518,-3.98117065,0 137.96333234,-3.98166003,0 137.96452695,-3.98220740,0 137.96436655,-3.98129864,0 137.96588392,-3.98077853,0 137.96599518,-3.98234668,0 137.96449765,-3.98248678,0 137.96457242,-3.98452280,0 137.96262535,-3.98502651,0 137.96369376,-3.98581731,0 137.96335896,-3.98662603,0 137.96423857,-3.98574540,0 137.96475128,-3.98658514,0 137.96321677,-3.98716015,0 137.96316546,-3.98804014,0 137.96129705,-3.98750663,0 137.96231716,-3.98931955,0 137.96127473,-3.98973161,0 137.96109137,-3.99075430,0 137.96200979,-3.99078987,0 137.96204585,-3.99145855,0 137.96127864,-3.99220560,0 137.96128333,-3.99131248,0 137.96030043,-3.99132848,0 137.95958224,-3.99270474,0 137.95943800,-3.99164765,0 137.95743355,-3.99265367,0 137.95750457,-3.99435282,0 137.95554313,-3.99308380,0 137.95548110,-3.99412142,0 137.95379308,-3.99456008,0 137.95356275,-3.99390969,0 137.95265950,-3.99527443,0 137.95393127,-3.99597421,0 137.95186802,-3.99665014,0 137.95123468,-3.99769631,0 137.95171372,-3.99804130,0 137.94947809,-3.99904183,0 137.94911473,-4.00016275,0 137.94972459,-4.00163156,0 137.95108049,-4.00107328,0 137.95264251,-4.00189207,0 137.95340565,-4.00152791,0 137.95359108,-4.00274695,0 137.95619260,-4.00173241,0 137.95826584,-4.00206371,0 137.96012197,-4.00075823,0 137.96171059,-4.00338386,0 137.96013244,-4.00367192,0 137.96007069,-4.00607767,0 137.95857292,-4.00634286,0 137.95924225,-4.00840715,0 137.96383918,-4.01100490,0 137.96214159,-4.01266558,0 137.96192368,-4.01482909,0 137.96082695,-4.01497424,0 137.96137385,-4.01601125,0 137.95979171,-4.01686402,0 137.95860943,-4.01605519,0 137.95773402,-4.01728372,0 137.95832978,-4.01770506,0 137.95800629,-4.01869443,0 137.95695206,-4.01760278,0 137.95553603,-4.01837589,0 137.95757743,-4.01984793,0 137.95688046,-4.02074266,0 137.95667923,-4.01986814,0 137.95517938,-4.02039310,0 137.95517249,-4.02103685,0 137.95616541,-4.02045727,0 137.95597577,-4.02151956,0 137.95472910,-4.02199277,0 137.95469378,-4.02114024,0 137.95363298,-4.02078270,0 137.95363336,-4.02216616,0 137.95036993,-4.02289516,0 137.95126616,-4.02360340,0 137.95053820,-4.02485400,0 137.94887714,-4.02538519,0 137.94864729,-4.02423971,0 137.94607952,-4.02499441,0 137.94864451,-4.02730595,0 137.95449659,-4.02692215,0 137.95791402,-4.02897649,0 137.96015298,-4.02935080,0 137.96267524,-4.04220229,0 137.96549388,-4.04486927,0 137.97021134,-4.05187987,0 137.97701834,-4.05806990,0 137.97751848,-4.06041167,0 137.97095603,-4.06251560,0 137.96824885,-4.06431843,0 137.96940776,-4.06876039,0 137.96835126,-4.07278025,0 137.96986686,-4.07534487,0 137.97666407,-4.07878580,0 137.97941267,-4.08176363,0 137.98025423,-4.08403140,0 137.98466878,-4.08688345,0 137.98779162,-4.09019013,0 137.98838206,-4.09320416,0 137.98768521,-4.09786807,0 137.98306222,-4.10302477,0 137.98385696,-4.10909169,0 137.98527321,-4.11063739,0 137.98774024,-4.11159678,0 137.98835700,-4.11362980,0 137.99650272,-4.11803148,0 138.00216774,-4.11777260,0 138.00552691,-4.12049107,0 138.00071814,-4.12130364,0 137.99837414,-4.12091092,0 137.99696913,-4.12206362,0 137.99438062,-4.12249410,0 137.99254838,-4.12144925,0 137.98799688,-4.12152377,0 137.98692515,-4.12013181,0 137.98460874,-4.12203374,0 137.97989089,-4.12143111,0 137.97879646,-4.12212367,0 137.97857713,-4.12429160,0 137.97643673,-4.12672215,0 137.97364817,-4.12664083,0 137.97104824,-4.12811928,0 137.96979546,-4.12997084,0 137.96971932,-4.13262061,0 137.96737032,-4.13471924,0 137.96564506,-4.13786963,0 137.96454940,-4.13824092,0 137.96216686,-4.13673526,0 137.95872590,-4.13844825,0 137.95610309,-4.14378883,0 137.95125213,-4.14536081,0 137.94902219,-4.14752059,0 137.94907540,-4.14902640,0 137.94788989,-4.15034560,0 137.94809672,-4.15109359,0 137.95258987,-4.15271530,0 137.95408102,-4.15420136,0 137.95524433,-4.15970465,0 137.95491947,-4.16452507,0 137.95400953,-4.16567592,0 137.93617545,-4.16402167,0 137.92804918,-4.16072440,0 137.92496994,-4.16245705,0 137.92467209,-4.17462123,0 137.92607882,-4.18413988,0 137.92557492,-4.19035324,0 137.91695373,-4.18827861,0 137.91339361,-4.18869849,0 137.90504921,-4.18772441,0 137.90169857,-4.18493594,0 137.89359692,-4.18157773,0 137.89154137,-4.17800507,0 137.88920403,-4.17715535,0 137.88506154,-4.17791605,0 137.87968570,-4.17707748,0 137.87704407,-4.17831828,0 137.87389196,-4.17752796,0 137.87107890,-4.17866772,0 137.86916199,-4.17999620,0 137.86676088,-4.18375476,0 137.86481282,-4.18482357,0 137.85643554,-4.18594982,0 137.85126342,-4.18862295,0 137.84723126,-4.18934923,0 137.84602601,-4.19273071,0 137.84429915,-4.19377613,0 137.84260869,-4.19375970,0 137.84133035,-4.19081709,0 137.83908414,-4.18851377,0 137.83896992,-4.18602010,0 137.83988364,-4.18350738,0 137.84273899,-4.18088046,0 137.84313874,-4.17848196,0 137.84203467,-4.17537915,0 137.84045471,-4.17459868,0 137.84018821,-4.17357076,0 137.84144456,-4.17094383,0 137.84473784,-4.16834402,0 137.84525170,-4.16584227,0 137.84489002,-4.16342473,0 137.84218696,-4.16085492,0 137.84238964,-4.15696225,0 137.84083245,-4.15007861,0 137.82940500,-4.14534820,0 137.82464608,-4.14207644,0 137.82107689,-4.14207644,0 137.80263607,-4.13493806,0 137.78389781,-4.13300475,0 137.77214922,-4.12794839,0 137.76292881,-4.12765096,0 137.75162637,-4.12482535,0 137.74686745,-4.12259460,0 137.73586437,-4.12067534,0 137.73562699,-4.12458489,0 137.73297008,-4.12747355,0 137.73274166,-4.13137587,0 137.73496883,-4.14169321,0 137.73673915,-4.14390135,0 137.73708179,-4.14917424,0 137.73824297,-4.15126816,0 137.73811329,-4.15559640,0 137.73632869,-4.15744048,0 137.73317591,-4.15764869,0 137.73063821,-4.15674687,0 137.72930571,-4.15783190,0 137.72978161,-4.16082051,0 137.72764961,-4.16455150,0 137.72637422,-4.16508450,0 137.72515593,-4.16879646,0 137.72298587,-4.17139007,0 137.72214354,-4.17488788,0 137.72252901,-4.17651543,0 137.72055882,-4.17804305,0 137.72097284,-4.17991330,0 137.72018762,-4.18259733,0 137.71856007,-4.18386797,0 137.71807466,-4.18545269,0 137.71553339,-4.18638068,0 137.71374880,-4.18994987,0 137.71034222,-4.19199534,0 137.71323379,-4.19152994,0 137.71882816,-4.19707465,0 137.72711147,-4.19915442,0 137.72962219,-4.20265040,0 137.73083234,-4.20698419,0 137.73058988,-4.21209167,0 137.72526580,-4.21639207,0 137.73038955,-4.21634062,0 137.73364465,-4.21879623,0 137.73541497,-4.21879623,0 137.74356090,-4.21679003,0 137.74760599,-4.21268546,0 137.74915264,-4.21203111,0 137.75527975,-4.21536235,0 137.76579221,-4.21559078,0 137.76889502,-4.21758953,0 137.76977066,-4.21913142,0 137.77258795,-4.21791313,0 137.77525294,-4.21819867,0 137.77744205,-4.21943599,0 137.77949790,-4.21907431,0 137.78290529,-4.22063524,0 137.78962489,-4.22002610,0 137.79396502,-4.22061620,0 137.79617316,-4.22187256,0 137.79860973,-4.22143474,0 137.80026584,-4.22271013,0 137.80521512,-4.22234845,0 137.80643340,-4.22444237,0 137.80877479,-4.22453755,0 137.81722664,-4.23169497,0 137.81979645,-4.23283711,0 137.82114799,-4.23257061,0 137.82267084,-4.23367468,0 137.82462176,-4.23586333,0 137.82462851,-4.23776504,0 137.82521260,-4.23349018,0 137.83268718,-4.21167221,0 137.83712840,-4.21141073,0 137.83557270,-4.20972221,0 137.83569528,-4.20814006,0 137.83934747,-4.20723198,0 137.83989474,-4.20608984,0 137.84158416,-4.20538790,0 137.84495110,-4.20682747,0 137.85053331,-4.20549894,0 137.85254277,-4.20802672,0 137.85560038,-4.20957337,0 137.85537195,-4.21122947,0 137.85639036,-4.21327581,0 137.85605723,-4.21702584,0 137.85745636,-4.21898652,0 137.85947414,-4.21981457,0 137.86019749,-4.22491613,0 137.86214865,-4.22796184,0 137.86533614,-4.22953913,0 137.86581204,-4.23101440,0 137.86583107,-4.23370795,0 137.86347065,-4.23606837,0 137.86282343,-4.23813374,0 137.86629745,-4.24407288,0 137.86530759,-4.24757545,0 137.86628793,-4.25261990,0 137.86491736,-4.25389529,0 137.86525334,-4.25713517,0 137.86383994,-4.25866278,0 137.86281201,-4.26325990,0 137.86379711,-4.26591538,0 137.86301189,-4.26779991,0 137.86351157,-4.26944174,0 137.86261214,-4.27076948,0 137.86435390,-4.27388182,0 137.86372573,-4.27650398,0 137.86496991,-4.27776463,0 137.86949447,-4.27299188,0 137.87598849,-4.27664945,0 137.87774023,-4.27686876,0 137.88057406,-4.27584159,0 137.88323104,-4.27326779,0 137.88271198,-4.26900051,0 137.88341102,-4.26757480,0 137.88624087,-4.26818533,0 137.89073305,-4.26664369,0 137.89366275,-4.26705051,0 137.89485741,-4.26631188,0 137.89469881,-4.26426824,0 137.89603722,-4.26429706,0 137.89599307,-4.26325817,0 137.89719792,-4.26255339,0 137.89844296,-4.25914916,0 137.89595406,-4.25552183,0 137.89614618,-4.25308158,0 137.89465894,-4.24668629,0 137.89614558,-4.24330376,0 137.89560527,-4.24141966,0 137.89628249,-4.23954229,0 137.90086633,-4.23565119,0 137.90271880,-4.23053931,0 137.90284185,-4.22305088,0 137.90187961,-4.21519941,0 137.95495470,-4.22037902,0 137.96877215,-4.21989263,0 137.97072369,-4.22205298,0 137.96480515,-4.25546036,0 137.95057467,-4.31729924,0 137.94550847,-4.34745237,0 137.94082555,-4.36503051,0 137.93829563,-4.38086599,0 137.93595380,-4.38954675,0 137.93253848,-4.42514086,0 137.86488537,-4.42392185,0 137.86514177,-4.42776434,0 137.86367971,-4.42969006,0 137.86361921,-4.43227672,0 137.85844421,-4.43877925,0 137.85595114,-4.44421129,0 137.85653645,-4.44603835,0 137.85543977,-4.44834670,0 137.85574525,-4.45163363,0 137.84638912,-4.45751409,0 137.84458913,-4.45981885,0 137.84495455,-4.46139653,0 137.84352283,-4.46686767,0 137.84402939,-4.47358761,0 137.84323607,-4.47577495,0 137.83806482,-4.48021558,0 137.83665727,-4.48394267,0 137.83457330,-4.48568839,0 137.83486256,-4.48680662,0 137.84001909,-4.48922041,0 137.84159238,-4.49323274,0 137.83995843,-4.49569775,0 137.84027413,-4.49886741,0 137.83526567,-4.49740368,0 137.83375389,-4.49999998,0 137.83269498,-4.50604282,0 137.83409260,-4.51457600,0 137.83286420,-4.51860817,0 137.83273700,-4.52272624,0 137.83207918,-4.52541003,0 137.82862306,-4.53024270,0 137.82699157,-4.53585559,0 137.82771765,-4.53889744,0 137.82953766,-4.54131567,0 137.84033514,-4.54456508,0 137.85400842,-4.55185797,0 137.86579921,-4.56276949,0 137.86957325,-4.56732443,0 137.87601887,-4.57188152,0 137.87769431,-4.57276257,0 137.88339698,-4.57237793,0 137.89148690,-4.57502507,0 137.89779311,-4.57903358,0 137.90712075,-4.58307940,0 137.90974368,-4.58695585,0 137.91434657,-4.59034231,0 137.92830536,-4.59391202,0 137.92990474,-4.59499322,0 137.93119796,-4.59921102,0 137.93414418,-4.60201429,0 137.93895653,-4.60231434,0 137.94052688,-4.60311614,0 137.94624770,-4.59855426,0 137.94864233,-4.59917859,0 137.95092234,-4.59867277,0 137.95412524,-4.60062093,0 137.95827654,-4.60039545,0 137.96007492,-4.59882961,0 137.96454032,-4.59817780,0 137.96982727,-4.60058528,0 137.97466360,-4.60007419,0 137.97576191,-4.59934614,0 137.97658529,-4.59683222,0 137.97482366,-4.59428672,0 137.97266490,-4.59338439,0 137.97430709,-4.59093623,0 137.97712190,-4.59049959,0 137.97936725,-4.59130714,0 137.98172748,-4.58889136,0 137.98185581,-4.58755525,0 137.98340509,-4.58670164,0 137.98502618,-4.58886634,0 137.98963058,-4.58985691,0 137.98987529,-4.58905848,0 137.98841148,-4.58777946,0 137.98868622,-4.58594615,0 137.98929045,-4.58696214,0 137.99011898,-4.58583020,0 137.98994576,-4.58695553,0 137.99063644,-4.58744639,0 137.99183962,-4.58626911,0 137.99324603,-4.58835561,0 137.99448712,-4.58603350,0 137.99531448,-4.58824184,0 137.99665966,-4.58767394,0 137.99730175,-4.58826948,0 137.99732890,-4.58972172,0 137.99591173,-4.59191361,0 138.00217261,-4.59309920,0 138.00227534,-4.59167517,0 138.00314581,-4.59182452,0 138.00383823,-4.59251920,0 138.00308977,-4.59365342,0 138.00375908,-4.59561488,0 138.01028469,-4.60074581,0 138.01206645,-4.60100888,0 138.01295607,-4.60276829,0 138.01535291,-4.60424514,0 138.01790722,-4.60461145,0 138.02121136,-4.60361411,0 138.02107261,-4.60502476,0 138.02262504,-4.60452010,0 138.02335979,-4.60571773,0 138.02411460,-4.61061018,0 138.02555540,-4.61032731,0 138.02680261,-4.61132151,0 138.02760284,-4.61062480,0 138.02961171,-4.61221112,0 138.02973667,-4.61065596,0 138.03139041,-4.60976279,0 138.03200607,-4.60817634,0 138.03366635,-4.60837219,0 138.03214886,-4.60578784,0 138.03311312,-4.60291938,0 138.03426631,-4.60255749,0 138.03593596,-4.59995310,0 138.03800647,-4.60002840,0 138.03942091,-4.59540050,0 138.03887434,-4.59367584,0 138.04117275,-4.59219080,0 138.04296379,-4.59263162,0 138.04478266,-4.59196132,0 138.04521133,-4.59543011,0 138.04861947,-4.59337736,0 138.05037784,-4.59369024,0 138.05030467,-4.59532344,0 138.05098023,-4.59531513,0 138.05343434,-4.59366955,0 138.05112882,-4.59149311,0 138.05112254,-4.59032630,0 138.05726287,-4.58874593,0 138.05963469,-4.58732119,0 138.05933405,-4.58455528,0 138.06155120,-4.58406905,0 138.05995306,-4.57946538,0 138.06369681,-4.57619416,0 138.06682638,-4.57581103,0 138.06887542,-4.57138870,0 138.06883526,-4.56743290,0 138.07006808,-4.56533849,0 138.07319632,-4.56546621,0 138.07714944,-4.56406591,0 138.08346242,-4.56536626,0 138.08893518,-4.56679394,0 138.09640976,-4.57227300,0 138.10021586,-4.57380089,0 138.10549945,-4.57362287,0 138.10877580,-4.57472282,0 138.11086881,-4.57775283,0 138.11562280,-4.58159279,0 138.12260950,-4.58357511,0 138.13290766,-4.58892917,0 138.13342679,-4.59218317,0 138.13185864,-4.59668717,0 138.13048153,-4.59824591,0 138.12686178,-4.59981378,0 138.12457273,-4.60553733,0 138.12605990,-4.60903514,0 138.12984324,-4.61018918,0 138.13351386,-4.61222567,0 138.13485914,-4.61389781,0 138.13560154,-4.61639148,0 138.13482107,-4.61966562,0 138.13589302,-4.62324909,0 138.13858895,-4.62524427,0 138.14223428,-4.62962247,0 138.14294812,-4.63367708,0 138.14134109,-4.63812499,0 138.14144377,-4.64276571,0 138.14321711,-4.64924994,0 138.14765351,-4.65400481,0 138.15090147,-4.66194032,0 138.15193654,-4.66683011,0 138.15407805,-4.67127970,0 138.15381791,-4.67600643,0 138.15597996,-4.67761049,0 138.15710473,-4.68042873,0 138.16240141,-4.68067143,0 138.17002520,-4.68439053,0 138.17184549,-4.68731727,0 138.17316609,-4.69227844,0 138.17533982,-4.69442395,0 138.17692088,-4.69793442,0 138.18329477,-4.70336823,0 138.18912711,-4.71142055,0 138.19266365,-4.71347984,0 138.19735975,-4.71367663,0 138.19913891,-4.71199448,0 138.20047959,-4.70915467,0 138.20076678,-4.70382106,0 138.20219012,-4.70288557,0 138.20666533,-4.70295937,0 138.20923515,-4.70909838,0 138.21119820,-4.70945530,0 138.21284449,-4.70724068,0 138.21143230,-4.70601189,0 138.21148812,-4.70507647,0 138.21314916,-4.70399590,0 138.21439885,-4.70154418,0 138.21865820,-4.69897380,0 138.21811232,-4.69752383,0 138.22194150,-4.69241849,0 138.22403016,-4.69165873,0 138.22574268,-4.68938391,0 138.22859061,-4.68986963,0 138.23310276,-4.68619397,0 138.23510073,-4.68622447,0 138.23710362,-4.68500121,0 138.24087578,-4.67344495,0 138.24349025,-4.67003373,0 138.24715052,-4.66913355,0 138.25047804,-4.66965471,0 138.25779857,-4.67363446,0 138.26473882,-4.67552957,0 138.26825648,-4.67813534,0 138.27372311,-4.67846699,0 138.28123379,-4.68064635,0 138.29577979,-4.66775958,0 138.30147350,-4.66509497,0 138.31534161,-4.66516699,0 138.32573944,-4.66753395,0 138.32612851,-4.66923495,0 138.32955085,-4.67275531,0 138.33167839,-4.67945995,0 138.33343019,-4.68224742,0 138.33094944,-4.68646494,0 138.33229209,-4.68834631,0 138.33578724,-4.69064723,0 138.33587096,-4.69423985,0 138.33802716,-4.69690585,0 138.33735401,-4.70058903,0 138.33919118,-4.70626741,0 138.34174657,-4.70818232,0 138.34316786,-4.71154477,0 138.34646683,-4.71259153,0 138.34893485,-4.71747652,0 138.35029321,-4.71868915,0 138.35133508,-4.72176267,0 138.35644135,-4.72723254,0 138.35650216,-4.73264215,0 138.35108734,-4.73913506,0 138.34709469,-4.74231449,0 138.34665688,-4.74470888,0 138.34953108,-4.74576436,0 138.35210801,-4.74448406,0 138.35755496,-4.74536508,0 138.36027633,-4.75103116,0 138.35926014,-4.75295947,0 138.35628750,-4.75462198,0 138.35598224,-4.75641604,0 138.36121278,-4.75567294,0 138.36318173,-4.75630002,0 138.36580737,-4.75895666,0 138.36867075,-4.76392060,0 138.36882398,-4.76623240,0 138.37025403,-4.76629087,0 138.37061132,-4.76779811,0 138.37217451,-4.76722123,0 138.37342820,-4.76811495,0 138.37049238,-4.77314767,0 138.37097915,-4.77420878,0 138.37417986,-4.77485970,0 138.36962775,-4.77726378,0 138.36838138,-4.78097137,0 138.36394555,-4.78352454,0 138.36548608,-4.78560610,0 138.36983022,-4.78652093,0 138.36783147,-4.79156538,0 138.36626102,-4.79311203,0 138.36131175,-4.79377828,0 138.36052652,-4.79577703,0 138.36488094,-4.79765681,0 138.37025852,-4.79720471,0 138.37651650,-4.79939381,0 138.38037123,-4.80205881,0 138.38277448,-4.79934622,0 138.39015081,-4.80036939,0 138.39134054,-4.80172568,0 138.39098362,-4.80477139,0 138.39155469,-4.80588974,0 138.39814580,-4.80655599,0 138.40054869,-4.81186965,0 138.41926389,-4.81092159,0 138.57115154,-4.79345183,0 138.57084191,-4.79225954,0 138.57146057,-4.79175986,0 138.57614811,-4.78961834,0 138.57643365,-4.78773857,0 138.57552945,-4.78650125,0 138.57085078,-4.78633504,0 138.56822743,-4.78425302,0 138.56890557,-4.78321795,0 138.57308153,-4.78189735,0 138.57333137,-4.78046967,0 138.57133262,-4.77804262,0 138.57475905,-4.77650787,0 138.57525874,-4.77557988,0 138.57133262,-4.77229622,0 138.57204646,-4.76583599,0 138.56754928,-4.76476523,0 138.56936957,-4.76119604,0 138.56965510,-4.74945340,0 138.56837020,-4.74845403,0 138.56447978,-4.74809711,0 138.55987552,-4.74574144,0 138.55195191,-4.74327870,0 138.54974663,-4.73787694,0 138.54515146,-4.73633601,0 138.54553650,-4.73423132,0 138.54333595,-4.73254758,0 138.53570664,-4.72043995,0 138.53747102,-4.71620091,0 138.54446831,-4.71256250,0 138.55640934,-4.70361800,0 138.55838683,-4.70376960,0 138.56173336,-4.70604364,0 138.56654497,-4.70754264,0 138.57230536,-4.70718065,0 138.57610823,-4.70589204,0 138.58204072,-4.70005533,0 138.58409427,-4.69906990,0 138.58964647,-4.69869089,0 138.59238454,-4.70035853,0 138.59482463,-4.70380816,0 138.59565172,-4.70768778,0 138.59784497,-4.71124654,0 138.59727826,-4.72097158,0 138.60295323,-4.72386201,0 138.60954070,-4.71896623,0 138.61199789,-4.71827304,0 138.61366229,-4.71881975,0 138.61850574,-4.72336964,0 138.62089424,-4.72380494,0 138.62485979,-4.72306604,0 138.62649013,-4.72171917,0 138.62879279,-4.71619450,0 138.64345702,-4.71715187,0 138.68152560,-4.71733546,0 138.72371850,-4.71945696,0 138.73647871,-4.71885421,0 138.74380230,-4.71489635,0 138.74526064,-4.71206770,0 138.74795401,-4.70960408,0 138.75277941,-4.70882982,0 138.75676390,-4.71154317,0 138.76079380,-4.71192385,0 138.76357677,-4.72102494,0 138.76664284,-4.72291993,0 138.77213324,-4.72273043,0 138.77649019,-4.72411954,0 138.78046696,-4.72425951,0 138.78396061,-4.72617555,0 138.78569610,-4.72464747,0 138.78772843,-4.72427514,0 138.79336842,-4.72559584,0 138.79381722,-4.72391222,0 138.79524729,-4.72255215,0 138.80233757,-4.72803232,0 138.80628977,-4.72673652,0 138.80759742,-4.72722225,0 138.80817580,-4.73199029,0 138.80635051,-4.73849629,0 138.80676056,-4.74163841,0 138.80806932,-4.74349516,0 138.80786123,-4.74489195,0 138.80328167,-4.74767694,0 138.80064065,-4.74802496,0 138.79959299,-4.74926534,0 138.79970707,-4.76114631,0 138.80439232,-4.76568950,0 138.80759254,-4.76700090,0 138.81125016,-4.76568025,0 138.81549331,-4.76145037,0 138.82133792,-4.74752630,0 138.82451108,-4.73759460,0 138.83116896,-4.73397830,0 138.83190838,-4.72937346,0 138.83324220,-4.72792274,0 138.83992095,-4.72802173,0 138.84216018,-4.72538801,0 138.84484928,-4.71927304,0 138.84600898,-4.71430142,0 138.84583181,-4.70989972,0 138.84756656,-4.70397310,0 138.85024197,-4.70225917,0 138.85428137,-4.70158240,0 138.85678943,-4.70606428,0 138.86493893,-4.71052881,0 138.86542314,-4.71435744,0 138.86671343,-4.71654287,0 138.87494467,-4.71928540,0 138.88075953,-4.72638346,0 138.88515046,-4.72505737,0 138.89453052,-4.72642545,0 138.89914170,-4.72797034,0 138.90262449,-4.73189523,0 138.90723558,-4.73332050,0 138.91021660,-4.73922207,0 138.92141232,-4.74720255,0 138.92525070,-4.75254713,0 138.92924695,-4.75370843,0 138.92967576,-4.75515178,0 138.93126700,-4.75541709,0 138.93155766,-4.75639209,0 138.93264287,-4.75596492,0 138.93544978,-4.75840962,0 138.93468531,-4.75919109,0 138.94147255,-4.75903254,0 138.94057075,-4.76074655,0 138.94269417,-4.76377416,0 138.94899411,-4.76448863,0 138.95285943,-4.76016893,0 138.95749610,-4.76069965,0 138.95912883,-4.75684112,0 138.96413334,-4.75814519,0 138.97484950,-4.75698266,0 138.97892318,-4.75727020,0 138.98013317,-4.75771878,0 138.98048187,-4.75936667,0 138.97944671,-4.76110893,0 138.98213608,-4.76120868,0 138.98246589,-4.76193303,0 138.97822606,-4.76553442,0 138.97883537,-4.76641166,0 138.98244711,-4.76813696,0 138.98220147,-4.76880674,0 138.98711968,-4.77078272,0 138.98772636,-4.77003707,0 138.98972645,-4.77103041,0 138.98808693,-4.77261980,0 138.97710797,-4.77518315,0 138.97510694,-4.77651726,0 138.97238541,-4.77665558,0 138.96604054,-4.77978497,0 138.96336113,-4.78344351,0 138.96028935,-4.78358021,0 138.95784712,-4.78575666,0 138.95525840,-4.78631415,0 138.95448489,-4.78911032,0 138.95271172,-4.79153720,0 138.95001046,-4.79329735,0 138.95006651,-4.79529636,0 138.94743534,-4.80097318,0 138.94512725,-4.80285989,0 138.94632389,-4.81017288,0 138.94923988,-4.81221457,0 138.94898719,-4.81369483,0 138.94693367,-4.81559182,0 138.94341953,-4.81612237,0 138.93987476,-4.81849344,0 138.93814849,-4.82188926,0 138.93628475,-4.82291327,0 138.93433551,-4.82541349,0 138.93449923,-4.82626041,0 138.93227825,-4.82697083,0 138.93254572,-4.83160706,0 138.93382191,-4.83120533,0 138.93530432,-4.83184826,0 138.93565468,-4.82901913,0 138.93792890,-4.82840224,0 138.94002135,-4.83137424,0 138.94152139,-4.83098734,0 138.94316481,-4.83254148,0 138.94375252,-4.83435306,0 138.94451902,-4.83456146,0 138.94402191,-4.83585186,0 138.94478523,-4.83523823,0 138.94508936,-4.83598991,0 138.94760549,-4.83567425,0 138.94838608,-4.83641131,0 138.94956803,-4.83491183,0 138.95231031,-4.83397840,0 138.95484939,-4.83410561,0 138.95809951,-4.83608857,0 138.95965934,-4.83524632,0 138.96265149,-4.83570105,0 138.96560131,-4.83443250,0 138.96640932,-4.83293643,0 138.97108383,-4.83231044,0 138.97392020,-4.83267249,0 138.97584798,-4.83485833,0 138.97948129,-4.83305925,0 138.98775960,-4.83475957,0 138.99168168,-4.83350372,0 138.99403563,-4.83364367,0 138.99521664,-4.83511888,0 139.01212424,-4.84298971,0 139.01471495,-4.84118200,0 139.01659358,-4.83850835,0 139.01918968,-4.83955325,0 139.02098350,-4.83905941,0 139.02181603,-4.83768940,0 139.02990066,-4.84046327,0 139.03086094,-4.84279386,0 139.03239771,-4.84306906,0 139.03544742,-4.84596538,0 139.03753072,-4.84642768,0 139.03906830,-4.84941237,0 139.03928466,-4.85262538,0 139.04930273,-4.86522076,0 139.05297834,-4.85831840,0 139.05231772,-4.85588278,0 139.04858397,-4.85193558,0 139.04908048,-4.84845868,0 139.05336715,-4.84516440,0 139.06172948,-4.84418558,0 139.06517935,-4.84179770,0 139.06790309,-4.83688398,0 139.06800126,-4.83095170,0 139.06927891,-4.82715972,0 139.07189112,-4.82340458,0 139.07581459,-4.81996471,0 139.07977655,-4.81830184,0 139.08542400,-4.82042193,0 139.08794486,-4.82423100,0 139.08931728,-4.82804054,0 139.09171779,-4.83019573,0 139.09478452,-4.83024850,0 139.09733079,-4.82810047,0 139.09772852,-4.82541961,0 139.09657413,-4.82108702,0 139.09726519,-4.81748256,0 139.10056254,-4.81411505,0 139.10769383,-4.81167732,0 139.09367811,-4.80093626,0 139.09776250,-4.79435311,0 139.10240657,-4.78212905,0 139.11417101,-4.76704209,0 139.12272841,-4.76308469,0 139.13359396,-4.75209033,0 139.14978519,-4.74692820,0 139.15589269,-4.74587277,0 139.16460276,-4.74176194,0 139.16810138,-4.73893099,0 139.16957596,-4.73529383,0 139.17267561,-4.73179955,0 139.17754772,-4.72894151,0 139.18751158,-4.72528907,0 139.19239266,-4.71893796,0 139.20170068,-4.71994484,0 139.20166742,-4.72236540,0 139.20416184,-4.72260466,0 139.20474227,-4.72357886,0 139.20145124,-4.72431500,0 139.19383197,-4.72362765,0 139.19406803,-4.72446806,0 139.19835633,-4.72602951,0 139.20619000,-4.72612515,0 139.20706363,-4.72762339,0 139.20670551,-4.72848435,0 139.20551300,-4.72929389,0 139.19297188,-4.72785288,0 139.19073450,-4.72902323,0 139.19146024,-4.73024795,0 139.19083294,-4.73256546,0 139.19248347,-4.73340773,0 139.19486587,-4.73276237,0 139.19420189,-4.73508534,0 139.19875239,-4.73679866,0 139.20153135,-4.73688621,0 139.20166272,-4.73887904,0 139.19411332,-4.73930078,0 139.18666381,-4.73815917,0 139.18435939,-4.73888576,0 139.17853628,-4.74485651,0 139.17815545,-4.74816244,0 139.17915110,-4.75044612,0 139.17860633,-4.75207098,0 139.17577509,-4.75210408,0 139.17255417,-4.75466279,0 139.16730596,-4.75667268,0 139.16656798,-4.75879502,0 139.16848812,-4.76496850,0 139.16775049,-4.76763350,0 139.16556139,-4.76858528,0 139.16299192,-4.76819731,0 139.16266474,-4.76882192,0 139.16069187,-4.78494233,0 139.15930227,-4.78629386,0 139.15941648,-4.78964415,0 139.16166583,-4.79243154,0 139.16222025,-4.79576993,0 139.16113981,-4.80327903,0 139.16213893,-4.80802426,0 139.16160402,-4.81241104,0 139.16452303,-4.81999498,0 139.16802084,-4.82302879,0 139.16959128,-4.82938195,0 139.16783721,-4.83551879,0 139.15765307,-4.83071641,0 139.16254961,-4.83487285,0 139.16166933,-4.84292737,0 139.15771104,-4.84508268,0 139.15480463,-4.85098193,0 139.15115202,-4.85297886,0 139.15165869,-4.85742823,0 139.14918736,-4.86179502,0 139.14981593,-4.86370392,0 139.14955762,-4.86588704,0 139.14839914,-4.86677269,0 139.14889986,-4.86931002,0 139.14692346,-4.87065464,0 139.14707490,-4.87183118,0 139.14572826,-4.87367102,0 139.14607561,-4.87522728,0 139.14778106,-4.87616122,0 139.14837816,-4.87906897,0 139.14314415,-4.88304559,0 139.14248215,-4.88496260,0 139.13881003,-4.88815506,0 139.13856020,-4.89109593,0 139.13718054,-4.89202205,0 139.13839721,-4.89311080,0 139.13798555,-4.89495591,0 139.13895534,-4.89642773,0 139.13750338,-4.89792252,0 139.13779571,-4.89975101,0 139.13640343,-4.90016641,0 139.13397302,-4.90321029,0 139.13112598,-4.90454951,0 139.12986058,-4.90637868,0 139.12779885,-4.90654233,0 139.12683286,-4.90768430,0 139.12575169,-4.91045373,0 139.12652096,-4.91240158,0 139.12557567,-4.91356013,0 139.12576687,-4.91699826,0 139.12474308,-4.91802587,0 139.12213627,-4.91802216,0 139.12065142,-4.91921778,0 139.12080215,-4.92011916,0 139.12170131,-4.91979718,0 139.12122446,-4.92196668,0 139.12263777,-4.92204360,0 139.12241466,-4.92321862,0 139.12424236,-4.92462346,0 139.12160936,-4.92590294,0 139.12045933,-4.92730511,0 139.12073395,-4.92860558,0 139.11918273,-4.92882291,0 139.11953555,-4.92755452,0 139.11850932,-4.92716212,0 139.11725832,-4.93011135,0 139.11599891,-4.92852502,0 139.11515142,-4.92985044,0 139.11380563,-4.93010509,0 139.11453694,-4.93109818,0 139.11344990,-4.93190866,0 139.11290163,-4.93114197,0 139.11187111,-4.93131338,0 139.11239810,-4.93049486,0 139.11039185,-4.93028873,0 139.11035584,-4.92965586,0 139.10853668,-4.93038550,0 139.10944551,-4.93127728,0 139.10912899,-4.93216869,0 139.11051744,-4.93158944,0 139.10817673,-4.93374059,0 139.10972844,-4.93403370,0 139.10895243,-4.93497042,0 139.10688485,-4.93365010,0 139.10492387,-4.93417581,0 139.10537806,-4.93658653,0 139.10407819,-4.93711769,0 139.10525965,-4.93855675,0 139.10371846,-4.93929358,0 139.10521741,-4.93975948,0 139.10494053,-4.94171634,0 139.10561064,-4.94246556,0 139.10292927,-4.94190801,0 139.10281873,-4.94278418,0 139.10429832,-4.94323781,0 139.10420758,-4.94477469,0 139.10237325,-4.94749501,0 139.10176030,-4.94620739,0 139.10088956,-4.94682697,0 139.10163102,-4.94753310,0 139.10029356,-4.94755008,0 139.10035155,-4.94905822,0 139.09775368,-4.94829053,0 139.09954825,-4.94964952,0 139.09860825,-4.95072936,0 139.09804076,-4.94997230,0 139.09712692,-4.95055381,0 139.09784711,-4.95259904,0 139.09564500,-4.95181424,0 139.09620143,-4.95098948,0 139.09496924,-4.94970183,0 139.09464653,-4.95093008,0 139.09378795,-4.95105747,0 139.09422779,-4.95204026,0 139.09262213,-4.95016921,0 139.09214866,-4.95146650,0 139.09134403,-4.95063364,0 139.09069265,-4.95096398,0 139.09111494,-4.95176552,0 139.08994807,-4.95124269,0 139.08954437,-4.95345719,0 139.08891704,-4.95379966,0 139.08848636,-4.95278066,0 139.08803290,-4.95444341,0 139.08459451,-4.95323449,0 139.08495590,-4.95217548,0 139.08387256,-4.95192772,0 139.08363223,-4.95329419,0 139.08196087,-4.95441561,0 139.08242692,-4.95135447,0 139.08143930,-4.95249267,0 139.07961841,-4.95287727,0 139.07972437,-4.95403832,0 139.07851783,-4.95286308,0 139.07852062,-4.95472257,0 139.07756416,-4.95580602,0 139.07663134,-4.95491592,0 139.07660413,-4.95670698,0 139.07522263,-4.95651068,0 139.07545314,-4.95776900,0 139.07377276,-4.95808404,0 139.07421868,-4.95933521,0 139.07350623,-4.95996688,0 139.07442971,-4.96140150,0 139.07541140,-4.96105006,0 139.07559767,-4.96166920,0 139.07294027,-4.96156695,0 139.07253368,-4.96335036,0 139.07136408,-4.96238673,0 139.07058956,-4.96275554,0 139.06992435,-4.96425180,0 139.07202266,-4.96499314,0 139.06919417,-4.96648594,0 139.07008508,-4.96846175,0 139.07124573,-4.96801635,0 139.07129304,-4.96914034,0 139.07243975,-4.96888482,0 139.07322236,-4.97213610,0 139.07698271,-4.97426349,0 139.07590614,-4.97524961,0 139.07672543,-4.97674654,0 139.07547876,-4.97871038,0 139.07818873,-4.98559080,0 139.07763266,-4.98630639,0 139.11542916,-4.98998857,0 139.22786235,-4.99856633,0 139.45196968,-5.00396404,0 139.46889015,-5.00114527,0 139.47897005,-5.00040307,0 139.49820609,-5.00226594,0 139.51868983,-5.01810504,0 139.54870742,-5.03922932,0 139.57922109,-5.05269670,0 139.62155062,-5.05881554,0 139.66653794,-5.06293246,0 139.88793505,-5.06332738,0 139.90816457,-5.06227191,0 139.92746276,-5.05946266,0 139.93091305,-5.06028341,0 139.95353867,-5.05802797,0 139.96476533,-5.05866014,0 139.97879671,-5.05662789,0 139.98742860,-5.05749385,0 139.98347030,-5.08990154,0 139.98268980,-5.09040800,0 139.97740739,-5.08886135,0 139.97095905,-5.08940863,0 139.96565286,-5.08317444,0 139.96305924,-5.08210368,0 139.95603983,-5.08415002,0 139.94890145,-5.08422140,0 139.94252449,-5.08745747,0 139.93752763,-5.08824269,0 139.93284009,-5.09066974,0 139.92884905,-5.09065237,0 139.93137502,-5.10352045,0 139.93404002,-5.11046848,0 139.93489663,-5.11798757,0 139.93708573,-5.12350792,0 139.93718091,-5.14046872,0 139.93803752,-5.14475175,0 139.94279644,-5.15712495,0 139.94536626,-5.16216941,0 139.94767604,-5.16487743,0 139.94555965,-5.16749924,0 139.94539497,-5.17005819,0 139.94207328,-5.17204884,0 139.94113966,-5.17649300,0 139.94152767,-5.17994402,0 139.94065529,-5.18257269,0 139.93665455,-5.18416667,0 139.93384596,-5.18699007,0 139.93237577,-5.19147820,0 139.91888389,-5.20532144,0 139.90940935,-5.19960526,0 139.89891593,-5.18968291,0 139.89206278,-5.18548982,0 139.88765300,-5.18375730,0 139.88658003,-5.17674799,0 139.88343914,-5.16611180,0 139.88151178,-5.16204292,0 139.87296799,-5.14945634,0 139.87028396,-5.15057944,0 139.86870400,-5.14844744,0 139.86769510,-5.14833323,0 139.86206054,-5.15151219,0 139.86109888,-5.15006119,0 139.85744403,-5.15117478,0 139.85578792,-5.14917604,0 139.85376964,-5.15044504,0 139.85143777,-5.14988825,0 139.85057164,-5.14863665,0 139.84516451,-5.15383459,0 139.84413352,-5.14895876,0 139.84321630,-5.14843875,0 139.84186837,-5.15010408,0 139.83653031,-5.15331352,0 139.83129550,-5.15450325,0 139.82742888,-5.15920269,0 139.82162447,-5.16144584,0 139.82054592,-5.16339836,0 139.82037920,-5.16483059,0 139.91027832,-5.21179199,0 139.92211914,-5.21710205,0 139.94329834,-5.22149658,0 139.97167969,-5.22277832,0 139.97677219,-5.22077404,0 139.97933081,-5.21882462,0 139.98028259,-5.20312017,0 139.97362010,-5.16838004,0 139.96754293,-5.14550951,0 139.97062060,-5.14335673,0 139.97078372,-5.14002176,0 139.97596154,-5.13193070,0 139.98047402,-5.11863405,0 139.98329970,-5.09180822,0 139.99407273,-5.10093190,0 140.00290129,-5.10515815,0 140.02313968,-5.11693917,0 140.03590172,-5.12818189,0 140.04373446,-5.13960481,0 140.04391292,-5.14064582,0 140.04080070,-5.14462430,0 140.04107956,-5.14589586,0 140.04394753,-5.14815780,0 140.04364523,-5.14930111,0 140.04165947,-5.15016221,0 140.04104857,-5.15201741,0 140.04355600,-5.15545796,0 140.04170800,-5.15874852,0 140.04216294,-5.16261302,0 140.03955528,-5.16482516,0 140.03769658,-5.16851526,0 140.04202017,-5.17310645,0 140.03858888,-5.17972847,0 140.03926869,-5.18270240,0 140.04571533,-5.17871094,0 140.06707764,-5.15899658,0 140.10607910,-5.14947510,0 140.12030029,-5.15130615,0 140.08831787,-5.09161377,0 140.06408691,-5.05657959,0 140.06002342,-5.04945375,0 140.07932009,-5.04332116,0 140.09129743,-5.04199117,0 140.09374603,-5.04101876,0 140.09597298,-5.03821726,0 140.10379082,-5.03499876,0 140.10825917,-5.02999514,0 140.10990112,-5.02933003,0 140.11188201,-5.03381091,0 140.10930597,-5.04089955,0 140.10971109,-5.04318088,0 140.11129621,-5.04491373,0 140.10899998,-5.04688192,0 140.10840461,-5.04949330,0 140.11055410,-5.05095019,0 140.11180071,-5.05510217,0 140.11185258,-5.05314604,0 140.11375708,-5.05180068,0 140.11765891,-5.05152895,0 140.12169703,-5.05468522,0 140.12367890,-5.05516763,0 140.12648443,-5.05377086,0 140.13110728,-5.05470249,0 140.13184021,-5.05375969,0 140.13144761,-5.05185485,0 140.13255601,-5.05104072,0 140.13805652,-5.05303065,0 140.14016965,-5.05487846,0 140.14122438,-5.05197170,0 140.14334565,-5.04954327,0 140.14471324,-5.05013100,0 140.14544035,-5.04939926,0 140.14891779,-5.04937670,0 140.15098508,-5.05020720,0 140.15225848,-5.04787004,0 140.15413992,-5.04648892,0 140.15556151,-5.04582139,0 140.15771705,-5.04610008,0 140.16010558,-5.04407695,0 140.16244667,-5.04386288,0 140.16254003,-5.04492586,0 140.16435419,-5.04411409,0 140.16448365,-5.04515450,0 140.16552951,-5.04556743,0 140.16612708,-5.04382690,0 140.16818778,-5.04421399,0 140.16818489,-5.04293402,0 140.16881391,-5.04483894,0 140.17046488,-5.04466918,0 140.17149475,-5.04345837,0 140.17105357,-5.04281105,0 140.17215007,-5.04240991,0 140.17415583,-5.04343462,0 140.17536126,-5.04606393,0 140.17778570,-5.04414479,0 140.17546963,-5.04239604,0 140.17835300,-5.04134587,0 140.18266893,-5.04164981,0 140.18558674,-5.03829300,0 140.18676651,-5.03982320,0 140.18878755,-5.03946842,0 140.19433402,-5.04038441,0 140.19217864,-5.04361558,0 140.19391528,-5.04346848,0 140.19670579,-5.04456647,0 140.19799202,-5.04391676,0 140.19807575,-5.04552248,0 140.20014447,-5.04675073,0 140.20271621,-5.04604380,0 140.20336411,-5.04734266,0 140.20425262,-5.04736184,0 140.20462740,-5.04884425,0 140.20634966,-5.04955124,0 140.20876451,-5.05011737,0 140.21069155,-5.04906106,0 140.21168140,-5.04951863,0 140.21270067,-5.05059451,0 140.21416746,-5.05523197,0 140.21526202,-5.05586253,0 140.21793891,-5.05617186,0 140.22308599,-5.05451888,0 140.22508919,-5.05172227,0 140.23622031,-5.04723460,0 140.23797092,-5.04749401,0 140.24275190,-5.05263787,0 140.25612383,-5.05922422,0 140.25723529,-5.06089294,0 140.25513726,-5.06417633,0 140.25645971,-5.06861624,0 140.25535741,-5.07012886,0 140.25597128,-5.07376637,0 140.25746133,-5.07565146,0 140.25967614,-5.07584114,0 140.26198103,-5.07744638,0 140.26262978,-5.08108216,0 140.26540343,-5.08449568,0 140.26980188,-5.08807722,0 140.27060086,-5.09649696,0 140.27354865,-5.09924791,0 140.27902461,-5.11485521,0 140.28200425,-5.11756018,0 140.28437369,-5.12180065,0 140.28379025,-5.12261616,0 140.28235225,-5.12258120,0 140.27879971,-5.11905200,0 140.27709851,-5.11844146,0 140.27517325,-5.11901606,0 140.27498108,-5.12191179,0 140.27617570,-5.12534893,0 140.27538027,-5.12650966,0 140.26954500,-5.12973120,0 140.26814363,-5.13349530,0 140.26931428,-5.13540079,0 140.27389427,-5.13851247,0 140.27605607,-5.13770343,0 140.27933556,-5.13458623,0 140.28525874,-5.13739070,0 140.28699871,-5.13554008,0 140.28940585,-5.12968208,0 140.29101610,-5.12942836,0 140.29468343,-5.13084036,0 140.29703197,-5.13387898,0 140.29599806,-5.13960460,0 140.30171503,-5.14041781,0 140.30355129,-5.14230876,0 140.30255766,-5.14377202,0 140.29655209,-5.14645129,0 140.29509825,-5.14829911,0 140.29516591,-5.15100672,0 140.29755997,-5.15570131,0 140.29954539,-5.15633897,0 140.30428726,-5.15504165,0 140.31010636,-5.15757212,0 140.31107909,-5.16043218,0 140.31000201,-5.16486102,0 140.31466016,-5.16783722,0 140.31599564,-5.16971434,0 140.31811272,-5.16992406,0 140.32714016,-5.16694437,0 140.32853919,-5.17224678,0 140.33271683,-5.17174212,0 140.33619036,-5.17573965,0 140.34089430,-5.17685117,0 140.34353833,-5.17548382,0 140.35208107,-5.17465814,0 140.35350875,-5.17644274,0 140.35316984,-5.17963768,0 140.35139698,-5.18325395,0 140.35189397,-5.18558887,0 140.35877907,-5.18934518,0 140.37550370,-5.19259559,0 140.38747836,-5.19621956,0 140.38806587,-5.20046868,0 140.38718523,-5.20699677,0 140.38789773,-5.21273811,0 140.39338913,-5.21179932,0 140.40091487,-5.21404050,0 140.40771276,-5.21339357,0 140.41114128,-5.21166743,0 140.41284623,-5.21194935,0 140.41647945,-5.21462199,0 140.42304186,-5.21583036,0 140.42651402,-5.21995536,0 140.43144813,-5.22178748,0 140.43476013,-5.22794246,0 140.44185314,-5.22672190,0 140.45288368,-5.22055691,0 140.45459997,-5.22075268,0 140.45857256,-5.22380522,0 140.46905205,-5.21963786,0 140.47195433,-5.22021526,0 140.47637567,-5.22301330,0 140.48507766,-5.22291759,0 140.48986977,-5.22618137,0 140.50324598,-5.22735357,0 140.50571137,-5.22540370,0 140.50804125,-5.22601685,0 140.50951861,-5.22475481,0 140.51263717,-5.22589683,0 140.51446240,-5.22813516,0 140.51584646,-5.22595973,0 140.51686884,-5.22677846,0 140.51685312,-5.22798500,0 140.51446962,-5.23318657,0 140.51944755,-5.23470917,0 140.51952180,-5.23805157,0 140.52199658,-5.24204032,0 140.52358853,-5.23971602,0 140.52772853,-5.23750085,0 140.53563946,-5.23578760,0 140.53987453,-5.23607891,0 140.54159911,-5.23834276,0 140.54491693,-5.23821057,0 140.55243862,-5.25165147,0 140.55415747,-5.25606377,0 140.55868370,-5.25433841,0 140.57199568,-5.25732962,0 140.57617107,-5.25562709,0 140.57715030,-5.25416063,0 140.58825962,-5.25099649,0 140.59335776,-5.25043426,0 140.60231781,-5.25165704,0 140.60682196,-5.25414019,0 140.61019456,-5.25429937,0 140.61315831,-5.25646467,0 140.61920744,-5.25906686,0 140.62651943,-5.26429938,0 140.62897456,-5.26368484,0 140.63376978,-5.26482343,0 140.65595842,-5.26052250,0 140.66265581,-5.25506942,0 140.67043033,-5.25281432,0 140.68701071,-5.24149380,0 140.69215470,-5.24172422,0 140.69993501,-5.23987730,0 140.70193243,-5.23854240,0 140.70553651,-5.23832092,0 140.70962946,-5.23637334,0 140.71237915,-5.23723757,0 140.71208063,-5.23633618,0 140.71460610,-5.23507535,0 140.72533034,-5.23229381,0 140.72631386,-5.23304404,0 140.72556646,-5.23713177,0 140.72633756,-5.24139163,0 140.73172021,-5.24175897,0 140.73592064,-5.24310150,0 140.73692887,-5.24251391,0 140.73604042,-5.24340405,0 140.73627837,-5.24664606,0 140.73806297,-5.24982859,0 140.73850912,-5.25485520,0 140.74178087,-5.26047668,0 140.74071012,-5.26368895,0 140.73699221,-5.26458125,0 140.73532659,-5.26606841,0 140.73544556,-5.26779352,0 140.73833066,-5.27338525,0 140.73791425,-5.27772777,0 140.73657580,-5.27924468,0 140.72905076,-5.28082107,0 140.72640361,-5.27796572,0 140.72372671,-5.27882827,0 140.72027755,-5.28140951,0 140.81319807,-5.29662216,0 141.00063166,-5.34443557,0 141.00247472,-4.14811750,0</coordinates></LinearRing></outerBoundaryIs><innerBoundaryIs><LinearRing><coordinates>138.54306940,-3.32365456,0 138.52647785,-3.32402529,0 138.51857747,-3.32147844,0 138.51288732,-3.31773139,0 138.50687228,-3.31217741,0 138.50563742,-3.30842331,0 138.49932107,-3.29928428,0 138.49093476,-3.30360171,0 138.48934874,-3.30780161,0 138.48627108,-3.30937481,0 138.48336832,-3.30935999,0 138.47995462,-3.30732846,0 138.47973009,-3.30882931,0 138.47750631,-3.30975452,0 138.47680356,-3.31291330,0 138.47322802,-3.31397349,0 138.47049263,-3.31175007,0 138.47037131,-3.31038897,0 138.46581242,-3.30290983,0 138.46552553,-3.30197959,0 138.46661203,-3.30049917,0 138.46472448,-3.29813950,0 138.46738714,-3.29920224,0 138.47226770,-3.29964453,0 138.47255440,-3.30196690,0 138.47365057,-3.30323420,0 138.47540269,-3.30230923,0 138.47602748,-3.29583930,0 138.47553792,-3.29521651,0 138.47386433,-3.29563747,0 138.47249258,-3.29143853,0 138.48547205,-3.29816019,0 138.49089951,-3.29514494,0 138.50084984,-3.28504384,0 138.50356357,-3.27931486,0 138.50733264,-3.27464122,0 138.50989560,-3.26393707,0 138.51683069,-3.25413749,0 138.51901757,-3.25837795,0 138.51913654,-3.26349379,0 138.52139703,-3.26753887,0 138.52330060,-3.26825271,0 138.52960617,-3.26813374,0 138.53341331,-3.26920449,0 138.54364499,-3.27372547,0 138.54519164,-3.27551007,0 138.54495369,-3.29038170,0 138.54762335,-3.29590445,0 138.54563737,-3.30242860,0 138.54392416,-3.30349935,0 138.54585152,-3.31342171,0 138.54506630,-3.31527769,0 138.54299617,-3.31663398,0 138.54399554,-3.32063147,0 138.54306940,-3.32365456,0</coordinates></LinearRing></innerBoundaryIs></Polygon></Placemark></Folder></Document></kml>