<?xml version='1.0' encoding='utf-8'?>
<kml xmlns="http://www.opengis.net/kml/2.2"><Document><name>Province Papua Selatan</name><Style id="papua-selatan-style"><LineStyle><color>ff00ffff</color><width>1.5</width></LineStyle><PolyStyle><color>6600ff00</color><fill>1</fill><outline>1</outline></PolyStyle></Style><Folder><name>Province Papua Selatan</name><open>1</open><Placemark><name>Province Papua Selatan - Bagian 001</name><visibility>1</visibility><styleUrl>#papua-selatan-style</styleUrl><Polygon><tessellate>1</tessellate><altitudeMode>clampToGround</altitudeMode><outerBoundaryIs><LinearRing><coordinates>138.49887431,-8.32155360,0 138.49825883,-8.32134701,0 138.49624728,-8.32165504,0 138.49219383,-8.32307451,0 138.48868011,-8.32553145,0 138.48752589,-8.32691725,0 138.48709038,-8.32810314,0 138.48621057,-8.33274778,0 138.48463739,-8.33746988,0 138.47899209,-8.34641123,0 138.47571494,-8.35022446,0 138.47350814,-8.35179700,0 138.47149629,-8.35283026,0 138.46842298,-8.35374881,0 138.46330780,-8.35353643,0 138.45874288,-8.35230040,0 138.45835873,-8.35184889,0 138.45459861,-8.35064528,0 138.45016491,-8.35006873,0 138.44806097,-8.35090019,0 138.44695632,-8.35168492,0 138.44324739,-8.35652740,0 138.44100613,-8.35876031,0 138.43822632,-8.36069378,0 138.43616249,-8.36161121,0 138.43290090,-8.36254733,0 138.43015947,-8.36268664,0 138.42275114,-8.36200128,0 138.41846963,-8.36218642,0 138.41612570,-8.36303133,0 138.40626483,-8.36856908,0 138.40481239,-8.36919457,0 138.40233299,-8.36962962,0 138.39770970,-8.36992031,0 138.39129706,-8.36911129,0 138.38700461,-8.36916262,0 138.38234643,-8.37147120,0 138.37584577,-8.37558460,0 138.37127402,-8.37754837,0 138.36668701,-8.37874136,0 138.35683483,-8.38005432,0 138.34693205,-8.38291743,0 138.34203032,-8.38311442,0 138.33803941,-8.38233334,0 138.33279988,-8.37963231,0 138.32810499,-8.37572141,0 138.32615001,-8.37465260,0 138.32412438,-8.37448757,0 138.32173074,-8.37488756,0 138.31874285,-8.37692111,0 138.31438210,-8.38148173,0 138.31040412,-8.38881813,0 138.30770489,-8.39265908,0 138.30391990,-8.39486023,0 138.30034731,-8.39579992,0 138.29582418,-8.39570875,0 138.28837110,-8.39397025,0 138.28159033,-8.39433501,0 138.27733574,-8.39402772,0 138.26989548,-8.39258481,0 138.26454337,-8.39088551,0 138.26392253,-8.39183098,0 138.26338413,-8.39527149,0 138.26357832,-8.39750760,0 138.26228546,-8.40196748,0 138.26312303,-8.40484187,0 138.26288580,-8.40939690,0 138.26401541,-8.41580758,0 138.26492550,-8.41712770,0 138.26592408,-8.41792328,0 138.26867339,-8.41942229,0 138.27668525,-8.42158627,0 138.28044693,-8.42193969,0 138.28244425,-8.42250699,0 138.29149572,-8.42321131,0 138.30086341,-8.42335662,0 138.30265274,-8.42378030,0 138.30418031,-8.42361384,0 138.30529659,-8.42261169,0 138.30791768,-8.42293123,0 138.31157419,-8.42288499,0 138.33552328,-8.41970549,0 138.34570094,-8.41773789,0 138.35745440,-8.41485662,0 138.35893376,-8.41481651,0 138.38567196,-8.40663459,0 138.40249282,-8.39959754,0 138.40456492,-8.39961081,0 138.40734726,-8.39881010,0 138.41198839,-8.39654842,0 138.41274331,-8.39651267,0 138.41533239,-8.39520030,0 138.41669691,-8.39485905,0 138.41655067,-8.39460067,0 138.41848669,-8.39405165,0 138.41899605,-8.39380790,0 138.41887303,-8.39356323,0 138.42364005,-8.39103854,0 138.43075907,-8.38826164,0 138.44233021,-8.38288520,0 138.44456058,-8.38154102,0 138.45117864,-8.37700993,0 138.46055647,-8.36918900,0 138.47748391,-8.35731928,0 138.48456517,-8.35179351,0 138.48786788,-8.34881984,0 138.49201766,-8.34433694,0 138.49534503,-8.33990221,0 138.49802342,-8.33539492,0 138.49830895,-8.33452404,0 138.49800914,-8.33389586,0 138.49927348,-8.33109039,0 138.49991259,-8.32870506,0 138.49958672,-8.32728572,0 138.49991184,-8.32542971,0 138.49979907,-8.32376149,0 138.49887431,-8.32155360,0</coordinates></LinearRing></outerBoundaryIs></Polygon></Placemark><Placemark><name>Province Papua Selatan - Bagian 002</name><visibility>1</visibility><styleUrl>#papua-selatan-style</styleUrl><Polygon><tessellate>1</tessellate><altitudeMode>clampToGround</altitudeMode><outerBoundaryIs><LinearRing><coordinates>138.58342420,-8.29197246,0 138.57853141,-8.29214573,0 138.57611540,-8.29263179,0 138.57095138,-8.29435542,0 138.56750492,-8.29611819,0 138.56349569,-8.29935166,0 138.56202136,-8.30107381,0 138.55990407,-8.30412320,0 138.55744419,-8.30871590,0 138.55579662,-8.31312777,0 138.55434574,-8.31926123,0 138.55303568,-8.32244206,0 138.55228862,-8.32572803,0 138.55224506,-8.32675023,0 138.55289031,-8.32798950,0 138.55639789,-8.32680672,0 138.56373983,-8.32365342,0 138.56591642,-8.32214361,0 138.56672618,-8.32107361,0 138.56774519,-8.31870056,0 138.56866019,-8.31407756,0 138.56908494,-8.30972225,0 138.56974299,-8.30755328,0 138.57060504,-8.30630743,0 138.57260096,-8.30452877,0 138.58123833,-8.29910643,0 138.58395423,-8.29656943,0 138.58527136,-8.29423243,0 138.58562641,-8.29292122,0 138.58525243,-8.29222425,0 138.58434862,-8.29236674,0 138.58342420,-8.29197246,0</coordinates></LinearRing></outerBoundaryIs></Polygon></Placemark><Placemark><name>Province Papua Selatan - Bagian 003</name><visibility>1</visibility><styleUrl>#papua-selatan-style</styleUrl><Polygon><tessellate>1</tessellate><altitudeMode>clampToGround</altitudeMode><outerBoundaryIs><LinearRing><coordinates>138.82088932,-8.14472958,0 138.81725053,-8.14081864,0 138.81602109,-8.13877884,0 138.81534355,-8.13812499,0 138.81453902,-8.13800030,0 138.81202808,-8.13923196,0 138.81159213,-8.13980423,0 138.80705694,-8.14265113,0 138.80273562,-8.14458475,0 138.80123798,-8.14558053,0 138.79835116,-8.14661682,0 138.79240302,-8.14810659,0 138.77684002,-8.15003493,0 138.77011456,-8.15206600,0 138.76597736,-8.15468331,0 138.76305891,-8.15726272,0 138.75680864,-8.16096568,0 138.75263996,-8.16290435,0 138.74527547,-8.16512857,0 138.72994278,-8.16625965,0 138.72103396,-8.16825422,0 138.71965866,-8.16903616,0 138.71801535,-8.16919897,0 138.71715617,-8.16964448,0 138.70769146,-8.17125615,0 138.69709520,-8.17120989,0 138.69385924,-8.17070816,0 138.68540623,-8.16858677,0 138.67860629,-8.17040249,0 138.67754954,-8.17644804,0 138.67601383,-8.19079183,0 138.67382207,-8.20239560,0 138.67301911,-8.21227535,0 138.67193845,-8.21764535,0 138.66738423,-8.22847742,0 138.66475027,-8.23341455,0 138.66237464,-8.23686123,0 138.65867233,-8.24073847,0 138.65131243,-8.24636014,0 138.64530672,-8.25212672,0 138.63947034,-8.25647624,0 138.63447693,-8.25960046,0 138.62118116,-8.26650920,0 138.61512998,-8.27110076,0 138.61490834,-8.27161986,0 138.61410792,-8.27193264,0 138.60632029,-8.27851622,0 138.60020187,-8.28288647,0 138.59496407,-8.28619017,0 138.58577378,-8.29060650,0 138.58542577,-8.29151058,0 138.58622601,-8.29266596,0 138.58621145,-8.29347519,0 138.58455435,-8.29681055,0 138.58033908,-8.30038932,0 138.57256432,-8.30532556,0 138.57043607,-8.30738363,0 138.56962380,-8.30967521,0 138.56942083,-8.31322467,0 138.56833025,-8.31888132,0 138.56723915,-8.32149766,0 138.56604944,-8.32307330,0 138.56457059,-8.32402097,0 138.55388680,-8.32883441,0 138.55147261,-8.33074617,0 138.55019316,-8.33414028,0 138.55026546,-8.33538639,0 138.55123121,-8.33819872,0 138.55297306,-8.34121671,0 138.55406132,-8.34267519,0 138.55655715,-8.34484989,0 138.55714060,-8.34522355,0 138.55822948,-8.34528821,0 138.56066391,-8.34885284,0 138.56231907,-8.35048213,0 138.56236721,-8.35101771,0 138.56346209,-8.35244440,0 138.56416975,-8.35285330,0 138.56544059,-8.35276136,0 138.56957365,-8.35451713,0 138.57113696,-8.35550973,0 138.57408569,-8.35614845,0 138.57840288,-8.35803082,0 138.58061629,-8.35809664,0 138.58192911,-8.35852511,0 138.58258865,-8.35792550,0 138.58600956,-8.35895350,0 138.58653873,-8.35875182,0 138.58624423,-8.35831409,0 138.58735694,-8.35776599,0 138.58822707,-8.35858678,0 138.58795355,-8.35941359,0 138.58915355,-8.36031312,0 138.59076554,-8.36054711,0 138.59192667,-8.36030600,0 138.59234464,-8.35985858,0 138.59309155,-8.36031501,0 138.59347205,-8.36148623,0 138.59355577,-8.36120350,0 138.59762289,-8.36207489,0 138.60065914,-8.36209156,0 138.60258156,-8.36260435,0 138.60403018,-8.36192155,0 138.60521737,-8.36238386,0 138.60632617,-8.36456409,0 138.60758610,-8.36477387,0 138.60787889,-8.36402982,0 138.60929959,-8.36446713,0 138.60996011,-8.36412463,0 138.61023582,-8.36459249,0 138.61035971,-8.36438043,0 138.61101792,-8.36453806,0 138.61218395,-8.36536270,0 138.61249530,-8.36518114,0 138.61261324,-8.36424125,0 138.61307817,-8.36470881,0 138.61409691,-8.36470089,0 138.61462387,-8.36580192,0 138.61504853,-8.36596865,0 138.61556488,-8.36554815,0 138.61639877,-8.36553921,0 138.61681346,-8.36429882,0 138.61728111,-8.36435536,0 138.61818869,-8.36383392,0 138.61849703,-8.36416070,0 138.62032283,-8.36451276,0 138.62180572,-8.36568513,0 138.62297833,-8.36585681,0 138.62378982,-8.36692023,0 138.62536401,-8.36701018,0 138.62626114,-8.36640858,0 138.62783937,-8.36744608,0 138.62785063,-8.36781698,0 138.63187639,-8.36720973,0 138.63282931,-8.36768992,0 138.63324325,-8.36762841,0 138.63341459,-8.36713013,0 138.63393843,-8.36709923,0 138.63464474,-8.36755698,0 138.63490937,-8.36726590,0 138.63554183,-8.36768973,0 138.63649763,-8.36756639,0 138.63729024,-8.36807974,0 138.63770201,-8.36736036,0 138.63852159,-8.36775466,0 138.64056111,-8.36774272,0 138.64353837,-8.36842741,0 138.64443811,-8.36835063,0 138.64584908,-8.36955930,0 138.64718827,-8.37006337,0 138.64820300,-8.36969710,0 138.64947887,-8.36972670,0 138.65001374,-8.36920423,0 138.65069377,-8.36966334,0 138.65461879,-8.37073627,0 138.65746213,-8.37019792,0 138.65855059,-8.37045918,0 138.66046319,-8.37022654,0 138.66128282,-8.37053623,0 138.66163071,-8.37026996,0 138.66783948,-8.36967832,0 138.66933127,-8.36993025,0 138.67440444,-8.36983989,0 138.67739881,-8.37102269,0 138.67960738,-8.37128319,0 138.67979192,-8.37163889,0 138.67942598,-8.37257677,0 138.68028146,-8.37386238,0 138.68163546,-8.37479689,0 138.68487066,-8.37597311,0 138.69081642,-8.37665726,0 138.69405792,-8.37648033,0 138.69799343,-8.37702302,0 138.69847994,-8.37628336,0 138.69951009,-8.37636595,0 138.70002877,-8.37660107,0 138.69972383,-8.37732200,0 138.70103470,-8.37831693,0 138.70249502,-8.37872089,0 138.70452344,-8.37868854,0 138.70614341,-8.38057610,0 138.70841463,-8.38148249,0 138.72216507,-8.38437784,0 138.73452617,-8.38617530,0 138.75136633,-8.38635276,0 138.75388547,-8.38607491,0 138.75455498,-8.38573808,0 138.75566601,-8.38601692,0 138.75821085,-8.38597200,0 138.77709464,-8.38420933,0 138.78232966,-8.38336764,0 138.78736372,-8.38200985,0 138.79005251,-8.38111755,0 138.79376447,-8.37913070,0 138.79619152,-8.37892845,0 138.79747898,-8.37817227,0 138.79819027,-8.37883327,0 138.79946328,-8.37904742,0 138.80035202,-8.38024332,0 138.80292539,-8.38123194,0 138.80366608,-8.38258793,0 138.80368092,-8.38420798,0 138.80431481,-8.38494203,0 138.80877780,-8.38659834,0 138.81292380,-8.38737555,0 138.82676959,-8.38875244,0 138.83958746,-8.38929692,0 138.84007912,-8.38968387,0 138.84237243,-8.38989996,0 138.84529170,-8.38960033,0 138.85456622,-8.39036733,0 138.86374609,-8.39005280,0 138.86475758,-8.38970237,0 138.86999050,-8.38916013,0 138.87251273,-8.38970741,0 138.87557034,-8.38950515,0 138.87572500,-8.38973120,0 138.87228668,-8.39130165,0 138.87010947,-8.39177754,0 138.86964548,-8.39215825,0 138.87033552,-8.39258656,0 138.87689094,-8.39038555,0 138.88124535,-8.38933859,0 138.88606376,-8.38851768,0 138.88802682,-8.38867234,0 138.89191723,-8.38802989,0 138.89711636,-8.38605494,0 138.90267240,-8.38250954,0 138.90601554,-8.37920209,0 138.91008266,-8.37313018,0 138.91202335,-8.36876315,0 138.91283136,-8.36588998,0 138.91271776,-8.36508836,0 138.91310347,-8.36467269,0 138.91283605,-8.36428451,0 138.91332473,-8.36323575,0 138.91344100,-8.36211977,0 138.91300115,-8.36061166,0 138.91306343,-8.35850506,0 138.91280402,-8.35780823,0 138.91300518,-8.35493906,0 138.91245646,-8.35307933,0 138.91140254,-8.34306963,0 138.91163645,-8.33913514,0 138.91219331,-8.33798038,0 138.91214809,-8.33582869,0 138.91286348,-8.33295530,0 138.91372053,-8.32452207,0 138.91525529,-8.31548012,0 138.91563116,-8.30268726,0 138.91505483,-8.29920292,0 138.91438820,-8.29777987,0 138.91335463,-8.29672497,0 138.90747125,-8.29245410,0 138.90431082,-8.28973392,0 138.90263289,-8.28888369,0 138.90160575,-8.28886931,0 138.89908710,-8.29066183,0 138.89684996,-8.29167053,0 138.89402524,-8.29217028,0 138.89202977,-8.29216853,0 138.88202610,-8.28978243,0 138.87667794,-8.28743003,0 138.87166496,-8.28442869,0 138.86592052,-8.27937058,0 138.85556535,-8.27247168,0 138.84816113,-8.26596301,0 138.84588276,-8.26318173,0 138.84426029,-8.25984842,0 138.84345288,-8.25683476,0 138.84258192,-8.25078587,0 138.84247352,-8.24492411,0 138.84425093,-8.23111960,0 138.84465999,-8.21700847,0 138.84508636,-8.21416742,0 138.84488651,-8.21111915,0 138.84531358,-8.21072258,0 138.84565495,-8.20913074,0 138.84638279,-8.20770803,0 138.84617083,-8.20619288,0 138.84656530,-8.20513409,0 138.84666134,-8.20131275,0 138.84383953,-8.19149767,0 138.84341426,-8.18930326,0 138.84349919,-8.18793156,0 138.84231828,-8.18284018,0 138.84033629,-8.17670978,0 138.83829343,-8.17272313,0 138.83374378,-8.16581677,0 138.82975991,-8.16104605,0 138.82744976,-8.15765081,0 138.82406748,-8.15128093,0 138.82332869,-8.14902515,0 138.82264610,-8.14846333,0 138.82268996,-8.14736044,0 138.82088932,-8.14472958,0</coordinates></LinearRing></outerBoundaryIs></Polygon></Placemark><Placemark><name>Province Papua Selatan - Bagian 004</name><visibility>1</visibility><styleUrl>#papua-selatan-style</styleUrl><Polygon><tessellate>1</tessellate><altitudeMode>clampToGround</altitudeMode><outerBoundaryIs><LinearRing><coordinates>138.65565923,-8.22196854,0 138.65496611,-8.22152287,0 138.65424529,-8.22170624,0 138.65314659,-8.22276522,0 138.65202214,-8.22317702,0 138.64963005,-8.22505237,0 138.64685986,-8.22635830,0 138.64522287,-8.22765670,0 138.64485869,-8.22885579,0 138.64494031,-8.23051888,0 138.64529221,-8.23092613,0 138.64511660,-8.23151902,0 138.64552645,-8.23206362,0 138.64592112,-8.23435425,0 138.64753835,-8.23423080,0 138.65186807,-8.23286541,0 138.65726058,-8.22501400,0 138.65565923,-8.22196854,0</coordinates></LinearRing></outerBoundaryIs></Polygon></Placemark><Placemark><name>Province Papua Selatan - Bagian 005</name><visibility>1</visibility><styleUrl>#papua-selatan-style</styleUrl><Polygon><tessellate>1</tessellate><altitudeMode>clampToGround</altitudeMode><outerBoundaryIs><LinearRing><coordinates>138.69969454,-8.15261994,0 138.69664025,-8.15268442,0 138.69348015,-8.15371036,0 138.69257280,-8.15473864,0 138.69279086,-8.15684535,0 138.69415994,-8.15811293,0 138.69827827,-8.16029435,0 138.70015178,-8.16169269,0 138.70650106,-8.16443551,0 138.70811133,-8.16414736,0 138.71138956,-8.16241699,0 138.71366979,-8.15998603,0 138.71348208,-8.15936932,0 138.71088869,-8.15635136,0 138.70761658,-8.15427466,0 138.70424762,-8.15327542,0 138.69969454,-8.15261994,0</coordinates></LinearRing></outerBoundaryIs></Polygon></Placemark><Placemark><name>Province Papua Selatan - Bagian 006</name><visibility>1</visibility><styleUrl>#papua-selatan-style</styleUrl><Polygon><tessellate>1</tessellate><altitudeMode>clampToGround</altitudeMode><outerBoundaryIs><LinearRing><coordinates>138.74390908,-8.15404699,0 138.74731428,-8.15363901,0 138.74897334,-8.15276435,0 138.75774747,-8.14541376,0 138.75574163,-8.14407304,0 138.75431457,-8.14399499,0 138.75351869,-8.14482080,0 138.75154412,-8.14840553,0 138.75000000,-8.14997942,0 138.74501345,-8.15283400,0 138.74376632,-8.15377624,0 138.74390908,-8.15404699,0</coordinates></LinearRing></outerBoundaryIs></Polygon></Placemark><Placemark><name>Province Papua Selatan - Bagian 007</name><visibility>1</visibility><styleUrl>#papua-selatan-style</styleUrl><Polygon><tessellate>1</tessellate><altitudeMode>clampToGround</altitudeMode><outerBoundaryIs><LinearRing><coordinates>138.83605343,-8.09074519,0 138.84275837,-8.08601322,0 138.84340053,-8.08508091,0 138.84330390,-8.08422842,0 138.84224168,-8.08374625,0 138.84078501,-8.08363603,0 138.83725010,-8.08589766,0 138.83502437,-8.08828247,0 138.83411431,-8.09003372,0 138.83486459,-8.09053713,0 138.83426358,-8.09085489,0 138.83605343,-8.09074519,0</coordinates></LinearRing></outerBoundaryIs></Polygon></Placemark><Placemark><name>Province Papua Selatan - Bagian 008</name><visibility>1</visibility><styleUrl>#papua-selatan-style</styleUrl><Polygon><tessellate>1</tessellate><altitudeMode>clampToGround</altitudeMode><outerBoundaryIs><LinearRing><coordinates>138.92641072,-7.53538193,0 138.92595811,-7.53382223,0 138.92492571,-7.53265412,0 138.91606191,-7.52619901,0 138.91064960,-7.52101188,0 138.90208452,-7.51015470,0 138.89442978,-7.49852371,0 138.89032031,-7.49140865,0 138.88607193,-7.48249932,0 138.88361916,-7.47535651,0 138.88309442,-7.47483078,0 138.88264253,-7.47264949,0 138.87692172,-7.45843667,0 138.87675313,-7.45737361,0 138.87616177,-7.45684606,0 138.87618071,-7.45595282,0 138.87513830,-7.45329231,0 138.87265349,-7.44921083,0 138.87104065,-7.44573964,0 138.86647431,-7.43886572,0 138.86192659,-7.43347456,0 138.85710993,-7.42844287,0 138.85038839,-7.42234294,0 138.84258675,-7.41437332,0 138.83172305,-7.40556036,0 138.82721720,-7.40232399,0 138.82631851,-7.40205342,0 138.82551730,-7.40222521,0 138.82470794,-7.40184097,0 138.82469996,-7.40121539,0 138.81969637,-7.39739070,0 138.81707693,-7.39576788,0 138.81629312,-7.39589457,0 138.81603179,-7.39523963,0 138.81547477,-7.39542412,0 138.81550198,-7.39487175,0 138.81494006,-7.39436252,0 138.81422693,-7.39400339,0 138.81352118,-7.39419600,0 138.81313484,-7.39333394,0 138.81037449,-7.39168944,0 138.80759844,-7.39083071,0 138.80543435,-7.38947439,0 138.80205743,-7.38823652,0 138.79786777,-7.38564208,0 138.79013917,-7.38218680,0 138.78369577,-7.37877340,0 138.77212199,-7.37490501,0 138.77021763,-7.37463390,0 138.76666303,-7.37470224,0 138.76549512,-7.37421735,0 138.76522970,-7.37365283,0 138.76424480,-7.37385212,0 138.76227550,-7.37362982,0 138.75315481,-7.37179524,0 138.74243088,-7.36895587,0 138.73598179,-7.36865659,0 138.72493343,-7.36911559,0 138.72008469,-7.36839894,0 138.71627261,-7.36880492,0 138.71053334,-7.36764178,0 138.70659623,-7.36744134,0 138.68939364,-7.36799208,0 138.68579783,-7.36744901,0 138.67823002,-7.36742289,0 138.67242692,-7.36609389,0 138.67025384,-7.36681089,0 138.66815704,-7.36637482,0 138.66721731,-7.36654637,0 138.66651823,-7.36708007,0 138.66587504,-7.36870116,0 138.66486547,-7.36906493,0 138.66126070,-7.36934731,0 138.65692086,-7.37036793,0 138.65207008,-7.37049525,0 138.64691037,-7.37181478,0 138.64426738,-7.37178188,0 138.64160194,-7.37228009,0 138.63712980,-7.37132759,0 138.63546914,-7.37129881,0 138.63427547,-7.37151654,0 138.63313991,-7.37219514,0 138.63120610,-7.37139761,0 138.62950703,-7.37161109,0 138.62497915,-7.37092268,0 138.61310073,-7.37412407,0 138.60471393,-7.37583685,0 138.59411685,-7.37900522,0 138.58083167,-7.38159007,0 138.57956632,-7.38257214,0 138.57682090,-7.38262967,0 138.56606347,-7.38505497,0 138.56506205,-7.38535989,0 138.56400917,-7.38619749,0 138.55788179,-7.38644922,0 138.54918999,-7.38853047,0 138.53997627,-7.38978082,0 138.53680011,-7.38978104,0 138.53334427,-7.39058929,0 138.53143198,-7.39052594,0 138.52863142,-7.39101194,0 138.51911887,-7.39100049,0 138.51608668,-7.39199708,0 138.51468692,-7.39143402,0 138.51161433,-7.39190866,0 138.50793514,-7.39163133,0 138.49959020,-7.39398846,0 138.49498335,-7.39417158,0 138.49285840,-7.39472447,0 138.49113445,-7.39440411,0 138.48852696,-7.39523667,0 138.48030949,-7.39554613,0 138.47750593,-7.39603297,0 138.47282432,-7.39742980,0 138.47117418,-7.39707025,0 138.47009691,-7.39745951,0 138.46873376,-7.39737834,0 138.46696396,-7.39815904,0 138.46477477,-7.39806751,0 138.46392111,-7.39893248,0 138.46248827,-7.39817310,0 138.46160582,-7.39813418,0 138.45664771,-7.39939934,0 138.45508712,-7.39921533,0 138.45415598,-7.39977483,0 138.45194017,-7.39939503,0 138.45027346,-7.39995596,0 138.44522478,-7.40024332,0 138.44437979,-7.40156014,0 138.44369333,-7.40187814,0 138.43964392,-7.40156682,0 138.43326402,-7.40212879,0 138.42891830,-7.40315990,0 138.42728410,-7.40299232,0 138.42670463,-7.40339563,0 138.42470731,-7.40340102,0 138.42134632,-7.40439257,0 138.42024245,-7.40448783,0 138.41936150,-7.40419468,0 138.41764908,-7.40482862,0 138.41668824,-7.40465360,0 138.41614607,-7.40545248,0 138.41513910,-7.40542404,0 138.41441717,-7.40600159,0 138.41299678,-7.40603852,0 138.40811257,-7.40723571,0 138.40546301,-7.40654251,0 138.40456438,-7.40733928,0 138.40290882,-7.40792266,0 138.39989006,-7.40844158,0 138.39812098,-7.40908640,0 138.39283174,-7.40988003,0 138.38853441,-7.41133457,0 138.38774302,-7.41121131,0 138.38562861,-7.40996764,0 138.38520437,-7.41090835,0 138.38329719,-7.41194199,0 138.38207277,-7.41233013,0 138.38101517,-7.41225613,0 138.37875147,-7.41329894,0 138.37670271,-7.41339417,0 138.37131923,-7.41481386,0 138.36941815,-7.41481391,0 138.36454944,-7.41624785,0 138.36297426,-7.41567937,0 138.36245375,-7.41662511,0 138.35981280,-7.41735493,0 138.35867179,-7.41798635,0 138.35695338,-7.41771633,0 138.35666385,-7.41882722,0 138.35623773,-7.41912402,0 138.34883394,-7.42060478,0 138.34496822,-7.42177335,0 138.34444245,-7.42170244,0 138.34361629,-7.42077692,0 138.34315809,-7.42076288,0 138.34304848,-7.42205555,0 138.34255866,-7.42259480,0 138.33891097,-7.42325632,0 138.33787153,-7.42392781,0 138.33501432,-7.42485948,0 138.33258733,-7.42481666,0 138.33214235,-7.42542393,0 138.33118381,-7.42581351,0 138.32252822,-7.42844964,0 138.32005948,-7.42969415,0 138.31743570,-7.43037859,0 138.31652087,-7.42915882,0 138.31555340,-7.42915297,0 138.31504208,-7.43043187,0 138.31390855,-7.43075257,0 138.31306016,-7.43163410,0 138.30796179,-7.43265927,0 138.30339360,-7.43488488,0 138.30182610,-7.43492616,0 138.30119896,-7.43570735,0 138.29654818,-7.43662779,0 138.29272815,-7.43862627,0 138.29093865,-7.43888641,0 138.28777340,-7.44021114,0 138.28498543,-7.44182617,0 138.28292620,-7.44178530,0 138.28302639,-7.44297188,0 138.28275905,-7.44320178,0 138.28129762,-7.44347518,0 138.27354463,-7.44648839,0 138.26823313,-7.44901954,0 138.26549965,-7.44913255,0 138.26475120,-7.44847848,0 138.26449862,-7.44906424,0 138.26505298,-7.44999383,0 138.26444224,-7.45085410,0 138.26251799,-7.45094385,0 138.26107352,-7.45212649,0 138.25803451,-7.45314677,0 138.25391402,-7.45520505,0 138.25260075,-7.45530419,0 138.24970592,-7.45709881,0 138.24891493,-7.45724189,0 138.24763636,-7.45823720,0 138.24541432,-7.45882092,0 138.24377085,-7.45976528,0 138.24206738,-7.46020087,0 138.24101836,-7.46003894,0 138.23741996,-7.46262015,0 138.23592697,-7.46326745,0 138.23353538,-7.46368262,0 138.23011110,-7.46578481,0 138.22919256,-7.46566801,0 138.22642479,-7.46625486,0 138.22212679,-7.46923351,0 138.22154841,-7.46906501,0 138.22174862,-7.46794889,0 138.22084470,-7.46814580,0 138.21920255,-7.46991712,0 138.21653806,-7.47195865,0 138.21535305,-7.47196696,0 138.21484014,-7.47254437,0 138.21406038,-7.47271668,0 138.21317239,-7.47341401,0 138.21240729,-7.47474213,0 138.20788416,-7.47789138,0 138.20710237,-7.47802004,0 138.20654441,-7.47730834,0 138.20587922,-7.47722872,0 138.20503873,-7.47662354,0 138.20518585,-7.47777441,0 138.20566480,-7.47849528,0 138.20306255,-7.48099790,0 138.20071686,-7.48178827,0 138.19937370,-7.48186811,0 138.19892457,-7.48214437,0 138.19942304,-7.48264804,0 138.19754283,-7.48282040,0 138.19671042,-7.48349419,0 138.19429096,-7.48436137,0 138.19433106,-7.48517693,0 138.19289986,-7.48540799,0 138.19224635,-7.48625780,0 138.19081241,-7.48724158,0 138.19027792,-7.48816726,0 138.18953030,-7.48842173,0 138.18870688,-7.48931060,0 138.18637165,-7.49033026,0 138.18492062,-7.49026149,0 138.18417957,-7.49136235,0 138.18198600,-7.49310339,0 138.18181258,-7.49354550,0 138.17866599,-7.49582533,0 138.17673731,-7.49552316,0 138.17550519,-7.49656383,0 138.17407756,-7.49688676,0 138.17270030,-7.49834264,0 138.17222676,-7.49943288,0 138.16824374,-7.50214605,0 138.16554301,-7.50305924,0 138.16293693,-7.50483150,0 138.16189501,-7.50517374,0 138.16091927,-7.50681227,0 138.15824256,-7.50761156,0 138.15737495,-7.50910886,0 138.15579288,-7.50970350,0 138.15387631,-7.51190357,0 138.15200234,-7.51328730,0 138.14990399,-7.51404606,0 138.14787690,-7.51352804,0 138.14757409,-7.51563386,0 138.14588127,-7.51676049,0 138.14525277,-7.51768932,0 138.14167227,-7.51872453,0 138.14048927,-7.52066872,0 138.13930635,-7.52188937,0 138.13602776,-7.52380357,0 138.13394661,-7.52548361,0 138.13152249,-7.52649371,0 138.12944327,-7.52929275,0 138.12678736,-7.53115741,0 138.12414920,-7.53244987,0 138.12038045,-7.53549596,0 138.11769307,-7.53717422,0 138.11335605,-7.54223347,0 138.10956903,-7.54414633,0 138.10627328,-7.54720000,0 138.10150355,-7.55068820,0 138.09952759,-7.55298749,0 138.09890415,-7.55523063,0 138.09811288,-7.55677008,0 138.09802477,-7.55809320,0 138.09633937,-7.55911722,0 138.09076754,-7.56433068,0 138.08838318,-7.56755002,0 138.08661126,-7.56840592,0 138.08647506,-7.57235597,0 138.08584348,-7.57443665,0 138.08492186,-7.57501410,0 138.08298355,-7.57543114,0 138.08082773,-7.57557795,0 138.07779555,-7.57529651,0 138.07619346,-7.57566616,0 138.07500778,-7.57715224,0 138.07487729,-7.57993019,0 138.07396018,-7.58159685,0 138.07283443,-7.58247088,0 138.06979374,-7.58385468,0 138.06544301,-7.58709852,0 138.06169969,-7.58917812,0 138.05962108,-7.59112593,0 138.05856359,-7.59282496,0 138.05690678,-7.59386251,0 138.05553754,-7.59536201,0 138.04837381,-7.60147549,0 138.04490787,-7.60568126,0 138.04037585,-7.61011933,0 138.03852998,-7.61246413,0 138.03151234,-7.61982041,0 138.02444122,-7.62875218,0 138.01625511,-7.64127816,0 138.01136872,-7.64690178,0 138.00584200,-7.65497610,0 138.00352904,-7.65760804,0 138.00221966,-7.65976740,0 138.00039186,-7.66152146,0 137.99558678,-7.66909490,0 137.99057892,-7.67577346,0 137.98748986,-7.68148085,0 137.98363514,-7.68761986,0 137.97899519,-7.69730427,0 137.97623501,-7.70184904,0 137.97345580,-7.71191416,0 137.97282762,-7.71324666,0 137.97303702,-7.71515023,0 137.97256112,-7.71596876,0 137.97248498,-7.71709187,0 137.97191391,-7.71798654,0 137.97240884,-7.71926194,0 137.97206620,-7.72379243,0 137.97130477,-7.72653357,0 137.97220918,-7.73159201,0 137.97118182,-7.73529202,0 137.96986441,-7.73546009,0 137.96355724,-7.73494734,0 137.96020696,-7.73548034,0 137.95809400,-7.73635598,0 137.95634272,-7.73858316,0 137.95510540,-7.74218090,0 137.95207872,-7.74279005,0 137.94924241,-7.74282812,0 137.94867134,-7.74322787,0 137.94840484,-7.74398929,0 137.94625380,-7.74471265,0 137.94575888,-7.74577865,0 137.94398856,-7.74650200,0 137.94021949,-7.74992843,0 137.93875374,-7.75082311,0 137.93759257,-7.75232693,0 137.93330954,-7.75613406,0 137.93247197,-7.75759981,0 137.92994022,-7.76049324,0 137.92839833,-7.76163538,0 137.92788436,-7.76268234,0 137.92685644,-7.76323437,0 137.92590465,-7.76546155,0 137.92506708,-7.76595648,0 137.92402012,-7.76721283,0 137.92063177,-7.77193368,0 137.91897566,-7.77320908,0 137.91636777,-7.77676875,0 137.91537792,-7.77716850,0 137.91023828,-7.78565842,0 137.90732582,-7.78961784,0 137.90645018,-7.79226380,0 137.90432294,-7.79376286,0 137.90450854,-7.79473368,0 137.90419445,-7.79608997,0 137.90175312,-7.79908809,0 137.90008274,-7.80192917,0 137.89844091,-7.80372804,0 137.89631368,-7.80755422,0 137.89474323,-7.80971001,0 137.89387235,-7.81265102,0 137.89412933,-7.81372178,0 137.89320134,-7.81409297,0 137.89307285,-7.81502096,0 137.89204254,-7.81722434,0 137.88938835,-7.82100454,0 137.88823913,-7.82328602,0 137.88593923,-7.82589748,0 137.88296490,-7.83112040,0 137.88213209,-7.83453492,0 137.88060923,-7.83635521,0 137.87881274,-7.84049547,0 137.87859300,-7.84243524,0 137.87895824,-7.84296583,0 137.87788742,-7.84502273,0 137.87773855,-7.84634604,0 137.87554684,-7.84774441,0 137.87340747,-7.84726799,0 137.87243918,-7.84747738,0 137.87155010,-7.84820913,0 137.87098048,-7.84920684,0 137.87038264,-7.85221250,0 137.86989946,-7.85233647,0 137.86873535,-7.85158874,0 137.86819687,-7.85173654,0 137.86643870,-7.85391384,0 137.86510854,-7.85772560,0 137.86530224,-7.85827733,0 137.86634533,-7.85892047,0 137.86625673,-7.86070258,0 137.86680012,-7.86151337,0 137.86619051,-7.86182926,0 137.86475686,-7.86158431,0 137.86301817,-7.86342293,0 137.85894897,-7.86952931,0 137.85761547,-7.87237408,0 137.85763563,-7.87384374,0 137.85878205,-7.87484317,0 137.85914729,-7.87761099,0 137.86042962,-7.87857428,0 137.85761866,-7.87896552,0 137.85617935,-7.88133675,0 137.85041754,-7.88698038,0 137.84759989,-7.89205424,0 137.84865913,-7.89258835,0 137.85104085,-7.89233413,0 137.85080111,-7.89585526,0 137.84955582,-7.89637994,0 137.84706814,-7.89613713,0 137.84641941,-7.89664098,0 137.84510008,-7.89887395,0 137.84470194,-7.90026967,0 137.84495328,-7.90105565,0 137.84647953,-7.90299370,0 137.84352429,-7.90330810,0 137.84191909,-7.90489073,0 137.84007079,-7.90751610,0 137.83571702,-7.91510002,0 137.83538328,-7.91621548,0 137.83537889,-7.91797075,0 137.83627552,-7.92003646,0 137.83739155,-7.92126988,0 137.84082512,-7.92228629,0 137.84096909,-7.92259731,0 137.84013984,-7.92321986,0 137.83769540,-7.92326475,0 137.83512658,-7.92277842,0 137.83372362,-7.92209538,0 137.83319234,-7.92222681,0 137.83291881,-7.92299110,0 137.83327281,-7.92440211,0 137.83253612,-7.92523198,0 137.83266394,-7.92556493,0 137.83178046,-7.92760114,0 137.83191978,-7.92806042,0 137.83149148,-7.92920256,0 137.83099179,-7.92958328,0 137.83010662,-7.92920933,0 137.82918064,-7.92982944,0 137.82902467,-7.93136404,0 137.82776232,-7.93359010,0 137.82760641,-7.93498823,0 137.82814794,-7.93657036,0 137.82788485,-7.93653823,0 137.82846959,-7.93746167,0 137.82819409,-7.93772215,0 137.82723647,-7.93720700,0 137.82729114,-7.93759419,0 137.82683531,-7.93786333,0 137.82580746,-7.94015764,0 137.82569746,-7.94042146,0 137.82648972,-7.94180403,0 137.82613186,-7.94288399,0 137.82542867,-7.94314326,0 137.82433835,-7.94221157,0 137.81929665,-7.94812987,0 137.81812980,-7.95081603,0 137.81862418,-7.95083381,0 137.81739770,-7.95264943,0 137.81698908,-7.95546866,0 137.81762361,-7.95734744,0 137.81864598,-7.95746248,0 137.82031869,-7.95898345,0 137.82020386,-7.95946863,0 137.82144685,-7.95984808,0 137.82150134,-7.96040357,0 137.81992079,-7.96157177,0 137.81430697,-7.96146871,0 137.81373981,-7.96226893,0 137.81290343,-7.96719869,0 137.81108252,-7.97129488,0 137.81150117,-7.97224140,0 137.81137355,-7.97283377,0 137.81296230,-7.97364089,0 137.81303937,-7.97403438,0 137.80971722,-7.97432099,0 137.80656811,-7.97915548,0 137.80328955,-7.98681687,0 137.80327010,-7.98795091,0 137.80415541,-7.98952111,0 137.80410417,-7.99035923,0 137.80183082,-7.99287987,0 137.80001154,-7.99590993,0 137.79812534,-8.00109080,0 137.79767824,-8.00397604,0 137.79700131,-8.00496260,0 137.79642404,-8.00736986,0 137.79618523,-8.01221882,0 137.79645355,-8.01434477,0 137.79820804,-8.02038638,0 137.80062228,-8.02414663,0 137.80526516,-8.02684407,0 137.80750885,-8.03066576,0 137.80935531,-8.03230282,0 137.81101142,-8.03300715,0 137.81243910,-8.03265499,0 137.81323193,-8.03297522,0 137.81383870,-8.04018499,0 137.81303158,-8.04033965,0 137.81276508,-8.04086313,0 137.81225112,-8.04090121,0 137.81219574,-8.04064495,0 137.81129365,-8.04089751,0 137.80528626,-8.04385755,0 137.80331744,-8.04431910,0 137.80337317,-8.04528522,0 137.80275213,-8.04552793,0 137.80253798,-8.04498541,0 137.80149144,-8.04467831,0 137.79846265,-8.04553425,0 137.79826556,-8.04607947,0 137.79778533,-8.04588519,0 137.79689884,-8.04642756,0 137.79611344,-8.04863313,0 137.79499033,-8.04910902,0 137.79294508,-8.04885154,0 137.79223125,-8.04954634,0 137.79113669,-8.04891816,0 137.79080357,-8.04983188,0 137.79022298,-8.04949875,0 137.79028961,-8.05031729,0 137.78857639,-8.05005079,0 137.78875723,-8.05086932,0 137.78762461,-8.05022211,0 137.78750088,-8.05127859,0 137.78711065,-8.05182111,0 137.78545454,-8.05183063,0 137.78601609,-8.05370564,0 137.78463601,-8.05370564,0 137.78314171,-8.05447659,0 137.78237076,-8.05536175,0 137.78153319,-8.05542837,0 137.78145328,-8.05607820,0 137.77833113,-8.05979590,0 137.77787461,-8.06174552,0 137.77556653,-8.06293525,0 137.77360110,-8.06174552,0 137.77217221,-8.06256039,0 137.77265883,-8.06394414,0 137.77114130,-8.06507845,0 137.77045125,-8.06661320,0 137.76814318,-8.06845728,0 137.76662032,-8.07059880,0 137.76588269,-8.07105090,0 137.76365789,-8.07520306,0 137.76349133,-8.07699955,0 137.76535921,-8.07874845,0 137.76552577,-8.07926004,0 137.76601356,-8.07908158,0 137.76632289,-8.07981921,0 137.76773867,-8.08058064,0 137.76764151,-8.08148335,0 137.76330593,-8.08171564,0 137.76359147,-8.08318496,0 137.76261242,-8.08436676,0 137.76290390,-8.08445599,0 137.76273139,-8.08493783,0 137.76302882,-8.08529475,0 137.76227334,-8.08539587,0 137.76033408,-8.08424373,0 137.76034598,-8.08495567,0 137.75743709,-8.08669863,0 137.75474532,-8.08954803,0 137.75298452,-8.09249856,0 137.75319867,-8.09387865,0 137.75401959,-8.09502159,0 137.75254908,-8.09620656,0 137.75282986,-8.09692515,0 137.75247770,-8.09745340,0 137.75280130,-8.09778652,0 137.75219216,-8.09814820,0 137.75068834,-8.09747243,0 137.75032587,-8.09823227,0 137.75083746,-8.10029051,0 137.74867215,-8.10104004,0 137.74812487,-8.10150403,0 137.74082327,-8.10942352,0 137.73996661,-8.11158646,0 137.74058317,-8.11285485,0 137.74041185,-8.11357821,0 137.74087822,-8.11434915,0 137.73928327,-8.11485717,0 137.73882641,-8.11531760,0 137.73937250,-8.11552461,0 137.74087870,-8.11468942,0 137.74079498,-8.11508261,0 137.73983293,-8.11543181,0 137.73967231,-8.11635266,0 137.73910481,-8.11689875,0 137.73776669,-8.11574977,0 137.73714046,-8.11571495,0 137.73732771,-8.11654808,0 137.73767845,-8.11641818,0 137.73867832,-8.11761352,0 137.73739267,-8.11725031,0 137.73746405,-8.11690767,0 137.73638616,-8.11679346,0 137.73674308,-8.11888500,0 137.73437168,-8.12009592,0 137.73374998,-8.12200932,0 137.73303495,-8.12285998,0 137.73293882,-8.12373901,0 137.73340555,-8.12441913,0 137.73254275,-8.12504871,0 137.73255035,-8.12564243,0 137.73178184,-8.12609209,0 137.73156926,-8.12693968,0 137.73080097,-8.12726724,0 137.73075026,-8.12785943,0 137.73015204,-8.12846484,0 137.73065865,-8.12892175,0 137.72968125,-8.12935001,0 137.72805989,-8.13243919,0 137.72670167,-8.13301016,0 137.72637781,-8.13382321,0 137.72732661,-8.13532185,0 137.72708017,-8.13616784,0 137.72556432,-8.13764600,0 137.72493284,-8.13787273,0 137.72361675,-8.13758142,0 137.72322083,-8.13824204,0 137.72266271,-8.13813757,0 137.72247318,-8.13887667,0 137.72162842,-8.13900654,0 137.72206263,-8.14044305,0 137.72181692,-8.14058506,0 137.72163575,-8.13994029,0 137.72147647,-8.14069343,0 137.72226758,-8.14133285,0 137.72153708,-8.14227756,0 137.72165318,-8.14291870,0 137.72131075,-8.14345311,0 137.72021898,-8.14332972,0 137.71943845,-8.14373215,0 137.71690672,-8.14744186,0 137.71427586,-8.15383498,0 137.71429714,-8.15472428,0 137.71167625,-8.15693615,0 137.71126035,-8.16108996,0 137.71047741,-8.16189735,0 137.70607688,-8.16947658,0 137.70445722,-8.17160993,0 137.70454222,-8.17268272,0 137.70425726,-8.17298963,0 137.70462093,-8.17397144,0 137.70378120,-8.17438483,0 137.70226902,-8.17400948,0 137.70164192,-8.17422461,0 137.70180407,-8.17903149,0 137.69931973,-8.17995546,0 137.69906380,-8.18048012,0 137.69845149,-8.18068330,0 137.69850851,-8.18258917,0 137.69970231,-8.18355460,0 137.69874397,-8.18384395,0 137.69904829,-8.18438853,0 137.69842977,-8.18532438,0 137.69716789,-8.18625223,0 137.69650610,-8.18637757,0 137.69713672,-8.18705010,0 137.69743668,-8.18667380,0 137.69783520,-8.18716919,0 137.69644201,-8.18770144,0 137.69514546,-8.18922963,0 137.69360960,-8.19557988,0 137.69206778,-8.19770816,0 137.69234885,-8.19830107,0 137.69190680,-8.20205393,0 137.69235240,-8.20278677,0 137.69142086,-8.20265154,0 137.69211267,-8.20367299,0 137.69149527,-8.20430433,0 137.69071450,-8.20637896,0 137.69094115,-8.20811761,0 137.69043291,-8.20885116,0 137.69112847,-8.20953755,0 137.68719158,-8.21174126,0 137.68796453,-8.21354895,0 137.68781022,-8.21487985,0 137.68685955,-8.21716166,0 137.68558402,-8.21838122,0 137.68556302,-8.21995587,0 137.68406147,-8.22080273,0 137.68479058,-8.22228616,0 137.68460867,-8.22404991,0 137.68219207,-8.22963468,0 137.68264173,-8.23058736,0 137.68158709,-8.23092123,0 137.68143585,-8.23132046,0 137.68160638,-8.23172664,0 137.68238711,-8.23144179,0 137.68267804,-8.23167510,0 137.68142125,-8.23189164,0 137.68155253,-8.23407975,0 137.68189707,-8.23462921,0 137.68114305,-8.23540508,0 137.68078435,-8.23645139,0 137.68071996,-8.23846285,0 137.67912521,-8.23952359,0 137.68060513,-8.24046793,0 137.68094563,-8.24150042,0 137.68027116,-8.24238081,0 137.67989964,-8.24363373,0 137.67992641,-8.24497105,0 137.68062855,-8.24576272,0 137.67996361,-8.24660425,0 137.67785351,-8.24721021,0 137.67827610,-8.25000007,0 137.67766259,-8.25101586,0 137.67717846,-8.25294198,0 137.67643655,-8.25381595,0 137.67745197,-8.25502497,0 137.67603197,-8.25701937,0 137.67646298,-8.25912257,0 137.67478340,-8.26324292,0 137.67348363,-8.26446555,0 137.67424625,-8.26516770,0 137.67446290,-8.26647793,0 137.67220258,-8.26992732,0 137.67247496,-8.27166805,0 137.67161244,-8.27325287,0 137.67165574,-8.27459053,0 137.67059191,-8.27598895,0 137.67150526,-8.27749788,0 137.67017373,-8.27953381,0 137.66988496,-8.28103707,0 137.67004596,-8.28237301,0 137.66953571,-8.28384740,0 137.66984860,-8.28490676,0 137.66914736,-8.28537571,0 137.66811603,-8.28537662,0 137.66920898,-8.28661855,0 137.66737022,-8.29071507,0 137.66484050,-8.29972273,0 137.66391713,-8.30202334,0 137.66233572,-8.31248167,0 137.66149427,-8.31381095,0 137.66094748,-8.31369659,0 137.66197065,-8.31543360,0 137.66116606,-8.31551060,0 137.66055989,-8.31720652,0 137.66010220,-8.32143074,0 137.65942297,-8.32133616,0 137.65935765,-8.32270956,0 137.65878532,-8.32442029,0 137.65960588,-8.32523155,0 137.65861863,-8.32986005,0 137.65827205,-8.32976554,0 137.65762888,-8.33030358,0 137.65823489,-8.33082871,0 137.65840145,-8.33142358,0 137.65815843,-8.33194648,0 137.65841811,-8.33225996,0 137.65755316,-8.33419002,0 137.65755232,-8.33531355,0 137.65662487,-8.33893533,0 137.65687071,-8.34076694,0 137.65588057,-8.34200244,0 137.65648599,-8.34262489,0 137.65630753,-8.34530178,0 137.65547858,-8.34603268,0 137.65547981,-8.34889709,0 137.65497374,-8.35184951,0 137.65345400,-8.35371028,0 137.65316490,-8.35590346,0 137.65488280,-8.35857910,0 137.65475467,-8.35908598,0 137.65415371,-8.35944242,0 137.65324926,-8.35919548,0 137.65285749,-8.35962732,0 137.65290352,-8.36039507,0 137.65384980,-8.36145949,0 137.65381405,-8.36220972,0 137.65345322,-8.36386122,0 137.65349226,-8.36694677,0 137.65207037,-8.37135687,0 137.65241731,-8.37301266,0 137.65147601,-8.37469969,0 137.65187222,-8.37559159,0 137.65128757,-8.37635003,0 137.65168896,-8.37733678,0 137.65084946,-8.37797946,0 137.65052754,-8.37867740,0 137.65082413,-8.37959709,0 137.65006141,-8.38018956,0 137.65028397,-8.38156606,0 137.64980984,-8.38198585,0 137.64992406,-8.38280438,0 137.64927684,-8.38354677,0 137.64979081,-8.38491734,0 137.64826795,-8.38685898,0 137.64870577,-8.38803919,0 137.64794435,-8.38883869,0 137.64868674,-8.38988566,0 137.64739050,-8.39036380,0 137.64777303,-8.39171308,0 137.64708774,-8.39255065,0 137.64760170,-8.39352147,0 137.64664992,-8.39494915,0 137.64729713,-8.39628165,0 137.64640246,-8.39677658,0 137.64672606,-8.39788065,0 137.64596463,-8.39848979,0 137.64613596,-8.39928929,0 137.64546971,-8.40067889,0 137.64577428,-8.40214464,0 137.64518417,-8.40273475,0 137.64512706,-8.40340099,0 137.64468924,-8.40387689,0 137.64487960,-8.40435278,0 137.64438467,-8.40520938,0 137.64385167,-8.40820751,0 137.64416576,-8.40900700,0 137.64382312,-8.41053462,0 137.64418004,-8.41116280,0 137.64365180,-8.41250481,0 137.64369463,-8.41326148,0 137.64286658,-8.41413236,0 137.64270953,-8.41483193,0 137.64172444,-8.41498897,0 137.64165305,-8.41664507,0 137.64108198,-8.41724470,0 137.64138179,-8.41790143,0 137.64081072,-8.41855816,0 137.64076789,-8.41910068,0 137.64115336,-8.41964320,0 137.64111053,-8.42142779,0 137.64056802,-8.42215591,0 137.64065368,-8.42368352,0 137.64166733,-8.42778095,0 137.64145318,-8.42925146,0 137.64502237,-8.43714651,0 137.65128987,-8.44412785,0 137.65358843,-8.44604094,0 137.66405330,-8.45105208,0 137.66892167,-8.45517807,0 137.67127734,-8.45673423,0 137.67374722,-8.45724820,0 137.67516062,-8.45714826,0 137.67614572,-8.45686272,0 137.67701660,-8.45594901,0 137.67905818,-8.45243693,0 137.68062862,-8.44796830,0 137.68067145,-8.44616943,0 137.68171366,-8.44304281,0 137.68211341,-8.44007325,0 137.68271303,-8.43891683,0 137.68426920,-8.43824582,0 137.68609662,-8.43631846,0 137.68892342,-8.43107888,0 137.68933745,-8.42673875,0 137.69185016,-8.42606774,0 137.69309224,-8.42689579,0 137.69471979,-8.42661026,0 137.69526231,-8.42619623,0 137.69613319,-8.42455440,0 137.69754659,-8.42332660,0 137.69844603,-8.42284119,0 137.69958817,-8.42276981,0 137.70010213,-8.42232723,0 137.70011641,-8.42152773,0 137.70330013,-8.41942904,0 137.70758316,-8.41767300,0 137.71439317,-8.41403243,0 137.71737702,-8.41300450,0 137.72280219,-8.41014915,0 137.73099705,-8.40749367,0 137.75118440,-8.40226837,0 137.76202667,-8.40033021,0 137.77100055,-8.39834226,0 137.82615170,-8.38891959,0 137.84759540,-8.38580726,0 137.84915157,-8.38535040,0 137.85679678,-8.38445573,0 137.86074668,-8.38238559,0 137.86260266,-8.38085084,0 137.86573165,-8.37729355,0 137.86798024,-8.37603243,0 137.87013366,-8.37234427,0 137.87115682,-8.37280826,0 137.87163272,-8.37247514,0 137.87248932,-8.37309380,0 137.87265588,-8.37414076,0 137.87425012,-8.37581828,0 137.87514242,-8.37728165,0 137.87553503,-8.37888779,0 137.87646302,-8.37974439,0 137.88074332,-8.38136042,0 137.89468696,-8.38303794,0 137.91267247,-8.38333143,0 137.91983465,-8.38301020,0 137.92402250,-8.38333143,0 137.93423039,-8.38320056,0 137.94462863,-8.38348610,0 137.95185030,-8.38429511,0 137.98072506,-8.38402147,0 137.99359794,-8.38142786,0 137.99450213,-8.38185616,0 137.99497803,-8.38260570,0 137.99817840,-8.38349799,0 138.00896926,-8.38443788,0 138.02071190,-8.38488998,0 138.03024164,-8.38471152,0 138.03413206,-8.38508033,0 138.04642197,-8.38491377,0 138.05961608,-8.38547295,0 138.06966931,-8.38538966,0 138.07269122,-8.38571089,0 138.08195922,-8.38573469,0 138.08579016,-8.38533018,0 138.09025165,-8.38431891,0 138.09566492,-8.38242724,0 138.09900806,-8.38186806,0 138.10017400,-8.38192755,0 138.10167306,-8.38255811,0 138.10218464,-8.38384301,0 138.10324350,-8.38461634,0 138.10625352,-8.38488998,0 138.11584275,-8.38484239,0 138.13236810,-8.38341471,0 138.14854844,-8.38431891,0 138.15253404,-8.38390250,0 138.16307505,-8.38366456,0 138.16727480,-8.38396199,0 138.17861293,-8.38322435,0 138.18435933,-8.38392630,0 138.18690535,-8.38358127,0 138.19091474,-8.38189186,0 138.19261606,-8.38161822,0 138.19887404,-8.38255811,0 138.20365676,-8.38233206,0 138.20638124,-8.38187996,0 138.21143759,-8.38069023,0 138.21606565,-8.37885804,0 138.21799301,-8.37877476,0 138.21877823,-8.37851302,0 138.21920653,-8.37770401,0 138.21987278,-8.37753744,0 138.22105062,-8.37809662,0 138.22352526,-8.37809662,0 138.22453653,-8.37842974,0 138.22648769,-8.37997639,0 138.22996170,-8.38377163,0 138.23110384,-8.38405717,0 138.23281705,-8.38386681,0 138.23368555,-8.38423563,0 138.23541066,-8.38399768,0 138.23648142,-8.38459255,0 138.23826602,-8.38449737,0 138.23857535,-8.38497326,0 138.24077635,-8.38567520,0 138.24302494,-8.38562761,0 138.24404811,-8.38605591,0 138.24504748,-8.38565141,0 138.24645136,-8.38703149,0 138.24699864,-8.38642473,0 138.24755781,-8.38648422,0 138.24860478,-8.38757877,0 138.24958035,-8.38809035,0 138.25075819,-8.38811415,0 138.25393239,-8.38936336,0 138.25539814,-8.39143825,0 138.25661642,-8.38894458,0 138.25821542,-8.38770726,0 138.25919215,-8.38738767,0 138.26040452,-8.38772630,0 138.26123724,-8.38739634,0 138.26219027,-8.38641209,0 138.26544304,-8.38554325,0 138.26979848,-8.38664271,0 138.27272799,-8.38833392,0 138.27534855,-8.38904751,0 138.27876879,-8.38916055,0 138.28394992,-8.38866940,0 138.29000505,-8.38908679,0 138.29403136,-8.38970260,0 138.29936887,-8.39137251,0 138.30117193,-8.39151021,0 138.30207003,-8.39138517,0 138.30408243,-8.38934296,0 138.30401653,-8.38895690,0 138.30806351,-8.38201018,0 138.31049680,-8.37852369,0 138.31305773,-8.37600750,0 138.31647792,-8.37329201,0 138.32090788,-8.37044553,0 138.32438603,-8.37038562,0 138.32764815,-8.37133867,0 138.33051887,-8.37268022,0 138.33507743,-8.37561798,0 138.33648165,-8.37695973,0 138.33944338,-8.37862272,0 138.34117959,-8.37912009,0 138.34412436,-8.37906924,0 138.35207411,-8.37715226,0 138.36663174,-8.37480844,0 138.37024076,-8.37386428,0 138.37360615,-8.37252318,0 138.38628295,-8.36592388,0 138.38846826,-8.36532769,0 138.39280788,-8.36541398,0 138.39860321,-8.36639007,0 138.40218441,-8.36651072,0 138.40512945,-8.36549883,0 138.41672466,-8.35918957,0 138.42320178,-8.35857142,0 138.43109501,-8.35946614,0 138.43440366,-8.35910962,0 138.43741015,-8.35774744,0 138.43988298,-8.35578327,0 138.44188088,-8.35261179,0 138.44505958,-8.34919269,0 138.44628669,-8.34828533,0 138.44905474,-8.34719853,0 138.45120293,-8.34682290,0 138.45436612,-8.34703878,0 138.46357024,-8.35021036,0 138.46666955,-8.35058782,0 138.46888386,-8.35035910,0 138.47069536,-8.34943160,0 138.47411409,-8.34682305,0 138.47912243,-8.34046153,0 138.48219766,-8.33453719,0 138.48353508,-8.32865120,0 138.48476110,-8.32501390,0 138.48709463,-8.32168364,0 138.48946309,-8.31958819,0 138.49388446,-8.31776733,0 138.49931281,-8.31677831,0 138.49996249,-8.31626045,0 138.50017540,-8.31557972,0 138.50069629,-8.31559478,0 138.50161134,-8.31481014,0 138.50256094,-8.31540453,0 138.50383171,-8.31533984,0 138.50396535,-8.31478966,0 138.50580902,-8.31355341,0 138.50677419,-8.31410086,0 138.50682329,-8.31356777,0 138.50773874,-8.31287872,0 138.50972163,-8.31297338,0 138.51044649,-8.31228677,0 138.51149748,-8.31204927,0 138.51448309,-8.31032051,0 138.51768438,-8.30998409,0 138.51844808,-8.31050564,0 138.52152159,-8.30913658,0 138.52281131,-8.30819782,0 138.52380483,-8.30800505,0 138.52482507,-8.30721847,0 138.52531706,-8.30737853,0 138.52539192,-8.30701467,0 138.52780304,-8.30663084,0 138.52990120,-8.30565310,0 138.53025438,-8.30588345,0 138.53110696,-8.30490439,0 138.53246652,-8.30510622,0 138.53387377,-8.30471554,0 138.53848829,-8.30169990,0 138.54936336,-8.29097418,0 138.55432651,-8.28653380,0 138.56008137,-8.28193356,0 138.56495812,-8.27851121,0 138.57196302,-8.27423891,0 138.59612867,-8.26068613,0 138.61495617,-8.24905783,0 138.61783894,-8.24478349,0 138.61869727,-8.24283651,0 138.62605941,-8.23530127,0 138.63317769,-8.22920277,0 138.63460598,-8.22698567,0 138.64433124,-8.21607775,0 138.65094321,-8.20734429,0 138.65334277,-8.20257486,0 138.65545698,-8.19279263,0 138.65598820,-8.19143132,0 138.65722256,-8.18189604,0 138.65759997,-8.18156648,0 138.65931822,-8.17523598,0 138.66173266,-8.16975455,0 138.66597731,-8.16273516,0 138.67006299,-8.15744057,0 138.67527063,-8.15234846,0 138.67981519,-8.14924511,0 138.68367346,-8.14722858,0 138.68909920,-8.14630205,0 138.69522808,-8.14582611,0 138.70811177,-8.14594815,0 138.71607864,-8.14750657,0 138.72042629,-8.14911234,0 138.72281033,-8.15055337,0 138.72920501,-8.15315171,0 138.73217123,-8.15376694,0 138.73577814,-8.15371347,0 138.74132531,-8.15249157,0 138.74766766,-8.14969791,0 138.75026994,-8.14747193,0 138.75160344,-8.14469391,0 138.75292972,-8.14308152,0 138.75418440,-8.14252375,0 138.75582695,-8.14254931,0 138.75877668,-8.14326618,0 138.76283557,-8.14339982,0 138.76624312,-8.14281434,0 138.77271763,-8.14074161,0 138.77678300,-8.13995751,0 138.78431015,-8.13953142,0 138.79204892,-8.13950983,0 138.79547447,-8.13881061,0 138.79840133,-8.13762590,0 138.80073053,-8.13631486,0 138.80270997,-8.13366507,0 138.80319016,-8.13141841,0 138.80511787,-8.12823517,0 138.80494023,-8.12727373,0 138.80543181,-8.12657250,0 138.80579348,-8.12655197,0 138.80556674,-8.12611586,0 138.80616401,-8.12567004,0 138.80732785,-8.12178497,0 138.80786391,-8.12146711,0 138.80769449,-8.12110476,0 138.80870291,-8.11978052,0 138.80969716,-8.11690112,0 138.81083293,-8.11503898,0 138.81121812,-8.11195746,0 138.80999624,-8.10949929,0 138.81035619,-8.10761087,0 138.80948480,-8.10360087,0 138.80984745,-8.10140491,0 138.81095173,-8.09854043,0 138.81128892,-8.09834940,0 138.81120159,-8.09791269,0 138.81230068,-8.09684181,0 138.81541568,-8.09151477,0 138.81597795,-8.08993673,0 138.81829030,-8.08697653,0 138.82105248,-8.08426852,0 138.82170961,-8.08314389,0 138.82301805,-8.08191517,0 138.82348377,-8.08186842,0 138.82474435,-8.08048555,0 138.82896031,-8.07775535,0 138.83924952,-8.07298950,0 138.85098451,-8.07008546,0 138.85570938,-8.06974878,0 138.86220442,-8.06986086,0 138.86353414,-8.07030950,0 138.87372085,-8.07150912,0 138.90034940,-8.07575876,0 138.91037589,-8.07677200,0 138.91248295,-8.07642866,0 138.91393051,-8.07432850,0 138.91441930,-8.06999010,0 138.91404166,-8.06547015,0 138.91273232,-8.06130207,0 138.91174532,-8.05996611,0 138.90980411,-8.05835782,0 138.90823184,-8.05767668,0 138.90638526,-8.05761454,0 138.90416725,-8.05677445,0 138.90062970,-8.05404645,0 138.89830696,-8.05282786,0 138.89614160,-8.05028324,0 138.89389189,-8.04671154,0 138.89302012,-8.04596573,0 138.89276754,-8.04479671,0 138.88966496,-8.03872141,0 138.88936953,-8.03676510,0 138.88875844,-8.03629720,0 138.88942563,-8.03599983,0 138.88889546,-8.03527573,0 138.88853478,-8.03336909,0 138.88898200,-8.02518473,0 138.88961174,-8.02102661,0 138.89019550,-8.02011868,0 138.89104574,-8.01714141,0 138.89154396,-8.01671040,0 138.89188833,-8.01503820,0 138.89264763,-8.01405770,0 138.89273547,-8.01272510,0 138.89327746,-8.01216252,0 138.89304053,-8.01186981,0 138.89367746,-8.01163507,0 138.89463915,-8.00934639,0 138.89770368,-8.00468064,0 138.89789514,-8.00387748,0 138.90043725,-7.99945655,0 138.90182279,-7.99454947,0 138.90206966,-7.99100353,0 138.90146046,-7.98722034,0 138.90174732,-7.98364502,0 138.90215801,-7.98246034,0 138.90268898,-7.97509193,0 138.90234113,-7.96917875,0 138.90193828,-7.96842088,0 138.90087340,-7.96269279,0 138.90025385,-7.96184809,0 138.89957926,-7.95979910,0 138.89929308,-7.95756619,0 138.89819315,-7.95421771,0 138.89517129,-7.94744812,0 138.89193394,-7.93487283,0 138.89184662,-7.93054472,0 138.89096552,-7.92815007,0 138.89104229,-7.92631883,0 138.89042312,-7.92186248,0 138.89080380,-7.91667964,0 138.89174001,-7.91356318,0 138.89345598,-7.91007171,0 138.89441435,-7.90879097,0 138.89548157,-7.90532617,0 138.89747580,-7.90168414,0 138.89828025,-7.90114193,0 138.90162210,-7.89712162,0 138.90693908,-7.89186993,0 138.91688323,-7.88426386,0 138.92761465,-7.87762034,0 138.93448389,-7.87438598,0 138.94005150,-7.87281215,0 138.94435086,-7.87220599,0 138.95361612,-7.87001825,0 138.97339556,-7.86406810,0 138.98005003,-7.86150973,0 138.98294288,-7.86004926,0 138.98633047,-7.85760935,0 138.99086372,-7.85363525,0 138.99488403,-7.84867002,0 138.99674984,-7.84499569,0 138.99686360,-7.84392889,0 138.99776141,-7.84203806,0 138.99773805,-7.84086800,0 138.99835255,-7.83915790,0 138.99965680,-7.83147366,0 138.99942370,-7.83046155,0 138.99970511,-7.82785648,0 138.99913732,-7.82390898,0 138.99923245,-7.82276338,0 138.99885963,-7.82204404,0 138.99788285,-7.81432583,0 138.99754165,-7.81377717,0 138.99766462,-7.81228231,0 138.99717490,-7.80955161,0 138.99549684,-7.80422007,0 138.99439579,-7.79876246,0 138.99337211,-7.79549586,0 138.99232481,-7.78887558,0 138.99146611,-7.78677269,0 138.99140290,-7.78491731,0 138.99008170,-7.77841581,0 138.99034003,-7.77154775,0 138.99015924,-7.76786708,0 138.99080310,-7.75935990,0 138.99156676,-7.75678802,0 138.99273687,-7.75432484,0 138.99319158,-7.75246792,0 138.99310459,-7.75141895,0 138.99392755,-7.74934344,0 138.99480110,-7.74564222,0 138.99756218,-7.73970816,0 139.00023374,-7.73282804,0 139.00335591,-7.72663459,0 139.00469036,-7.72505027,0 139.00499251,-7.72416662,0 139.00730898,-7.72217438,0 139.01392631,-7.71329739,0 139.02515335,-7.69948340,0 139.03142838,-7.69042972,0 139.03311072,-7.68706531,0 139.03364871,-7.67535142,0 139.03298716,-7.66788836,0 139.03308982,-7.66389865,0 139.03267158,-7.65680950,0 139.03334007,-7.65165710,0 139.03419944,-7.64971003,0 139.03573339,-7.64178388,0 139.03846576,-7.63433972,0 139.04218684,-7.62602999,0 139.04802457,-7.61709337,0 139.05554566,-7.60786771,0 139.05687805,-7.60689202,0 139.06165186,-7.60192110,0 139.06567499,-7.59868947,0 139.07650272,-7.59143267,0 139.07925956,-7.58927850,0 139.08134294,-7.58718248,0 139.08501289,-7.58169471,0 139.08823321,-7.57413824,0 139.08781081,-7.57340746,0 139.08509878,-7.57120717,0 139.07972680,-7.56780085,0 139.07686590,-7.56724648,0 139.06525183,-7.56682458,0 139.05748824,-7.56553963,0 139.05084946,-7.56499168,0 139.04493887,-7.56404500,0 139.03688963,-7.56205975,0 139.02342062,-7.55757657,0 139.02034429,-7.55736670,0 139.00960589,-7.55881173,0 139.00186441,-7.55894653,0 139.00081992,-7.55935821,0 139.00050491,-7.55899009,0 138.99865529,-7.55867345,0 138.99550276,-7.55861413,0 138.98598031,-7.55727006,0 138.98405648,-7.55657288,0 138.97743353,-7.55551067,0 138.96217998,-7.55172818,0 138.95432546,-7.55014225,0 138.95316741,-7.55046278,0 138.95201015,-7.54952727,0 138.94874443,-7.54871030,0 138.94435155,-7.54694194,0 138.94108457,-7.54626149,0 138.94044368,-7.54546373,0 138.93773055,-7.54417876,0 138.93406459,-7.54177870,0 138.93110692,-7.53894527,0 138.92987516,-7.53733521,0 138.92641072,-7.53538193,0</coordinates></LinearRing></outerBoundaryIs></Polygon></Placemark><Placemark><name>Province Papua Selatan - Bagian 009</name><visibility>1</visibility><styleUrl>#papua-selatan-style</styleUrl><Polygon><tessellate>1</tessellate><altitudeMode>clampToGround</altitudeMode><outerBoundaryIs><LinearRing><coordinates>138.80616669,-6.83146786,0 138.81174965,-6.83003982,0 138.81128750,-6.82907307,0 138.80104073,-6.81641064,0 138.79372334,-6.80970499,0 138.78936112,-6.80695062,0 138.78810228,-6.80660023,0 138.78795118,-6.80750348,0 138.78876703,-6.81078402,0 138.79032880,-6.81533914,0 138.79642980,-6.82723135,0 138.79898254,-6.83018085,0 138.80142964,-6.83151405,0 138.80616669,-6.83146786,0</coordinates></LinearRing></outerBoundaryIs></Polygon></Placemark><Placemark><name>Province Papua Selatan - Bagian 010</name><visibility>1</visibility><styleUrl>#papua-selatan-style</styleUrl><Polygon><tessellate>1</tessellate><altitudeMode>clampToGround</altitudeMode><outerBoundaryIs><LinearRing><coordinates>138.64823613,-6.74051692,0 138.64014314,-6.73329414,0 138.63839025,-6.73209623,0 138.63680968,-6.73281616,0 138.63660765,-6.73325283,0 138.63410013,-6.73282796,0 138.63390998,-6.73333545,0 138.63261463,-6.73412618,0 138.63116478,-6.73383113,0 138.63090334,-6.73431501,0 138.62994073,-6.73439763,0 138.62986943,-6.73535359,0 138.62931088,-6.73560143,0 138.62723118,-6.73535359,0 138.62606655,-6.73597909,0 138.62591206,-6.73676982,0 138.62509207,-6.73639216,0 138.62355903,-6.73635675,0 138.62311933,-6.73667541,0 138.62311933,-6.73737172,0 138.62158629,-6.73784380,0 138.62176455,-6.73876434,0 138.62146745,-6.73927182,0 138.62083760,-6.73926002,0 138.62018398,-6.73865813,0 138.61932833,-6.73871714,0 138.61983934,-6.73975570,0 138.61862718,-6.73981471,0 138.61888863,-6.74108931,0 138.61831819,-6.74097129,0 138.61773588,-6.74270616,0 138.61634545,-6.74317823,0 138.61632168,-6.74347327,0 138.61708226,-6.74406336,0 138.61721298,-6.74486588,0 138.61632168,-6.74478327,0 138.61571560,-6.74512552,0 138.61577502,-6.74670695,0 138.61459851,-6.74765108,0 138.61415880,-6.74844179,0 138.61488372,-6.74975177,0 138.61382605,-6.75060149,0 138.61430141,-6.75145120,0 138.61349330,-6.75259596,0 138.61349330,-6.75556994,0 138.61461039,-6.76103399,0 138.61564430,-6.76384270,0 138.61716545,-6.77170229,0 138.61840138,-6.77346064,0 138.62026717,-6.77870028,0 138.62245382,-6.78313740,0 138.62393932,-6.78596958,0 138.62857407,-6.79138609,0 138.63386245,-6.79867880,0 138.64145632,-6.80717503,0 138.64725570,-6.81237890,0 138.64872932,-6.81339370,0 138.65202118,-6.81483331,0 138.65448117,-6.81650891,0 138.65879505,-6.81705171,0 138.66224141,-6.81846770,0 138.66476081,-6.82105188,0 138.66795304,-6.82718423,0 138.67058397,-6.83072768,0 138.66966890,-6.83149465,0 138.66780311,-6.83224983,0 138.66705442,-6.83342979,0 138.66609182,-6.83777201,0 138.66603240,-6.83953012,0 138.66718515,-6.84335312,0 138.67195063,-6.85329984,0 138.67409311,-6.85983997,0 138.67482398,-6.86484236,0 138.67524968,-6.86611055,0 138.67638358,-6.86773737,0 138.68226903,-6.87099159,0 138.68821965,-6.87364725,0 138.69597856,-6.87643586,0 138.71452515,-6.88233233,0 138.72299135,-6.88388111,0 138.72912228,-6.88320409,0 138.73448003,-6.88107143,0 138.73807642,-6.87843886,0 138.74585918,-6.86910875,0 138.75162624,-6.86283100,0 138.76674942,-6.85025231,0 138.77256872,-6.84600824,0 138.78124253,-6.84175465,0 138.79550533,-6.83654908,0 138.79875554,-6.83492298,0 138.79620802,-6.83246194,0 138.78740339,-6.81972681,0 138.78482335,-6.81536475,0 138.78124440,-6.80698688,0 138.77723269,-6.80055614,0 138.76906014,-6.79190291,0 138.76352357,-6.78527869,0 138.75974387,-6.78131220,0 138.75155566,-6.77495251,0 138.74277853,-6.76524552,0 138.73931255,-6.76194143,0 138.73624318,-6.75964477,0 138.73054425,-6.75649974,0 138.72515736,-6.75432217,0 138.71883324,-6.75317401,0 138.71180409,-6.75294896,0 138.69715657,-6.75403240,0 138.68238266,-6.75438038,0 138.67245403,-6.75310150,0 138.66696944,-6.75136920,0 138.66042277,-6.74818487,0 138.65360153,-6.74432197,0 138.64823613,-6.74051692,0</coordinates></LinearRing></outerBoundaryIs></Polygon></Placemark><Placemark><name>Province Papua Selatan - Bagian 011</name><visibility>1</visibility><styleUrl>#papua-selatan-style</styleUrl><Polygon><tessellate>1</tessellate><altitudeMode>clampToGround</altitudeMode><outerBoundaryIs><LinearRing><coordinates>138.70783871,-6.63263443,0 138.69975834,-6.62779823,0 138.69686857,-6.62647256,0 138.69570671,-6.62663944,0 138.69380528,-6.62848095,0 138.69353194,-6.62993291,0 138.69158297,-6.63138486,0 138.69141659,-6.63237644,0 138.69040646,-6.63232922,0 138.69007370,-6.63332079,0 138.68902791,-6.63358049,0 138.68925371,-6.63481996,0 138.68889719,-6.63513867,0 138.68602127,-6.63551641,0 138.68627083,-6.63620107,0 138.68609257,-6.63663783,0 138.68299085,-6.63690933,0 138.68320476,-6.63777105,0 138.68125579,-6.63842028,0 138.68129144,-6.63880982,0 138.67889087,-6.63870359,0 138.67948507,-6.63978958,0 138.67934246,-6.64003747,0 138.67695378,-6.64012010,0 138.67687060,-6.64046242,0 138.67746479,-6.64138316,0 138.67622886,-6.64176089,0 138.67616944,-6.64203239,0 138.67690625,-6.64340168,0 138.67507611,-6.64395647,0 138.67537321,-6.64471194,0 138.67681118,-6.64567988,0 138.67643089,-6.64619926,0 138.67536133,-6.64635272,0 138.67639524,-6.64702555,0 138.67644277,-6.64820596,0 138.67564654,-6.64874895,0 138.67540887,-6.64931554,0 138.67389960,-6.64944538,0 138.67521872,-6.65049594,0 138.67513553,-6.65190062,0 138.67304395,-6.65250262,0 138.67318656,-6.65335251,0 138.67185555,-6.65402533,0 138.66869441,-6.65491063,0 138.66869441,-6.65538278,0 138.66956194,-6.65597298,0 138.66988281,-6.65659858,0 138.66912224,-6.65727140,0 138.67013238,-6.65832195,0 138.67019180,-6.65893575,0 138.66956194,-6.65954364,0 138.67041759,-6.66012203,0 138.67128512,-6.66182177,0 138.67124947,-6.66217588,0 138.67013238,-6.66289591,0 138.67085730,-6.66379299,0 138.67069092,-6.66421793,0 138.66974020,-6.66467827,0 138.67010861,-6.66576421,0 138.66979962,-6.66677932,0 138.67256859,-6.66928168,0 138.67215265,-6.67028498,0 138.67255671,-6.67100500,0 138.67261613,-6.67214994,0 138.67210512,-6.67312963,0 138.67305584,-6.67451063,0 138.67266366,-6.67468769,0 138.67279439,-6.67562016,0 138.67183179,-6.67657623,0 138.67297265,-6.67775657,0 138.67283004,-6.67828772,0 138.67190309,-6.67888969,0 138.67088107,-6.68090806,0 138.67022745,-6.68826145,0 138.67115440,-6.69267580,0 138.67199816,-6.69462329,0 138.67342424,-6.70314495,0 138.67366192,-6.71033277,0 138.67302018,-6.72104939,0 138.67321033,-6.72332723,0 138.67396723,-6.72470370,0 138.67834224,-6.72681471,0 138.68172887,-6.72763297,0 138.70341037,-6.72905724,0 138.70967145,-6.73030688,0 138.71578324,-6.73207549,0 138.72703098,-6.73647800,0 138.73517299,-6.74041396,0 138.75744905,-6.75357469,0 138.76368948,-6.75785080,0 138.77322896,-6.76532941,0 138.78710053,-6.77721746,0 138.79449458,-6.78560134,0 138.80635413,-6.80268905,0 138.81181561,-6.80986071,0 138.81532494,-6.81377492,0 138.82030729,-6.81820425,0 138.82464079,-6.82113909,0 138.82832826,-6.82319528,0 138.83261065,-6.82494904,0 138.83670292,-6.82634356,0 138.84400875,-6.82818666,0 138.84710940,-6.82878246,0 138.85064874,-6.82861181,0 138.85545987,-6.82718687,0 138.86430100,-6.82329378,0 138.87115608,-6.82110366,0 138.87590331,-6.82005109,0 138.88114650,-6.81933400,0 138.88791441,-6.81896252,0 138.90223457,-6.81984989,0 138.91800791,-6.81937580,0 138.92244997,-6.81962095,0 138.92889866,-6.82121941,0 138.93432762,-6.82334455,0 138.93833752,-6.82552573,0 138.94100707,-6.82653158,0 138.94407750,-6.82632998,0 138.94368046,-6.81869485,0 138.94510561,-6.80394256,0 138.94493066,-6.80121841,0 138.94442947,-6.79944211,0 138.94250450,-6.79617376,0 138.93905140,-6.79336788,0 138.93557774,-6.79141507,0 138.92769517,-6.78813823,0 138.92242790,-6.78662405,0 138.91821993,-6.78590538,0 138.91390728,-6.78586989,0 138.90924618,-6.78668603,0 138.90508391,-6.78848174,0 138.89149289,-6.79818041,0 138.88666458,-6.80101826,0 138.88373743,-6.80211852,0 138.87901829,-6.80325044,0 138.87223832,-6.80385346,0 138.85941582,-6.80192110,0 138.84722628,-6.79878783,0 138.83936277,-6.79524989,0 138.83102241,-6.78968143,0 138.82600119,-6.78511650,0 138.82284982,-6.78078592,0 138.82109677,-6.77721869,0 138.81999387,-6.77235494,0 138.81993950,-6.76936031,0 138.82070015,-6.76484390,0 138.82524286,-6.75377368,0 138.82728764,-6.74676667,0 138.82760861,-6.74050048,0 138.82714783,-6.73457546,0 138.82635759,-6.73054673,0 138.82512430,-6.71825547,0 138.82416140,-6.71219573,0 138.82241754,-6.70714921,0 138.81981320,-6.70327318,0 138.81822773,-6.70144183,0 138.81403551,-6.69769292,0 138.80511356,-6.69159096,0 138.79342104,-6.68188667,0 138.78351995,-6.67494818,0 138.77348682,-6.66947960,0 138.74990201,-6.65840944,0 138.73341100,-6.64955670,0 138.72157810,-6.64251964,0 138.70783871,-6.63263443,0</coordinates></LinearRing></outerBoundaryIs></Polygon></Placemark><Placemark><name>Province Papua Selatan - Bagian 012</name><visibility>1</visibility><styleUrl>#papua-selatan-style</styleUrl><Polygon><tessellate>1</tessellate><altitudeMode>clampToGround</altitudeMode><outerBoundaryIs><LinearRing><coordinates>137.73323051,-5.28416330,0 137.73103198,-5.28260128,0 137.73007532,-5.28121084,0 137.72729600,-5.28260100,0 137.72590000,-5.28357700,0 137.72519042,-5.28466033,0 137.72415115,-5.28519873,0 137.72169711,-5.28520465,0 137.71994422,-5.28593832,0 137.71922700,-5.28773800,0 137.72067508,-5.29075452,0 137.72028885,-5.29289044,0 137.72125740,-5.29302652,0 137.72193479,-5.29170119,0 137.72229725,-5.29154144,0 137.72335492,-5.29201477,0 137.72356289,-5.29354718,0 137.72485230,-5.29354127,0 137.72863735,-5.29236385,0 137.73504282,-5.28984335,0 137.73665904,-5.28891443,0 137.73717600,-5.28837601,0 137.73718194,-5.28725184,0 137.73459123,-5.28411597,0 137.73323051,-5.28416330,0</coordinates></LinearRing></outerBoundaryIs></Polygon></Placemark><Placemark><name>Province Papua Selatan - Bagian 013</name><visibility>1</visibility><styleUrl>#papua-selatan-style</styleUrl><Polygon><tessellate>1</tessellate><altitudeMode>clampToGround</altitudeMode><outerBoundaryIs><LinearRing><coordinates>138.95539679,-8.37032075,0 138.95881132,-8.37036834,0 138.96227118,-8.36956439,0 138.96402008,-8.36877917,0 138.96629579,-8.36723946,0 138.96703010,-8.36579294,0 138.96689923,-8.36432958,0 138.96398439,-8.36115300,0 138.96058176,-8.35620372,0 138.95811883,-8.35070668,0 138.95482550,-8.34848683,0 138.94993779,-8.34665963,0 138.94725290,-8.34525575,0 138.94450293,-8.34315524,0 138.94581029,-8.34744250,0 138.94781922,-8.35186660,0 138.94773601,-8.35801550,0 138.94822493,-8.36150627,0 138.94760434,-8.36626589,0 138.94775872,-8.36798888,0 138.94835359,-8.36857185,0 138.95070925,-8.36946414,0 138.95539679,-8.37032075,0</coordinates></LinearRing></outerBoundaryIs></Polygon></Placemark><Placemark><name>Province Papua Selatan - Bagian 014</name><visibility>1</visibility><styleUrl>#papua-selatan-style</styleUrl><Polygon><tessellate>1</tessellate><altitudeMode>clampToGround</altitudeMode><outerBoundaryIs><LinearRing><coordinates>138.94491527,-8.36689433,0 138.94694971,-8.36750109,0 138.94732536,-8.36733463,0 138.94795650,-8.36121231,0 138.94747549,-8.35751141,0 138.94765928,-8.35165457,0 138.94545120,-8.34691079,0 138.94426992,-8.34304015,0 138.93635987,-8.33456033,0 138.93163797,-8.33020372,0 138.92743455,-8.32690212,0 138.92667029,-8.32671870,0 138.92589074,-8.32697855,0 138.92313941,-8.32957703,0 138.92077020,-8.33264936,0 138.91969620,-8.33508484,0 138.91915311,-8.33827543,0 138.91912221,-8.34233401,0 138.91993608,-8.34715903,0 138.92146949,-8.35173522,0 138.92395377,-8.35756299,0 138.92521333,-8.35850673,0 138.93103111,-8.35925626,0 138.93420769,-8.36013666,0 138.93858590,-8.36305150,0 138.94098916,-8.36506214,0 138.94491527,-8.36689433,0</coordinates></LinearRing></outerBoundaryIs></Polygon></Placemark><Placemark><name>Province Papua Selatan - Bagian 015</name><visibility>1</visibility><styleUrl>#papua-selatan-style</styleUrl><Polygon><tessellate>1</tessellate><altitudeMode>clampToGround</altitudeMode><outerBoundaryIs><LinearRing><coordinates>138.93365873,-8.31645405,0 138.93277080,-8.31627515,0 138.93104332,-8.31886282,0 138.93066750,-8.32029698,0 138.93117157,-8.32217183,0 138.93700437,-8.32778483,0 138.94650808,-8.33798623,0 138.95151103,-8.34123685,0 138.95314364,-8.34149973,0 138.95349258,-8.34196113,0 138.95448268,-8.34227039,0 138.95633051,-8.34243665,0 138.95977708,-8.34347364,0 138.96212841,-8.34350929,0 138.96267569,-8.34308099,0 138.96597124,-8.34201023,0 138.96817679,-8.33949362,0 138.97099190,-8.33704906,0 138.97156514,-8.33604816,0 138.97168195,-8.33518118,0 138.97071826,-8.33413422,0 138.96888435,-8.33331674,0 138.96487643,-8.33271294,0 138.95849127,-8.33265107,0 138.95567631,-8.33229699,0 138.95255290,-8.33158489,0 138.94787152,-8.32977714,0 138.94382963,-8.32700550,0 138.94138650,-8.32485156,0 138.93365873,-8.31645405,0</coordinates></LinearRing></outerBoundaryIs></Polygon></Placemark><Placemark><name>Province Papua Selatan - Bagian 016</name><visibility>1</visibility><styleUrl>#papua-selatan-style</styleUrl><Polygon><tessellate>1</tessellate><altitudeMode>clampToGround</altitudeMode><outerBoundaryIs><LinearRing><coordinates>138.98573998,-8.28697794,0 138.98478343,-8.28708941,0 138.98287520,-8.28815958,0 138.97944800,-8.28782121,0 138.97776374,-8.29019644,0 138.97596374,-8.29157860,0 138.97226040,-8.29234249,0 138.96784376,-8.29251065,0 138.96488173,-8.29302081,0 138.96075395,-8.29454850,0 138.95406577,-8.29566298,0 138.95267414,-8.29616587,0 138.94684714,-8.30005635,0 138.93610848,-8.30547486,0 138.93534633,-8.30662249,0 138.93525270,-8.30904953,0 138.93531618,-8.31108446,0 138.93586218,-8.31337507,0 138.93823619,-8.31663161,0 138.94295673,-8.32168832,0 138.94762304,-8.32533898,0 138.95186294,-8.32759446,0 138.95607346,-8.32902165,0 138.95955045,-8.32955701,0 138.96140286,-8.32919652,0 138.96281269,-8.32841486,0 138.96512653,-8.32842351,0 138.96601883,-8.32804280,0 138.96852916,-8.32781675,0 138.96881766,-8.32700474,0 138.97142555,-8.32671920,0 138.97134940,-8.32580549,0 138.97045473,-8.32389859,0 138.97109718,-8.32279214,0 138.97527313,-8.31715282,0 138.97741465,-8.31479715,0 138.97799942,-8.31513422,0 138.97949848,-8.31464643,0 138.98021231,-8.31478920,0 138.98133066,-8.31402777,0 138.98125928,-8.31344480,0 138.98247280,-8.31298081,0 138.98425740,-8.31077981,0 138.98455483,-8.30953059,0 138.98534005,-8.30905470,0 138.98564938,-8.30778169,0 138.98908770,-8.30270154,0 138.99304951,-8.29449240,0 138.99339453,-8.29287436,0 138.99325176,-8.29188689,0 138.99353730,-8.29045921,0 138.99318038,-8.28875789,0 138.99229096,-8.28788146,0 138.98573998,-8.28697794,0</coordinates></LinearRing></outerBoundaryIs></Polygon></Placemark><Placemark><name>Province Papua Selatan - Bagian 017</name><visibility>1</visibility><styleUrl>#papua-selatan-style</styleUrl><Polygon><tessellate>1</tessellate><altitudeMode>clampToGround</altitudeMode><outerBoundaryIs><LinearRing><coordinates>138.87776416,-8.27259133,0 138.87469364,-8.27197088,0 138.86782056,-8.26941366,0 138.86219622,-8.26788739,0 138.85901353,-8.26644084,0 138.85682819,-8.26729056,0 138.85578899,-8.26896920,0 138.85760101,-8.27050695,0 138.86257789,-8.27330147,0 138.86890159,-8.27761453,0 138.87752738,-8.28481596,0 138.88044114,-8.28648123,0 138.88450854,-8.28787310,0 138.89200456,-8.28960238,0 138.89442409,-8.28926178,0 138.89545098,-8.28837206,0 138.89890074,-8.28315178,0 138.89982430,-8.28248430,0 138.90036314,-8.28163173,0 138.90028666,-8.28033294,0 138.89804050,-8.27777141,0 138.89344163,-8.27047728,0 138.89295198,-8.26911969,0 138.89183364,-8.26770819,0 138.88957187,-8.26793303,0 138.88517611,-8.27043597,0 138.88083270,-8.27227324,0 138.87776416,-8.27259133,0</coordinates></LinearRing></outerBoundaryIs></Polygon></Placemark><Placemark><name>Province Papua Selatan - Bagian 018</name><visibility>1</visibility><styleUrl>#papua-selatan-style</styleUrl><Polygon><tessellate>1</tessellate><altitudeMode>clampToGround</altitudeMode><outerBoundaryIs><LinearRing><coordinates>138.99263310,-8.28738019,0 138.99199778,-8.28454625,0 138.99548132,-8.27466673,0 138.99438914,-8.27196128,0 138.99388232,-8.26703223,0 138.99285257,-8.26468696,0 138.99230774,-8.26413042,0 138.98928815,-8.26561163,0 138.98172758,-8.27167541,0 138.97897526,-8.27517703,0 138.97850023,-8.27622401,0 138.97838362,-8.27763482,0 138.97898678,-8.28388856,0 138.98014973,-8.28711680,0 138.98288444,-8.28766413,0 138.98447204,-8.28667992,0 138.98569828,-8.28652291,0 138.99263310,-8.28738019,0</coordinates></LinearRing></outerBoundaryIs></Polygon></Placemark><Placemark><name>Province Papua Selatan - Bagian 019</name><visibility>1</visibility><styleUrl>#papua-selatan-style</styleUrl><Polygon><tessellate>1</tessellate><altitudeMode>clampToGround</altitudeMode><outerBoundaryIs><LinearRing><coordinates>138.99745944,-8.23066762,0 138.99651329,-8.22872777,0 138.99564740,-8.22850171,0 138.99335230,-8.22948127,0 138.99063305,-8.23201510,0 138.98782498,-8.23367256,0 138.97891780,-8.23593080,0 138.96995397,-8.24001181,0 138.96838910,-8.24113308,0 138.96711951,-8.24279544,0 138.96536223,-8.25052441,0 138.96281520,-8.25706365,0 138.96143702,-8.25904315,0 138.95954928,-8.26018612,0 138.94706004,-8.26350201,0 138.94476090,-8.26456142,0 138.94260057,-8.26641478,0 138.94001567,-8.26941850,0 138.93689454,-8.27605681,0 138.93514067,-8.27760371,0 138.93367487,-8.27807411,0 138.92619926,-8.27786925,0 138.92424099,-8.27867200,0 138.92434947,-8.27991536,0 138.93026137,-8.29124652,0 138.93166298,-8.29468448,0 138.93231117,-8.29792561,0 138.93279218,-8.29836256,0 138.93349736,-8.30126727,0 138.93445014,-8.30293476,0 138.93547647,-8.30347724,0 138.93704769,-8.30355322,0 138.93996137,-8.30178858,0 138.94669538,-8.29849954,0 138.95041306,-8.29585969,0 138.95246399,-8.29513037,0 138.96094166,-8.29351599,0 138.96438349,-8.29237850,0 138.96754188,-8.29184986,0 138.97270203,-8.29166617,0 138.97492992,-8.29120423,0 138.97635881,-8.29043247,0 138.97945767,-8.28719115,0 138.97951770,-8.28655084,0 138.97862603,-8.28377378,0 138.97808202,-8.27781364,0 138.97821576,-8.27623996,0 138.97898626,-8.27450961,0 138.98142780,-8.27159662,0 138.98576830,-8.26767358,0 138.99024859,-8.26451290,0 138.99437766,-8.26257793,0 138.99417189,-8.26159113,0 138.99240110,-8.25895888,0 138.99273988,-8.25832517,0 138.99225441,-8.25676166,0 138.99229950,-8.25323470,0 138.99144985,-8.25167964,0 138.99207871,-8.25061844,0 138.99164227,-8.24877867,0 138.99185608,-8.24748733,0 138.99228505,-8.24608368,0 138.99326985,-8.24549687,0 138.99322384,-8.24475817,0 138.99264688,-8.24399162,0 138.99206543,-8.24418486,0 138.99161993,-8.24335210,0 138.99071850,-8.24306441,0 138.99133207,-8.24119340,0 138.99045372,-8.24046721,0 138.99160665,-8.23971261,0 138.99315395,-8.23972016,0 138.99342969,-8.23869602,0 138.99391474,-8.23865310,0 138.99415187,-8.23901092,0 138.99506244,-8.23831111,0 138.99503084,-8.23768025,0 138.99554329,-8.23689008,0 138.99502153,-8.23566153,0 138.99513497,-8.23419699,0 138.99623289,-8.23317113,0 138.99546390,-8.23186364,0 138.99547263,-8.23054316,0 138.99628113,-8.23063306,0 138.99748916,-8.23143260,0 138.99745944,-8.23066762,0</coordinates></LinearRing></outerBoundaryIs></Polygon></Placemark><Placemark><name>Province Papua Selatan - Bagian 020</name><visibility>1</visibility><styleUrl>#papua-selatan-style</styleUrl><Polygon><tessellate>1</tessellate><altitudeMode>clampToGround</altitudeMode><outerBoundaryIs><LinearRing><coordinates>138.84775128,-8.25613569,0 138.84685846,-8.25578882,0 138.84640694,-8.25661535,0 138.84616902,-8.25818863,0 138.84652656,-8.25931951,0 138.84802261,-8.26236385,0 138.85155802,-8.26612275,0 138.85556697,-8.26902319,0 138.85657731,-8.26729170,0 138.85908976,-8.26629567,0 138.85244924,-8.25964793,0 138.84775128,-8.25613569,0</coordinates></LinearRing></outerBoundaryIs></Polygon></Placemark><Placemark><name>Province Papua Selatan - Bagian 021</name><visibility>1</visibility><styleUrl>#papua-selatan-style</styleUrl><Polygon><tessellate>1</tessellate><altitudeMode>clampToGround</altitudeMode><outerBoundaryIs><LinearRing><coordinates>139.44399458,-8.24201949,0 139.44279310,-8.24070036,0 139.44108024,-8.24250479,0 139.44011919,-8.24240453,0 139.43992667,-8.24298210,0 139.44106754,-8.24370227,0 139.44156667,-8.24307479,0 139.44406232,-8.24271114,0 139.44399458,-8.24201949,0</coordinates></LinearRing></outerBoundaryIs></Polygon></Placemark><Placemark><name>Province Papua Selatan - Bagian 022</name><visibility>1</visibility><styleUrl>#papua-selatan-style</styleUrl><Polygon><tessellate>1</tessellate><altitudeMode>clampToGround</altitudeMode><outerBoundaryIs><LinearRing><coordinates>138.85038982,-8.20712746,0 138.84971308,-8.20771091,0 138.84855815,-8.20978815,0 138.84871133,-8.21376072,0 138.84824803,-8.22031394,0 138.84839793,-8.22918750,0 138.84800223,-8.23408563,0 138.84817024,-8.23560940,0 138.84753162,-8.24179099,0 138.84780243,-8.25541020,0 138.85199777,-8.25810103,0 138.85567058,-8.26136732,0 138.86092081,-8.26679424,0 138.86234542,-8.26742448,0 138.86499591,-8.26776248,0 138.86862721,-8.26883896,0 138.87627449,-8.27172577,0 138.87838525,-8.27203367,0 138.88003503,-8.27177949,0 138.88518427,-8.26933030,0 138.88822525,-8.26732944,0 138.89077658,-8.26628240,0 138.88734653,-8.25914931,0 138.88642677,-8.25511373,0 138.88550708,-8.24563085,0 138.88582639,-8.24496815,0 138.88606720,-8.23854819,0 138.88571653,-8.23808516,0 138.88528573,-8.23774178,0 138.88550355,-8.23791773,0 138.88063248,-8.23466619,0 138.87752457,-8.23171297,0 138.87130308,-8.22507115,0 138.86904943,-8.22165476,0 138.86783657,-8.22042880,0 138.86172806,-8.21599308,0 138.85789897,-8.21236447,0 138.85038982,-8.20712746,0</coordinates></LinearRing></outerBoundaryIs></Polygon></Placemark><Placemark><name>Province Papua Selatan - Bagian 023</name><visibility>1</visibility><styleUrl>#papua-selatan-style</styleUrl><Polygon><tessellate>1</tessellate><altitudeMode>clampToGround</altitudeMode><outerBoundaryIs><LinearRing><coordinates>138.94468492,-7.88114264,0 138.93257437,-7.88290334,0 138.92754577,-7.88475757,0 138.92251569,-7.88755383,0 138.91947173,-7.88979201,0 138.91568497,-7.89349414,0 138.91411350,-7.89604306,0 138.91491856,-7.89680481,0 138.91549688,-7.89690234,0 138.91760243,-7.89671406,0 138.91917646,-7.89610395,0 138.92382988,-7.89317768,0 138.93715312,-7.88672357,0 138.94094219,-7.88419566,0 138.94468492,-7.88114264,0</coordinates></LinearRing></outerBoundaryIs></Polygon></Placemark><Placemark><name>Province Papua Selatan - Bagian 024</name><visibility>1</visibility><styleUrl>#papua-selatan-style</styleUrl><Polygon><tessellate>1</tessellate><altitudeMode>clampToGround</altitudeMode><outerBoundaryIs><LinearRing><coordinates>139.22337573,-8.09477858,0 139.22862615,-8.10195941,0 139.22825495,-8.10414376,0 139.22879747,-8.10594263,0 139.22855476,-8.10639948,0 139.22864042,-8.10774150,0 139.23047624,-8.11132919,0 139.23129560,-8.11222748,0 139.23247679,-8.11544867,0 139.23268030,-8.11777581,0 139.23240412,-8.11932008,0 139.23275867,-8.12069296,0 139.23649947,-8.12334966,0 139.23885673,-8.12583605,0 139.24021902,-8.12884754,0 139.24023099,-8.13159179,0 139.24068252,-8.13253068,0 139.24332657,-8.13556267,0 139.24848549,-8.13963672,0 139.24973973,-8.14113727,0 139.25104107,-8.14400978,0 139.25035488,-8.14688199,0 139.25038705,-8.14926737,0 139.25115468,-8.15075573,0 139.25194153,-8.15134738,0 139.25500383,-8.15529529,0 139.25925025,-8.15847693,0 139.26088381,-8.15920614,0 139.26202834,-8.16050285,0 139.26413976,-8.16128834,0 139.26683938,-8.16337323,0 139.26769667,-8.16460767,0 139.26991658,-8.16628702,0 139.27056799,-8.16831566,0 139.27132030,-8.16943607,0 139.27425958,-8.17238993,0 139.27663089,-8.17567873,0 139.27844704,-8.17710204,0 139.28012461,-8.17791274,0 139.28154919,-8.17820531,0 139.28400060,-8.17830219,0 139.28505347,-8.17798455,0 139.28578494,-8.17842165,0 139.28733391,-8.17867403,0 139.29612082,-8.17936726,0 139.30042340,-8.18028728,0 139.30362070,-8.18145014,0 139.30639382,-8.18314183,0 139.30822425,-8.18471369,0 139.30931880,-8.18744531,0 139.30920788,-8.18806833,0 139.30874773,-8.18713123,0 139.30913796,-8.18853035,0 139.30888098,-8.18961538,0 139.31594322,-8.19693460,0 139.31939820,-8.19859071,0 139.32417615,-8.19963767,0 139.32570605,-8.20027902,0 139.32435699,-8.19994224,0 139.32492806,-8.20041814,0 139.32811654,-8.20070367,0 139.33287546,-8.20214087,0 139.33663501,-8.20370179,0 139.33791992,-8.20506284,0 139.33967120,-8.20592897,0 139.34392568,-8.20567199,0 139.34993144,-8.20436804,0 139.35888192,-8.20373327,0 139.36115838,-8.20381713,0 139.36822273,-8.20320496,0 139.37462470,-8.20353939,0 139.38234183,-8.20309405,0 139.39718816,-8.20115283,0 139.40289973,-8.20010571,0 139.41952824,-8.19887427,0 139.42343848,-8.19806222,0 139.42558913,-8.19813166,0 139.43857039,-8.19573396,0 139.44676160,-8.19455050,0 139.45069561,-8.19453794,0 139.45436313,-8.19342003,0 139.45654587,-8.19331954,0 139.45949003,-8.19183736,0 139.46303505,-8.19058398,0 139.47402419,-8.18395581,0 139.48154682,-8.18001511,0 139.48791174,-8.17710075,0 139.49556898,-8.17441320,0 139.50033242,-8.17391374,0 139.50166007,-8.17436481,0 139.50399509,-8.17661330,0 139.50551794,-8.17737954,0 139.50862707,-8.17773126,0 139.51317827,-8.17554515,0 139.52251897,-8.16974976,0 139.52719662,-8.16793004,0 139.53531470,-8.16367838,0 139.55064881,-8.15711091,0 139.57993998,-8.14371455,0 139.58317604,-8.14160873,0 139.58440147,-8.14050228,0 139.58512720,-8.13926496,0 139.58324743,-8.13903891,0 139.58214098,-8.13825369,0 139.58187358,-8.13762097,0 139.58036940,-8.13674181,0 139.58048851,-8.13654017,0 139.58170068,-8.13699192,0 139.58197163,-8.13464846,0 139.58432788,-8.13079866,0 139.58441023,-8.12915679,0 139.58697128,-8.12979470,0 139.59301511,-8.12954486,0 139.59500196,-8.12990178,0 139.59702451,-8.12897379,0 139.59721486,-8.12774837,0 139.59752419,-8.12756991,0 139.60368159,-8.12699977,0 139.60959262,-8.12585010,0 139.62978170,-8.11981177,0 139.63426747,-8.11828388,0 139.63565969,-8.11749163,0 139.63819032,-8.11716947,0 139.65545158,-8.11302745,0 139.67065898,-8.10990096,0 139.70372535,-8.10524847,0 139.70804680,-8.10357222,0 139.71221897,-8.10087235,0 139.71294233,-8.09969214,0 139.71261872,-8.09841675,0 139.71203813,-8.09795989,0 139.71271390,-8.09740786,0 139.71455084,-8.09737930,0 139.71624502,-8.09825495,0 139.72234596,-8.09945419,0 139.72620069,-8.09961600,0 139.74908158,-8.09909252,0 139.77101069,-8.09969214,0 139.77948158,-8.09962552,0 139.80548195,-8.10141963,0 139.81570411,-8.10249039,0 139.81749100,-8.10216714,0 139.82103648,-8.10305670,0 139.82188119,-8.10285444,0 139.82098889,-8.10230717,0 139.82380856,-8.10274737,0 139.82374907,-8.10223578,0 139.82315420,-8.10200974,0 139.82257124,-8.10122451,0 139.82347157,-8.10138636,0 139.82415358,-8.10234286,0 139.82652114,-8.10290203,0 139.83317173,-8.10093898,0 139.83382609,-8.10047498,0 139.83409972,-8.10071293,0 139.83740015,-8.10081305,0 139.84223398,-8.10155991,0 139.84893566,-8.10200974,0 139.85167204,-8.10186697,0 139.85261193,-8.10249753,0 139.85273090,-8.10330654,0 139.85319490,-8.10374674,0 139.85576472,-8.10498406,0 139.85964324,-8.10586446,0 139.86193942,-8.10595964,0 139.86283172,-8.10578118,0 139.86346227,-8.10526960,0 139.86575845,-8.10511493,0 139.86881606,-8.10732783,0 139.87227818,-8.10817254,0 139.87716797,-8.10838669,0 139.88904148,-8.10748250,0 139.89251549,-8.10648312,0 139.89353866,-8.10706609,0 139.90114104,-8.10672107,0 139.90267579,-8.10650692,0 139.90322307,-8.10604292,0 139.90663759,-8.10595964,0 139.90962382,-8.10550754,0 139.91106101,-8.10495551,0 139.91274567,-8.10659734,0 139.92034091,-8.10679721,0 139.92293214,-8.10617617,0 139.92525553,-8.10631386,0 139.92812175,-8.10601199,0 139.92900691,-8.10532670,0 139.93202789,-8.10488891,0 139.93282720,-8.10420863,0 139.93721040,-8.10344503,0 139.93810462,-8.10254241,0 139.93814031,-8.10197134,0 139.93846154,-8.10194755,0 139.93940143,-8.10306589,0 139.94034131,-8.10018675,0 139.94097187,-8.10110284,0 139.94150725,-8.10016295,0 139.94180468,-8.10086489,0 139.94224488,-8.10030572,0 139.94298252,-8.10092438,0 139.94464814,-8.10120991,0 139.94581407,-8.10213790,0 139.94640894,-8.10223308,0 139.94827682,-8.10222119,0 139.95042331,-8.10155752,0 139.95943671,-8.12275376,0 139.95695255,-8.12426710,0 139.95669557,-8.12488576,0 139.95592318,-8.13231327,0 139.95656563,-8.13858315,0 139.95865956,-8.14505528,0 139.96491754,-8.15886805,0 139.97186557,-8.17080105,0 139.97876600,-8.18079478,0 139.98593328,-8.18941991,0 139.99225739,-8.19771276,0 139.99841330,-8.20400927,0 140.00898921,-8.21341733,0 140.01651876,-8.22071895,0 140.02221923,-8.22545652,0 140.03152160,-8.23392214,0 140.04540374,-8.24557067,0 140.05089221,-8.25104826,0 140.05547029,-8.25469561,0 140.06815883,-8.26411820,0 140.10896409,-8.29128775,0 140.11133658,-8.29330925,0 140.11772533,-8.29670525,0 140.12704251,-8.30253902,0 140.13227376,-8.30625388,0 140.13946052,-8.31256458,0 140.14281556,-8.31465850,0 140.14835971,-8.31894153,0 140.15161957,-8.32273677,0 140.15715182,-8.32742431,0 140.16370723,-8.33218323,0 140.17634763,-8.33968829,0 140.18969640,-8.34575592,0 140.19136202,-8.34680288,0 140.19440773,-8.34796881,0 140.22705881,-8.35581716,0 140.22876715,-8.35896192,0 140.22772663,-8.36082005,0 140.22755363,-8.36864633,0 140.22876715,-8.37181101,0 140.23064693,-8.37523744,0 140.23753001,-8.38428629,0 140.24372613,-8.39151033,0 140.26311397,-8.41100288,0 140.26473201,-8.41252573,0 140.26586463,-8.41309680,0 140.27474129,-8.42118597,0 140.27707257,-8.42236024,0 140.27718714,-8.42347176,0 140.27806602,-8.42451843,0 140.29157233,-8.43622516,0 140.30040082,-8.44300449,0 140.30183494,-8.44456755,0 140.31096018,-8.45194388,0 140.32371361,-8.46146122,0 140.32966179,-8.46536211,0 140.33549074,-8.46841951,0 140.33807794,-8.46925253,0 140.34200405,-8.46986643,0 140.34640129,-8.46935961,0 140.34848282,-8.46822942,0 140.35531663,-8.47253149,0 140.35493905,-8.47368106,0 140.35645178,-8.47771770,0 140.35748685,-8.47950230,0 140.35778428,-8.48081100,0 140.35898591,-8.48203642,0 140.35922385,-8.48316667,0 140.36274546,-8.49067387,0 140.36399467,-8.49267261,0 140.36492266,-8.49300574,0 140.36556512,-8.49530192,0 140.36804864,-8.49824151,0 140.36910036,-8.50021170,0 140.36983799,-8.50075422,0 140.37194334,-8.50445011,0 140.37875455,-8.51179075,0 140.38441767,-8.51674300,0 140.38689231,-8.51932769,0 140.38878993,-8.52074942,0 140.39063311,-8.52276459,0 140.39289772,-8.52452038,0 140.39431027,-8.52510384,0 140.39538103,-8.52688248,0 140.39964979,-8.53067344,0 140.40435160,-8.53450913,0 140.40543663,-8.53494695,0 140.40570313,-8.53579404,0 140.40757815,-8.53753581,0 140.40948172,-8.53862084,0 140.40951027,-8.53911577,0 140.41055723,-8.54061007,0 140.41201346,-8.54162848,0 140.41222286,-8.54151426,0 140.41189925,-8.54085753,0 140.41391703,-8.54206630,0 140.41603951,-8.54463612,0 140.41954208,-8.54765327,0 140.42164552,-8.55065139,0 140.42383463,-8.55224087,0 140.42539555,-8.55422059,0 140.42812717,-8.55682848,0 140.42979892,-8.55903812,0 140.43150601,-8.56030249,0 140.43360945,-8.56282472,0 140.43489436,-8.56368132,0 140.43505617,-8.56418577,0 140.43649336,-8.56536598,0 140.43815898,-8.56587043,0 140.44169010,-8.56829748,0 140.44181383,-8.56875433,0 140.44279502,-8.56899251,0 140.44281321,-8.56977274,0 140.44373644,-8.57030574,0 140.44358024,-8.57125300,0 140.44437413,-8.57142885,0 140.44509749,-8.57238063,0 140.44576374,-8.57247581,0 140.44589699,-8.57309447,0 140.44730563,-8.57437938,0 140.44880945,-8.57490286,0 140.44877138,-8.57592127,0 140.44991352,-8.57717763,0 140.45369210,-8.58022334,0 140.45432028,-8.58111801,0 140.45598590,-8.58211739,0 140.45630951,-8.58313580,0 140.46078329,-8.58709581,0 140.46250716,-8.58799115,0 140.47137523,-8.59440742,0 140.47240315,-8.59467392,0 140.47267145,-8.59515675,0 140.47632926,-8.59692410,0 140.47642920,-8.59752372,0 140.47938449,-8.59962241,0 140.48089783,-8.60005071,0 140.48439564,-8.60204946,0 140.48548485,-8.60204529,0 140.48571829,-8.60316001,0 140.48679790,-8.60358641,0 140.48991065,-8.60616175,0 140.49186161,-8.60735303,0 140.49317031,-8.60761477,0 140.49463584,-8.60838491,0 140.49531183,-8.60906625,0 140.49568518,-8.61020839,0 140.49658985,-8.61028412,0 140.49676593,-8.61095989,0 140.49819678,-8.61189541,0 140.50012890,-8.61435102,0 140.50060004,-8.61430819,0 140.50055245,-8.61466511,0 140.50134541,-8.61573279,0 140.50464552,-8.61960963,0 140.50455272,-8.62001651,0 140.50519517,-8.62003793,0 140.50837949,-8.62673909,0 140.50850322,-8.62781460,0 140.50999540,-8.63092367,0 140.50992877,-8.63156136,0 140.51209884,-8.63840469,0 140.51334568,-8.64092692,0 140.51439264,-8.64478165,0 140.51721944,-8.65127282,0 140.51858024,-8.65289174,0 140.51839940,-8.65303451,0 140.51880866,-8.65364841,0 140.51768581,-8.65542260,0 140.51875181,-8.65989599,0 140.52408181,-8.67309724,0 140.52694668,-8.68160619,0 140.52843146,-8.68492792,0 140.52906916,-8.68556561,0 140.52887880,-8.68609861,0 140.53017323,-8.68860180,0 140.53334339,-8.69335342,0 140.53918985,-8.70113877,0 140.55282014,-8.71735759,0 140.55338797,-8.71770958,0 140.56122258,-8.72813352,0 140.56667631,-8.73601430,0 140.57397174,-8.74539413,0 140.57878301,-8.75253252,0 140.57923986,-8.75293227,0 140.57964675,-8.75279664,0 140.58031062,-8.75447416,0 140.58669947,-8.76417522,0 140.58697073,-8.76563859,0 140.59156785,-8.77475430,0 140.59474443,-8.77903733,0 140.59448745,-8.78022231,0 140.59490455,-8.78232467,0 140.59656415,-8.78675219,0 140.59850699,-8.79023666,0 140.60403686,-8.79771769,0 140.60515997,-8.79897404,0 140.60564538,-8.79911681,0 140.60708739,-8.80140795,0 140.61025518,-8.80455943,0 140.61114748,-8.80495204,0 140.61132594,-8.80528517,0 140.61083815,-8.80552311,0 140.61089764,-8.80588003,0 140.61213185,-8.80707107,0 140.61468605,-8.81121363,0 140.61743679,-8.81450622,0 140.61727312,-8.81494668,0 140.61990430,-8.81844279,0 140.62226035,-8.82061104,0 140.62418733,-8.82336828,0 140.62930976,-8.82644664,0 140.63159934,-8.82877347,0 140.63487348,-8.83018211,0 140.63585381,-8.82982044,0 140.63656765,-8.83018211,0 140.63730053,-8.83090547,0 140.63780497,-8.83215231,0 140.63857592,-8.83208568,0 140.63849026,-8.83249495,0 140.63811906,-8.83251398,0 140.63879761,-8.83350772,0 140.64331104,-8.83807954,0 140.64861269,-8.84262575,0 140.65076607,-8.84500717,0 140.65558621,-8.84833268,0 140.65591267,-8.85037660,0 140.65700722,-8.85082394,0 140.65751167,-8.85173765,0 140.65905356,-8.85299401,0 140.66343207,-8.85553829,0 140.66773414,-8.85931688,0 140.66816244,-8.86068745,0 140.66874303,-8.86077311,0 140.66873351,-8.86138225,0 140.66997083,-8.86201995,0 140.67018974,-8.86260053,0 140.67295944,-8.86559865,0 140.67355906,-8.86682646,0 140.67449022,-8.86664118,0 140.67494708,-8.86726935,0 140.67468058,-8.86737881,0 140.67486618,-8.86793084,0 140.67577513,-8.86904443,0 140.67821884,-8.87090517,0 140.67845440,-8.87174036,0 140.68016048,-8.87302527,0 140.68076724,-8.87391757,0 140.68441495,-8.87642314,0 140.68511452,-8.87766522,0 140.68742735,-8.87990667,0 140.69012899,-8.88141810,0 140.69157570,-8.88261735,0 140.69223768,-8.88250000,0 140.69237520,-8.88288385,0 140.70014176,-8.88888009,0 140.70217858,-8.88956538,0 140.70286387,-8.89066945,0 140.70728312,-8.89468122,0 140.71090942,-8.89690840,0 140.71315087,-8.89749374,0 140.71663440,-8.90047759,0 140.71799070,-8.90110577,0 140.72041775,-8.90313307,0 140.72111731,-8.90317590,0 140.72185970,-8.90250489,0 140.72256137,-8.90262004,0 140.72324666,-8.90433326,0 140.72387748,-8.90439418,0 140.72558805,-8.90562768,0 140.72566624,-8.90634058,0 140.72660494,-8.90595868,0 140.72738088,-8.90630275,0 140.72823998,-8.90720779,0 140.72862561,-8.90866716,0 140.73232668,-8.91162868,0 140.73248768,-8.91283127,0 140.73332049,-8.91327742,0 140.73351641,-8.91400814,0 140.73420089,-8.91443146,0 140.73410652,-8.91491234,0 140.73565793,-8.91581654,0 140.73597675,-8.91681477,0 140.73698091,-8.91744409,0 140.73868320,-8.91944112,0 140.73970340,-8.91986645,0 140.73981722,-8.92061353,0 140.74030142,-8.92052078,0 140.74049178,-8.92109185,0 140.74108664,-8.92112159,0 140.74226448,-8.92279317,0 140.74300211,-8.92285860,0 140.74323411,-8.92333449,0 140.74398604,-8.92325949,0 140.74400553,-8.92398456,0 140.74530471,-8.92407498,0 140.74572350,-8.92469840,0 140.74766875,-8.92557679,0 140.74786501,-8.92617367,0 140.74740816,-8.92680660,0 140.74775556,-8.92740147,0 140.74913565,-8.92706358,0 140.75022975,-8.92748541,0 140.75081509,-8.92817070,0 140.75061567,-8.92881011,0 140.75212425,-8.92949063,0 140.75214647,-8.93002945,0 140.75266201,-8.93019495,0 140.75366569,-8.93144483,0 140.75512237,-8.93217467,0 140.75563633,-8.93349289,0 140.75653101,-8.93370704,0 140.75663095,-8.93460648,0 140.75721154,-8.93471117,0 140.75754897,-8.93530908,0 140.75803483,-8.93529652,0 140.75853928,-8.93648625,0 140.75917697,-8.93654811,0 140.75939112,-8.93713822,0 140.76003834,-8.93728575,0 140.76007165,-8.93803766,0 140.76070934,-8.93817567,0 140.76076645,-8.93879909,0 140.76207516,-8.93938443,0 140.76200377,-8.93997454,0 140.76246539,-8.94023628,0 140.76235497,-8.94164069,0 140.76378839,-8.94363260,0 140.76454028,-8.94404461,0 140.76585493,-8.94593628,0 140.76724787,-8.94604811,0 140.76703847,-8.94772325,0 140.77049345,-8.95078800,0 140.77140716,-8.95101643,0 140.77252075,-8.95318650,0 140.77577229,-8.95636902,0 140.77637548,-8.95777410,0 140.77723208,-8.95795494,0 140.77876446,-8.96011549,0 140.77941167,-8.96036295,0 140.77943071,-8.96068656,0 140.78023972,-8.96104824,0 140.78169804,-8.96243754,0 140.78233365,-8.96433189,0 140.78333302,-8.96462695,0 140.78464411,-8.96683984,0 140.78979445,-8.97322513,0 140.79284373,-8.97783533,0 140.79369320,-8.97801379,0 140.79289384,-8.97831322,0 140.79302219,-8.97877760,0 140.79345049,-8.97933439,0 140.79382548,-8.97926425,0 140.79494349,-8.98133198,0 140.79890155,-8.98651769,0 140.80442190,-8.99470303,0 140.80555214,-8.99579758,0 140.80565565,-8.99668562,0 140.80640324,-8.99723975,0 140.80634569,-8.99763741,0 140.80758896,-8.99940416,0 140.80811839,-8.99989789,0 140.80875490,-8.99995143,0 140.81057288,-8.99915240,0 140.80924269,-9.00153377,0 140.81027775,-9.00437723,0 140.81208376,-9.00595788,0 140.81762473,-9.01411934,0 140.82008986,-9.01562316,0 140.82147946,-9.01786937,0 140.82617890,-9.02257118,0 140.82788497,-9.02388465,0 140.82813481,-9.02384182,0 140.82791352,-9.02326361,0 140.82907708,-9.02375615,0 140.83513757,-9.02965246,0 140.83850688,-9.03242215,0 140.84563649,-9.03660187,0 140.84560196,-9.03695693,0 140.84590653,-9.03686175,0 140.84712006,-9.03767077,0 140.84707723,-9.03827991,0 140.84957328,-9.03955689,0 140.85308299,-9.04200773,0 140.85956702,-9.04762326,0 140.86212494,-9.04888437,0 140.86794272,-9.05421437,0 140.87122638,-9.05751230,0 140.87168913,-9.05885028,0 140.87366770,-9.06082451,0 140.87395324,-9.06138130,0 140.87171179,-9.05945394,0 140.87135487,-9.05952532,0 140.87321085,-9.06222363,0 140.87452778,-9.06341868,0 140.87503827,-9.06325156,0 140.87483840,-9.06238068,0 140.87618041,-9.06276615,0 140.87752243,-9.06539307,0 140.87610903,-9.06449364,0 140.87576639,-9.06459357,0 140.87590915,-9.06509326,0 140.87785080,-9.06743465,0 140.87830765,-9.06722050,0 140.87862174,-9.06747748,0 140.87853608,-9.06830553,0 140.87907860,-9.06831981,0 140.88039206,-9.07000447,0 140.88013508,-9.07070403,0 140.88066332,-9.07120372,0 140.88067759,-9.07174623,0 140.88103451,-9.07184617,0 140.88120584,-9.07137504,0 140.88157703,-9.07154636,0 140.88437528,-9.07502989,0 140.88942925,-9.08323903,0 140.88980045,-9.08262513,0 140.89025730,-9.08262513,0 140.89117102,-9.08301060,0 140.89168498,-9.08379583,0 140.89211328,-9.08358167,0 140.89264152,-9.08389576,0 140.89316977,-9.08525206,0 140.89508285,-9.08675112,0 140.89705305,-9.08699382,0 140.89733858,-9.08742212,0 140.89938016,-9.08852143,0 140.90176993,-9.08791309,0 140.90538289,-9.08936507,0 140.90585309,-9.08966437,0 140.90569128,-9.09008315,0 140.90644332,-9.09056840,0 140.90759565,-9.09044699,0 140.90939386,-9.09093008,0 140.91133536,-9.09096831,0 140.91236329,-9.09049242,0 140.91304858,-9.09101590,0 140.91483087,-9.09011895,0 140.91870171,-9.09012450,0 140.91936796,-9.09035055,0 140.91958985,-9.09141747,0 140.92030785,-9.09188530,0 140.92206865,-9.09121905,0 140.92419040,-9.09142517,0 140.92660688,-9.09116445,0 140.92683293,-9.09074805,0 140.92711476,-9.09161910,0 140.92949422,-9.09220920,0 140.93315859,-9.09230438,0 140.93503361,-9.09291352,0 140.93605201,-9.09285642,0 140.93640418,-9.09407470,0 140.93738451,-9.09407470,0 140.93779378,-9.09483613,0 140.93864087,-9.09533106,0 140.94838162,-9.09787282,0 140.95124979,-9.09893499,0 140.95217736,-9.09864951,0 140.95271316,-9.09919197,0 140.95334134,-9.09865659,0 140.95319101,-9.09949184,0 140.96019418,-9.10171182,0 140.96486269,-9.10424594,0 140.97317177,-9.10670155,0 140.97581297,-9.10685859,0 140.98148798,-9.10835051,0 140.98150940,-9.10801501,0 140.98245166,-9.10833624,0 140.98316550,-9.10817919,0 140.98454321,-9.10934275,0 140.98504122,-9.10929657,0 140.98572104,-9.11005659,0 140.98735573,-9.11009228,0 140.98801960,-9.11077043,0 140.99031816,-9.11144143,0 140.99076074,-9.11203392,0 140.99200996,-9.11218383,0 140.99283087,-9.11286911,0 140.99324490,-9.11282628,0 140.99401584,-9.11370430,0 140.99442273,-9.11371144,0 140.99462974,-9.11328314,0 140.99512943,-9.11396128,0 140.99704252,-9.11322603,0 140.99754934,-9.11422540,0 140.99802048,-9.11409691,0 140.99834884,-9.11459660,0 140.99950526,-9.11473223,0 140.99926018,-9.11561977,0 140.99944101,-9.11694275,0 141.00098291,-9.11783743,0 141.00202035,-9.11742816,0 141.00158253,-9.11826573,0 141.00217264,-9.11797068,0 141.00219167,-9.11849416,0 141.00338140,-9.11939835,0 141.00474245,-9.11920800,0 141.00703814,-9.12140200,0 141.01026280,-9.12338633,0 141.01122171,-9.12313066,0 141.01252805,-9.12351958,0 141.01463338,-9.12281064,0 141.01664631,-9.12319612,0 141.01858894,-9.12423577,0 141.01962500,-9.12554167,0 141.01902778,-8.87448333,0 141.01930833,-8.64593889,0 141.01926667,-7.82179167,0 141.02004179,-6.89234221,0 141.00926720,-6.89101547,0 141.00395246,-6.88991743,0 141.00094358,-6.89027525,0 140.99933051,-6.89147326,0 140.99771976,-6.89418210,0 140.99755405,-6.89552029,0 140.99791922,-6.89922766,0 140.99727045,-6.90112322,0 140.99600664,-6.90206174,0 140.99383335,-6.90301635,0 140.99186697,-6.90353437,0 140.99006181,-6.90361201,0 140.98414784,-6.90267514,0 140.97980855,-6.90049559,0 140.97778630,-6.89840373,0 140.97333428,-6.89002885,0 140.97120038,-6.88939760,0 140.96852152,-6.88976193,0 140.96649659,-6.89047618,0 140.96415230,-6.89183907,0 140.96118562,-6.89410250,0 140.95929502,-6.89604184,0 140.95845596,-6.89763876,0 140.95768744,-6.90058989,0 140.95686790,-6.90911731,0 140.95583331,-6.91025517,0 140.95395474,-6.91027758,0 140.95312655,-6.90970342,0 140.95261646,-6.90870233,0 140.95187484,-6.90367684,0 140.95111310,-6.90180504,0 140.94855195,-6.89942561,0 140.94439330,-6.89713560,0 140.94214291,-6.89542942,0 140.94053718,-6.89339823,0 140.94004332,-6.89133053,0 140.94039725,-6.88853279,0 140.94114079,-6.88676870,0 140.94865656,-6.87834654,0 140.95083986,-6.87451737,0 140.95362015,-6.86858046,0 140.95474246,-6.86502393,0 140.95507472,-6.86211276,0 140.95441477,-6.85937760,0 140.95302641,-6.85680088,0 140.95213476,-6.85611853,0 140.95093004,-6.85584306,0 140.94971460,-6.85605912,0 140.94889903,-6.85665426,0 140.94811187,-6.85814573,0 140.94624029,-6.86478328,0 140.94483836,-6.86823674,0 140.94320401,-6.87038712,0 140.94045846,-6.87215505,0 140.93826237,-6.87265582,0 140.93555651,-6.87250756,0 140.92735835,-6.86995055,0 140.92446299,-6.86949369,0 140.92234343,-6.86981001,0 140.91810675,-6.87168533,0 140.91612501,-6.87206316,0 140.91512909,-6.87107408,0 140.91379713,-6.86570876,0 140.91166094,-6.86173742,0 140.90814646,-6.85745613,0 140.90111547,-6.85025556,0 140.89818047,-6.84638408,0 140.89669368,-6.84322506,0 140.89660314,-6.84210435,0 140.89691788,-6.84139429,0 140.89831586,-6.84107334,0 140.90382934,-6.84153594,0 140.90609089,-6.84030613,0 140.90860330,-6.83772601,0 140.91249490,-6.83071747,0 140.91635820,-6.82819670,0 140.91822442,-6.82640202,0 140.91884494,-6.82436049,0 140.91888731,-6.82131458,0 140.91835961,-6.81842740,0 140.91716425,-6.81562216,0 140.91455132,-6.81152574,0 140.91175182,-6.80827086,0 140.90913154,-6.80631354,0 140.90686498,-6.80565318,0 140.90415404,-6.80560476,0 140.90205401,-6.80602945,0 140.89015927,-6.81231268,0 140.88895153,-6.81256581,0 140.88753723,-6.81219956,0 140.88655875,-6.81144789,0 140.88604900,-6.81044942,0 140.88653115,-6.80509384,0 140.88587485,-6.80293688,0 140.88498052,-6.80150438,0 140.88376411,-6.80049866,0 140.88185040,-6.79952550,0 140.87624046,-6.79778383,0 140.87281583,-6.79630606,0 140.87094660,-6.79468638,0 140.87041488,-6.79311089,0 140.87062308,-6.79212105,0 140.87125191,-6.79118895,0 140.87614240,-6.78754751,0 140.87841021,-6.78433726,0 140.87880548,-6.78155377,0 140.87816590,-6.77674063,0 140.87812339,-6.77346411,0 140.87854922,-6.77113525,0 140.87946741,-6.76945542,0 140.88076294,-6.76864568,0 140.88561547,-6.76834941,0 140.88950958,-6.76764747,0 140.89144958,-6.76703644,0 140.89291127,-6.76618371,0 140.89572485,-6.76340722,0 140.89735852,-6.76110634,0 140.90024908,-6.75572995,0 140.90063440,-6.75431622,0 140.90049289,-6.75320628,0 140.89930968,-6.75207456,0 140.89446703,-6.75192621,0 140.89271079,-6.75150662,0 140.89178666,-6.75086737,0 140.89015738,-6.74819261,0 140.88896217,-6.74290237,0 140.88798553,-6.74062304,0 140.88510349,-6.73714779,0 140.88225021,-6.73493640,0 140.87762131,-6.73284298,0 140.86489969,-6.72965036,0 140.85575615,-6.72633998,0 140.84801822,-6.72236558,0 140.84672935,-6.72111128,0 140.84620299,-6.71975597,0 140.84644803,-6.71854727,0 140.84744150,-6.71664736,0 140.85140191,-6.71215376,0 140.85291013,-6.70977017,0 140.85363345,-6.70740033,0 140.85380805,-6.70390229,0 140.85352357,-6.69962033,0 140.85226632,-6.69504666,0 140.85013782,-6.69055726,0 140.84598636,-6.68395371,0 140.84571944,-6.68286609,0 140.84596013,-6.68177370,0 140.84656358,-6.68129061,0 140.84779450,-6.68119273,0 140.85660730,-6.68363707,0 140.86032816,-6.68388463,0 140.86302577,-6.68364071,0 140.86546910,-6.68276860,0 140.86741402,-6.68141753,0 140.86983530,-6.67858765,0 140.87070806,-6.67664883,0 140.87053685,-6.67474368,0 140.86987354,-6.67332120,0 140.86286189,-6.66745798,0 140.86092133,-6.66482596,0 140.86041022,-6.66277137,0 140.86100478,-6.66157894,0 140.86325295,-6.65987454,0 140.87221432,-6.65508485,0 140.87351821,-6.65340899,0 140.87358228,-6.65175876,0 140.87298333,-6.65109978,0 140.87192970,-6.65070244,0 140.86342474,-6.64948161,0 140.85889473,-6.64808345,0 140.85752511,-6.64729539,0 140.85628026,-6.64599433,0 140.85576455,-6.64463245,0 140.85588182,-6.64340340,0 140.85751013,-6.64084346,0 140.85998362,-6.63870537,0 140.86392375,-6.63649380,0 140.86891464,-6.63469812,0 140.87206756,-6.63252711,0 140.87651209,-6.62627170,0 140.87686324,-6.62485425,0 140.87671433,-6.62271727,0 140.87606445,-6.62116008,0 140.87492971,-6.61975527,0 140.87344001,-6.61854772,0 140.87188320,-6.61788769,0 140.86561611,-6.61708541,0 140.85561419,-6.61813816,0 140.85156966,-6.61779428,0 140.84793045,-6.61657608,0 140.84414286,-6.61481136,0 140.84240405,-6.61321467,0 140.84186619,-6.61175257,0 140.84231299,-6.61050304,0 140.84358229,-6.60981021,0 140.84920767,-6.61001596,0 140.85642577,-6.60956336,0 140.86024042,-6.60852295,0 140.86896855,-6.60539955,0 140.87146728,-6.60408275,0 140.87304082,-6.60279979,0 140.87878395,-6.59497769,0 140.88045111,-6.59382146,0 140.88219049,-6.59335652,0 140.88376890,-6.59335883,0 140.88528587,-6.59379603,0 140.88644144,-6.59449753,0 140.88733716,-6.59550933,0 140.88753260,-6.59670890,0 140.88643760,-6.60120924,0 140.88639048,-6.60357236,0 140.88723592,-6.60524546,0 140.88818235,-6.60559654,0 140.88930400,-6.60555399,0 140.89065162,-6.60456481,0 140.89562290,-6.59827210,0 140.90107601,-6.59463588,0 140.90403342,-6.59218468,0 140.90743544,-6.58797583,0 140.90886933,-6.58515514,0 140.90993311,-6.58217483,0 140.91088240,-6.57880131,0 140.91121956,-6.57633922,0 140.91114756,-6.57351659,0 140.91062009,-6.57074536,0 140.90950361,-6.56906601,0 140.90768874,-6.56793799,0 140.90549868,-6.56741512,0 140.90267889,-6.56749057,0 140.90001008,-6.56836280,0 140.89231005,-6.57371284,0 140.89055413,-6.57408587,0 140.88891675,-6.57371668,0 140.88776605,-6.57281501,0 140.88713277,-6.57162913,0 140.88691716,-6.56927041,0 140.88720449,-6.56726254,0 140.88905741,-6.56392576,0 140.89244378,-6.56131984,0 140.89516579,-6.56021911,0 140.89812693,-6.55948703,0 140.90692380,-6.55910056,0 140.91085588,-6.55740559,0 140.91364364,-6.55700338,0 140.91625462,-6.55765706,0 140.92313593,-6.56198987,0 140.92739651,-6.56346695,0 140.93335424,-6.56384444,0 140.93563568,-6.56288444,0 140.93691849,-6.56163991,0 140.93725977,-6.56010711,0 140.93708819,-6.55819864,0 140.93542289,-6.55582943,0 140.93425314,-6.55543487,0 140.92574439,-6.55431568,0 140.92317970,-6.55291166,0 140.92214484,-6.55146013,0 140.92205335,-6.55000768,0 140.92262906,-6.54879325,0 140.92899766,-6.54223848,0 140.92958493,-6.54029943,0 140.92992918,-6.53692778,0 140.92931236,-6.53245336,0 140.92764362,-6.52741301,0 140.92619425,-6.52460259,0 140.92247094,-6.51920621,0 140.92083537,-6.51549219,0 140.92037861,-6.51281980,0 140.92017777,-6.50807578,0 140.92090987,-6.50339889,0 140.92348760,-6.49794666,0 140.92580175,-6.49517072,0 140.92832601,-6.49348751,0 140.93218863,-6.49271491,0 140.94257182,-6.49327353,0 140.94886953,-6.49279920,0 140.95454655,-6.49127935,0 140.95778862,-6.48995596,0 140.96042142,-6.48822660,0 140.96095332,-6.48723732,0 140.96106876,-6.48623254,0 140.96072243,-6.48528796,0 140.95978703,-6.48448603,0 140.95153621,-6.48139593,0 140.94945074,-6.48026574,0 140.94819733,-6.47913585,0 140.94763538,-6.47803306,0 140.94739420,-6.47658798,0 140.94780672,-6.46960075,0 140.94742117,-6.46819132,0 140.94672088,-6.46747184,0 140.94486470,-6.46726271,0 140.93768056,-6.46962971,0 140.93203830,-6.46982718,0 140.92816000,-6.46915867,0 140.92629233,-6.46810594,0 140.92518827,-6.46698283,0 140.92395954,-6.46457011,0 140.92340359,-6.46226994,0 140.92356541,-6.46013719,0 140.92444761,-6.45818723,0 140.92612913,-6.45639932,0 140.93155669,-6.45540207,0 140.93565474,-6.45329066,0 140.93670598,-6.45196955,0 140.93806458,-6.44911251,0 140.93876526,-6.44672898,0 140.93888523,-6.44493395,0 140.93788182,-6.44319297,0 140.93628978,-6.44214601,0 140.93422306,-6.44157958,0 140.92517548,-6.44026987,0 140.92097055,-6.43833223,0 140.91856855,-6.43646110,0 140.91706536,-6.43422762,0 140.91639516,-6.43079728,0 140.91647510,-6.42752403,0 140.91733649,-6.42297301,0 140.91844934,-6.42039283,0 140.92037087,-6.41884147,0 140.92281240,-6.41799077,0 140.92583109,-6.41818069,0 140.92807670,-6.41923747,0 140.93006499,-6.42072184,0 140.93704032,-6.42988764,0 140.94573370,-6.43709728,0 140.94749472,-6.43734884,0 140.94965886,-6.43673016,0 140.95150302,-6.43543864,0 140.95346055,-6.43340380,0 140.95525119,-6.43014270,0 140.95657309,-6.42582498,0 140.95671655,-6.42188068,0 140.95609466,-6.41914588,0 140.95503202,-6.41798718,0 140.95398290,-6.41759490,0 140.94596669,-6.41727224,0 140.94246442,-6.41643700,0 140.94178558,-6.41585671,0 140.94146392,-6.41478352,0 140.94211125,-6.41265417,0 140.94279580,-6.41208530,0 140.94694307,-6.41059594,0 140.94970608,-6.40906176,0 140.96154435,-6.39961366,0 140.96497546,-6.39743804,0 140.96838559,-6.39625364,0 140.97607647,-6.39496987,0 140.97876534,-6.39414344,0 140.98147251,-6.39129258,0 140.98230311,-6.38947068,0 140.98198600,-6.38655641,0 140.98121797,-6.38469437,0 140.97946648,-6.38348713,0 140.97685731,-6.38278274,0 140.96590178,-6.38243373,0 140.96218569,-6.38261961,0 140.96043993,-6.38340328,0 140.95227348,-6.38887959,0 140.94957813,-6.38964924,0 140.94688892,-6.38938134,0 140.94507695,-6.38848875,0 140.94366109,-6.38688487,0 140.94229249,-6.38429162,0 140.94175953,-6.38209998,0 140.94187586,-6.37939379,0 140.94286512,-6.37383092,0 140.94387943,-6.37252272,0 140.94700073,-6.37228330,0 140.95524102,-6.37360677,0 140.96129920,-6.37300556,0 140.97465083,-6.36776865,0 140.97624028,-6.36670592,0 140.97754507,-6.36488369,0 140.97752556,-6.36311114,0 140.97628837,-6.36153186,0 140.96243875,-6.35570634,0 140.96075854,-6.35477989,0 140.95993233,-6.35386917,0 140.95989071,-6.35254121,0 140.96066058,-6.35132107,0 140.96620831,-6.34911539,0 140.96781740,-6.34808037,0 140.96900641,-6.34630477,0 140.96949549,-6.34457709,0 140.96904534,-6.34237589,0 140.96768987,-6.33990635,0 140.96173581,-6.33488807,0 140.96007939,-6.33289558,0 140.95921923,-6.32940747,0 140.95973332,-6.32585452,0 140.96097966,-6.32428750,0 140.96335367,-6.32367627,0 140.97275062,-6.32612147,0 140.97713979,-6.32627007,0 140.97808852,-6.32592548,0 140.98363497,-6.32185941,0 140.98567558,-6.32120754,0 140.98836004,-6.32083090,0 140.99366351,-6.32089126,0 140.99997538,-6.32231245,0 140.99988333,-5.87533333,0 141.00044444,-5.63933333,0 141.00063166,-5.34443557,0 140.90956624,-5.32160650,0 140.81319807,-5.29662216,0 140.72027755,-5.28140951,0 140.72372671,-5.27882827,0 140.72640361,-5.27796572,0 140.72702822,-5.27805495,0 140.72905076,-5.28082107,0 140.73488044,-5.27998826,0 140.73657580,-5.27924468,0 140.73791425,-5.27772777,0 140.73853886,-5.27561600,0 140.73833066,-5.27338525,0 140.73791425,-5.27163040,0 140.73544556,-5.26779352,0 140.73532659,-5.26606841,0 140.73571325,-5.26529509,0 140.73699221,-5.26458125,0 140.74071012,-5.26368895,0 140.74151318,-5.26243973,0 140.74178087,-5.26047668,0 140.74166190,-5.25946541,0 140.73850912,-5.25485520,0 140.73806297,-5.24982859,0 140.73627837,-5.24664606,0 140.73604042,-5.24340405,0 140.73692887,-5.24251391,0 140.73642020,-5.24266152,0 140.73592064,-5.24310150,0 140.73498290,-5.24252551,0 140.73172021,-5.24175897,0 140.72633756,-5.24139163,0 140.72560355,-5.23986211,0 140.72556646,-5.23713177,0 140.72631386,-5.23304404,0 140.72533034,-5.23229381,0 140.72428123,-5.23241581,0 140.72224464,-5.23346702,0 140.71460610,-5.23507535,0 140.71208063,-5.23633618,0 140.71237915,-5.23723757,0 140.71119881,-5.23644911,0 140.70962946,-5.23637334,0 140.70832505,-5.23671458,0 140.70553651,-5.23832092,0 140.70193243,-5.23854240,0 140.69993501,-5.23987730,0 140.69592868,-5.24048970,0 140.69215470,-5.24172422,0 140.68789803,-5.24123755,0 140.68701071,-5.24149380,0 140.68518463,-5.24253546,0 140.68064447,-5.24634478,0 140.67841192,-5.24731539,0 140.67043033,-5.25281432,0 140.66608219,-5.25382029,0 140.66265581,-5.25506942,0 140.65595842,-5.26052250,0 140.65279922,-5.26122238,0 140.64701096,-5.26178260,0 140.63911422,-5.26412642,0 140.63633826,-5.26472972,0 140.63376978,-5.26482343,0 140.62897456,-5.26368484,0 140.62673552,-5.26393684,0 140.62651943,-5.26429938,0 140.61920744,-5.25906686,0 140.61524537,-5.25681924,0 140.61315831,-5.25646467,0 140.61019456,-5.25429937,0 140.60682196,-5.25414019,0 140.60500222,-5.25287494,0 140.60231781,-5.25165704,0 140.59335776,-5.25043426,0 140.58825962,-5.25099649,0 140.57906596,-5.25410449,0 140.57715030,-5.25416063,0 140.57617107,-5.25562709,0 140.57199568,-5.25732962,0 140.56530959,-5.25618624,0 140.56315772,-5.25512838,0 140.55868370,-5.25433841,0 140.55735260,-5.25443534,0 140.55557980,-5.25567763,0 140.55415747,-5.25606377,0 140.55243862,-5.25165147,0 140.55104011,-5.24976173,0 140.54866659,-5.24504508,0 140.54739303,-5.24346611,0 140.54682701,-5.24166724,0 140.54519242,-5.23970544,0 140.54491693,-5.23821057,0 140.54371988,-5.23787879,0 140.54159911,-5.23834276,0 140.54066521,-5.23774756,0 140.53987453,-5.23607891,0 140.53800187,-5.23629740,0 140.53563946,-5.23578760,0 140.53111260,-5.23722035,0 140.52885963,-5.23715159,0 140.52772853,-5.23750085,0 140.52358853,-5.23971602,0 140.52199658,-5.24204032,0 140.52113591,-5.24020041,0 140.51952180,-5.23805157,0 140.51944755,-5.23470917,0 140.51882676,-5.23419586,0 140.51495782,-5.23360882,0 140.51446962,-5.23318657,0 140.51471658,-5.23202217,0 140.51685312,-5.22798500,0 140.51686884,-5.22677846,0 140.51584646,-5.22595973,0 140.51511799,-5.22621310,0 140.51505825,-5.22769867,0 140.51446240,-5.22813516,0 140.51390575,-5.22780606,0 140.51263717,-5.22589683,0 140.50951861,-5.22475481,0 140.50885539,-5.22482333,0 140.50853687,-5.22581834,0 140.50804125,-5.22601685,0 140.50723865,-5.22601935,0 140.50679493,-5.22553170,0 140.50571137,-5.22540370,0 140.50324598,-5.22735357,0 140.49945795,-5.22728601,0 140.49640908,-5.22648661,0 140.48986977,-5.22618137,0 140.48915593,-5.22519984,0 140.48797111,-5.22478606,0 140.48507766,-5.22291759,0 140.48376229,-5.22276462,0 140.47810993,-5.22322482,0 140.47637567,-5.22301330,0 140.47195433,-5.22021526,0 140.46905205,-5.21963786,0 140.46725321,-5.22016695,0 140.46369135,-5.22219755,0 140.45857256,-5.22380522,0 140.45724736,-5.22323678,0 140.45459997,-5.22075268,0 140.45288368,-5.22055691,0 140.44185314,-5.22672190,0 140.43476013,-5.22794246,0 140.43412891,-5.22754128,0 140.43290893,-5.22537177,0 140.43216478,-5.22291455,0 140.43144813,-5.22178748,0 140.43020341,-5.22100278,0 140.42885943,-5.22097410,0 140.42651402,-5.21995536,0 140.42521296,-5.21880607,0 140.42304186,-5.21583036,0 140.42131820,-5.21509710,0 140.41860261,-5.21504632,0 140.41647945,-5.21462199,0 140.41436531,-5.21345119,0 140.41284623,-5.21194935,0 140.41114128,-5.21166743,0 140.40771276,-5.21339357,0 140.40091487,-5.21404050,0 140.39797363,-5.21366725,0 140.39338913,-5.21179932,0 140.39127873,-5.21212672,0 140.38943524,-5.21289272,0 140.38789773,-5.21273811,0 140.38718523,-5.20699677,0 140.38733892,-5.20429226,0 140.38794434,-5.20222715,0 140.38806587,-5.20046868,0 140.38790248,-5.19723126,0 140.38747836,-5.19621956,0 140.37930460,-5.19396857,0 140.37550370,-5.19259559,0 140.36997593,-5.19190663,0 140.36275569,-5.19010774,0 140.35988076,-5.18983748,0 140.35877907,-5.18934518,0 140.35741066,-5.18808034,0 140.35295833,-5.18651248,0 140.35189397,-5.18558887,0 140.35143378,-5.18446674,0 140.35139698,-5.18325395,0 140.35191863,-5.18167850,0 140.35316984,-5.17963768,0 140.35350875,-5.17644274,0 140.35321131,-5.17555044,0 140.35208107,-5.17465814,0 140.35083185,-5.17447969,0 140.34353833,-5.17548382,0 140.34089430,-5.17685117,0 140.33834397,-5.17593135,0 140.33619036,-5.17573965,0 140.33518507,-5.17496855,0 140.33442979,-5.17317275,0 140.33271683,-5.17174212,0 140.33095702,-5.17231925,0 140.32853919,-5.17224678,0 140.32784515,-5.17019749,0 140.32760761,-5.16706447,0 140.32714016,-5.16694437,0 140.32574689,-5.16715988,0 140.32296182,-5.16852314,0 140.31811272,-5.16992406,0 140.31599564,-5.16971434,0 140.31513139,-5.16900108,0 140.31509971,-5.16838083,0 140.31466016,-5.16783722,0 140.31079019,-5.16574749,0 140.31000201,-5.16486102,0 140.30996526,-5.16351754,0 140.31098724,-5.16157609,0 140.31107909,-5.16043218,0 140.31087473,-5.15877767,0 140.31010636,-5.15757212,0 140.30773916,-5.15629220,0 140.30428726,-5.15504165,0 140.30236794,-5.15518790,0 140.29954539,-5.15633897,0 140.29755997,-5.15570131,0 140.29636486,-5.15399052,0 140.29516591,-5.15100672,0 140.29484021,-5.14976880,0 140.29509825,-5.14829911,0 140.29655209,-5.14645129,0 140.29874550,-5.14517895,0 140.30255766,-5.14377202,0 140.30353290,-5.14289039,0 140.30355129,-5.14230876,0 140.30294134,-5.14130416,0 140.30171503,-5.14041781,0 140.29708222,-5.14012073,0 140.29599806,-5.13960460,0 140.29588359,-5.13832980,0 140.29700606,-5.13499562,0 140.29703197,-5.13387898,0 140.29622761,-5.13221896,0 140.29468343,-5.13084036,0 140.29101610,-5.12942836,0 140.28940585,-5.12968208,0 140.28699871,-5.13554008,0 140.28618914,-5.13682108,0 140.28525874,-5.13739070,0 140.28410232,-5.13726410,0 140.28148552,-5.13528701,0 140.27933556,-5.13458623,0 140.27830302,-5.13501768,0 140.27605607,-5.13770343,0 140.27389427,-5.13851247,0 140.27290276,-5.13811541,0 140.26931428,-5.13540079,0 140.26814363,-5.13349530,0 140.26954500,-5.12973120,0 140.27079251,-5.12875196,0 140.27538027,-5.12650966,0 140.27617570,-5.12534893,0 140.27612359,-5.12395964,0 140.27498108,-5.12191179,0 140.27507698,-5.11910311,0 140.27709851,-5.11844146,0 140.27837848,-5.11885045,0 140.27961237,-5.11957984,0 140.28107495,-5.12169916,0 140.28235225,-5.12258120,0 140.28401668,-5.12250788,0 140.28433883,-5.12207580,0 140.28427494,-5.12144937,0 140.28200425,-5.11756018,0 140.27902461,-5.11485521,0 140.27754690,-5.10948888,0 140.27643587,-5.10757059,0 140.27370448,-5.10093203,0 140.27354865,-5.09924791,0 140.27239628,-5.09801096,0 140.27095724,-5.09713081,0 140.27060086,-5.09649696,0 140.27021011,-5.09299941,0 140.27049078,-5.09087121,0 140.26980188,-5.08807722,0 140.26752782,-5.08591890,0 140.26540343,-5.08449568,0 140.26262978,-5.08108216,0 140.26211475,-5.08007019,0 140.26227296,-5.07811450,0 140.26198103,-5.07744638,0 140.25967614,-5.07584114,0 140.25746133,-5.07565146,0 140.25597128,-5.07376637,0 140.25535741,-5.07012886,0 140.25645971,-5.06861624,0 140.25513726,-5.06417633,0 140.25723529,-5.06089294,0 140.25612383,-5.05922422,0 140.25539780,-5.05880111,0 140.25265097,-5.05754421,0 140.24846579,-5.05492708,0 140.24275190,-5.05263787,0 140.24010986,-5.05016941,0 140.23902716,-5.04842200,0 140.23797092,-5.04749401,0 140.23534467,-5.04732978,0 140.23360290,-5.04846241,0 140.23054767,-5.04915721,0 140.22774768,-5.05082445,0 140.22508919,-5.05172227,0 140.22359013,-5.05418501,0 140.22308599,-5.05451888,0 140.22071098,-5.05477987,0 140.21887159,-5.05541034,0 140.21793891,-5.05617186,0 140.21586878,-5.05601719,0 140.21416746,-5.05523197,0 140.21273347,-5.05234802,0 140.21270067,-5.05059451,0 140.21168140,-5.04951863,0 140.21069155,-5.04906106,0 140.20941157,-5.05000176,0 140.20876451,-5.05011737,0 140.20634966,-5.04955124,0 140.20462740,-5.04884425,0 140.20425262,-5.04736184,0 140.20336411,-5.04734266,0 140.20271621,-5.04604380,0 140.20153456,-5.04600165,0 140.20142119,-5.04650355,0 140.20014447,-5.04675073,0 140.19922105,-5.04577265,0 140.19807575,-5.04552248,0 140.19799202,-5.04391676,0 140.19670579,-5.04456647,0 140.19391528,-5.04346848,0 140.19217864,-5.04361558,0 140.19196738,-5.04303187,0 140.19314538,-5.04236395,0 140.19342616,-5.04144163,0 140.19433402,-5.04038441,0 140.19229543,-5.04035022,0 140.19130820,-5.03993289,0 140.19002265,-5.04003531,0 140.18878755,-5.03946842,0 140.18676651,-5.03982320,0 140.18640581,-5.03972777,0 140.18558674,-5.03829300,0 140.18266893,-5.04164981,0 140.18215928,-5.04164465,0 140.18170880,-5.04120537,0 140.17835300,-5.04134587,0 140.17546963,-5.04239604,0 140.17555039,-5.04273083,0 140.17658321,-5.04275023,0 140.17772315,-5.04366981,0 140.17778570,-5.04414479,0 140.17738373,-5.04458752,0 140.17662133,-5.04471772,0 140.17536126,-5.04606393,0 140.17482482,-5.04584162,0 140.17415583,-5.04343462,0 140.17215007,-5.04240991,0 140.17166228,-5.04294751,0 140.17105357,-5.04281105,0 140.17149475,-5.04345837,0 140.17046488,-5.04466918,0 140.16881391,-5.04483894,0 140.16862190,-5.04331450,0 140.16818489,-5.04293402,0 140.16818778,-5.04421399,0 140.16714117,-5.04438904,0 140.16667734,-5.04382309,0 140.16612708,-5.04382690,0 140.16615692,-5.04518379,0 140.16552951,-5.04556743,0 140.16448365,-5.04515450,0 140.16435419,-5.04411409,0 140.16379022,-5.04426262,0 140.16338352,-5.04486363,0 140.16254003,-5.04492586,0 140.16222447,-5.04479881,0 140.16244667,-5.04386288,0 140.16010558,-5.04407695,0 140.15942793,-5.04494446,0 140.15771705,-5.04610008,0 140.15556151,-5.04582139,0 140.15413992,-5.04648892,0 140.15225848,-5.04787004,0 140.15194366,-5.04933280,0 140.15098508,-5.05020720,0 140.14997885,-5.05011481,0 140.14891779,-5.04937670,0 140.14544035,-5.04939926,0 140.14471324,-5.05013100,0 140.14334565,-5.04954327,0 140.14272654,-5.05098750,0 140.14167625,-5.05132553,0 140.14122438,-5.05197170,0 140.14075724,-5.05392945,0 140.14016965,-5.05487846,0 140.13987195,-5.05489163,0 140.13805652,-5.05303065,0 140.13255601,-5.05104072,0 140.13182188,-5.05131384,0 140.13144761,-5.05185485,0 140.13184021,-5.05375969,0 140.13150832,-5.05452283,0 140.13110728,-5.05470249,0 140.12868857,-5.05383996,0 140.12648443,-5.05377086,0 140.12543005,-5.05404217,0 140.12446927,-5.05521821,0 140.12367890,-5.05516763,0 140.12169703,-5.05468522,0 140.12023248,-5.05306289,0 140.11765891,-5.05152895,0 140.11629413,-5.05197602,0 140.11503228,-5.05158659,0 140.11375708,-5.05180068,0 140.11185258,-5.05314604,0 140.11180071,-5.05510217,0 140.11073686,-5.05262259,0 140.11089412,-5.05159278,0 140.11055410,-5.05095019,0 140.11028365,-5.05060283,0 140.10896190,-5.05027490,0 140.10840461,-5.04949330,0 140.10899998,-5.04688192,0 140.10992612,-5.04572813,0 140.11129621,-5.04491373,0 140.10971109,-5.04318088,0 140.10930597,-5.04089955,0 140.10936700,-5.03983877,0 140.11188201,-5.03381091,0 140.10990112,-5.02933003,0 140.10825917,-5.02999514,0 140.10633715,-5.03272769,0 140.10379082,-5.03499876,0 140.09905897,-5.03727971,0 140.09597298,-5.03821726,0 140.09501662,-5.03982849,0 140.09374603,-5.04101876,0 140.09129743,-5.04199117,0 140.08978686,-5.04177855,0 140.08744956,-5.04208054,0 140.08519982,-5.04288423,0 140.07932009,-5.04332116,0 140.07480892,-5.04503494,0 140.06629741,-5.04730929,0 140.06482995,-5.04806788,0 140.06002342,-5.04945375,0 140.06408691,-5.05657959,0 140.08831787,-5.09161377,0 140.12030029,-5.15130615,0 140.10607910,-5.14947510,0 140.06707764,-5.15899658,0 140.04571533,-5.17871094,0 140.03926869,-5.18270240,0 140.03858888,-5.17972847,0 140.04180115,-5.17410699,0 140.04202017,-5.17310645,0 140.04187740,-5.17257107,0 140.03841529,-5.16989418,0 140.03769658,-5.16851526,0 140.03784530,-5.16720655,0 140.03955528,-5.16482516,0 140.04216294,-5.16261302,0 140.04169894,-5.16057859,0 140.04170800,-5.15874852,0 140.04305524,-5.15686663,0 140.04355600,-5.15545796,0 140.04326939,-5.15422542,0 140.04104857,-5.15201741,0 140.04165947,-5.15016221,0 140.04364523,-5.14930111,0 140.04394753,-5.14815780,0 140.04369769,-5.14762242,0 140.04107956,-5.14589586,0 140.04080070,-5.14462430,0 140.04151216,-5.14296066,0 140.04332888,-5.14162023,0 140.04391292,-5.14064582,0 140.04373446,-5.13960481,0 140.03590172,-5.12818189,0 140.02313968,-5.11693917,0 140.00290129,-5.10515815,0 139.99407273,-5.10093190,0 139.98329970,-5.09180822,0 139.98047402,-5.11863405,0 139.97596154,-5.13193070,0 139.97344870,-5.13506482,0 139.97078372,-5.14002176,0 139.97062060,-5.14335673,0 139.96905003,-5.14421846,0 139.96831656,-5.14524733,0 139.96754293,-5.14550951,0 139.97362010,-5.16838004,0 139.98028259,-5.20312017,0 139.97933081,-5.21882462,0 139.97677219,-5.22077404,0 139.97167969,-5.22277832,0 139.96270752,-5.22277832,0 139.94329834,-5.22149658,0 139.92211914,-5.21710205,0 139.91027832,-5.21179199,0 139.82037920,-5.16483059,0 139.82054592,-5.16339836,0 139.82162447,-5.16144584,0 139.82506261,-5.15975188,0 139.82653658,-5.15979755,0 139.82742888,-5.15920269,0 139.82915399,-5.15670426,0 139.83129550,-5.15450325,0 139.83242574,-5.15390839,0 139.83516212,-5.15384890,0 139.83653031,-5.15331352,0 139.84186837,-5.15010408,0 139.84321630,-5.14843875,0 139.84413352,-5.14895876,0 139.84516451,-5.15383459,0 139.84573841,-5.15352269,0 139.84910113,-5.14955988,0 139.85057164,-5.14863665,0 139.85113319,-5.14882701,0 139.85112844,-5.14960271,0 139.85143777,-5.14988825,0 139.85241810,-5.14966934,0 139.85376964,-5.15044504,0 139.85434597,-5.15018968,0 139.85454585,-5.14950440,0 139.85578792,-5.14917604,0 139.85670164,-5.14980421,0 139.85681585,-5.15047522,0 139.85744403,-5.15117478,0 139.85871466,-5.15104629,0 139.86109888,-5.15006119,0 139.86173693,-5.15141701,0 139.86206054,-5.15151219,0 139.86333593,-5.15059848,0 139.86550600,-5.14998933,0 139.86661007,-5.14930405,0 139.86689561,-5.14852359,0 139.86769510,-5.14833323,0 139.86870400,-5.14844744,0 139.87028396,-5.15057944,0 139.87091214,-5.15067462,0 139.87167356,-5.14981801,0 139.87296799,-5.14945634,0 139.87411165,-5.15077855,0 139.87562879,-5.15400210,0 139.87658629,-5.15499020,0 139.87779982,-5.15726021,0 139.88151178,-5.16204292,0 139.88343914,-5.16611180,0 139.88658003,-5.17674799,0 139.88765300,-5.18375730,0 139.89206278,-5.18548982,0 139.89646201,-5.18875226,0 139.89891593,-5.18968291,0 139.90241374,-5.19243119,0 139.90940935,-5.19960526,0 139.91644066,-5.20428090,0 139.91888389,-5.20532144,0 139.93237577,-5.19147820,0 139.93384596,-5.18699007,0 139.93533767,-5.18587915,0 139.93665455,-5.18416667,0 139.93741402,-5.18376365,0 139.93897799,-5.18358971,0 139.94065529,-5.18257269,0 139.94152767,-5.17994402,0 139.94113966,-5.17649300,0 139.94186572,-5.17406662,0 139.94207328,-5.17204884,0 139.94272368,-5.17126023,0 139.94539497,-5.17005819,0 139.94528817,-5.16848592,0 139.94555965,-5.16749924,0 139.94767604,-5.16487743,0 139.94536626,-5.16216941,0 139.94279644,-5.15712495,0 139.94041698,-5.14960585,0 139.93803752,-5.14475175,0 139.93718091,-5.14046872,0 139.93708573,-5.12350792,0 139.93632430,-5.12093810,0 139.93489663,-5.11798757,0 139.93404002,-5.11046848,0 139.93223163,-5.10647098,0 139.93137502,-5.10352045,0 139.93089913,-5.09952296,0 139.92928110,-5.09485921,0 139.92884905,-5.09065237,0 139.93036545,-5.09102666,0 139.93284009,-5.09066974,0 139.93752763,-5.08824269,0 139.94252449,-5.08745747,0 139.94890145,-5.08422140,0 139.95603983,-5.08415002,0 139.96305924,-5.08210368,0 139.96455830,-5.08238922,0 139.96565286,-5.08317444,0 139.97095905,-5.08940863,0 139.97226776,-5.08971796,0 139.97524208,-5.08890894,0 139.97740739,-5.08886135,0 139.97843056,-5.08905171,0 139.98116694,-5.09036041,0 139.98268980,-5.09040800,0 139.98347030,-5.08990154,0 139.98742860,-5.05749385,0 139.97879671,-5.05662789,0 139.96476533,-5.05866014,0 139.95353867,-5.05802797,0 139.93091305,-5.06028341,0 139.92746276,-5.05946266,0 139.90816457,-5.06227191,0 139.88793505,-5.06332738,0 139.66653794,-5.06293246,0 139.62833741,-5.05916590,0 139.62155062,-5.05881554,0 139.57922109,-5.05269670,0 139.54870742,-5.03922932,0 139.51868983,-5.01810504,0 139.49820609,-5.00226594,0 139.47897005,-5.00040307,0 139.46889015,-5.00114527,0 139.45196968,-5.00396404,0 139.27097574,-4.99934697,0 139.22786235,-4.99856633,0 139.11542916,-4.98998857,0 139.07763266,-4.98630639,0 139.07818873,-4.98559080,0 139.07761664,-4.98479992,0 139.07759485,-4.98359702,0 139.07705867,-4.98280093,0 139.07692841,-4.98129906,0 139.07566784,-4.97976239,0 139.07547876,-4.97871038,0 139.07559745,-4.97801398,0 139.07642942,-4.97739577,0 139.07672543,-4.97674654,0 139.07590614,-4.97524961,0 139.07698271,-4.97426349,0 139.07547327,-4.97372108,0 139.07509693,-4.97267262,0 139.07322236,-4.97213610,0 139.07243975,-4.96888482,0 139.07129304,-4.96914034,0 139.07124573,-4.96801635,0 139.07038820,-4.96859274,0 139.07008508,-4.96846175,0 139.06919417,-4.96648594,0 139.07202266,-4.96499314,0 139.07123160,-4.96445651,0 139.06992435,-4.96425180,0 139.07044744,-4.96365029,0 139.07058956,-4.96275554,0 139.07136408,-4.96238673,0 139.07202481,-4.96326910,0 139.07253368,-4.96335036,0 139.07314751,-4.96282725,0 139.07275335,-4.96201807,0 139.07294027,-4.96156695,0 139.07469242,-4.96196400,0 139.07559767,-4.96166920,0 139.07570688,-4.96128494,0 139.07541140,-4.96105006,0 139.07442971,-4.96140150,0 139.07350623,-4.95996688,0 139.07421868,-4.95933521,0 139.07363900,-4.95849277,0 139.07377276,-4.95808404,0 139.07426344,-4.95768084,0 139.07545314,-4.95776900,0 139.07522263,-4.95651068,0 139.07660413,-4.95670698,0 139.07641731,-4.95543447,0 139.07663134,-4.95491592,0 139.07698400,-4.95498649,0 139.07708117,-4.95580298,0 139.07756416,-4.95580602,0 139.07852062,-4.95472257,0 139.07830902,-4.95327365,0 139.07851783,-4.95286308,0 139.07898354,-4.95291681,0 139.07972437,-4.95403832,0 139.07961841,-4.95287727,0 139.08143930,-4.95249267,0 139.08242692,-4.95135447,0 139.08266136,-4.95153557,0 139.08252334,-4.95271673,0 139.08169055,-4.95363483,0 139.08196087,-4.95441561,0 139.08241895,-4.95435863,0 139.08363223,-4.95329419,0 139.08344649,-4.95216737,0 139.08387256,-4.95192772,0 139.08495590,-4.95217548,0 139.08459451,-4.95323449,0 139.08526039,-4.95309748,0 139.08559938,-4.95354545,0 139.08803290,-4.95444341,0 139.08848636,-4.95278066,0 139.08877799,-4.95293552,0 139.08891704,-4.95379966,0 139.08954437,-4.95345719,0 139.09003182,-4.95249024,0 139.08994807,-4.95124269,0 139.09111494,-4.95176552,0 139.09120007,-4.95148187,0 139.09069265,-4.95096398,0 139.09134403,-4.95063364,0 139.09214866,-4.95146650,0 139.09232967,-4.95029823,0 139.09262213,-4.95016921,0 139.09355085,-4.95183596,0 139.09422779,-4.95204026,0 139.09378795,-4.95105747,0 139.09464653,-4.95093008,0 139.09496924,-4.94970183,0 139.09541180,-4.95068302,0 139.09620143,-4.95098948,0 139.09564500,-4.95181424,0 139.09784711,-4.95259904,0 139.09784945,-4.95178226,0 139.09712692,-4.95055381,0 139.09768559,-4.95049928,0 139.09804076,-4.94997230,0 139.09860825,-4.95072936,0 139.09875824,-4.95020451,0 139.09954825,-4.94964952,0 139.09792075,-4.94869299,0 139.09775368,-4.94829053,0 139.09917384,-4.94840499,0 139.09956076,-4.94890598,0 139.10035155,-4.94905822,0 139.10029356,-4.94755008,0 139.10163102,-4.94753310,0 139.10080153,-4.94710999,0 139.10088956,-4.94682697,0 139.10176030,-4.94620739,0 139.10212447,-4.94745534,0 139.10237325,-4.94749501,0 139.10287320,-4.94597792,0 139.10420758,-4.94477469,0 139.10374087,-4.94428951,0 139.10429832,-4.94323781,0 139.10281873,-4.94278418,0 139.10292927,-4.94190801,0 139.10368301,-4.94169981,0 139.10489756,-4.94258944,0 139.10561064,-4.94246556,0 139.10494053,-4.94171634,0 139.10521741,-4.93975948,0 139.10412369,-4.93983019,0 139.10371846,-4.93929358,0 139.10392319,-4.93881926,0 139.10525965,-4.93855675,0 139.10407819,-4.93711769,0 139.10515289,-4.93689582,0 139.10537806,-4.93658653,0 139.10487672,-4.93586028,0 139.10536704,-4.93519932,0 139.10486740,-4.93475551,0 139.10492387,-4.93417581,0 139.10638518,-4.93424666,0 139.10688485,-4.93365010,0 139.10707946,-4.93430134,0 139.10856142,-4.93444735,0 139.10895243,-4.93497042,0 139.10972844,-4.93403370,0 139.10967442,-4.93360197,0 139.10817673,-4.93374059,0 139.10901920,-4.93295275,0 139.10973157,-4.93292855,0 139.11051744,-4.93158944,0 139.10912899,-4.93216869,0 139.10944551,-4.93127728,0 139.10852065,-4.93091616,0 139.10853668,-4.93038550,0 139.10969712,-4.93024301,0 139.11035584,-4.92965586,0 139.11039185,-4.93028873,0 139.11239810,-4.93049486,0 139.11187111,-4.93131338,0 139.11290163,-4.93114197,0 139.11306717,-4.93179458,0 139.11344990,-4.93190866,0 139.11453694,-4.93109818,0 139.11380563,-4.93010509,0 139.11515142,-4.92985044,0 139.11599891,-4.92852502,0 139.11661220,-4.92887730,0 139.11677850,-4.93000022,0 139.11725832,-4.93011135,0 139.11850932,-4.92716212,0 139.11913779,-4.92713557,0 139.11953555,-4.92755452,0 139.11918273,-4.92882291,0 139.12073395,-4.92860558,0 139.12045933,-4.92730511,0 139.12160936,-4.92590294,0 139.12424236,-4.92462346,0 139.12389233,-4.92373309,0 139.12241466,-4.92321862,0 139.12278099,-4.92274631,0 139.12263777,-4.92204360,0 139.12122446,-4.92196668,0 139.12170131,-4.91979718,0 139.12123784,-4.91959946,0 139.12080215,-4.92011916,0 139.12065142,-4.91921778,0 139.12140085,-4.91915586,0 139.12213627,-4.91802216,0 139.12317803,-4.91846488,0 139.12474308,-4.91802587,0 139.12576687,-4.91699826,0 139.12607285,-4.91573597,0 139.12557567,-4.91356013,0 139.12652096,-4.91240158,0 139.12583228,-4.91133169,0 139.12575169,-4.91045373,0 139.12585983,-4.90990327,0 139.12663771,-4.90921421,0 139.12683286,-4.90768430,0 139.12779885,-4.90654233,0 139.12986058,-4.90637868,0 139.13112598,-4.90454951,0 139.13242617,-4.90432132,0 139.13397302,-4.90321029,0 139.13434949,-4.90230712,0 139.13640343,-4.90016641,0 139.13779571,-4.89975101,0 139.13739068,-4.89895010,0 139.13767698,-4.89822628,0 139.13750338,-4.89792252,0 139.13805394,-4.89753039,0 139.13803551,-4.89683632,0 139.13895534,-4.89642773,0 139.13798555,-4.89495591,0 139.13839721,-4.89311080,0 139.13718054,-4.89202205,0 139.13856020,-4.89109593,0 139.13881003,-4.88815506,0 139.14037761,-4.88694847,0 139.14157251,-4.88537666,0 139.14248215,-4.88496260,0 139.14248626,-4.88441325,0 139.14305525,-4.88421957,0 139.14314415,-4.88304559,0 139.14531520,-4.88190393,0 139.14703842,-4.87972389,0 139.14837816,-4.87906897,0 139.14841890,-4.87836800,0 139.14767408,-4.87720776,0 139.14778106,-4.87616122,0 139.14607561,-4.87522728,0 139.14572826,-4.87367102,0 139.14611579,-4.87269439,0 139.14707490,-4.87183118,0 139.14692346,-4.87065464,0 139.14813441,-4.87038663,0 139.14889986,-4.86931002,0 139.14906161,-4.86803333,0 139.14839914,-4.86677269,0 139.14955762,-4.86588704,0 139.14981593,-4.86370392,0 139.14915067,-4.86233647,0 139.14918736,-4.86179502,0 139.15000567,-4.86083780,0 139.15165869,-4.85742823,0 139.15135021,-4.85722626,0 139.15153562,-4.85617285,0 139.15112435,-4.85517233,0 139.15115202,-4.85297886,0 139.15349477,-4.85115641,0 139.15413142,-4.85092098,0 139.15420443,-4.85129387,0 139.15480463,-4.85098193,0 139.15540484,-4.84934935,0 139.15638794,-4.84833595,0 139.15616573,-4.84791232,0 139.15666677,-4.84765558,0 139.15641380,-4.84736810,0 139.15726748,-4.84556364,0 139.15780043,-4.84539750,0 139.15771104,-4.84508268,0 139.15867283,-4.84492757,0 139.15947056,-4.84401131,0 139.16166933,-4.84292737,0 139.16166184,-4.83977474,0 139.16231512,-4.83843556,0 139.16273708,-4.83638976,0 139.16254961,-4.83487285,0 139.15765307,-4.83071641,0 139.16783721,-4.83551879,0 139.16827118,-4.83503405,0 139.16923436,-4.83205816,0 139.16959128,-4.82938195,0 139.16959128,-4.82813273,0 139.16873467,-4.82627675,0 139.16802084,-4.82302879,0 139.16452303,-4.81999498,0 139.16369795,-4.81835969,0 139.16365036,-4.81650371,0 139.16205612,-4.81460014,0 139.16160402,-4.81241104,0 139.16213893,-4.80802426,0 139.16118740,-4.80476381,0 139.16113981,-4.80327903,0 139.16173627,-4.79916018,0 139.16149356,-4.79756118,0 139.16222025,-4.79576993,0 139.16166583,-4.79243154,0 139.15941648,-4.78964415,0 139.15930227,-4.78629386,0 139.16033019,-4.78560858,0 139.16069187,-4.78494233,0 139.16077357,-4.78047632,0 139.16181458,-4.77631226,0 139.16266474,-4.76882192,0 139.16299192,-4.76819731,0 139.16556139,-4.76858528,0 139.16691768,-4.76827595,0 139.16775049,-4.76763350,0 139.16832156,-4.76656274,0 139.16848812,-4.76496850,0 139.16810987,-4.76223774,0 139.16656798,-4.75879502,0 139.16730596,-4.75667268,0 139.16896632,-4.75561097,0 139.17255417,-4.75466279,0 139.17577509,-4.75210408,0 139.17860633,-4.75207098,0 139.17915110,-4.75044612,0 139.17815545,-4.74816244,0 139.17853628,-4.74485651,0 139.17903490,-4.74400047,0 139.18104309,-4.74264729,0 139.18114429,-4.74167793,0 139.18152376,-4.74124292,0 139.18435939,-4.73888576,0 139.18666381,-4.73815917,0 139.19411332,-4.73930078,0 139.20166272,-4.73887904,0 139.20153135,-4.73688621,0 139.19875239,-4.73679866,0 139.19420189,-4.73508534,0 139.19486587,-4.73276237,0 139.19358549,-4.73279119,0 139.19248347,-4.73340773,0 139.19083294,-4.73256546,0 139.19146024,-4.73024795,0 139.19073450,-4.72902323,0 139.19105301,-4.72847947,0 139.19297188,-4.72785288,0 139.20304261,-4.72862552,0 139.20551300,-4.72929389,0 139.20670551,-4.72848435,0 139.20706363,-4.72762339,0 139.20619000,-4.72612515,0 139.19835633,-4.72602951,0 139.19406803,-4.72446806,0 139.19383197,-4.72362765,0 139.19847461,-4.72374567,0 139.20145124,-4.72431500,0 139.20474227,-4.72357886,0 139.20416184,-4.72260466,0 139.20166742,-4.72236540,0 139.20170068,-4.71994484,0 139.19321610,-4.71854413,0 139.19239266,-4.71893796,0 139.19047805,-4.72161249,0 139.18837028,-4.72374212,0 139.18751158,-4.72528907,0 139.18419169,-4.72694933,0 139.17754772,-4.72894151,0 139.17410938,-4.73065498,0 139.17267561,-4.73179955,0 139.16957596,-4.73529383,0 139.16810138,-4.73893099,0 139.16460276,-4.74176194,0 139.15910250,-4.74404399,0 139.15589269,-4.74587277,0 139.14978519,-4.74692820,0 139.14443873,-4.74875118,0 139.13802476,-4.75026499,0 139.13359396,-4.75209033,0 139.13007555,-4.75514300,0 139.12272841,-4.76308469,0 139.11906019,-4.76506508,0 139.11417101,-4.76704209,0 139.11149916,-4.77091030,0 139.10240657,-4.78212905,0 139.10072278,-4.78738745,0 139.09776250,-4.79435311,0 139.09488691,-4.79936891,0 139.09367811,-4.80093626,0 139.10769383,-4.81167732,0 139.10258795,-4.81310026,0 139.10056254,-4.81411505,0 139.09888970,-4.81540950,0 139.09726519,-4.81748256,0 139.09657413,-4.82108702,0 139.09772852,-4.82541961,0 139.09773435,-4.82744550,0 139.09733079,-4.82810047,0 139.09478452,-4.83024850,0 139.09270000,-4.83053695,0 139.09171779,-4.83019573,0 139.09076555,-4.82963387,0 139.08931728,-4.82804054,0 139.08855610,-4.82658871,0 139.08794486,-4.82423100,0 139.08680366,-4.82203434,0 139.08542400,-4.82042193,0 139.08192709,-4.81859843,0 139.07977655,-4.81830184,0 139.07798736,-4.81854544,0 139.07581459,-4.81996471,0 139.07189112,-4.82340458,0 139.06927891,-4.82715972,0 139.06800126,-4.83095170,0 139.06790309,-4.83688398,0 139.06698286,-4.83951378,0 139.06517935,-4.84179770,0 139.06295101,-4.84368511,0 139.06172948,-4.84418558,0 139.05336715,-4.84516440,0 139.05125771,-4.84620677,0 139.04908048,-4.84845868,0 139.04846445,-4.85019894,0 139.04858397,-4.85193558,0 139.04908550,-4.85306405,0 139.05116571,-4.85445842,0 139.05231772,-4.85588278,0 139.05297834,-4.85831840,0 139.05246822,-4.86017896,0 139.04930273,-4.86522076,0 139.04767649,-4.86362671,0 139.04385551,-4.85879291,0 139.04053247,-4.85344910,0 139.03928466,-4.85262538,0 139.03898221,-4.85166076,0 139.03923578,-4.85051857,0 139.03906830,-4.84941237,0 139.03753072,-4.84642768,0 139.03544742,-4.84596538,0 139.03239771,-4.84306906,0 139.03086094,-4.84279386,0 139.02990066,-4.84046327,0 139.02890809,-4.84032184,0 139.02783995,-4.83952709,0 139.02604787,-4.83949842,0 139.02498615,-4.83863312,0 139.02299534,-4.83861828,0 139.02181603,-4.83768940,0 139.02098350,-4.83905941,0 139.01994400,-4.83928190,0 139.01943538,-4.83903773,0 139.01918968,-4.83955325,0 139.01847862,-4.83898003,0 139.01784919,-4.83893763,0 139.01756438,-4.83850239,0 139.01659358,-4.83850835,0 139.01544954,-4.83978107,0 139.01471495,-4.84118200,0 139.01348150,-4.84147769,0 139.01245196,-4.84225330,0 139.01212424,-4.84298971,0 139.01177305,-4.84288480,0 139.01169178,-4.84239485,0 139.01123464,-4.84246140,0 139.00332414,-4.83858253,0 139.00112294,-4.83802004,0 138.99927486,-4.83672867,0 138.99521664,-4.83511888,0 138.99403563,-4.83364367,0 138.99168168,-4.83350372,0 138.99032193,-4.83427174,0 138.98775960,-4.83475957,0 138.98556639,-4.83450430,0 138.98327723,-4.83351067,0 138.98152772,-4.83355795,0 138.97948129,-4.83305925,0 138.97918166,-4.83367621,0 138.97858201,-4.83401011,0 138.97584798,-4.83485833,0 138.97561526,-4.83386442,0 138.97482844,-4.83361898,0 138.97392020,-4.83267249,0 138.97108383,-4.83231044,0 138.96875714,-4.83300131,0 138.96754936,-4.83264947,0 138.96640932,-4.83293643,0 138.96552397,-4.83380670,0 138.96560131,-4.83443250,0 138.96382494,-4.83512075,0 138.96345327,-4.83501336,0 138.96265149,-4.83570105,0 138.96153408,-4.83525482,0 138.96101735,-4.83573223,0 138.96065989,-4.83531020,0 138.95965934,-4.83524632,0 138.95884458,-4.83605497,0 138.95863886,-4.83584095,0 138.95809951,-4.83608857,0 138.95791850,-4.83567702,0 138.95484939,-4.83410561,0 138.95231031,-4.83397840,0 138.95023358,-4.83507063,0 138.94956803,-4.83491183,0 138.94838608,-4.83641131,0 138.94760549,-4.83567425,0 138.94656021,-4.83624643,0 138.94613010,-4.83571344,0 138.94508936,-4.83598991,0 138.94478523,-4.83523823,0 138.94402191,-4.83585186,0 138.94389036,-4.83546274,0 138.94451902,-4.83456146,0 138.94375252,-4.83435306,0 138.94367032,-4.83331709,0 138.94305547,-4.83290463,0 138.94316481,-4.83254148,0 138.94152139,-4.83098734,0 138.94002135,-4.83137424,0 138.93993734,-4.83040660,0 138.93941006,-4.82986617,0 138.93883213,-4.83007373,0 138.93792890,-4.82840224,0 138.93565468,-4.82901913,0 138.93595737,-4.82962406,0 138.93530432,-4.83184826,0 138.93438761,-4.83178169,0 138.93382191,-4.83120533,0 138.93321438,-4.83169453,0 138.93254572,-4.83160706,0 138.93210969,-4.82912475,0 138.93263039,-4.82839761,0 138.93211344,-4.82746806,0 138.93227825,-4.82697083,0 138.93263895,-4.82657247,0 138.93304307,-4.82679853,0 138.93324772,-4.82613811,0 138.93392484,-4.82647971,0 138.93449923,-4.82626041,0 138.93433551,-4.82541349,0 138.93482417,-4.82517737,0 138.93628475,-4.82291327,0 138.93814849,-4.82188926,0 138.93901280,-4.81964983,0 138.93987476,-4.81849344,0 138.94044771,-4.81845319,0 138.94190688,-4.81722684,0 138.94235346,-4.81737606,0 138.94341953,-4.81612237,0 138.94466943,-4.81622087,0 138.94693367,-4.81559182,0 138.94898719,-4.81369483,0 138.94923988,-4.81221457,0 138.94761821,-4.81074393,0 138.94632389,-4.81017288,0 138.94630290,-4.80893557,0 138.94555475,-4.80665667,0 138.94549047,-4.80404560,0 138.94506664,-4.80395871,0 138.94536971,-4.80323571,0 138.94512725,-4.80285989,0 138.94602384,-4.80246988,0 138.94682359,-4.80119065,0 138.94743534,-4.80097318,0 138.94830571,-4.79825161,0 138.94914405,-4.79743903,0 138.95006651,-4.79529636,0 138.94976019,-4.79406205,0 138.95001046,-4.79329735,0 138.95271172,-4.79153720,0 138.95448489,-4.78911032,0 138.95525840,-4.78631415,0 138.95784712,-4.78575666,0 138.96028935,-4.78358021,0 138.96336113,-4.78344351,0 138.96428904,-4.78145524,0 138.96604054,-4.77978497,0 138.96814675,-4.77916786,0 138.96951329,-4.77804364,0 138.97088332,-4.77770063,0 138.97238541,-4.77665558,0 138.97510694,-4.77651726,0 138.97710797,-4.77518315,0 138.98080315,-4.77411406,0 138.98808693,-4.77261980,0 138.98915514,-4.77191300,0 138.98972645,-4.77103041,0 138.98772636,-4.77003707,0 138.98711968,-4.77078272,0 138.98220147,-4.76880674,0 138.98244711,-4.76813696,0 138.97962704,-4.76705699,0 138.97883537,-4.76641166,0 138.97822606,-4.76553442,0 138.97930828,-4.76520187,0 138.98073982,-4.76301213,0 138.98246589,-4.76193303,0 138.98213608,-4.76120868,0 138.97944671,-4.76110893,0 138.97949400,-4.76059237,0 138.98048187,-4.75936667,0 138.98013317,-4.75771878,0 138.97892318,-4.75727020,0 138.97484950,-4.75698266,0 138.96683439,-4.75815317,0 138.96413334,-4.75814519,0 138.96111318,-4.75767696,0 138.95912883,-4.75684112,0 138.95911384,-4.75784150,0 138.95788550,-4.75882289,0 138.95782825,-4.76021031,0 138.95749610,-4.76069965,0 138.95285943,-4.76016893,0 138.95165111,-4.76104158,0 138.94899411,-4.76448863,0 138.94594634,-4.76439168,0 138.94269417,-4.76377416,0 138.94171323,-4.76295951,0 138.94159761,-4.76182127,0 138.94057075,-4.76074655,0 138.94055047,-4.75986620,0 138.94167277,-4.75963992,0 138.94147255,-4.75903254,0 138.94024876,-4.75875331,0 138.93468531,-4.75919109,0 138.93544978,-4.75840962,0 138.93448013,-4.75785536,0 138.93421952,-4.75799754,0 138.93414174,-4.75735546,0 138.93264287,-4.75596492,0 138.93155766,-4.75639209,0 138.93126700,-4.75541709,0 138.92967576,-4.75515178,0 138.92924695,-4.75370843,0 138.92804978,-4.75366177,0 138.92691339,-4.75266512,0 138.92525070,-4.75254713,0 138.92393407,-4.75121921,0 138.92290533,-4.74899869,0 138.92141232,-4.74720255,0 138.91339611,-4.74113898,0 138.91021660,-4.73922207,0 138.90931025,-4.73801592,0 138.90797753,-4.73417343,0 138.90723558,-4.73332050,0 138.90262449,-4.73189523,0 138.90081661,-4.72916186,0 138.89914170,-4.72797034,0 138.89453052,-4.72642545,0 138.88515046,-4.72505737,0 138.88389139,-4.72513007,0 138.88163690,-4.72638615,0 138.88075953,-4.72638346,0 138.87828687,-4.72411787,0 138.87494467,-4.71928540,0 138.87311599,-4.71851437,0 138.87101866,-4.71827831,0 138.86671343,-4.71654287,0 138.86583935,-4.71546859,0 138.86542314,-4.71435744,0 138.86554622,-4.71152573,0 138.86493893,-4.71052881,0 138.86356943,-4.70929992,0 138.86189385,-4.70837626,0 138.85678943,-4.70606428,0 138.85479562,-4.70181361,0 138.85428137,-4.70158240,0 138.85183200,-4.70173558,0 138.85024197,-4.70225917,0 138.84756656,-4.70397310,0 138.84660589,-4.70626638,0 138.84583181,-4.70989972,0 138.84600898,-4.71430142,0 138.84484928,-4.71927304,0 138.84216018,-4.72538801,0 138.83992095,-4.72802173,0 138.83553901,-4.72768744,0 138.83324220,-4.72792274,0 138.83190838,-4.72937346,0 138.83177999,-4.73179787,0 138.83116896,-4.73397830,0 138.82959494,-4.73494329,0 138.82705415,-4.73590523,0 138.82451108,-4.73759460,0 138.82133792,-4.74752630,0 138.81549331,-4.76145037,0 138.81391538,-4.76362767,0 138.81125016,-4.76568025,0 138.80759254,-4.76700090,0 138.80656305,-4.76684453,0 138.80439232,-4.76568950,0 138.80306180,-4.76423100,0 138.80153245,-4.76322120,0 138.80044863,-4.76160108,0 138.79970707,-4.76114631,0 138.79965003,-4.76003781,0 138.80010637,-4.75861665,0 138.79959299,-4.74926534,0 138.80064065,-4.74802496,0 138.80328167,-4.74767694,0 138.80469107,-4.74648237,0 138.80709622,-4.74558840,0 138.80786123,-4.74489195,0 138.80806932,-4.74349516,0 138.80676056,-4.74163841,0 138.80635051,-4.73849629,0 138.80655863,-4.73706065,0 138.80789238,-4.73375874,0 138.80817580,-4.73199029,0 138.80759742,-4.72722225,0 138.80628977,-4.72673652,0 138.80337383,-4.72796006,0 138.80233757,-4.72803232,0 138.79524729,-4.72255215,0 138.79381722,-4.72391222,0 138.79336842,-4.72559584,0 138.79014711,-4.72437985,0 138.78772843,-4.72427514,0 138.78569610,-4.72464747,0 138.78396061,-4.72617555,0 138.78305660,-4.72529130,0 138.78046696,-4.72425951,0 138.77649019,-4.72411954,0 138.77436743,-4.72372529,0 138.77213324,-4.72273043,0 138.76994659,-4.72294361,0 138.76795008,-4.72265937,0 138.76664284,-4.72291993,0 138.76559705,-4.72199612,0 138.76402836,-4.72154606,0 138.76357677,-4.72102494,0 138.76314895,-4.71865620,0 138.76222200,-4.71711652,0 138.76136635,-4.71448721,0 138.76149854,-4.71297272,0 138.76079380,-4.71192385,0 138.75980968,-4.71143890,0 138.75787523,-4.71176230,0 138.75676390,-4.71154317,0 138.75457152,-4.70954560,0 138.75277941,-4.70882982,0 138.75059419,-4.70878165,0 138.74795401,-4.70960408,0 138.74660328,-4.71054352,0 138.74526064,-4.71206770,0 138.74380230,-4.71489635,0 138.73647871,-4.71885421,0 138.72976732,-4.71895254,0 138.72371850,-4.71945696,0 138.71104549,-4.71850298,0 138.70256331,-4.71870835,0 138.68152560,-4.71733546,0 138.67357945,-4.71765946,0 138.64345702,-4.71715187,0 138.62879279,-4.71619450,0 138.62649013,-4.72171917,0 138.62485979,-4.72306604,0 138.62089424,-4.72380494,0 138.61850574,-4.72336964,0 138.61712611,-4.72253106,0 138.61366229,-4.71881975,0 138.61199789,-4.71827304,0 138.60954070,-4.71896623,0 138.60483648,-4.72202659,0 138.60457644,-4.72266510,0 138.60295323,-4.72386201,0 138.60007621,-4.72188126,0 138.59784459,-4.72162677,0 138.59727826,-4.72097158,0 138.59748971,-4.71827770,0 138.59715925,-4.71527280,0 138.59748251,-4.71421095,0 138.59731532,-4.71276120,0 138.59784497,-4.71124654,0 138.59693496,-4.71040100,0 138.59565172,-4.70768778,0 138.59482463,-4.70380816,0 138.59238454,-4.70035853,0 138.59154791,-4.69960052,0 138.58964647,-4.69869089,0 138.58690840,-4.69861509,0 138.58409427,-4.69906990,0 138.58204072,-4.70005533,0 138.57943506,-4.70205379,0 138.57894425,-4.70318607,0 138.57778150,-4.70460342,0 138.57610823,-4.70589204,0 138.57230536,-4.70718065,0 138.56819825,-4.70778706,0 138.56654497,-4.70754264,0 138.56173336,-4.70604364,0 138.55952769,-4.70422441,0 138.55838683,-4.70376960,0 138.55640934,-4.70361800,0 138.55488819,-4.70445181,0 138.55313886,-4.70619524,0 138.54621763,-4.71097069,0 138.54446831,-4.71256250,0 138.53975274,-4.71460911,0 138.53747102,-4.71620091,0 138.53663438,-4.71711051,0 138.53633015,-4.71953610,0 138.53570664,-4.72043995,0 138.54138423,-4.72860006,0 138.54333595,-4.73254758,0 138.54553650,-4.73423132,0 138.54515146,-4.73633601,0 138.54974663,-4.73787694,0 138.55001730,-4.73899080,0 138.55085251,-4.73956255,0 138.55063131,-4.74124426,0 138.55098823,-4.74217225,0 138.55195191,-4.74327870,0 138.55591372,-4.74488483,0 138.55987552,-4.74574144,0 138.56447978,-4.74809711,0 138.56837020,-4.74845403,0 138.56922680,-4.74877525,0 138.56965510,-4.74945340,0 138.56990495,-4.75202322,0 138.56936957,-4.76119604,0 138.56908403,-4.76233818,0 138.56779912,-4.76383724,0 138.56754928,-4.76476523,0 138.56783482,-4.76522923,0 138.57097571,-4.76537199,0 138.57204646,-4.76583599,0 138.57233200,-4.76769197,0 138.57118986,-4.77176085,0 138.57133262,-4.77229622,0 138.57286738,-4.77393805,0 138.57465197,-4.77447343,0 138.57515166,-4.77493743,0 138.57525874,-4.77557988,0 138.57475905,-4.77650787,0 138.57183231,-4.77747155,0 138.57133262,-4.77804262,0 138.57147539,-4.77882784,0 138.57333137,-4.78046967,0 138.57343845,-4.78114782,0 138.57308153,-4.78189735,0 138.57258184,-4.78228996,0 138.56890557,-4.78321795,0 138.56822743,-4.78425302,0 138.56858435,-4.78503824,0 138.57085078,-4.78633504,0 138.57186508,-4.78659643,0 138.57552945,-4.78650125,0 138.57643365,-4.78773857,0 138.57614811,-4.78961834,0 138.57424454,-4.79099843,0 138.57305481,-4.79106981,0 138.57146057,-4.79175986,0 138.57084191,-4.79225954,0 138.57115154,-4.79345183,0 138.41926389,-4.81092159,0 138.40054869,-4.81186965,0 138.39988281,-4.81067246,0 138.39950209,-4.80836438,0 138.39814580,-4.80655599,0 138.39700366,-4.80612769,0 138.39214956,-4.80612769,0 138.39155469,-4.80588974,0 138.39098362,-4.80477139,0 138.39134054,-4.80172568,0 138.39103121,-4.80105943,0 138.39015081,-4.80036939,0 138.38589158,-4.79941761,0 138.38277448,-4.79934622,0 138.38208444,-4.79965555,0 138.38113266,-4.80155912,0 138.38037123,-4.80205881,0 138.37908632,-4.80174948,0 138.37744449,-4.79991729,0 138.37651650,-4.79939381,0 138.37318526,-4.79865618,0 138.37025852,-4.79720471,0 138.36795044,-4.79715712,0 138.36488094,-4.79765681,0 138.36085965,-4.79618154,0 138.36052652,-4.79577703,0 138.36050273,-4.79461110,0 138.36131175,-4.79377828,0 138.36302496,-4.79332619,0 138.36626102,-4.79311203,0 138.36702245,-4.79268373,0 138.36783147,-4.79156538,0 138.36864048,-4.78923351,0 138.36944950,-4.78804378,0 138.36983022,-4.78652093,0 138.36814721,-4.78569779,0 138.36548608,-4.78560610,0 138.36409595,-4.78430228,0 138.36394555,-4.78352454,0 138.36481099,-4.78265564,0 138.36783743,-4.78145781,0 138.36838138,-4.78097137,0 138.36878904,-4.77870942,0 138.36962775,-4.77726378,0 138.37417986,-4.77485970,0 138.37330651,-4.77496672,0 138.37097915,-4.77420878,0 138.37049238,-4.77314767,0 138.37128338,-4.77132862,0 138.37313918,-4.76941861,0 138.37342820,-4.76811495,0 138.37217451,-4.76722123,0 138.37061132,-4.76779811,0 138.37025403,-4.76629087,0 138.36882398,-4.76623240,0 138.36867075,-4.76392060,0 138.36580737,-4.75895666,0 138.36318173,-4.75630002,0 138.36121278,-4.75567294,0 138.35704033,-4.75674924,0 138.35598224,-4.75641604,0 138.35582211,-4.75536821,0 138.35628750,-4.75462198,0 138.35926014,-4.75295947,0 138.36027633,-4.75103116,0 138.35932084,-4.74801369,0 138.35755496,-4.74536508,0 138.35608781,-4.74468364,0 138.35210801,-4.74448406,0 138.34953108,-4.74576436,0 138.34849026,-4.74569892,0 138.34665688,-4.74470888,0 138.34647762,-4.74354087,0 138.34709469,-4.74231449,0 138.35108734,-4.73913506,0 138.35262436,-4.73754357,0 138.35434662,-4.73467889,0 138.35650216,-4.73264215,0 138.35680324,-4.73185692,0 138.35644135,-4.72723254,0 138.35622424,-4.72666011,0 138.35133508,-4.72176267,0 138.35029321,-4.71868915,0 138.34893485,-4.71747652,0 138.34675891,-4.71370197,0 138.34646683,-4.71259153,0 138.34381343,-4.71206736,0 138.34316786,-4.71154477,0 138.34174657,-4.70818232,0 138.33981429,-4.70707687,0 138.33919118,-4.70626741,0 138.33735401,-4.70058903,0 138.33810840,-4.69896050,0 138.33802716,-4.69690585,0 138.33623196,-4.69502668,0 138.33587096,-4.69423985,0 138.33570152,-4.69366716,0 138.33624078,-4.69187239,0 138.33578724,-4.69064723,0 138.33229209,-4.68834631,0 138.33116764,-4.68727636,0 138.33094944,-4.68646494,0 138.33104029,-4.68553256,0 138.33331417,-4.68289316,0 138.33343019,-4.68224742,0 138.33167839,-4.67945995,0 138.33085181,-4.67590339,0 138.32955085,-4.67275531,0 138.32830465,-4.67111241,0 138.32612851,-4.66923495,0 138.32573944,-4.66753395,0 138.32479672,-4.66723642,0 138.32365147,-4.66734825,0 138.32120450,-4.66631431,0 138.32029741,-4.66608611,0 138.32022526,-4.66638306,0 138.31534161,-4.66516699,0 138.31286892,-4.66540604,0 138.31056347,-4.66510639,0 138.30147350,-4.66509497,0 138.29577979,-4.66775958,0 138.29107373,-4.67154983,0 138.28845926,-4.67443988,0 138.28123379,-4.68064635,0 138.27966511,-4.68064635,0 138.27372311,-4.67846699,0 138.26825648,-4.67813534,0 138.26473882,-4.67552957,0 138.26183913,-4.67439251,0 138.25779857,-4.67363446,0 138.25047804,-4.66965471,0 138.24715052,-4.66913355,0 138.24349025,-4.67003373,0 138.24201664,-4.67131294,0 138.24087578,-4.67344495,0 138.23963984,-4.67652451,0 138.23906941,-4.68045684,0 138.23710362,-4.68500121,0 138.23510073,-4.68622447,0 138.23310276,-4.68619397,0 138.23122377,-4.68829874,0 138.22859061,-4.68986963,0 138.22761864,-4.69006908,0 138.22665830,-4.68934237,0 138.22574268,-4.68938391,0 138.22403016,-4.69165873,0 138.22194150,-4.69241849,0 138.21811232,-4.69752383,0 138.21893172,-4.69831628,0 138.21865820,-4.69897380,0 138.21634760,-4.70095086,0 138.21487762,-4.70115406,0 138.21439885,-4.70154418,0 138.21314916,-4.70399590,0 138.21148812,-4.70507647,0 138.21143230,-4.70601189,0 138.21284449,-4.70724068,0 138.21119820,-4.70945530,0 138.21009175,-4.70956237,0 138.20923515,-4.70909838,0 138.20841423,-4.70749224,0 138.20812870,-4.70585041,0 138.20666533,-4.70295937,0 138.20513058,-4.70253107,0 138.20219012,-4.70288557,0 138.20076678,-4.70382106,0 138.20040733,-4.70506439,0 138.20047959,-4.70915467,0 138.19913891,-4.71199448,0 138.19735975,-4.71367663,0 138.19266365,-4.71347984,0 138.18912711,-4.71142055,0 138.18709746,-4.70927846,0 138.18329477,-4.70336823,0 138.17870547,-4.69986773,0 138.17692088,-4.69793442,0 138.17533982,-4.69442395,0 138.17371960,-4.69326769,0 138.17316609,-4.69227844,0 138.17223810,-4.69031539,0 138.17184549,-4.68731727,0 138.17106026,-4.68538990,0 138.17002520,-4.68439053,0 138.16605626,-4.68269873,0 138.16240141,-4.68067143,0 138.16141631,-4.68044300,0 138.15777573,-4.68071426,0 138.15710473,-4.68042873,0 138.15597996,-4.67761049,0 138.15511984,-4.67670827,0 138.15381791,-4.67600643,0 138.15426841,-4.67389711,0 138.15407805,-4.67127970,0 138.15329283,-4.66899542,0 138.15193654,-4.66683011,0 138.15193654,-4.66558089,0 138.15090147,-4.66194032,0 138.14765351,-4.65400481,0 138.14321711,-4.64924994,0 138.14144377,-4.64276571,0 138.14134109,-4.63812499,0 138.14214862,-4.63704639,0 138.14282439,-4.63506668,0 138.14294812,-4.63367708,0 138.14223428,-4.62962247,0 138.14094938,-4.62779505,0 138.13871268,-4.62574871,0 138.13858895,-4.62524427,0 138.13589302,-4.62324909,0 138.13482107,-4.61966562,0 138.13478300,-4.61819987,0 138.13560154,-4.61639148,0 138.13485914,-4.61389781,0 138.13351386,-4.61222567,0 138.13099728,-4.61118855,0 138.12984324,-4.61018918,0 138.12702358,-4.60963001,0 138.12605990,-4.60903514,0 138.12457273,-4.60553733,0 138.12486422,-4.60378248,0 138.12686178,-4.59981378,0 138.13048153,-4.59824591,0 138.13185864,-4.59668717,0 138.13342679,-4.59218317,0 138.13290766,-4.58892917,0 138.13130301,-4.58764887,0 138.12260950,-4.58357511,0 138.11562280,-4.58159279,0 138.11086881,-4.57775283,0 138.10877580,-4.57472282,0 138.10549945,-4.57362287,0 138.10328791,-4.57343875,0 138.10091334,-4.57398385,0 138.10021586,-4.57380089,0 138.09940553,-4.57306687,0 138.09640976,-4.57227300,0 138.09107669,-4.56810264,0 138.08893518,-4.56679394,0 138.08346242,-4.56536626,0 138.07832758,-4.56458095,0 138.07714944,-4.56406591,0 138.07319632,-4.56546621,0 138.07006808,-4.56533849,0 138.06883526,-4.56743290,0 138.06913037,-4.56994838,0 138.06887542,-4.57138870,0 138.06682638,-4.57581103,0 138.06603450,-4.57637128,0 138.06369681,-4.57619416,0 138.06198797,-4.57795628,0 138.06016113,-4.57903514,0 138.05995306,-4.57946538,0 138.05993094,-4.58067236,0 138.06091834,-4.58182129,0 138.06150306,-4.58311161,0 138.06155120,-4.58406905,0 138.05933405,-4.58455528,0 138.05963469,-4.58732119,0 138.05726287,-4.58874593,0 138.05256546,-4.58952106,0 138.05112254,-4.59032630,0 138.05112882,-4.59149311,0 138.05343434,-4.59366955,0 138.05271085,-4.59456666,0 138.05163568,-4.59480668,0 138.05098023,-4.59531513,0 138.05030467,-4.59532344,0 138.05037784,-4.59369024,0 138.04861947,-4.59337736,0 138.04521133,-4.59543011,0 138.04473182,-4.59355016,0 138.04500290,-4.59226226,0 138.04478266,-4.59196132,0 138.04296379,-4.59263162,0 138.04117275,-4.59219080,0 138.03887434,-4.59367584,0 138.03942091,-4.59540050,0 138.03800647,-4.60002840,0 138.03777319,-4.60020523,0 138.03686721,-4.59970140,0 138.03593596,-4.59995310,0 138.03426631,-4.60255749,0 138.03311312,-4.60291938,0 138.03214886,-4.60578784,0 138.03353619,-4.60771602,0 138.03366635,-4.60837219,0 138.03303409,-4.60862513,0 138.03247209,-4.60795605,0 138.03200607,-4.60817634,0 138.03139041,-4.60976279,0 138.03015942,-4.61019102,0 138.02973667,-4.61065596,0 138.02995357,-4.61175696,0 138.02961171,-4.61221112,0 138.02760284,-4.61062480,0 138.02680261,-4.61132151,0 138.02555540,-4.61032731,0 138.02411460,-4.61061018,0 138.02338518,-4.60864030,0 138.02367390,-4.60740807,0 138.02335979,-4.60571773,0 138.02262504,-4.60452010,0 138.02155961,-4.60508235,0 138.02107261,-4.60502476,0 138.02121136,-4.60361411,0 138.01997984,-4.60417566,0 138.01948309,-4.60379577,0 138.01790722,-4.60461145,0 138.01647278,-4.60390537,0 138.01535291,-4.60424514,0 138.01433619,-4.60375194,0 138.01402933,-4.60298393,0 138.01295607,-4.60276829,0 138.01206645,-4.60100888,0 138.01028469,-4.60074581,0 138.00771634,-4.59826193,0 138.00375908,-4.59561488,0 138.00308977,-4.59365342,0 138.00383823,-4.59251920,0 138.00314581,-4.59182452,0 138.00227534,-4.59167517,0 138.00217261,-4.59309920,0 137.99961946,-4.59255026,0 137.99897878,-4.59201275,0 137.99768726,-4.59236172,0 137.99702040,-4.59187039,0 137.99591173,-4.59191361,0 137.99640414,-4.59038400,0 137.99732890,-4.58972172,0 137.99730175,-4.58826948,0 137.99665966,-4.58767394,0 137.99614534,-4.58830458,0 137.99531448,-4.58824184,0 137.99498707,-4.58786356,0 137.99526301,-4.58706381,0 137.99511584,-4.58629056,0 137.99448712,-4.58603350,0 137.99398670,-4.58656847,0 137.99380171,-4.58809413,0 137.99324603,-4.58835561,0 137.99228966,-4.58777681,0 137.99226814,-4.58676826,0 137.99183962,-4.58626911,0 137.99138045,-4.58637979,0 137.99103944,-4.58733548,0 137.99063644,-4.58744639,0 137.98994576,-4.58695553,0 137.99011898,-4.58583020,0 137.98978155,-4.58593200,0 137.98929045,-4.58696214,0 137.98894834,-4.58594725,0 137.98868622,-4.58594615,0 137.98828978,-4.58676910,0 137.98841148,-4.58777946,0 137.98858762,-4.58831669,0 137.98987529,-4.58905848,0 137.98998822,-4.58965856,0 137.98963058,-4.58985691,0 137.98738527,-4.58958866,0 137.98502618,-4.58886634,0 137.98437478,-4.58721917,0 137.98340509,-4.58670164,0 137.98185581,-4.58755525,0 137.98172748,-4.58889136,0 137.97936725,-4.59130714,0 137.97855958,-4.59146000,0 137.97712190,-4.59049959,0 137.97430709,-4.59093623,0 137.97306002,-4.59222411,0 137.97266490,-4.59338439,0 137.97482366,-4.59428672,0 137.97629996,-4.59579851,0 137.97658529,-4.59683222,0 137.97576191,-4.59934614,0 137.97466360,-4.60007419,0 137.96982727,-4.60058528,0 137.96875617,-4.60022196,0 137.96719269,-4.59903313,0 137.96454032,-4.59817780,0 137.96213664,-4.59826087,0 137.96007492,-4.59882961,0 137.95939953,-4.59992838,0 137.95827654,-4.60039545,0 137.95412524,-4.60062093,0 137.95092234,-4.59867277,0 137.94864233,-4.59917859,0 137.94624770,-4.59855426,0 137.94535344,-4.59881824,0 137.94228968,-4.60134879,0 137.94107398,-4.60301454,0 137.94052688,-4.60311614,0 137.93895653,-4.60231434,0 137.93414418,-4.60201429,0 137.93119796,-4.59921102,0 137.92990474,-4.59499322,0 137.92830536,-4.59391202,0 137.92423714,-4.59285329,0 137.92513616,-4.60139348,0 137.90853286,-4.60341624,0 137.86534600,-4.59730441,0 137.82774977,-4.59675616,0 137.82012471,-4.60516972,0 137.81249398,-4.61218609,0 137.80764522,-4.61849284,0 137.82745958,-4.64574754,0 137.80970497,-4.64650279,0 137.78917419,-4.64673587,0 137.78299061,-4.64640672,0 137.76783775,-4.64673395,0 137.76958217,-4.64773113,0 137.77063632,-4.64931210,0 137.77152770,-4.65157751,0 137.77142936,-4.65277591,0 137.77178858,-4.65376899,0 137.77480552,-4.65514971,0 137.77621771,-4.65661511,0 137.77632581,-4.65903149,0 137.77808332,-4.66283741,0 137.77790547,-4.66621474,0 137.78025193,-4.66726624,0 137.78071052,-4.67029795,0 137.78203772,-4.67112613,0 137.78484695,-4.67213397,0 137.78615927,-4.67337307,0 137.78647221,-4.67471525,0 137.78645135,-4.67770337,0 137.78586038,-4.67896869,0 137.78387950,-4.68103734,0 137.78322674,-4.68302855,0 137.78340645,-4.68376204,0 137.78510279,-4.68474267,0 137.78644107,-4.68461074,0 137.78780301,-4.68407365,0 137.78918438,-4.68206806,0 137.78973869,-4.68171139,0 137.79024429,-4.68181065,0 137.79105512,-4.68244035,0 137.79323870,-4.68941369,0 137.79428289,-4.69047723,0 137.79540003,-4.69075239,0 137.79638852,-4.69057047,0 137.79757121,-4.68820153,0 137.79858214,-4.68728229,0 137.80020554,-4.68730121,0 137.80106973,-4.68775534,0 137.80171222,-4.68870175,0 137.80171589,-4.68962069,0 137.80108345,-4.69069532,0 137.80090995,-4.69189576,0 137.80106724,-4.69301828,0 137.80157887,-4.69357781,0 137.80318308,-4.69349479,0 137.80419897,-4.69277596,0 137.80596617,-4.68886335,0 137.80675324,-4.68824756,0 137.80865137,-4.68825896,0 137.80944650,-4.68884528,0 137.80988514,-4.68981751,0 137.80983892,-4.69104799,0 137.80933104,-4.69194713,0 137.80918262,-4.69320367,0 137.80931023,-4.69548891,0 137.80605995,-4.69949994,0 137.80600921,-4.70126734,0 137.80669544,-4.70249722,0 137.80816800,-4.70308068,0 137.81224400,-4.70109956,0 137.81335494,-4.70112782,0 137.81459853,-4.70164670,0 137.81594369,-4.70304927,0 137.81718387,-4.70271681,0 137.81773638,-4.70199420,0 137.81769963,-4.70097927,0 137.81717440,-4.70035926,0 137.81360657,-4.69870372,0 137.81278561,-4.69765921,0 137.81278233,-4.69684062,0 137.81326963,-4.69615102,0 137.81443488,-4.69575637,0 137.81605738,-4.69614054,0 137.81869843,-4.69979034,0 137.81960981,-4.70307530,0 137.81943297,-4.70454118,0 137.81816056,-4.70622082,0 137.81759162,-4.70755747,0 137.81756783,-4.70813317,0 137.81804068,-4.70886383,0 137.81958152,-4.70901456,0 137.82057025,-4.70819948,0 137.82293115,-4.70455316,0 137.82363377,-4.70400088,0 137.82504312,-4.70391666,0 137.82622122,-4.70474910,0 137.82661596,-4.70553241,0 137.82682998,-4.70681355,0 137.82641684,-4.70794026,0 137.82374847,-4.70983057,0 137.82275421,-4.71128060,0 137.82274253,-4.71244730,0 137.82333574,-4.71318431,0 137.82394314,-4.71337902,0 137.82544996,-4.71299495,0 137.82780187,-4.71076713,0 137.82804347,-4.70969809,0 137.82792239,-4.70718428,0 137.82891372,-4.70499075,0 137.82993809,-4.70445898,0 137.83099250,-4.70485039,0 137.83181569,-4.70664084,0 137.83182476,-4.70888306,0 137.82874244,-4.71225827,0 137.82745288,-4.71706392,0 137.82796334,-4.71822467,0 137.82957141,-4.71860572,0 137.83078813,-4.71785536,0 137.83273977,-4.71492542,0 137.83395938,-4.71489063,0 137.83491779,-4.71646696,0 137.83638182,-4.71801140,0 137.83683230,-4.71905312,0 137.83698433,-4.71985753,0 137.83653428,-4.72296666,0 137.83721625,-4.72399483,0 137.83827290,-4.72429725,0 137.84229178,-4.72432968,0 137.84419911,-4.72581726,0 137.84516235,-4.72595802,0 137.84691732,-4.72549254,0 137.84937263,-4.72594825,0 137.85094899,-4.72518711,0 137.85199285,-4.72639544,0 137.85149689,-4.72824314,0 137.85300188,-4.72964690,0 137.85328936,-4.73208671,0 137.85452428,-4.73230559,0 137.85657141,-4.73154732,0 137.85753387,-4.73166994,0 137.85882534,-4.73411356,0 137.86037820,-4.73403827,0 137.86108030,-4.73431086,0 137.86172356,-4.73615101,0 137.86877473,-4.73985435,0 137.88678493,-4.74840095,0 137.88933641,-4.75077062,0 137.89211605,-4.75145245,0 137.89265741,-4.75210205,0 137.89284873,-4.75300539,0 137.89251746,-4.75464303,0 137.89158528,-4.75645462,0 137.89189875,-4.75790490,0 137.89568998,-4.76127894,0 137.89903271,-4.76303927,0 137.89966211,-4.76439941,0 137.89870969,-4.76633064,0 137.89546805,-4.76743502,0 137.89499818,-4.76798653,0 137.89522083,-4.76905991,0 137.89659194,-4.77091343,0 137.89696333,-4.77245762,0 137.89595926,-4.77586264,0 137.89683028,-4.77836148,0 137.89686524,-4.77955667,0 137.89508644,-4.78260433,0 137.89461033,-4.78616769,0 137.89241988,-4.78946868,0 137.89196357,-4.79312364,0 137.89149757,-4.79441034,0 137.89067991,-4.79522747,0 137.88804653,-4.79619846,0 137.88731141,-4.79702837,0 137.88718754,-4.79813840,0 137.88812156,-4.80133399,0 137.88790287,-4.80263058,0 137.88457779,-4.80740061,0 137.88345556,-4.80763696,0 137.88100735,-4.80734501,0 137.88029790,-4.80785485,0 137.88120636,-4.81293889,0 137.88363638,-4.81627258,0 137.88334677,-4.81787424,0 137.88145732,-4.82049284,0 137.88073103,-4.82232988,0 137.88093495,-4.82332259,0 137.88256051,-4.82650703,0 137.88248505,-4.82827606,0 137.88169440,-4.82893883,0 137.88048107,-4.82840550,0 137.87988632,-4.82743478,0 137.87932742,-4.82528634,0 137.87860203,-4.82448857,0 137.87618647,-4.82519840,0 137.87463520,-4.82643943,0 137.87428572,-4.83034737,0 137.87348293,-4.83274156,0 137.87421325,-4.83525122,0 137.87414719,-4.83637053,0 137.87340877,-4.83760077,0 137.87065129,-4.83928020,0 137.86999273,-4.84032492,0 137.86973407,-4.84271194,0 137.86989888,-4.84883629,0 137.86961309,-4.85014676,0 137.86848212,-4.85203574,0 137.86696825,-4.85578539,0 137.86292448,-4.85877623,0 137.86316416,-4.85995770,0 137.86511603,-4.86232241,0 137.86511120,-4.86341424,0 137.86351097,-4.86456768,0 137.86203538,-4.86653986,0 137.85660126,-4.87038251,0 137.85376694,-4.87310207,0 137.85290384,-4.87431444,0 137.85129385,-4.87805613,0 137.84909347,-4.88061979,0 137.84466248,-4.88308768,0 137.84282262,-4.88350226,0 137.84186004,-4.88412260,0 137.84163601,-4.88526175,0 137.84289879,-4.88616913,0 137.84324347,-4.88718562,0 137.84296280,-4.88873757,0 137.84209270,-4.89039776,0 137.83788182,-4.89195335,0 137.83546847,-4.89348627,0 137.83435170,-4.89486818,0 137.83373706,-4.89670844,0 137.83261398,-4.89768340,0 137.83149811,-4.89789392,0 137.83003289,-4.89739593,0 137.82942110,-4.89665219,0 137.82879761,-4.89428526,0 137.82804123,-4.89378351,0 137.82682947,-4.89390820,0 137.82484765,-4.89567314,0 137.82667145,-4.89799261,0 137.82727440,-4.89839399,0 137.83042280,-4.89908295,0 137.83189980,-4.90089232,0 137.83268807,-4.90137708,0 137.83581270,-4.90145676,0 137.83688383,-4.90215024,0 137.83743090,-4.90326673,0 137.83732952,-4.90403573,0 137.83427245,-4.90683006,0 137.83415047,-4.90794338,0 137.83556214,-4.90926900,0 137.83607054,-4.90917225,0 137.83876952,-4.90704541,0 137.83952090,-4.90727970,0 137.83984384,-4.90818264,0 137.83908490,-4.90958893,0 137.83717392,-4.91046778,0 137.83624679,-4.91128597,0 137.83615849,-4.91231052,0 137.83653718,-4.91338895,0 137.83972229,-4.91611344,0 137.84048654,-4.91920494,0 137.84194580,-4.92075005,0 137.84295223,-4.92098874,0 137.84565727,-4.91830760,0 137.84632689,-4.91831884,0 137.84694669,-4.91885410,0 137.84694248,-4.91987054,0 137.84492505,-4.92274845,0 137.84484518,-4.92341805,0 137.84584476,-4.92447285,0 137.84810728,-4.92464329,0 137.84825947,-4.92618127,0 137.84764647,-4.92716243,0 137.84604789,-4.92777841,0 137.84596208,-4.92923179,0 137.84690227,-4.93084480,0 137.84925524,-4.93056993,0 137.85032730,-4.93149765,0 137.85045187,-4.93222500,0 137.85027156,-4.93280546,0 137.84940719,-4.93357243,0 137.84751789,-4.93385243,0 137.84634183,-4.93295609,0 137.84539838,-4.93116206,0 137.84457392,-4.93028475,0 137.84335735,-4.93017978,0 137.84272906,-4.93051439,0 137.84205307,-4.93217427,0 137.84241102,-4.93343406,0 137.84338010,-4.93435873,0 137.84517644,-4.93461009,0 137.84605945,-4.93554083,0 137.84611259,-4.93644875,0 137.84569124,-4.93734077,0 137.84414517,-4.93843414,0 137.84211133,-4.93831843,0 137.84110078,-4.93709394,0 137.84097417,-4.93514738,0 137.83965644,-4.93471778,0 137.83921396,-4.93670895,0 137.83939243,-4.93973456,0 137.84156387,-4.94104350,0 137.84367345,-4.94009511,0 137.84394662,-4.94046045,0 137.84375590,-4.94126993,0 137.84477545,-4.94123854,0 137.84436652,-4.94189644,0 137.84441479,-4.94290835,0 137.84329186,-4.94342800,0 137.84207064,-4.94483243,0 137.84126423,-4.94499851,0 137.84003923,-4.94463306,0 137.83740309,-4.94341070,0 137.83653756,-4.94540054,0 137.83717946,-4.94704971,0 137.83639377,-4.94764619,0 137.83489241,-4.94702701,0 137.83344380,-4.94496748,0 137.83191550,-4.94464900,0 137.83099318,-4.94367636,0 137.83070340,-4.94361889,0 137.82996430,-4.94431618,0 137.82996342,-4.94518701,0 137.83161818,-4.94646657,0 137.83133171,-4.94756971,0 137.83323342,-4.94932561,0 137.83344392,-4.95021476,0 137.83296415,-4.95036189,0 137.83284450,-4.95073501,0 137.83182613,-4.95070505,0 137.83207513,-4.95165589,0 137.83109870,-4.95122432,0 137.83076355,-4.95138371,0 137.82878686,-4.95448937,0 137.83006951,-4.95566007,0 137.82947795,-4.95662138,0 137.83015576,-4.95754193,0 137.82893017,-4.95768349,0 137.82816145,-4.95725608,0 137.82654610,-4.95949755,0 137.82561636,-4.96183683,0 137.82379351,-4.96327662,0 137.82361858,-4.96435468,0 137.82391671,-4.96559362,0 137.82486254,-4.96645491,0 137.82737672,-4.96709729,0 137.82852116,-4.96705787,0 137.82911360,-4.96749116,0 137.82920935,-4.96859355,0 137.82697690,-4.97085395,0 137.82668235,-4.97151425,0 137.82681867,-4.97230583,0 137.82772818,-4.97360515,0 137.82885173,-4.97415341,0 137.82992923,-4.97409816,0 137.83214596,-4.97301088,0 137.83198583,-4.97591851,0 137.83074833,-4.97684547,0 137.82710908,-4.97701387,0 137.82430727,-4.97859538,0 137.82143136,-4.97841125,0 137.82050274,-4.97871858,0 137.82004328,-4.97981492,0 137.82052168,-4.98115848,0 137.82242143,-4.98161377,0 137.82433174,-4.97996831,0 137.82472860,-4.98043238,0 137.82480107,-4.98165920,0 137.82121207,-4.98486023,0 137.81939304,-4.98594402,0 137.81814518,-4.98813046,0 137.81478569,-4.99115704,0 137.81423073,-4.99239292,0 137.81447846,-4.99318489,0 137.81501098,-4.99367149,0 137.81883467,-4.99403947,0 137.81932454,-4.99442709,0 137.81920318,-4.99503575,0 137.81742354,-4.99590591,0 137.81370432,-4.99567957,0 137.81318447,-4.99623747,0 137.81308952,-4.99698650,0 137.81447900,-4.99840027,0 137.81419967,-4.99933939,0 137.81185197,-4.99911385,0 137.80921249,-5.00031399,0 137.80669909,-5.00027127,0 137.80579909,-5.00080079,0 137.80534808,-5.00163922,0 137.80551191,-5.00307014,0 137.80649060,-5.00395150,0 137.81147379,-5.00499329,0 137.81273610,-5.00454770,0 137.81412093,-5.00242077,0 137.81484846,-5.00213451,0 137.81514497,-5.00250957,0 137.81503341,-5.00497269,0 137.81528202,-5.00549389,0 137.81644945,-5.00591549,0 137.81833994,-5.00583389,0 137.81875760,-5.00623262,0 137.81826071,-5.00898958,0 137.81603537,-5.01093260,0 137.81523375,-5.01121164,0 137.81441550,-5.01100891,0 137.81227263,-5.00869416,0 137.81101339,-5.00824520,0 137.81026961,-5.00879864,0 137.80900163,-5.01101341,0 137.80879446,-5.01230593,0 137.80958018,-5.01337792,0 137.81217710,-5.01322670,0 137.81461724,-5.01410352,0 137.81552631,-5.01387491,0 137.81693085,-5.01258094,0 137.81752647,-5.01280889,0 137.81783113,-5.01363316,0 137.81779242,-5.01521526,0 137.81619440,-5.01843692,0 137.81616081,-5.01919476,0 137.81646635,-5.01989926,0 137.81838821,-5.02182371,0 137.81995982,-5.02590565,0 137.81817060,-5.02633214,0 137.81121921,-5.02647218,0 137.81071387,-5.02611097,0 137.81090376,-5.02565481,0 137.81049915,-5.02490755,0 137.81070386,-5.02356573,0 137.80838996,-5.02358193,0 137.80859979,-5.02436087,0 137.80839712,-5.02462050,0 137.80685732,-5.02401573,0 137.80676507,-5.02534465,0 137.80555201,-5.02493402,0 137.80463388,-5.02656731,0 137.80403106,-5.02704358,0 137.80512434,-5.02798631,0 137.80533364,-5.02885828,0 137.80558674,-5.02893499,0 137.80630145,-5.02819666,0 137.80652165,-5.02896967,0 137.80572573,-5.02945963,0 137.80437308,-5.02934175,0 137.80411862,-5.02997537,0 137.80459218,-5.03061388,0 137.80453805,-5.03102540,0 137.80319346,-5.03049192,0 137.80293428,-5.03153389,0 137.80234551,-5.03121968,0 137.80154687,-5.03135887,0 137.80068453,-5.03002929,0 137.80191404,-5.02967120,0 137.80129201,-5.02898281,0 137.80118140,-5.02770476,0 137.79933960,-5.02674179,0 137.79864662,-5.02679497,0 137.79663852,-5.02803899,0 137.79624126,-5.02695140,0 137.79568530,-5.02681129,0 137.79456897,-5.02883113,0 137.79372339,-5.02934125,0 137.79063634,-5.02837875,0 137.79046819,-5.02772833,0 137.79076311,-5.02653777,0 137.79043586,-5.02595740,0 137.78949976,-5.02624817,0 137.78887916,-5.02722429,0 137.78578505,-5.02771905,0 137.78530626,-5.02744460,0 137.78524980,-5.02682521,0 137.78736998,-5.02524555,0 137.78747231,-5.02454281,0 137.78710818,-5.02413540,0 137.78554764,-5.02424014,0 137.78542652,-5.02565657,0 137.78495892,-5.02592728,0 137.78428764,-5.02461480,0 137.78294105,-5.02369604,0 137.78287416,-5.02319514,0 137.78351339,-5.02249957,0 137.78345974,-5.02210414,0 137.78170756,-5.02119801,0 137.78137978,-5.02130041,0 137.78136987,-5.02230151,0 137.77980625,-5.02249080,0 137.77940093,-5.02058782,0 137.77870712,-5.02025930,0 137.77802637,-5.02057499,0 137.77816957,-5.02089265,0 137.77907447,-5.02118394,0 137.77881668,-5.02149685,0 137.77780523,-5.02188516,0 137.77698002,-5.02135242,0 137.77592579,-5.02213006,0 137.77548321,-5.02206226,0 137.77507286,-5.02094443,0 137.77679789,-5.02099899,0 137.77724423,-5.02062593,0 137.77600756,-5.01995013,0 137.77501581,-5.02006558,0 137.77580716,-5.01915959,0 137.77548581,-5.01833288,0 137.77407039,-5.01872401,0 137.77333795,-5.01793830,0 137.77180627,-5.01759019,0 137.77241970,-5.01625139,0 137.77158752,-5.01625291,0 137.77100964,-5.01674824,0 137.77090790,-5.01774871,0 137.76982332,-5.01804460,0 137.76930943,-5.01762253,0 137.76938559,-5.01638999,0 137.76720112,-5.01663852,0 137.76585755,-5.01626316,0 137.76659261,-5.01346158,0 137.76628084,-5.01318049,0 137.76536311,-5.01343156,0 137.76491577,-5.01281538,0 137.76493922,-5.01128562,0 137.76401877,-5.00983973,0 137.76351585,-5.00781315,0 137.76230450,-5.00914250,0 137.76180143,-5.00887181,0 137.76129210,-5.00758721,0 137.76050973,-5.00700608,0 137.75986476,-5.00696125,0 137.75884774,-5.00779127,0 137.75805096,-5.00744395,0 137.75750181,-5.00775901,0 137.75679359,-5.01079662,0 137.75441180,-5.01078893,0 137.75294411,-5.01142779,0 137.75274946,-5.01060799,0 137.75118873,-5.00983149,0 137.75131762,-5.00784784,0 137.75099500,-5.00716997,0 137.74734724,-5.00490551,0 137.77445903,-5.06166312,0 137.76268995,-5.07281547,0 137.76129564,-5.07380248,0 137.76047768,-5.07485630,0 137.75980646,-5.07757445,0 137.76037539,-5.08545332,0 137.75946829,-5.08744115,0 137.75853861,-5.08777191,0 137.75715709,-5.08767668,0 137.75056956,-5.08528715,0 137.74889018,-5.08490710,0 137.74648145,-5.08488793,0 137.74136969,-5.08587677,0 137.73834339,-5.08685181,0 137.73553446,-5.08829227,0 137.73427120,-5.08941199,0 137.73378740,-5.09077875,0 137.73378029,-5.09372910,0 137.73664583,-5.10333367,0 137.73689238,-5.10605712,0 137.73657380,-5.10943587,0 137.73530381,-5.11128218,0 137.73302254,-5.11248479,0 137.73056979,-5.11250507,0 137.72685693,-5.11093526,0 137.72271841,-5.10826759,0 137.72074773,-5.10767215,0 137.71963207,-5.10781433,0 137.71873330,-5.10830905,0 137.71664943,-5.11105715,0 137.71573871,-5.11336337,0 137.71584072,-5.11549349,0 137.71812135,-5.12107525,0 137.72010387,-5.12386270,0 137.72192687,-5.12548886,0 137.72595597,-5.12720709,0 137.72863586,-5.12795471,0 137.73639182,-5.12918662,0 137.74181841,-5.13155798,0 137.74381288,-5.13324824,0 137.74482142,-5.13515508,0 137.74510326,-5.13678040,0 137.74468446,-5.13895091,0 137.74356378,-5.14032474,0 137.74075429,-5.14194530,0 137.73289168,-5.14321254,0 137.72165745,-5.14428621,0 137.71621166,-5.14534170,0 137.70944993,-5.14819113,0 137.70706997,-5.14957160,0 137.70546680,-5.15090680,0 137.70396660,-5.15314522,0 137.70355407,-5.15470127,0 137.70346405,-5.16111313,0 137.70385225,-5.17082582,0 137.70313877,-5.17685628,0 137.70236383,-5.18008566,0 137.70132494,-5.18271523,0 137.69969013,-5.18510337,0 137.69811460,-5.18659663,0 137.69001545,-5.19074286,0 137.68742793,-5.19272841,0 137.68370762,-5.19754275,0 137.68175915,-5.20145041,0 137.67996916,-5.21191357,0 137.67783874,-5.21768721,0 137.68434007,-5.22107531,0 137.68424743,-5.22349602,0 137.68327661,-5.22863565,0 137.68135401,-5.23487936,0 137.68135401,-5.23750628,0 137.68356215,-5.23977153,0 137.68923478,-5.24354060,0 137.70072700,-5.25623463,0 137.71213945,-5.26989401,0 137.71688191,-5.27444028,0 137.72027026,-5.27689588,0 137.72272586,-5.27919444,0 137.72376807,-5.27963702,0 137.72639499,-5.27980834,0 137.72799399,-5.27943715,0 137.72923607,-5.27866620,0 137.73207715,-5.27903740,0 137.73257683,-5.28049363,0 137.73319201,-5.28121798,0 137.73498961,-5.28233533,0 137.73505456,-5.28284562,0 137.73813751,-5.28663837,0 137.73905610,-5.28709068,0 137.74016969,-5.28674804,0 137.75313419,-5.31150693,0 137.75280701,-5.31192333,0 137.75114139,-5.31242897,0 137.74676952,-5.31484811,0 137.74548461,-5.31509795,0 137.74284340,-5.31470534,0 137.74273633,-5.31509795,0 137.74170126,-5.31577610,0 137.73427735,-5.31470534,0 137.73427735,-5.31506226,0 137.73274259,-5.31538349,0 137.73188599,-5.31652563,0 137.73058353,-5.32167885,0 137.72699768,-5.33024683,0 137.72691053,-5.33154842,0 137.72620740,-5.33270801,0 137.72555972,-5.33486745,0 137.72510813,-5.33914488,0 137.72465059,-5.33945844,0 137.72429407,-5.34387784,0 137.72342775,-5.34618714,0 137.72314762,-5.35135052,0 137.72405318,-5.35364359,0 137.72399127,-5.35460665,0 137.72457832,-5.35463140,0 137.72516160,-5.35599994,0 137.72589841,-5.35866216,0 137.72581522,-5.35944307,0 137.72709869,-5.36191005,0 137.72778202,-5.36402797,0 137.73132442,-5.36846835,0 137.73508602,-5.37169681,0 137.73765867,-5.37303391,0 137.74012061,-5.37386424,0 137.74453624,-5.37415035,0 137.74754629,-5.37359734,0 137.74913271,-5.37266628,0 137.74952323,-5.37152525,0 137.74812717,-5.36975256,0 137.74705500,-5.36907642,0 137.74747724,-5.36870340,0 137.74748287,-5.36796360,0 137.74666979,-5.36533643,0 137.74388015,-5.36307039,0 137.74401737,-5.36259186,0 137.74552668,-5.36306298,0 137.74888294,-5.36503610,0 137.74966301,-5.36344781,0 137.74968580,-5.36197477,0 137.74920215,-5.36086172,0 137.74698264,-5.35815271,0 137.74846981,-5.35720093,0 137.75170191,-5.35925321,0 137.75229677,-5.35756380,0 137.75372445,-5.35552936,0 137.75986346,-5.35071095,0 137.76193359,-5.34949742,0 137.76471756,-5.34864082,0 137.76882213,-5.34821252,0 137.77381900,-5.35263831,0 137.77430223,-5.35362341,0 137.77262709,-5.35460375,0 137.77067593,-5.35843944,0 137.77158012,-5.36039060,0 137.77330839,-5.36214194,0 137.77838538,-5.36522566,0 137.78306816,-5.36652009,0 137.78338225,-5.36681514,0 137.78318930,-5.36734382,0 137.78543651,-5.36857608,0 137.78859803,-5.36860450,0 137.79029220,-5.36816668,0 137.79102508,-5.36765271,0 137.79093942,-5.36837607,0 137.79137724,-5.36823330,0 137.79156760,-5.36947062,0 137.79445150,-5.36973712,0 137.79673579,-5.37065083,0 137.79780178,-5.37184056,0 137.79900103,-5.37511470,0 137.79945789,-5.37540024,0 137.79922732,-5.37572551,0 137.79976270,-5.37580403,0 137.80002206,-5.37643982,0 137.80161154,-5.37778184,0 137.80237297,-5.37946650,0 137.80537109,-5.38066575,0 137.80760778,-5.38098935,0 137.81131022,-5.38071334,0 137.81510784,-5.38000901,0 137.81644986,-5.37946650,0 137.81754017,-5.37798050,0 137.81822546,-5.37775207,0 137.82167981,-5.37784969,0 137.82379340,-5.37698112,0 137.82719392,-5.37640873,0 137.83116619,-5.37513079,0 137.83273909,-5.37501399,0 137.83705518,-5.37564430,0 137.83813419,-5.37553399,0 137.84203910,-5.37432565,0 137.84700742,-5.37192715,0 137.84791268,-5.37089473,0 137.84789258,-5.37032815,0 137.84717029,-5.37000005,0 137.85157726,-5.36712127,0 137.85306865,-5.36538088,0 137.85297347,-5.36503586,0 137.85246189,-5.36541657,0 137.85236671,-5.36513104,0 137.85561276,-5.35889743,0 137.85882306,-5.35473537,0 137.86006038,-5.35375979,0 137.86110734,-5.35180863,0 137.86311561,-5.35009384,0 137.87639300,-5.35742258,0 137.87625575,-5.35894481,0 137.87671661,-5.36025572,0 137.87645487,-5.36104094,0 137.87664837,-5.36194293,0 137.87980991,-5.36582366,0 137.88094015,-5.36602591,0 137.88321254,-5.36726323,0 137.88560389,-5.36685873,0 137.88715472,-5.36708317,0 137.89071974,-5.36946423,0 137.89209922,-5.37005636,0 137.89261141,-5.36988064,0 137.89279363,-5.36928102,0 137.89317435,-5.36943568,0 137.89324573,-5.37001865,0 137.89449495,-5.37198170,0 137.89537535,-5.37223155,0 137.89530149,-5.37265807,0 137.89390236,-5.37256527,0 137.89430211,-5.37332194,0 137.89392325,-5.37398895,0 137.89412150,-5.37493266,0 137.89536877,-5.37638031,0 137.89458551,-5.37840090,0 137.89539214,-5.37851511,0 137.89609171,-5.38147754,0 137.89680554,-5.38305512,0 137.89956257,-5.38674881,0 137.90445237,-5.39245952,0 137.90548743,-5.39295921,0 137.90809294,-5.39542195,0 137.91519563,-5.40288156,0 137.91769407,-5.40616521,0 137.92012112,-5.40834242,0 137.92468968,-5.41148331,0 137.93272036,-5.42172689,0 137.93322005,-5.42336872,0 137.93532587,-5.42554592,0 137.93732462,-5.42675945,0 137.94581930,-5.43664611,0 137.94631898,-5.43750272,0 137.94642606,-5.43860916,0 137.94967402,-5.44382018,0 137.95372424,-5.44873891,0 137.95999899,-5.45450023,0 137.96294621,-5.45758790,0 137.96550008,-5.46091215,0 137.96901774,-5.46394064,0 137.97536617,-5.47046602,0 137.97699190,-5.47170106,0 137.97914528,-5.47422791,0 137.98493991,-5.47954182,0 138.00140121,-5.49639068,0 138.00444351,-5.49895764,0 138.00572698,-5.50051911,0 138.00563482,-5.50108167,0 138.00667770,-5.50161923,0 138.00649944,-5.50212788,0 138.00747393,-5.50439909,0 138.00817508,-5.50559384,0 138.00913768,-5.50632725,0 138.01204926,-5.50780589,0 138.01524605,-5.50856295,0 138.01656518,-5.50856295,0 138.01995417,-5.50721034,0 138.02400684,-5.50725463,0 138.02689011,-5.50827787,0 138.03122561,-5.50602670,0 138.03329524,-5.50344529,0 138.03407025,-5.50199495,0 138.05402588,-5.50456943,0 138.05502413,-5.50791708,0 138.05615311,-5.51025924,0 138.05717513,-5.51151312,0 138.05681898,-5.51304515,0 138.05703653,-5.51386000,0 138.05953891,-5.51692963,0 138.06048626,-5.51764866,0 138.06226358,-5.51878851,0 138.06613366,-5.52018144,0 138.07106242,-5.52100942,0 138.07997113,-5.52382436,0 138.08257902,-5.52515685,0 138.08372116,-5.52527107,0 138.08522498,-5.52726982,0 138.08407696,-5.52795234,0 138.08158072,-5.53052679,0 138.08099061,-5.53187832,0 138.08211372,-5.53180218,0 138.08247540,-5.53220193,0 138.08218986,-5.53302047,0 138.08148554,-5.53347732,0 138.08159976,-5.53370575,0 138.08849068,-5.53324889,0 138.09736131,-5.53204965,0 138.10460280,-5.53168955,0 138.10526905,-5.53102330,0 138.10601144,-5.53098523,0 138.10719165,-5.53155630,0 138.11604010,-5.53181048,0 138.12458658,-5.53277375,0 138.12631472,-5.53245101,0 138.12801931,-5.53123618,0 138.13408061,-5.53667397,0 138.13141562,-5.53907128,0 138.13159408,-5.53942820,0 138.13075532,-5.53976132,0 138.13029281,-5.54065421,0 138.12617039,-5.54221395,0 138.12580990,-5.54258515,0 138.12604190,-5.54285283,0 138.12505288,-5.54326650,0 138.12452147,-5.54315110,0 138.12469636,-5.54250151,0 138.12447031,-5.54238848,0 138.10878002,-5.54219821,0 138.10327466,-5.54261176,0 138.10155892,-5.54302314,0 138.10028495,-5.54375643,0 138.10010839,-5.54337543,0 138.09824111,-5.54382626,0 138.09220615,-5.54673847,0 138.08361254,-5.55009651,0 138.07966246,-5.55133491,0 138.07746895,-5.55134266,0 138.07373684,-5.55257698,0 138.06568724,-5.55604151,0 138.06343982,-5.55775187,0 138.05937367,-5.56183174,0 138.05847049,-5.56437477,0 138.05937367,-5.56723713,0 138.05800701,-5.57083281,0 138.05133751,-5.57676422,0 138.05078802,-5.57842717,0 138.04936077,-5.58093671,0 138.04903722,-5.58270776,0 138.04542173,-5.59216818,0 138.04554599,-5.59247090,0 138.04663462,-5.59275276,0 138.04672914,-5.59394396,0 138.04623947,-5.59547843,0 138.04568499,-5.59603247,0 138.04493079,-5.59776494,0 138.04287975,-5.61773799,0 138.04337452,-5.62251777,0 138.04384652,-5.62366195,0 138.04417956,-5.62371987,0 138.04376909,-5.62018450,0 138.04413110,-5.61963436,0 138.04503055,-5.62501672,0 138.04623687,-5.64179593,0 138.04611631,-5.64887133,0 138.04629625,-5.64968576,0 138.04813285,-5.64933045,0 138.04847748,-5.64983898,0 138.05054530,-5.65959556,0 138.05037892,-5.66094373,0 138.05005805,-5.66058895,0 138.04970153,-5.66089643,0 138.04954704,-5.66280041,0 138.05033138,-5.66501187,0 138.05027196,-5.66586334,0 138.05159109,-5.66602890,0 138.05148413,-5.66665567,0 138.05071167,-5.66692767,0 138.04991544,-5.66664385,0 138.04945562,-5.66694106,0 138.04941827,-5.67418742,0 138.05092558,-5.67753541,0 138.05254242,-5.68005502,0 138.05301831,-5.68153028,0 138.05250078,-5.68211087,0 138.05328957,-5.68231313,0 138.05456496,-5.68206804,0 138.05473152,-5.68235953,0 138.05437194,-5.68589611,0 138.05457802,-5.68801293,0 138.05558816,-5.69139222,0 138.05733095,-5.69465717,0 138.05937510,-5.69666906,0 138.06134784,-5.69774516,0 138.06349884,-5.69831277,0 138.06349884,-5.69909324,0 138.06389101,-5.69951895,0 138.06591129,-5.69958990,0 138.06633911,-5.70053592,0 138.06506753,-5.70132820,0 138.06477043,-5.70242795,0 138.06496057,-5.70278270,0 138.06610143,-5.70317293,0 138.06683824,-5.70475750,0 138.06676694,-5.70544336,0 138.06458487,-5.70658482,0 138.06425175,-5.70770317,0 138.06529871,-5.71098682,0 138.06474667,-5.71219559,0 138.06474142,-5.71455749,0 138.06423055,-5.71721082,0 138.06433063,-5.71925863,0 138.06521206,-5.72199568,0 138.06610044,-5.72399724,0 138.06713484,-5.72541971,0 138.07032125,-5.72941123,0 138.07160436,-5.73043414,0 138.07287938,-5.73316047,0 138.07614760,-5.73682295,0 138.08735369,-5.74347741,0 138.08883217,-5.74478062,0 138.09310927,-5.74571733,0 138.09373193,-5.74538687,0 138.09299014,-5.74400849,0 138.09324684,-5.73972334,0 138.09413100,-5.73813414,0 138.09678351,-5.73515437,0 138.10641411,-5.73047269,0 138.11076402,-5.72877675,0 138.12704674,-5.72390325,0 138.13071746,-5.72163911,0 138.13237433,-5.72095973,0 138.13444219,-5.72129313,0 138.13453807,-5.72172794,0 138.13514830,-5.72181492,0 138.13690438,-5.72082497,0 138.13829790,-5.71958150,0 138.14124014,-5.71938829,0 138.14310524,-5.72009055,0 138.14882457,-5.72071048,0 138.15749175,-5.72249119,0 138.16468724,-5.72464223,0 138.16571517,-5.72474692,0 138.16607685,-5.72409971,0 138.16730893,-5.72507957,0 138.16753795,-5.72635615,0 138.16892994,-5.72647512,0 138.17265379,-5.72857698,0 138.17388160,-5.73071850,0 138.17462875,-5.73095882,0 138.17696792,-5.74393082,0 138.16630730,-5.74909990,0 138.15932968,-5.75366304,0 138.15872042,-5.75447788,0 138.15761984,-5.75517521,0 138.15655035,-5.75723329,0 138.15510661,-5.76190358,0 138.15432615,-5.76541566,0 138.15416435,-5.76767139,0 138.15474765,-5.78569595,0 138.15646340,-5.79512016,0 138.15752226,-5.79730926,0 138.15845025,-5.79782085,0 138.15927117,-5.79786844,0 138.15935921,-5.79826660,0 138.15843360,-5.79983942,0 138.15874067,-5.80270964,0 138.16080849,-5.80650484,0 138.16592715,-5.81372185,0 138.16945907,-5.81703367,0 138.17248599,-5.81938011,0 138.17651979,-5.82138438,0 138.18443387,-5.82406746,0 138.18834912,-5.82474059,0 138.19215617,-5.82491422,0 138.19292943,-5.82467590,0 138.19380662,-5.82521422,0 138.19976411,-5.82533725,0 138.20825783,-5.82516641,0 138.22194147,-5.82541789,0 138.23147913,-5.82437586,0 138.23204110,-5.82524400,0 138.23276670,-5.82540186,0 138.23270456,-5.82656497,0 138.23307844,-5.82709201,0 138.23623228,-5.82785168,0 138.24036255,-5.82750721,0 138.24376835,-5.82814832,0 138.24507934,-5.82877332,0 138.24676875,-5.82887496,0 138.25306616,-5.83125309,0 138.26321217,-5.83412802,0 138.27132750,-5.83750769,0 138.27672122,-5.84104282,0 138.26731726,-5.86370206,0 138.25948883,-5.86507580,0 138.25804891,-5.86588885,0 138.25574952,-5.86843032,0 138.25391452,-5.87146204,0 138.25251785,-5.87454034,0 138.25062884,-5.88330021,0 138.25028421,-5.89724928,0 138.25051000,-5.90568948,0 138.25130623,-5.91339666,0 138.25214999,-5.91534708,0 138.25231637,-5.91745116,0 138.25320621,-5.91994935,0 138.25553867,-5.92450122,0 138.26024299,-5.92931898,0 138.26652444,-5.93503327,0 138.27233246,-5.93924356,0 138.27899935,-5.94162940,0 138.28081726,-5.94268588,0 138.28219972,-5.94294123,0 138.28402022,-5.94233175,0 138.28461516,-5.94301761,0 138.27878201,-5.94613916,0 138.27852912,-5.94763532,0 138.27923377,-5.94944313,0 138.28067156,-5.95129268,0 138.28335735,-5.95364139,0 138.28576423,-5.95852117,0 138.28921409,-5.96371187,0 138.29031667,-5.96598310,0 138.29301604,-5.96938708,0 138.29440207,-5.97260921,0 138.29758128,-5.97606442,0 138.29995961,-5.98036314,0 138.30163260,-5.98240239,0 138.30597252,-5.99028263,0 138.30859760,-5.99324080,0 138.30949957,-6.00055182,0 138.31156177,-6.00627157,0 138.31431248,-6.01164849,0 138.31519553,-6.01262155,0 138.31678113,-6.01607826,0 138.31911626,-6.01961947,0 138.32045915,-6.02451229,0 138.32297855,-6.03013779,0 138.32436898,-6.03200507,0 138.32640114,-6.03625960,0 138.33223924,-6.04532023,0 138.33416378,-6.05108044,0 138.33906547,-6.05986065,0 138.34376365,-6.06666671,0 138.34483320,-6.06875839,0 138.34572450,-6.06965651,0 138.34818449,-6.06992831,0 138.35004906,-6.07378287,0 138.34827003,-6.07597470,0 138.34767517,-6.07734289,0 138.34706979,-6.08060695,0 138.34728851,-6.08329154,0 138.34859721,-6.09069761,0 138.35069201,-6.09677668,0 138.35261255,-6.09941239,0 138.35460535,-6.10485541,0 138.35659815,-6.10744307,0 138.35873966,-6.11202353,0 138.36016734,-6.11315378,0 138.36218988,-6.11749629,0 138.36737576,-6.12588108,0 138.37025030,-6.12835258,0 138.37934618,-6.14381636,0 138.38179702,-6.14752832,0 138.38308193,-6.14806370,0 138.38341506,-6.14990778,0 138.38521155,-6.15411943,0 138.39066052,-6.16198355,0 138.39145763,-6.16615950,0 138.39194542,-6.16693282,0 138.39553029,-6.16981350,0 138.39354804,-6.17415201,0 138.39225031,-6.17398187,0 138.39042493,-6.17460571,0 138.38874216,-6.17579666,0 138.38678843,-6.17796590,0 138.38573313,-6.17936951,0 138.38356668,-6.18387689,0 138.38302002,-6.18763400,0 138.38298437,-6.19663676,0 138.38384001,-6.20257945,0 138.38595536,-6.21206634,0 138.38904520,-6.22384497,0 138.39192145,-6.23321904,0 138.39488631,-6.24103447,0 138.39541923,-6.24355956,0 138.39925883,-6.25095089,0 138.40249787,-6.25391059,0 138.40325739,-6.25574417,0 138.40304070,-6.25845205,0 138.40335590,-6.26247041,0 138.40321329,-6.26530554,0 138.40486754,-6.27059302,0 138.40623657,-6.27819101,0 138.40781952,-6.28155053,0 138.40990160,-6.28364845,0 138.40943099,-6.28722057,0 138.41008699,-6.28791514,0 138.41176976,-6.29301812,0 138.41539200,-6.30009132,0 138.41818711,-6.30397516,0 138.42122466,-6.30689511,0 138.42491820,-6.31273496,0 138.42822670,-6.31687384,0 138.42892534,-6.31717147,0 138.43042286,-6.32020477,0 138.43209851,-6.32266397,0 138.43293276,-6.32322385,0 138.43263328,-6.32457038,0 138.42656229,-6.32773967,0 138.42594498,-6.33082107,0 138.42497524,-6.33249358,0 138.42142909,-6.33701120,0 138.42061433,-6.33910136,0 138.42079235,-6.34441113,0 138.42177968,-6.34783526,0 138.42437295,-6.35273022,0 138.42808513,-6.35873345,0 138.43098206,-6.36246056,0 138.43775885,-6.36998302,0 138.44963095,-6.38097859,0 138.45083123,-6.38191161,0 138.45344571,-6.38311626,0 138.45609584,-6.38662391,0 138.46334507,-6.39426508,0 138.47543307,-6.40401690,0 138.47737471,-6.40525422,0 138.47914503,-6.40553976,0 138.48125800,-6.40824282,0 138.48823014,-6.41486140,0 138.49219797,-6.42037720,0 138.49463880,-6.42208941,0 138.50555607,-6.43123556,0 138.50989586,-6.43292872,0 138.51063512,-6.43418631,0 138.51171803,-6.43445143,0 138.51310267,-6.43537325,0 138.51715315,-6.44083825,0 138.52187132,-6.44371941,0 138.52363221,-6.44392002,0 138.52512896,-6.44502313,0 138.52600884,-6.44524205,0 138.52622090,-6.44576276,0 138.52558647,-6.44616638,0 138.52565161,-6.44670897,0 138.52714909,-6.44766522,0 138.52983256,-6.45093188,0 138.53432039,-6.45477215,0 138.53657635,-6.45770911,0 138.54098567,-6.46145860,0 138.54277960,-6.46185139,0 138.54418671,-6.46282977,0 138.54429774,-6.46322572,0 138.54375174,-6.46402520,0 138.54408763,-6.46463689,0 138.54633877,-6.46625201,0 138.54752988,-6.46752308,0 138.54935708,-6.46805158,0 138.55330215,-6.47208124,0 138.55468699,-6.47300301,0 138.55616843,-6.47497592,0 138.55815097,-6.47609263,0 138.55900297,-6.47742985,0 138.56058848,-6.47890617,0 138.56454963,-6.48197557,0 138.57084749,-6.48771113,0 138.57304333,-6.48912257,0 138.57514029,-6.48995735,0 138.57522443,-6.49125700,0 138.57638249,-6.49238102,0 138.57865669,-6.49631223,0 138.58836712,-6.50672140,0 138.59162866,-6.50971960,0 138.59825648,-6.51746766,0 138.60796793,-6.52770462,0 138.61162525,-6.53305465,0 138.61769262,-6.53999784,0 138.62361689,-6.54856727,0 138.62613704,-6.55077103,0 138.62856299,-6.55378781,0 138.63413928,-6.55955363,0 138.63658600,-6.56297724,0 138.64340712,-6.56834216,0 138.64876140,-6.57333860,0 138.65058664,-6.57440922,0 138.65205376,-6.57475506,0 138.65478782,-6.57476789,0 138.66193479,-6.57335515,0 138.66636111,-6.57389555,0 138.66793656,-6.57766529,0 138.66699472,-6.57854218,0 138.66658377,-6.57944414,0 138.66675219,-6.58208876,0 138.66641262,-6.58705850,0 138.66692399,-6.58884604,0 138.66811537,-6.59018483,0 138.67170833,-6.59259689,0 138.67468893,-6.60033898,0 138.67568576,-6.60145606,0 138.67818140,-6.60258936,0 138.67926522,-6.60348183,0 138.67956470,-6.60451596,0 138.68024921,-6.60529510,0 138.68248816,-6.60709419,0 138.68402832,-6.60783083,0 138.68525475,-6.60807165,0 138.68890551,-6.60777416,0 138.69081645,-6.60872329,0 138.69495208,-6.61004072,0 138.69689155,-6.61142899,0 138.69944423,-6.61206646,0 138.70044248,-6.61312890,0 138.70215378,-6.61625955,0 138.70372859,-6.61760803,0 138.71504337,-6.62163737,0 138.72882117,-6.62826524,0 138.74483679,-6.63738883,0 138.75718065,-6.64601868,0 138.76582547,-6.65071927,0 138.77445596,-6.65494258,0 138.77997008,-6.65829588,0 138.78516486,-6.66206634,0 138.79518832,-6.66719058,0 138.79819686,-6.66918113,0 138.80407412,-6.67424832,0 138.81782198,-6.69060180,0 138.82232513,-6.69444979,0 138.82444356,-6.69671345,0 138.82794386,-6.70257990,0 138.82975215,-6.70674645,0 138.83083626,-6.71059257,0 138.83206480,-6.71743147,0 138.83417628,-6.73538075,0 138.83454384,-6.74361051,0 138.83371902,-6.75155716,0 138.83118488,-6.75965338,0 138.82793067,-6.76823223,0 138.82741967,-6.77254075,0 138.82759496,-6.77505004,0 138.82844717,-6.77785051,0 138.82945627,-6.77969686,0 138.83212848,-6.78249417,0 138.83570058,-6.78502994,0 138.84092065,-6.78812673,0 138.85216955,-6.79299041,0 138.86051770,-6.79560937,0 138.87127625,-6.79769643,0 138.87584831,-6.79786341,0 138.87887393,-6.79750378,0 138.88116537,-6.79699967,0 138.88434173,-6.79577621,0 138.88961197,-6.79268604,0 138.89691241,-6.78675134,0 138.90200264,-6.78342290,0 138.90781735,-6.78116538,0 138.91316146,-6.78054993,0 138.91696555,-6.78053803,0 138.92236089,-6.78116007,0 138.92756720,-6.78237452,0 138.93122448,-6.78366142,0 138.93819050,-6.78713205,0 138.94298796,-6.79015269,0 138.94589516,-6.79239686,0 138.94766590,-6.79471531,0 138.94866325,-6.79679317,0 138.94917455,-6.79885767,0 138.94990448,-6.80534723,0 138.94959048,-6.82070888,0 138.95052935,-6.82458327,0 138.95185754,-6.82697332,0 138.94064925,-6.84516768,0 138.92848102,-6.84076150,0 138.92268616,-6.83955563,0 138.91370826,-6.83844892,0 138.90665992,-6.83822621,0 138.89611923,-6.83903340,0 138.88715812,-6.84058744,0 138.88345599,-6.84174636,0 138.87860770,-6.84386634,0 138.86900074,-6.84954725,0 138.85660331,-6.85218145,0 138.84647580,-6.85285933,0 138.84021272,-6.85277470,0 138.83128612,-6.85166666,0 138.82020940,-6.84978599,0 138.81298850,-6.84904131,0 138.80717950,-6.84915300,0 138.80086947,-6.85016678,0 138.79572334,-6.85186070,0 138.79045372,-6.85458786,0 138.78465016,-6.85908647,0 138.78196957,-6.86178025,0 138.77166002,-6.87488468,0 138.76639793,-6.88076394,0 138.76021186,-6.88594953,0 138.75614002,-6.88870999,0 138.75121486,-6.89153750,0 138.74448931,-6.89464922,0 138.73604006,-6.89778421,0 138.72539250,-6.90075034,0 138.71421969,-6.90242563,0 138.70041792,-6.90299198,0 138.69076650,-6.90219398,0 138.68407446,-6.90081701,0 138.66126412,-6.89411314,0 138.65625835,-6.89244469,0 138.64965332,-6.88954813,0 138.64439435,-6.88652256,0 138.63506067,-6.87993486,0 138.62818876,-6.87598612,0 138.62568270,-6.87864240,0 138.61926535,-6.88329096,0 138.61661522,-6.88475395,0 138.61520103,-6.88618155,0 138.60783295,-6.88978000,0 138.60574137,-6.89027552,0 138.60236632,-6.89154972,0 138.60089271,-6.89258796,0 138.59912199,-6.89303628,0 138.59672143,-6.89518353,0 138.59417825,-6.89544309,0 138.59420202,-6.89662289,0 138.59382173,-6.89698863,0 138.59081508,-6.89847517,0 138.58980495,-6.89947800,0 138.58925828,-6.89977295,0 138.58791539,-6.89953699,0 138.58673888,-6.89976115,0 138.58599019,-6.90063419,0 138.58451657,-6.90147184,0 138.58456411,-6.90228590,0 138.58274586,-6.90246286,0 138.58053544,-6.90365445,0 138.57964414,-6.90518816,0 138.57957283,-6.90727636,0 138.57922820,-6.90790164,0 138.57830125,-6.90737075,0 138.57758821,-6.90751232,0 138.57773082,-6.90862130,0 138.57663749,-6.90897523,0 138.57663749,-6.90987186,0 138.57534213,-6.91023759,0 138.57579373,-6.91129937,0 138.57508069,-6.91257352,0 138.57350012,-6.91352912,0 138.57373780,-6.91416619,0 138.57344070,-6.91483865,0 138.57149172,-6.91574706,0 138.57077868,-6.91641952,0 138.57049347,-6.91702119,0 138.57076442,-6.91783050,0 138.57006564,-6.91858082,0 138.57114946,-6.91943023,0 138.57096407,-6.91978415,0 138.57039364,-6.91984078,0 138.57017973,-6.92015223,0 138.57040790,-6.92056278,0 138.56985173,-6.92129894,0 138.57055051,-6.92238902,0 138.57164859,-6.92279957,0 138.57201937,-6.92400289,0 138.57082147,-6.92554598,0 138.56868235,-6.92653695,0 138.56786948,-6.92809418,0 138.56839713,-6.92917009,0 138.56819748,-6.93027430,0 138.56721349,-6.93156255,0 138.56429003,-6.93316224,0 138.56443264,-6.93368603,0 138.56410464,-6.93419566,0 138.56647193,-6.93603600,0 138.56621523,-6.93697032,0 138.56650045,-6.93821609,0 138.56769835,-6.94018381,0 138.56869661,-6.94103319,0 138.56868235,-6.94168438,0 138.56805487,-6.94274610,0 138.56878217,-6.94411925,0 138.56999434,-6.94491199,0 138.57146320,-6.94518096,0 138.57166285,-6.94587461,0 138.57110668,-6.94653995,0 138.57244720,-6.94754503,0 138.57236163,-6.94835192,0 138.57407292,-6.94832361,0 138.57490005,-6.94767243,0 138.57554179,-6.94804049,0 138.57561309,-6.95047533,0 138.57619778,-6.95080091,0 138.57551326,-6.95157949,0 138.57548474,-6.95211742,0 138.57634514,-6.95257748,0 138.57644022,-6.95291959,0 138.57509732,-6.95405206,0 138.57588167,-6.95440595,0 138.57546573,-6.95571537,0 138.57760485,-6.95715454,0 138.58045700,-6.96065809,0 138.58245351,-6.96611979,0 138.58241786,-6.96703989,0 138.58314278,-6.96701630,0 138.58338046,-6.96728761,0 138.58353495,-6.96819592,0 138.58623262,-6.97199429,0 138.58797957,-6.97594597,0 138.58960767,-6.97719634,0 138.59040390,-6.97857647,0 138.59055839,-6.97963810,0 138.59219838,-6.98259887,0 138.59297084,-6.98504060,0 138.59381460,-6.98603145,0 138.59350562,-6.98647969,0 138.59756994,-6.99098564,0 138.59888907,-6.99304987,0 138.60195513,-6.99622287,0 138.60437947,-7.00059898,0 138.60654235,-7.00325294,0 138.61489917,-7.01031121,0 138.61641081,-7.01041028,0 138.61612560,-7.01367989,0 138.61766576,-7.01379312,0 138.61870680,-7.01536422,0 138.62263272,-7.01663972,0 138.62730591,-7.01762656,0 138.63084530,-7.01894089,0 138.63300615,-7.02043660,0 138.63284334,-7.02168588,0 138.63416570,-7.02290981,0 138.63954972,-7.02441337,0 138.64538304,-7.02673827,0 138.64596146,-7.02855653,0 138.64547213,-7.02989734,0 138.64587558,-7.03059042,0 138.64719032,-7.03080923,0 138.65765863,-7.03649572,0 138.66367877,-7.03909480,0 138.66379748,-7.03967627,0 138.66261590,-7.04192155,0 138.66413275,-7.04201188,0 138.66623770,-7.04296151,0 138.67213918,-7.04885954,0 138.67324173,-7.04899658,0 138.67478166,-7.04797989,0 138.67785191,-7.04738857,0 138.67779392,-7.04813900,0 138.67582915,-7.05009268,0 138.67639791,-7.05104745,0 138.67539936,-7.05276589,0 138.67602921,-7.05287203,0 138.67652834,-7.05352071,0 138.67927354,-7.05432270,0 138.68223265,-7.05779013,0 138.68470452,-7.05957101,0 138.68911348,-7.06124574,0 138.68998101,-7.06296764,0 138.68908971,-7.06392294,0 138.68917290,-7.06420599,0 138.69074158,-7.06453622,0 138.69270244,-7.06726057,0 138.69671923,-7.06917114,0 138.69898907,-7.07066893,0 138.69927429,-7.07040947,0 138.70072413,-7.07098736,0 138.70598874,-7.07469054,0 138.67678658,-7.19584470,0 138.67596170,-7.19692735,0 138.67397090,-7.19672178,0 138.67088107,-7.20030604,0 138.66776746,-7.20592996,0 138.66702293,-7.20837236,0 138.66706631,-7.21109400,0 138.66779123,-7.21242627,0 138.66814775,-7.21427729,0 138.66912224,-7.21577461,0 138.67155845,-7.21766098,0 138.67272308,-7.22001894,0 138.67517119,-7.22228257,0 138.68117260,-7.22586662,0 138.68187375,-7.22742284,0 138.68274128,-7.22840138,0 138.68469976,-7.23001742,0 138.68723305,-7.23137138,0 138.69508435,-7.23448240,0 138.70241002,-7.23660889,0 138.70683580,-7.23719490,0 138.71181329,-7.23881156,0 138.71411501,-7.23918867,0 138.71434080,-7.23779754,0 138.71473298,-7.23790364,0 138.71548167,-7.23900005,0 138.71752571,-7.23874068,0 138.71759702,-7.23909436,0 138.71810803,-7.23914152,0 138.71872600,-7.23974277,0 138.71989063,-7.23967203,0 138.72018773,-7.24046191,0 138.72204163,-7.24185304,0 138.72661696,-7.24329132,0 138.72715174,-7.24392793,0 138.72995636,-7.24559020,0 138.73033665,-7.24647438,0 138.73131114,-7.24729961,0 138.73905950,-7.25103672,0 138.74006964,-7.25197984,0 138.73882182,-7.25194447,0 138.73913759,-7.25260610,0 138.74550847,-7.25573578,0 138.76423398,-7.26037246,0 138.77095362,-7.26341608,0 138.77257234,-7.26260153,0 138.77321407,-7.26368608,0 138.77620884,-7.26585518,0 138.77904911,-7.26868443,0 138.78389778,-7.27192625,0 138.79131338,-7.27828015,0 138.79325047,-7.27936467,0 138.79479539,-7.28109753,0 138.79906174,-7.28860652,0 138.80036898,-7.28996214,0 138.80186636,-7.29098768,0 138.80594257,-7.29276765,0 138.81207471,-7.29605645,0 138.81260949,-7.29649260,0 138.81231239,-7.29724701,0 138.81289809,-7.29788910,0 138.82076740,-7.30058191,0 138.82542891,-7.30149015,0 138.82684300,-7.30268067,0 138.83180303,-7.30277871,0 138.83437513,-7.30431528,0 138.84114270,-7.30696294,0 138.84687102,-7.30737256,0 138.84739392,-7.30780870,0 138.84777420,-7.30754937,0 138.84958057,-7.30754937,0 138.84988955,-7.30780870,0 138.85082839,-7.30751401,0 138.85299127,-7.30819768,0 138.85324957,-7.30871617,0 138.85433416,-7.30862203,0 138.85470257,-7.30970647,0 138.85637821,-7.30944715,0 138.85645304,-7.31036885,0 138.85723386,-7.31039014,0 138.85704060,-7.31080785,0 138.85792313,-7.31107381,0 138.85788748,-7.31171033,0 138.85890950,-7.31162782,0 138.85878852,-7.31221180,0 138.85920168,-7.31251044,0 138.85978891,-7.31242936,0 138.86111992,-7.31299515,0 138.86084160,-7.31354392,0 138.86191615,-7.31359630,0 138.86197652,-7.31423859,0 138.86306889,-7.31439784,0 138.86302546,-7.31481578,0 138.86367498,-7.31492826,0 138.86380570,-7.31550584,0 138.86485149,-7.31551763,0 138.86484912,-7.31656433,0 138.86587589,-7.31646532,0 138.86618963,-7.31664920,0 138.86610406,-7.31737058,0 138.86714510,-7.31735643,0 138.86711658,-7.31816268,0 138.86812389,-7.31894969,0 138.86792944,-7.31936497,0 138.86464946,-7.31830412,0 138.86449260,-7.31879919,0 138.86560494,-7.32083600,0 138.87361950,-7.32896903,0 138.87789773,-7.33461256,0 138.88082119,-7.33725750,0 138.88727182,-7.34519222,0 138.89016201,-7.34828498,0 138.90052484,-7.36173068,0 138.90637101,-7.36798466,0 138.91173787,-7.37686220,0 138.91272456,-7.38148784,0 138.91214836,-7.38286697,0 138.91223402,-7.38363567,0 138.91543490,-7.38694420,0 138.91714252,-7.39053013,0 138.91983536,-7.39394457,0 138.92202369,-7.40000993,0 138.92234244,-7.40165944,0 138.92238037,-7.41025652,0 138.92561887,-7.41865291,0 138.93049887,-7.42861595,0 138.93136410,-7.43458121,0 138.93218868,-7.43510527,0 138.93226216,-7.43698670,0 138.93319542,-7.44050641,0 138.93784141,-7.45534291,0 138.94105016,-7.46761843,0 138.94160414,-7.46904753,0 138.94207831,-7.46927123,0 138.94267475,-7.47175105,0 138.94345567,-7.47282972,0 138.94330346,-7.47524304,0 138.94483830,-7.48065109,0 138.94612870,-7.48310116,0 138.94620101,-7.48396877,0 138.94711908,-7.48599224,0 138.94795692,-7.48729800,0 138.95570649,-7.50622351,0 138.95774219,-7.51051666,0 138.96157447,-7.51635471,0 138.96441959,-7.51921579,0 138.96674036,-7.52065404,0 138.96892647,-7.52155593,0 138.97207750,-7.52225269,0 138.97484536,-7.52238347,0 138.98036996,-7.52171650,0 138.99832721,-7.51721889,0 139.00156410,-7.51677961,0 139.00198811,-7.51696173,0 139.00525818,-7.51627177,0 139.01252118,-7.51572548,0 139.01534633,-7.51586426,0 139.01822835,-7.51531963,0 139.01858193,-7.51559754,0 139.01901893,-7.51535113,0 139.03202860,-7.51517280,0 139.03384911,-7.51477619,0 139.03937413,-7.51473439,0 139.04588649,-7.51514693,0 139.05330051,-7.51669745,0 139.05995338,-7.51892510,0 139.06385667,-7.52072356,0 139.07433341,-7.52426999,0 139.08630517,-7.52983695,0 139.09218532,-7.53358402,0 139.09933939,-7.53970708,0 139.09982361,-7.54002921,0 139.10045554,-7.53963363,0 139.09990488,-7.54040231,0 139.10137840,-7.54241205,0 139.10046511,-7.54329723,0 139.10074835,-7.54358641,0 139.10175135,-7.54317619,0 139.10199021,-7.54355585,0 139.10113850,-7.54413317,0 139.10125032,-7.54443038,0 139.10199466,-7.54419172,0 139.10219465,-7.54447127,0 139.10230156,-7.54403572,0 139.10282164,-7.54407323,0 139.10285897,-7.54482695,0 139.10327345,-7.54499094,0 139.10251338,-7.54563485,0 139.10294836,-7.54602599,0 139.10359768,-7.54573625,0 139.10405230,-7.54601698,0 139.10401794,-7.54784822,0 139.10524759,-7.54956582,0 139.10620030,-7.55185302,0 139.10829446,-7.55904593,0 139.10909530,-7.56279983,0 139.11040869,-7.57248515,0 139.10985482,-7.57890488,0 139.10946097,-7.58034867,0 139.10909620,-7.59416746,0 139.10796524,-7.59948253,0 139.10730427,-7.60030204,0 139.10279418,-7.60359230,0 139.09434828,-7.60921436,0 139.08774804,-7.61514315,0 139.08475601,-7.61746478,0 139.08127221,-7.61960573,0 139.07345442,-7.62555683,0 139.06785928,-7.63205368,0 139.06623233,-7.63441450,0 139.06135304,-7.64495374,0 139.05902135,-7.65281134,0 139.05734464,-7.66389497,0 139.05750581,-7.67084165,0 139.05614483,-7.68866249,0 139.05512486,-7.69340132,0 139.05356298,-7.69839587,0 139.04910412,-7.70720018,0 139.04705057,-7.71018719,0 139.03938016,-7.71879279,0 139.03255238,-7.72790473,0 139.02719375,-7.73647089,0 139.02417306,-7.74063259,0 139.01900782,-7.74946237,0 139.01663539,-7.75598425,0 139.01498671,-7.76277874,0 139.01454065,-7.76657135,0 139.01420002,-7.77365560,0 139.01473713,-7.78348022,0 139.01687223,-7.79377097,0 139.02040372,-7.80444232,0 139.02105293,-7.80726116,0 139.02227373,-7.81021818,0 139.02220802,-7.81151757,0 139.02270091,-7.81282600,0 139.02440795,-7.82191617,0 139.02486862,-7.82925402,0 139.02453507,-7.83598700,0 139.02359322,-7.84089521,0 139.02176151,-7.84640231,0 139.01876309,-7.85215392,0 139.01841837,-7.85340883,0 139.01523385,-7.85737261,0 139.01448155,-7.85872804,0 139.01273662,-7.86044876,0 139.00927193,-7.86306284,0 139.00608622,-7.86505374,0 139.00286754,-7.86649851,0 138.99422081,-7.87241480,0 138.98800896,-7.87602955,0 138.97248835,-7.88356351,0 138.96619201,-7.88747997,0 138.96008445,-7.89049342,0 138.94923817,-7.89456962,0 138.94023927,-7.89755203,0 138.93618312,-7.89951847,0 138.93443728,-7.89996166,0 138.93251463,-7.90134037,0 138.92915526,-7.90301144,0 138.92677434,-7.90474328,0 138.92496496,-7.90556317,0 138.92049879,-7.90928906,0 138.91602941,-7.91492523,0 138.91371378,-7.91899158,0 138.91235868,-7.92211911,0 138.91113244,-7.92661650,0 138.90932538,-7.93048468,0 138.90912018,-7.93261857,0 138.91166278,-7.93893428,0 138.91571364,-7.94555590,0 138.91934998,-7.95274048,0 138.92134164,-7.95833362,0 138.92242475,-7.96386190,0 138.92248635,-7.96727232,0 138.92170081,-7.97914294,0 138.91741603,-7.99379491,0 138.91584614,-7.99610855,0 138.91565674,-7.99698407,0 138.91344262,-8.00076012,0 138.91299893,-8.00243574,0 138.91205433,-8.00453076,0 138.91117126,-8.00560023,0 138.90864925,-8.01213685,0 138.90717230,-8.01459914,0 138.90319246,-8.02647176,0 138.90325751,-8.03025632,0 138.90348666,-8.03213633,0 138.90830424,-8.03813308,0 138.91264887,-8.04141050,0 138.91860303,-8.04692978,0 138.92363102,-8.05305098,0 138.92780954,-8.06190746,0 138.92787163,-8.06752944,0 138.92605351,-8.07271084,0 138.92415711,-8.07646050,0 138.91998989,-8.08176927,0 138.91723133,-8.08373641,0 138.91232261,-8.08515450,0 138.90723791,-8.08765816,0 138.90403063,-8.08811113,0 138.90210710,-8.08811424,0 138.89849174,-8.08748166,0 138.89525805,-8.08766657,0 138.89079422,-8.08701656,0 138.88385844,-8.08781738,0 138.88176223,-8.08773713,0 138.87945340,-8.08750168,0 138.87579451,-8.08657040,0 138.86975212,-8.08751652,0 138.86428061,-8.08950744,0 138.86104892,-8.09004462,0 138.85521364,-8.09284284,0 138.85382458,-8.09400381,0 138.85075894,-8.09560888,0 138.84678850,-8.09836366,0 138.84486393,-8.09993767,0 138.84404642,-8.10115104,0 138.84286221,-8.10195934,0 138.83907216,-8.10672299,0 138.83665558,-8.11174524,0 138.83653164,-8.11333689,0 138.83596820,-8.11403218,0 138.83592365,-8.11514555,0 138.83515009,-8.11729384,0 138.83516644,-8.11820094,0 138.83389869,-8.12303506,0 138.83391152,-8.12990921,0 138.83470382,-8.13555006,0 138.83625401,-8.14081104,0 138.83744426,-8.14343802,0 138.83999053,-8.14774148,0 138.84241391,-8.15104482,0 138.84310960,-8.15156792,0 138.84648626,-8.15872726,0 138.84934253,-8.16380235,0 138.85158149,-8.17183940,0 138.85315167,-8.17575102,0 138.85443169,-8.18080398,0 138.85686348,-8.18661503,0 138.85874487,-8.18865632,0 138.86191470,-8.19315106,0 138.87357124,-8.20695611,0 138.87936287,-8.21632655,0 138.88405789,-8.22111088,0 138.89116867,-8.22732153,0 138.89253771,-8.22819621,0 138.89382799,-8.22989496,0 138.89640596,-8.23180821,0 138.90015731,-8.23649854,0 138.90195670,-8.24098541,0 138.90376565,-8.24432205,0 138.90543871,-8.24870108,0 138.90592881,-8.25115622,0 138.90578776,-8.25334271,0 138.90666394,-8.25504723,0 138.90766189,-8.26115116,0 138.90856736,-8.26334322,0 138.91084741,-8.26711985,0 138.91788265,-8.27394866,0 138.92181193,-8.27660033,0 138.92282457,-8.27697023,0 138.92655763,-8.27654899,0 138.93401267,-8.27677746,0 138.93507668,-8.27634906,0 138.93596631,-8.27542482,0 138.93769998,-8.27121333,0 138.93924842,-8.26858735,0 138.94217887,-8.26522946,0 138.94399346,-8.26376756,0 138.94700787,-8.26258301,0 138.95912497,-8.25949573,0 138.96080118,-8.25846017,0 138.96205921,-8.25668345,0 138.96456519,-8.25062768,0 138.96657458,-8.24250073,0 138.96826823,-8.24047652,0 138.97202530,-8.23831486,0 138.97869262,-8.23540338,0 138.98777169,-8.23298785,0 138.98983146,-8.23178270,0 138.99367615,-8.22821232,0 138.99408818,-8.22650272,0 138.99312931,-8.22434742,0 138.99124477,-8.22354792,0 138.98998842,-8.22224398,0 138.98896049,-8.22186327,0 138.98835135,-8.22016909,0 138.98662862,-8.21878900,0 138.98564828,-8.21879852,0 138.98562925,-8.21825600,0 138.98521998,-8.21787529,0 138.98459180,-8.21771349,0 138.98322123,-8.21866527,0 138.98409687,-8.21551486,0 138.98168886,-8.21428706,0 138.98002324,-8.21228831,0 138.97832906,-8.20936634,0 138.97294030,-8.20608167,0 138.97296043,-8.20389547,0 138.97387780,-8.20286953,0 138.97865473,-8.20178578,0 138.98164801,-8.20169573,0 138.98842931,-8.20218473,0 138.98873370,-8.20154373,0 138.98992789,-8.20099322,0 138.98997606,-8.19943629,0 138.99103730,-8.19904385,0 138.99097086,-8.19766156,0 138.99158394,-8.19655788,0 138.99353253,-8.19570429,0 138.99613739,-8.19365826,0 138.99700327,-8.19352475,0 138.99744064,-8.19306038,0 138.99828600,-8.19320685,0 138.99814558,-8.19270453,0 138.99881723,-8.19288638,0 138.99873071,-8.19127236,0 138.99986018,-8.19134832,0 139.00074559,-8.19063283,0 139.00170849,-8.19109711,0 139.00196955,-8.19041424,0 139.00350778,-8.18944568,0 139.00448265,-8.18944501,0 139.00540673,-8.19024048,0 139.00721139,-8.18930387,0 139.00770670,-8.18807899,0 139.00874191,-8.18715201,0 139.00909105,-8.18621521,0 139.01461288,-8.18484096,0 139.01510086,-8.18350190,0 139.02119284,-8.17911358,0 139.02391117,-8.17650508,0 139.02559872,-8.17574570,0 139.02732857,-8.17575774,0 139.02929567,-8.17395689,0 139.03070331,-8.17358182,0 139.03285154,-8.17222166,0 139.03378207,-8.17200211,0 139.03709937,-8.16950145,0 139.03935977,-8.16880080,0 139.04129243,-8.16759832,0 139.04275478,-8.16742958,0 139.04616172,-8.16565678,0 139.04657053,-8.16491969,0 139.04910928,-8.16377498,0 139.04981687,-8.16383706,0 139.05028848,-8.16304273,0 139.05140979,-8.16267907,0 139.05196888,-8.16182346,0 139.05465865,-8.15996156,0 139.05719644,-8.15944779,0 139.06137208,-8.15615684,0 139.06346215,-8.15548549,0 139.06732041,-8.15323314,0 139.06946171,-8.15133765,0 139.07075063,-8.14932075,0 139.08190293,-8.13690856,0 139.08722309,-8.13600966,0 139.09179452,-8.13483482,0 139.09283031,-8.13425088,0 139.09613848,-8.13362781,0 139.11815270,-8.12501115,0 139.12503002,-8.12263106,0 139.13807543,-8.11851756,0 139.14117683,-8.11799931,0 139.15067765,-8.11501462,0 139.16777871,-8.11048443,0 139.17581456,-8.10751784,0 139.18473349,-8.10473802,0 139.18641911,-8.10350425,0 139.18825434,-8.10269114,0 139.19289427,-8.10216169,0 139.19572209,-8.10103079,0 139.20094996,-8.09974182,0 139.20401721,-8.09819209,0 139.20645408,-8.09770936,0 139.20740514,-8.09708646,0 139.21145307,-8.09645311,0 139.22095184,-8.09572918,0 139.22337573,-8.09477858,0</coordinates></LinearRing></outerBoundaryIs></Polygon></Placemark></Folder></Document></kml>