<?xml version='1.0' encoding='utf-8'?>
<kml xmlns="http://www.opengis.net/kml/2.2"><Document><name>Province Papua</name><Style id="province-papua-fixed"><LineStyle><color>ff00ffff</color><width>1.5</width></LineStyle><PolyStyle><color>6600ff00</color><fill>1</fill><outline>1</outline></PolyStyle></Style><Placemark><name>Province Papua</name><description>Versi diperbaiki untuk Google Earth: orientasi ring dinormalkan dan kompleksitas titik dikurangi dengan topology-preserving simplification.</description><styleUrl>#province-papua-fixed</styleUrl><MultiGeometry><Polygon><tessellate>1</tessellate><altitudeMode>clampToGround</altitudeMode><outerBoundaryIs><LinearRing><coordinates>135.01587215,-1.48643713,0 135.01568676,-1.48610924,0 135.01547998,-1.48628744,0 135.01547285,-1.48660820,0 135.01564398,-1.48667235,0 135.01587215,-1.48643713,0</coordinates></LinearRing></outerBoundaryIs></Polygon><Polygon><tessellate>1</tessellate><altitudeMode>clampToGround</altitudeMode><outerBoundaryIs><LinearRing><coordinates>135.01133188,-1.48395302,0 135.01100744,-1.48412053,0 135.01112866,-1.48436644,0 135.01134970,-1.48413835,0 135.01133188,-1.48395302,0</coordinates></LinearRing></outerBoundaryIs></Polygon><Polygon><tessellate>1</tessellate><altitudeMode>clampToGround</altitudeMode><outerBoundaryIs><LinearRing><coordinates>135.01185596,-1.48375700,0 135.01159570,-1.48386392,0 135.01165631,-1.48409558,0 135.01188805,-1.48407776,0 135.01185596,-1.48375700,0</coordinates></LinearRing></outerBoundaryIs></Polygon><Polygon><tessellate>1</tessellate><altitudeMode>clampToGround</altitudeMode><outerBoundaryIs><LinearRing><coordinates>135.00997116,-1.48367740,0 135.00981904,-1.48379620,0 135.00995690,-1.48384847,0 135.00997116,-1.48367740,0</coordinates></LinearRing></outerBoundaryIs></Polygon><Polygon><tessellate>1</tessellate><altitudeMode>clampToGround</altitudeMode><outerBoundaryIs><LinearRing><coordinates>135.01802464,-1.48142911,0 135.01778102,-1.48125685,0 135.01782855,-1.48084699,0 135.01728189,-1.48077571,0 135.01702638,-1.48122715,0 135.01727595,-1.48139941,0 135.01707986,-1.48194589,0 135.01715117,-1.48230823,0 135.01628958,-1.48376353,0 135.01530915,-1.48354375,0 135.01545770,-1.48300915,0 135.01525567,-1.48289035,0 135.01476248,-1.48326457,0 135.01441191,-1.48303291,0 135.01403756,-1.48308043,0 135.01353843,-1.48381699,0 135.01277192,-1.48375165,0 135.01265308,-1.48425655,0 135.01295612,-1.48477927,0 135.01305119,-1.48538515,0 135.01401379,-1.48556929,0 135.01425147,-1.48548613,0 135.01444162,-1.48569997,0 135.01554089,-1.48596133,0 135.01614697,-1.48581283,0 135.01620603,-1.48660244,0 135.01638742,-1.48671652,0 135.01724624,-1.48656127,0 135.01782855,-1.48583065,0 135.01880304,-1.48592569,0 135.01895753,-1.48569997,0 135.01890405,-1.48516537,0 135.01955173,-1.48444663,0 135.01962304,-1.48415557,0 135.02049651,-1.48400707,0 135.02084114,-1.48336555,0 135.02040144,-1.48306261,0 135.01967651,-1.48309231,0 135.01898130,-1.48237951,0 135.01888623,-1.48191619,0 135.01869014,-1.48177957,0 135.01888623,-1.48128655,0 135.01879116,-1.48102519,0 135.01838710,-1.48104895,0 135.01802464,-1.48142911,0</coordinates></LinearRing></outerBoundaryIs></Polygon><Polygon><tessellate>1</tessellate><altitudeMode>clampToGround</altitudeMode><outerBoundaryIs><LinearRing><coordinates>135.01591404,-1.48214904,0 135.01542205,-1.48249118,0 135.01567874,-1.48343208,0 135.01607091,-1.48327526,0 135.01641317,-1.48271215,0 135.01633474,-1.48232011,0 135.01591404,-1.48214904,0</coordinates></LinearRing></outerBoundaryIs></Polygon><Polygon><tessellate>1</tessellate><altitudeMode>clampToGround</altitudeMode><outerBoundaryIs><LinearRing><coordinates>135.01599337,-1.48120992,0 135.01562732,-1.48116075,0 135.01546149,-1.48125784,0 135.01565111,-1.48148554,0 135.01599337,-1.48120992,0</coordinates></LinearRing></outerBoundaryIs></Polygon><Polygon><tessellate>1</tessellate><altitudeMode>clampToGround</altitudeMode><outerBoundaryIs><LinearRing><coordinates>135.01634038,-1.48093431,0 135.01609319,-1.48089154,0 135.01600288,-1.48111013,0 135.01615974,-1.48110063,0 135.01634038,-1.48093431,0</coordinates></LinearRing></outerBoundaryIs></Polygon><Polygon><tessellate>1</tessellate><altitudeMode>clampToGround</altitudeMode><outerBoundaryIs><LinearRing><coordinates>135.01471554,-1.47989756,0 135.01445410,-1.47976925,0 135.01442082,-1.48003536,0 135.01465850,-1.48001160,0 135.01471554,-1.47989756,0</coordinates></LinearRing></outerBoundaryIs></Polygon><Polygon><tessellate>1</tessellate><altitudeMode>clampToGround</altitudeMode><outerBoundaryIs><LinearRing><coordinates>135.01313616,-1.47914555,0 135.01356755,-1.47871787,0 135.01358894,-1.47841493,0 135.01327141,-1.47831656,0 135.01313616,-1.47914555,0</coordinates></LinearRing></outerBoundaryIs></Polygon><Polygon><tessellate>1</tessellate><altitudeMode>clampToGround</altitudeMode><outerBoundaryIs><LinearRing><coordinates>135.00953700,-1.47662244,0 135.01005138,-1.47675768,0 135.01031877,-1.47658304,0 135.01014408,-1.47611972,0 135.00956652,-1.47577757,0 135.00938826,-1.47608764,0 135.00953700,-1.47662244,0</coordinates></LinearRing></outerBoundaryIs></Polygon><Polygon><tessellate>1</tessellate><altitudeMode>clampToGround</altitudeMode><outerBoundaryIs><LinearRing><coordinates>135.00874592,-1.47434683,0 135.00903827,-1.47416863,0 135.00900261,-1.47338098,0 135.00867462,-1.47308517,0 135.00833399,-1.47322347,0 135.00807936,-1.47364766,0 135.00813627,-1.47398686,0 135.00874592,-1.47434683,0</coordinates></LinearRing></outerBoundaryIs></Polygon><Polygon><tessellate>1</tessellate><altitudeMode>clampToGround</altitudeMode><outerBoundaryIs><LinearRing><coordinates>135.00965148,-1.47360195,0 135.00961583,-1.47344870,0 135.00951600,-1.47343444,0 135.00953383,-1.47361264,0 135.00965148,-1.47360195,0</coordinates></LinearRing></outerBoundaryIs></Polygon><Polygon><tessellate>1</tessellate><altitudeMode>clampToGround</altitudeMode><outerBoundaryIs><LinearRing><coordinates>135.01072817,-1.47332396,0 135.01056417,-1.47324198,0 135.01047860,-1.47341662,0 135.01059982,-1.47347721,0 135.01072817,-1.47332396,0</coordinates></LinearRing></outerBoundaryIs></Polygon><Polygon><tessellate>1</tessellate><altitudeMode>clampToGround</altitudeMode><outerBoundaryIs><LinearRing><coordinates>135.00859737,-1.47146686,0 135.00828363,-1.47157141,0 135.00811250,-1.47183752,0 135.00753039,-1.47139466,0 135.00718373,-1.47141148,0 135.00710437,-1.47170988,0 135.00725056,-1.47202930,0 135.00675602,-1.47235120,0 135.00668758,-1.47304959,0 135.00711712,-1.47309075,0 135.00795801,-1.47240682,0 135.00843337,-1.47268719,0 135.00874711,-1.47240206,0 135.00868531,-1.47205517,0 135.00886119,-1.47170827,0 135.00859737,-1.47146686,0</coordinates></LinearRing></outerBoundaryIs></Polygon><Polygon><tessellate>1</tessellate><altitudeMode>clampToGround</altitudeMode><outerBoundaryIs><LinearRing><coordinates>135.01172122,-1.47174709,0 135.01153967,-1.47181888,0 135.01149168,-1.47208448,0 135.01175562,-1.47202412,0 135.01172122,-1.47174709,0</coordinates></LinearRing></outerBoundaryIs></Polygon><Polygon><tessellate>1</tessellate><altitudeMode>clampToGround</altitudeMode><outerBoundaryIs><LinearRing><coordinates>135.01190349,-1.47151343,0 135.01185121,-1.47170827,0 135.01204756,-1.47191144,0 135.01249769,-1.47186984,0 135.01267833,-1.47169876,0 135.01248343,-1.47151819,0 135.01190349,-1.47151343,0</coordinates></LinearRing></outerBoundaryIs></Polygon><Polygon><tessellate>1</tessellate><altitudeMode>clampToGround</altitudeMode><outerBoundaryIs><LinearRing><coordinates>135.00794137,-1.47134806,0 135.00774410,-1.47138370,0 135.00780827,-1.47156191,0 135.00791761,-1.47155953,0 135.00794137,-1.47134806,0</coordinates></LinearRing></outerBoundaryIs></Polygon><Polygon><tessellate>1</tessellate><altitudeMode>clampToGround</altitudeMode><outerBoundaryIs><LinearRing><coordinates>135.00891943,-1.47141428,0 135.00906898,-1.47178422,0 135.00959798,-1.47171567,0 135.00999959,-1.47160578,0 135.01032248,-1.47115463,0 135.00935321,-1.47103872,0 135.00891943,-1.47141428,0</coordinates></LinearRing></outerBoundaryIs></Polygon><Polygon><tessellate>1</tessellate><altitudeMode>clampToGround</altitudeMode><outerBoundaryIs><LinearRing><coordinates>135.01138804,-1.47130150,0 135.01164936,-1.47132084,0 135.01181901,-1.47113052,0 135.01168300,-1.47079366,0 135.01098314,-1.47047977,0 135.01092715,-1.47072927,0 135.01138804,-1.47130150,0</coordinates></LinearRing></outerBoundaryIs></Polygon><Polygon><tessellate>1</tessellate><altitudeMode>clampToGround</altitudeMode><outerBoundaryIs><LinearRing><coordinates>134.91185183,-1.13610400,0 134.91143802,-1.13625838,0 134.91156643,-1.13677185,0 134.91210867,-1.13662824,0 134.91212651,-1.13634099,0 134.91185183,-1.13610400,0</coordinates></LinearRing></outerBoundaryIs></Polygon><Polygon><tessellate>1</tessellate><altitudeMode>clampToGround</altitudeMode><outerBoundaryIs><LinearRing><coordinates>134.95570252,-1.11659221,0 134.95532657,-1.11636854,0 134.95511717,-1.11659221,0 134.95528849,-1.11687774,0 134.95570252,-1.11659221,0</coordinates></LinearRing></outerBoundaryIs></Polygon><Polygon><tessellate>1</tessellate><altitudeMode>clampToGround</altitudeMode><outerBoundaryIs><LinearRing><coordinates>134.78376736,-1.09454510,0 134.78442836,-1.09709774,0 134.78488933,-1.09825583,0 134.78539735,-1.09929350,0 134.78595849,-1.09936507,0 134.78629145,-1.09918317,0 134.78683373,-1.09842678,0 134.78736716,-1.09743237,0 134.78742248,-1.09683455,0 134.78691718,-1.09538673,0 134.78679087,-1.09300099,0 134.78655423,-1.09219457,0 134.78620148,-1.09152087,0 134.78532770,-1.09078703,0 134.78520543,-1.09005404,0 134.78496065,-1.08992591,0 134.78303405,-1.08990594,0 134.78280450,-1.09043975,0 134.78277475,-1.09070905,0 134.78313147,-1.09076891,0 134.78336927,-1.09100831,0 134.78316636,-1.09303677,0 134.78337862,-1.09425952,0 134.78376736,-1.09454510,0</coordinates></LinearRing></outerBoundaryIs></Polygon><Polygon><tessellate>1</tessellate><altitudeMode>clampToGround</altitudeMode><outerBoundaryIs><LinearRing><coordinates>134.82228174,-1.06867592,0 134.82204086,-1.06867918,0 134.82218065,-1.06903015,0 134.82237398,-1.06890821,0 134.82228174,-1.06867592,0</coordinates></LinearRing></outerBoundaryIs></Polygon><Polygon><tessellate>1</tessellate><altitudeMode>clampToGround</altitudeMode><outerBoundaryIs><LinearRing><coordinates>134.93876697,-1.06441062,0 134.93921690,-1.06433651,0 134.93925451,-1.06379424,0 134.93884427,-1.06406952,0 134.93876697,-1.06441062,0</coordinates></LinearRing></outerBoundaryIs></Polygon><Polygon><tessellate>1</tessellate><altitudeMode>clampToGround</altitudeMode><outerBoundaryIs><LinearRing><coordinates>134.92441711,-1.05930888,0 134.92503577,-1.05938621,0 134.92525587,-1.05913637,0 134.92507146,-1.05886273,0 134.92425055,-1.05838683,0 134.92394716,-1.05842848,0 134.92384009,-1.05895791,0 134.92441711,-1.05930888,0</coordinates></LinearRing></outerBoundaryIs></Polygon><Polygon><tessellate>1</tessellate><altitudeMode>clampToGround</altitudeMode><outerBoundaryIs><LinearRing><coordinates>134.94403633,-1.04258454,0 134.94324261,-1.04245184,0 134.94310834,-1.04264164,0 134.94287277,-1.04263451,0 134.94280853,-1.04321985,0 134.94379362,-1.04316275,0 134.94403633,-1.04258454,0</coordinates></LinearRing></outerBoundaryIs></Polygon><Polygon><tessellate>1</tessellate><altitudeMode>clampToGround</altitudeMode><outerBoundaryIs><LinearRing><coordinates>134.94353528,-1.04178797,0 134.94382932,-1.04156375,0 134.94343671,-1.04100695,0 134.94306551,-1.04089988,0 134.94295385,-1.04183471,0 134.94353528,-1.04178797,0</coordinates></LinearRing></outerBoundaryIs></Polygon><Polygon><tessellate>1</tessellate><altitudeMode>clampToGround</altitudeMode><outerBoundaryIs><LinearRing><coordinates>134.94328153,-1.03824305,0 134.94285279,-1.03856991,0 134.94283375,-1.03886496,0 134.94315260,-1.03921237,0 134.94317519,-1.03995427,0 134.94357970,-1.04050155,0 134.94481107,-1.04025468,0 134.94503117,-1.04002268,0 134.94501809,-1.03878406,0 134.94475160,-1.03844618,0 134.94328153,-1.03824305,0</coordinates></LinearRing></outerBoundaryIs></Polygon><Polygon><tessellate>1</tessellate><altitudeMode>clampToGround</altitudeMode><outerBoundaryIs><LinearRing><coordinates>134.94296852,-1.03783784,0 134.94270332,-1.03795394,0 134.94276757,-1.03823234,0 134.94327154,-1.03807678,0 134.94296852,-1.03783784,0</coordinates></LinearRing></outerBoundaryIs></Polygon><Polygon><tessellate>1</tessellate><altitudeMode>clampToGround</altitudeMode><outerBoundaryIs><LinearRing><coordinates>134.94262706,-1.03768685,0 134.94272462,-1.03751077,0 134.94251523,-1.03749411,0 134.94244622,-1.03764402,0 134.94262706,-1.03768685,0</coordinates></LinearRing></outerBoundaryIs></Polygon><Polygon><tessellate>1</tessellate><altitudeMode>clampToGround</altitudeMode><outerBoundaryIs><LinearRing><coordinates>134.94185341,-1.03685670,0 134.94241065,-1.03722226,0 134.94262330,-1.03702079,0 134.94222843,-1.03644173,0 134.94192167,-1.03652626,0 134.94185341,-1.03685670,0</coordinates></LinearRing></outerBoundaryIs></Polygon><Polygon><tessellate>1</tessellate><altitudeMode>clampToGround</altitudeMode><outerBoundaryIs><LinearRing><coordinates>134.94185600,-1.03622883,0 134.94163471,-1.03637160,0 134.94178318,-1.03653864,0 134.94204445,-1.03635875,0 134.94185600,-1.03622883,0</coordinates></LinearRing></outerBoundaryIs></Polygon><Polygon><tessellate>1</tessellate><altitudeMode>clampToGround</altitudeMode><outerBoundaryIs><LinearRing><coordinates>134.96214697,-1.04622752,0 134.96227168,-1.04700581,0 134.96134880,-1.04739076,0 134.95960282,-1.04862094,0 134.95806717,-1.04938474,0 134.95710811,-1.05039485,0 134.95643084,-1.05077302,0 134.95294346,-1.05355102,0 134.95014754,-1.05527123,0 134.94895266,-1.05622307,0 134.94806135,-1.05627635,0 134.94685225,-1.05672662,0 134.94516936,-1.05708241,0 134.94389391,-1.05788353,0 134.94358462,-1.05858669,0 134.94369120,-1.05920216,0 134.94356697,-1.06003003,0 134.94370984,-1.06021930,0 134.94343858,-1.06051911,0 134.94367588,-1.06086862,0 134.94326031,-1.06098649,0 134.94291286,-1.06053720,0 134.94240751,-1.06041151,0 134.94137894,-1.06095608,0 134.94109950,-1.06168617,0 134.94040387,-1.06252397,0 134.94058024,-1.06303248,0 134.94102267,-1.06341566,0 134.94102972,-1.06368147,0 134.94028229,-1.06305702,0 134.93987472,-1.06342761,0 134.93960973,-1.06415429,0 134.93892570,-1.06504644,0 134.93867729,-1.06455265,0 134.93827063,-1.06471063,0 134.93821266,-1.06598749,0 134.93792905,-1.06680752,0 134.93775516,-1.06862366,0 134.93813629,-1.06934351,0 134.93888168,-1.07164227,0 134.93908909,-1.07180554,0 134.93826190,-1.07241310,0 134.93723106,-1.07278359,0 134.93491709,-1.07298238,0 134.93429570,-1.07344933,0 134.93371992,-1.07322180,0 134.93289232,-1.07350904,0 134.93159384,-1.07369572,0 134.93098058,-1.07397873,0 134.93056409,-1.07394226,0 134.92981496,-1.07425343,0 134.92839029,-1.07445270,0 134.92705628,-1.07492362,0 134.92598610,-1.07497146,0 134.92460439,-1.07476557,0 134.92422239,-1.07497763,0 134.92421051,-1.07478640,0 134.92386806,-1.07461404,0 134.92366740,-1.07505690,0 134.92325730,-1.07483992,0 134.92358744,-1.07435072,0 134.92331915,-1.07391832,0 134.92355460,-1.07340367,0 134.92341429,-1.07324328,0 134.92374010,-1.07320499,0 134.92384797,-1.07299337,0 134.92369934,-1.07257807,0 134.92318254,-1.07246586,0 134.92259014,-1.07142675,0 134.92171056,-1.07139376,0 134.92087201,-1.07099486,0 134.92023080,-1.07044082,0 134.92038828,-1.07024055,0 134.92036067,-1.06980887,0 134.92072454,-1.06930260,0 134.92077148,-1.06884924,0 134.92063067,-1.06858345,0 134.92028101,-1.06852988,0 134.92011887,-1.06830922,0 134.91980071,-1.06578734,0 134.91958890,-1.06538399,0 134.91903887,-1.06542674,0 134.91905574,-1.06484362,0 134.92048638,-1.06423265,0 134.92045785,-1.06394300,0 134.92103297,-1.06374485,0 134.92124264,-1.06385206,0 134.92215106,-1.06320581,0 134.92250581,-1.06330102,0 134.92287462,-1.06287271,0 134.92274463,-1.06242524,0 134.92286252,-1.06216597,0 134.92318705,-1.06227761,0 134.92332678,-1.06202926,0 134.92334464,-1.06091317,0 134.92319008,-1.06019504,0 134.92367613,-1.05904951,0 134.92369592,-1.05844244,0 134.92237256,-1.05795199,0 134.92213378,-1.05764624,0 134.92232118,-1.05673354,0 134.92221258,-1.05632513,0 134.92235133,-1.05619204,0 134.92220306,-1.05498906,0 134.92256053,-1.05363922,0 134.92274613,-1.05354404,0 134.92261189,-1.05286027,0 134.92302109,-1.05225495,0 134.92403104,-1.05183083,0 134.92431182,-1.05155005,0 134.92485909,-1.05055543,0 134.92466636,-1.04961912,0 134.92479987,-1.04893654,0 134.92503531,-1.04883361,0 134.92506664,-1.04856802,0 134.92564788,-1.04830565,0 134.92589861,-1.04734950,0 134.92575281,-1.04634704,0 134.92674626,-1.04538832,0 134.92664131,-1.04525003,0 134.92688401,-1.04495022,0 134.92759309,-1.04453143,0 134.92768349,-1.04470249,0 134.92847349,-1.04422210,0 134.92870192,-1.04429349,0 134.92882090,-1.04411265,0 134.92905884,-1.04426969,0 134.92952522,-1.04419831,0 134.92990148,-1.04449375,0 134.92980643,-1.04563436,0 134.93026118,-1.04635862,0 134.93063390,-1.04644995,0 134.93097636,-1.04624529,0 134.93132239,-1.04567080,0 134.93204843,-1.04530473,0 134.93227147,-1.04501256,0 134.93267369,-1.04493778,0 134.93368857,-1.04417284,0 134.93371008,-1.04398145,0 134.93428961,-1.04373867,0 134.93472033,-1.04379334,0 134.93491490,-1.04353303,0 134.93527407,-1.04044948,0 134.93490827,-1.03949408,0 134.93395920,-1.03536398,0 134.93362673,-1.03454630,0 134.93267394,-1.03301528,0 134.93123045,-1.03248779,0 134.92997546,-1.03166145,0 134.92953980,-1.03104471,0 134.92952956,-1.02979809,0 134.93003638,-1.02884868,0 134.93034109,-1.02653418,0 134.93124991,-1.02427298,0 134.93142123,-1.02410166,0 134.93359501,-1.02351821,0 134.93684878,-1.02001006,0 134.93881778,-1.01710116,0 134.93904383,-1.01652414,0 134.93911522,-1.01558426,0 134.93795418,-1.01376276,0 134.93826337,-1.01194351,0 134.93945112,-1.00911807,0 134.94094647,-1.00736392,0 134.94197673,-1.00718978,0 134.94278550,-1.00664428,0 134.94533716,-1.00258747,0 134.94574529,-1.00158796,0 134.94629234,-1.00076317,0 134.94685717,-0.99896786,0 134.94662807,-0.99734148,0 134.94637663,-0.99702391,0 134.94613643,-0.99520911,0 134.94588916,-0.99455833,0 134.94596349,-0.99350208,0 134.94667696,-0.99102455,0 134.94705030,-0.98812595,0 134.94722632,-0.98771083,0 134.94712958,-0.98622288,0 134.94679366,-0.98546528,0 134.94665534,-0.98411263,0 134.94587995,-0.98178188,0 134.94597275,-0.98127505,0 134.94567483,-0.97998220,0 134.94461174,-0.97774683,0 134.94420988,-0.97721968,0 134.94419256,-0.97476908,0 134.94454805,-0.97225610,0 134.94326854,-0.96954791,0 134.94162414,-0.96774601,0 134.94123262,-0.96708281,0 134.94110696,-0.96678202,0 134.94131824,-0.96634404,0 134.94120410,-0.96619682,0 134.93952149,-0.96499100,0 134.93433252,-0.96291847,0 134.93334232,-0.96194184,0 134.93236131,-0.96133052,0 134.93183745,-0.96057142,0 134.93102329,-0.95982911,0 134.93064273,-0.95855561,0 134.93033196,-0.95806916,0 134.92817855,-0.95634870,0 134.92810035,-0.95561711,0 134.92736383,-0.95478993,0 134.92662418,-0.95410069,0 134.92585600,-0.95386476,0 134.92541962,-0.95333060,0 134.92436721,-0.95293065,0 134.92421506,-0.95270942,0 134.92317574,-0.95276683,0 134.92258969,-0.95255607,0 134.92223502,-0.95284727,0 134.92169054,-0.95251658,0 134.92153541,-0.95214351,0 134.92081174,-0.95182379,0 134.91951731,-0.95160964,0 134.91850383,-0.95214188,0 134.91812700,-0.95218867,0 134.91788719,-0.95209014,0 134.91776759,-0.95161392,0 134.91762092,-0.95160476,0 134.91760493,-0.95178483,0 134.91724418,-0.95172243,0 134.91587127,-0.95126957,0 134.91598822,-0.95104236,0 134.91583569,-0.95051251,0 134.91542523,-0.95035189,0 134.91520216,-0.95043220,0 134.91506236,-0.95026564,0 134.91480360,-0.95039056,0 134.91473816,-0.95010502,0 134.91444364,-0.94996042,0 134.91378163,-0.95014551,0 134.91288356,-0.94941910,0 134.91225856,-0.94928827,0 134.91198794,-0.94895449,0 134.91167528,-0.94897929,0 134.91176779,-0.94872147,0 134.91150146,-0.94816802,0 134.91036821,-0.94751711,0 134.91007929,-0.94686719,0 134.91007277,-0.94625506,0 134.90975457,-0.94587039,0 134.90951732,-0.94593945,0 134.90913958,-0.94546058,0 134.90801826,-0.94555279,0 134.90767154,-0.94534470,0 134.90776072,-0.94508258,0 134.90742411,-0.94479145,0 134.90652081,-0.94458520,0 134.90268837,-0.94275004,0 134.90275306,-0.94249726,0 134.90151298,-0.94219438,0 134.90126769,-0.94199918,0 134.90114676,-0.94155231,0 134.90048092,-0.94117228,0 134.89985073,-0.94100769,0 134.89922946,-0.94119249,0 134.89898415,-0.94107316,0 134.89884899,-0.94038827,0 134.89848566,-0.94077639,0 134.89793703,-0.94059351,0 134.89763981,-0.94083285,0 134.89623928,-0.93986476,0 134.89515143,-0.93973086,0 134.89496682,-0.93999668,0 134.89479916,-0.93999308,0 134.89364796,-0.93947950,0 134.89022711,-0.93728242,0 134.88893185,-0.93695794,0 134.88744760,-0.93623986,0 134.88567528,-0.93586974,0 134.88186973,-0.93440084,0 134.88092073,-0.93428990,0 134.88071314,-0.93443431,0 134.88012101,-0.93426912,0 134.87970365,-0.93446659,0 134.87950034,-0.93432296,0 134.87467765,-0.93377701,0 134.87005115,-0.93365117,0 134.86962553,-0.93334776,0 134.86930920,-0.93350393,0 134.86836928,-0.93340137,0 134.86821054,-0.93362956,0 134.86804309,-0.93342528,0 134.86755950,-0.93351353,0 134.86743663,-0.93370533,0 134.86500510,-0.93391448,0 134.86473038,-0.93382447,0 134.86452685,-0.93351670,0 134.86376911,-0.93338938,0 134.86285168,-0.93346349,0 134.86223165,-0.93296361,0 134.86127143,-0.93252446,0 134.85963357,-0.93113251,0 134.85805055,-0.93088942,0 134.85735370,-0.93085072,0 134.85683525,-0.93104375,0 134.85545241,-0.93082303,0 134.85440231,-0.93087644,0 134.85332477,-0.93135365,0 134.85330440,-0.93176193,0 134.85350445,-0.93181991,0 134.85118403,-0.93244168,0 134.85027974,-0.93263440,0 134.84500878,-0.93301436,0 134.84457667,-0.93274162,0 134.84429755,-0.93220119,0 134.84397744,-0.93199474,0 134.84434559,-0.93146345,0 134.84434132,-0.93109710,0 134.84387045,-0.93136278,0 134.84318215,-0.93144903,0 134.84256488,-0.93179360,0 134.84239365,-0.93208085,0 134.84136515,-0.93283502,0 134.84172298,-0.93334472,0 134.84108519,-0.93402598,0 134.83713688,-0.93663191,0 134.83416612,-0.93899654,0 134.83357720,-0.93966874,0 134.83301208,-0.93998997,0 134.83290501,-0.94029335,0 134.83185958,-0.94106450,0 134.83142441,-0.94213363,0 134.82987861,-0.94335437,0 134.82788098,-0.94459903,0 134.82760156,-0.94460500,0 134.82632173,-0.94532665,0 134.82553102,-0.94545128,0 134.82351439,-0.94629857,0 134.82086320,-0.94682081,0 134.81703484,-0.94918641,0 134.81653223,-0.94968298,0 134.81617140,-0.94976559,0 134.81405327,-0.95114682,0 134.81239493,-0.95185712,0 134.81044161,-0.95338004,0 134.80871140,-0.95648583,0 134.80856871,-0.95664142,0 134.80790286,-0.95646784,0 134.80765316,-0.95659349,0 134.80648190,-0.95770652,0 134.80595273,-0.95846052,0 134.80564951,-0.95890335,0 134.80562982,-0.95968349,0 134.80523624,-0.96025939,0 134.80489136,-0.96134853,0 134.80699178,-0.96308319,0 134.80715650,-0.96382145,0 134.80786947,-0.96462207,0 134.80770676,-0.96553177,0 134.80670226,-0.96605599,0 134.80328083,-0.97135432,0 134.80312625,-0.97142014,0 134.80283064,-0.97116716,0 134.80224588,-0.97149711,0 134.80183015,-0.97228181,0 134.80104279,-0.97248983,0 134.80078969,-0.97320933,0 134.79971357,-0.97399322,0 134.79878896,-0.97498051,0 134.79859406,-0.97528269,0 134.79882009,-0.97524514,0 134.79865829,-0.97544502,0 134.79882169,-0.97563887,0 134.79849468,-0.97606972,0 134.79817363,-0.97617742,0 134.79808443,-0.97657837,0 134.79763259,-0.97662023,0 134.79724020,-0.97688352,0 134.79581930,-0.97673383,0 134.79382160,-0.97877438,0 134.79316754,-0.98021657,0 134.79244841,-0.98055103,0 134.79215077,-0.98105531,0 134.79201638,-0.98165140,0 134.79228807,-0.98298479,0 134.79284467,-0.98311759,0 134.79420244,-0.98278742,0 134.79447222,-0.98309855,0 134.79463402,-0.98366011,0 134.79490052,-0.98391709,0 134.79516702,-0.98390757,0 134.79590734,-0.98346351,0 134.79589990,-0.98322229,0 134.79601411,-0.98330795,0 134.79646145,-0.98295579,0 134.79790512,-0.98345936,0 134.79887695,-0.98321945,0 134.79991614,-0.98273047,0 134.80064738,-0.98292675,0 134.80294893,-0.98242157,0 134.80376707,-0.98266349,0 134.80579437,-0.98248503,0 134.80659387,-0.98227088,0 134.80701503,-0.98172836,0 134.80714352,-0.98118584,0 134.80765749,-0.98122867,0 134.80789239,-0.98057988,0 134.80842843,-0.98035779,0 134.80885068,-0.98044945,0 134.81120941,-0.98012210,0 134.81256870,-0.98018647,0 134.81311121,-0.98006512,0 134.81381085,-0.98018186,0 134.81500050,-0.98001753,0 134.81511948,-0.98018409,0 134.81500000,-0.98041908,0 134.81379962,-0.98074228,0 134.81297829,-0.98129337,0 134.81106735,-0.98104069,0 134.81029857,-0.98108655,0 134.80999319,-0.98133560,0 134.80922445,-0.98311086,0 134.80819525,-0.98411020,0 134.80732674,-0.98393174,0 134.80696982,-0.98401502,0 134.80586142,-0.98488603,0 134.80503882,-0.98583982,0 134.80399115,-0.98584505,0 134.80354362,-0.98617890,0 134.80310134,-0.98685189,0 134.80201447,-0.98699005,0 134.80009476,-0.98851759,0 134.79704310,-0.99039141,0 134.79669213,-0.99076618,0 134.79683144,-0.99119515,0 134.79746778,-0.99184890,0 134.79796253,-0.99407999,0 134.79922601,-0.99502866,0 134.79977511,-0.99825791,0 134.79998570,-1.00085326,0 134.80017352,-1.00139905,0 134.79964688,-1.00392898,0 134.79845715,-1.00557080,0 134.79767193,-1.00617757,0 134.79548214,-1.00709926,0 134.79458899,-1.00534516,0 134.79386130,-1.00514404,0 134.79294825,-1.00298961,0 134.79250593,-1.00294649,0 134.79229220,-1.00377074,0 134.79154499,-1.00495249,0 134.79232022,-1.00642221,0 134.79226310,-1.00708288,0 134.79289798,-1.00827501,0 134.79332083,-1.00816278,0 134.79389716,-1.00861405,0 134.79431128,-1.00863556,0 134.79500293,-1.00842503,0 134.79554517,-1.00793516,0 134.79573727,-1.00824029,0 134.79576060,-1.00955543,0 134.79622815,-1.00968426,0 134.79631779,-1.00991203,0 134.79599330,-1.01033745,0 134.79607436,-1.01113248,0 134.79582310,-1.01192198,0 134.79602730,-1.01277840,0 134.79648407,-1.01352618,0 134.79705332,-1.01944107,0 134.79705323,-1.02085967,0 134.79678264,-1.02174628,0 134.79579917,-1.02248392,0 134.79445268,-1.02381407,0 134.79372538,-1.02424183,0 134.79359703,-1.02462681,0 134.79372888,-1.02507028,0 134.79446651,-1.02478475,0 134.79475681,-1.02483710,0 134.79495668,-1.02526064,0 134.79500825,-1.02597661,0 134.79569907,-1.02667404,0 134.79617972,-1.02789233,0 134.79570859,-1.02848719,0 134.79492328,-1.02889010,0 134.79439563,-1.02961728,0 134.79461879,-1.03080478,0 134.79439456,-1.03224142,0 134.79459160,-1.03272838,0 134.79519462,-1.03311762,0 134.79557057,-1.03367917,0 134.79572976,-1.03430141,0 134.79607026,-1.03456433,0 134.79597259,-1.03479434,0 134.79640338,-1.03612526,0 134.79689355,-1.03661067,0 134.79729330,-1.03736258,0 134.79793575,-1.03791937,0 134.79804643,-1.03838627,0 134.80013212,-1.04016963,0 134.80123796,-1.04045967,0 134.80240828,-1.04139697,0 134.80285800,-1.04151118,0 134.80362784,-1.04256393,0 134.80457419,-1.04324554,0 134.80491575,-1.04441625,0 134.80538274,-1.04514211,0 134.80619164,-1.04584069,0 134.80637435,-1.04625526,0 134.81069808,-1.05013741,0 134.81179379,-1.05235948,0 134.81233040,-1.05453399,0 134.81342279,-1.05630192,0 134.81455065,-1.05728702,0 134.81526449,-1.05817932,0 134.81555002,-1.05828640,0 134.81549292,-1.05844344,0 134.81564996,-1.05847913,0 134.81604257,-1.05931433,0 134.81699197,-1.06045647,0 134.81876229,-1.06342604,0 134.81889078,-1.06344031,0 134.81888140,-1.06380893,0 134.82081020,-1.06680620,0 134.82162286,-1.06689531,0 134.82290298,-1.06660883,0 134.82365321,-1.06725336,0 134.82417409,-1.06725734,0 134.82422292,-1.06679699,0 134.82463028,-1.06665640,0 134.82473284,-1.06641495,0 134.82461528,-1.06601648,0 134.82392843,-1.06507800,0 134.82390072,-1.06470107,0 134.82412485,-1.06458810,0 134.82440370,-1.06467597,0 134.82465145,-1.06523206,0 134.82513093,-1.06551535,0 134.82624243,-1.06550358,0 134.82681025,-1.06571848,0 134.82662237,-1.06628144,0 134.82582824,-1.06656502,0 134.82582395,-1.06682716,0 134.82620393,-1.06687016,0 134.82700235,-1.06624708,0 134.82729694,-1.06619123,0 134.82777085,-1.06617836,0 134.82808250,-1.06640614,0 134.82796721,-1.06662960,0 134.82743690,-1.06664315,0 134.82640120,-1.06731519,0 134.82563067,-1.06740132,0 134.82534248,-1.06726986,0 134.82498250,-1.06736126,0 134.82499332,-1.06760236,0 134.82480306,-1.06769810,0 134.82435597,-1.06765020,0 134.82412303,-1.06787723,0 134.82424178,-1.06841620,0 134.82333051,-1.06939212,0 134.82304026,-1.06991455,0 134.82256195,-1.06976054,0 134.82235498,-1.07007635,0 134.82240571,-1.07081942,0 134.82284990,-1.07214172,0 134.82325812,-1.07445932,0 134.82378384,-1.07488841,0 134.82452670,-1.07648795,0 134.82434063,-1.07835767,0 134.82464044,-1.07915003,0 134.82480081,-1.08141554,0 134.82637506,-1.08526048,0 134.82687474,-1.08579586,0 134.82707462,-1.08574590,0 134.82763855,-1.08610995,0 134.82832383,-1.08612423,0 134.82882476,-1.08574557,0 134.82889491,-1.08504634,0 134.82904481,-1.08512486,0 134.83053674,-1.08463945,0 134.83239985,-1.08431823,0 134.83564578,-1.08303574,0 134.83627797,-1.08338247,0 134.83751094,-1.08352587,0 134.83844607,-1.08387565,0 134.83955259,-1.08456504,0 134.84017139,-1.08538792,0 134.84032599,-1.08690563,0 134.83981987,-1.08684903,0 134.83900173,-1.08742136,0 134.83913031,-1.08798234,0 134.83929687,-1.08802993,0 134.83917981,-1.08858659,0 134.83936901,-1.08873310,0 134.84017120,-1.08896385,0 134.84051245,-1.08874474,0 134.84056180,-1.08835887,0 134.84081450,-1.08827797,0 134.84088110,-1.08803860,0 134.84121705,-1.08795746,0 134.84146616,-1.08752876,0 134.84321743,-1.08696750,0 134.84368856,-1.08718165,0 134.84370284,-1.08730539,0 134.84333362,-1.08742388,0 134.84297516,-1.08800272,0 134.84266539,-1.08914709,0 134.84210963,-1.08965495,0 134.84211130,-1.09003067,0 134.84088885,-1.09143335,0 134.84065575,-1.09213710,0 134.83996128,-1.09298445,0 134.83914788,-1.09351556,0 134.83851714,-1.09433625,0 134.83832976,-1.09491852,0 134.83831067,-1.09599092,0 134.83773034,-1.09706808,0 134.83750191,-1.09943309,0 134.83686710,-1.10077312,0 134.83528249,-1.10285035,0 134.83519930,-1.10471478,0 134.83578206,-1.10593417,0 134.83653873,-1.10652666,0 134.84006134,-1.10698501,0 134.84081704,-1.10742067,0 134.84205670,-1.10838265,0 134.84264572,-1.10991995,0 134.84368061,-1.11060887,0 134.84788233,-1.11178594,0 134.84978888,-1.11261928,0 134.85068700,-1.11367934,0 134.85085073,-1.11511095,0 134.85159941,-1.11633372,0 134.85325681,-1.11755965,0 134.85341072,-1.11789369,0 134.85433946,-1.11880886,0 134.85449413,-1.11876127,0 134.85498192,-1.11913009,0 134.85539832,-1.11922527,0 134.85640959,-1.12131920,0 134.85638527,-1.12287851,0 134.85568965,-1.12364652,0 134.85538044,-1.12445081,0 134.85462888,-1.12559499,0 134.85443856,-1.12678707,0 134.85368693,-1.12916642,0 134.85369664,-1.13123291,0 134.85344579,-1.13229744,0 134.85379414,-1.13299630,0 134.85393562,-1.13372415,0 134.85442548,-1.13365800,0 134.85546969,-1.13437768,0 134.85538402,-1.13454900,0 134.85560718,-1.13513583,0 134.85590787,-1.13531370,0 134.85662831,-1.13714421,0 134.85686744,-1.13712993,0 134.85709967,-1.13673445,0 134.85734939,-1.13673447,0 134.85808067,-1.13697986,0 134.85871527,-1.13743291,0 134.85918385,-1.13805792,0 134.85967640,-1.13815072,0 134.86013682,-1.13788303,0 134.86032956,-1.13745830,0 134.85994924,-1.13722995,0 134.85965498,-1.13571653,0 134.85895599,-1.13476741,0 134.85916243,-1.13443519,0 134.85854575,-1.13397330,0 134.85837364,-1.13306224,0 134.85783891,-1.13270381,0 134.85808216,-1.13257941,0 134.85816841,-1.13229090,0 134.85934030,-1.13195183,0 134.85936518,-1.13121097,0 134.86003391,-1.13192030,0 134.86051575,-1.13135475,0 134.86086672,-1.13177277,0 134.86129027,-1.13164428,0 134.86201362,-1.13085906,0 134.86194192,-1.13063532,0 134.86244911,-1.13042489,0 134.86255473,-1.13013599,0 134.86230080,-1.12971758,0 134.86414975,-1.13001966,0 134.86428995,-1.13029108,0 134.86406153,-1.13102507,0 134.86416424,-1.13146285,0 134.86468017,-1.13199709,0 134.86568847,-1.13219107,0 134.86669123,-1.13142716,0 134.86713353,-1.13187281,0 134.86791903,-1.13220525,0 134.86780317,-1.13230748,0 134.86807115,-1.13277922,0 134.86908973,-1.13294764,0 134.86926866,-1.13284823,0 134.86948948,-1.13326887,0 134.86994990,-1.13355488,0 134.87119609,-1.13340652,0 134.87132928,-1.13311449,0 134.87183344,-1.13345921,0 134.87202846,-1.13327730,0 134.87296715,-1.13306310,0 134.87402782,-1.13316959,0 134.87496458,-1.13291059,0 134.87529060,-1.13339975,0 134.87605203,-1.13378046,0 134.87698985,-1.13384344,0 134.87759392,-1.13477032,0 134.87796368,-1.13496017,0 134.87896965,-1.13523669,0 134.87998273,-1.13506383,0 134.88050638,-1.13556982,0 134.88113186,-1.13661200,0 134.88210944,-1.13886718,0 134.88266571,-1.13888613,0 134.88296868,-1.13923455,0 134.88322848,-1.13928178,0 134.88341208,-1.13907919,0 134.88364478,-1.13909394,0 134.88407444,-1.13980038,0 134.88478314,-1.13937445,0 134.88500098,-1.13945818,0 134.88510928,-1.13982578,0 134.88573703,-1.14049141,0 134.88817470,-1.14040174,0 134.89011888,-1.14051552,0 134.89178486,-1.13980599,0 134.89341258,-1.13964348,0 134.89575397,-1.13979577,0 134.89605846,-1.13943286,0 134.89711142,-1.13892902,0 134.90204513,-1.13832391,0 134.90454280,-1.13721056,0 134.90494784,-1.13719028,0 134.90574006,-1.13652834,0 134.90618320,-1.13639762,0 134.90776473,-1.13619003,0 134.90862809,-1.13591322,0 134.91138919,-1.13580515,0 134.91221519,-1.13521352,0 134.91364393,-1.13464449,0 134.92134832,-1.13187478,0 134.92501672,-1.13148589,0 134.93373285,-1.13118688,0 134.93841515,-1.13049025,0 134.93859558,-1.13059393,0 134.93886768,-1.13040105,0 134.93915387,-1.13052153,0 134.93943570,-1.13008707,0 134.94015882,-1.12976344,0 134.94070187,-1.12888139,0 134.94192813,-1.12842000,0 134.94370164,-1.12813923,0 134.94625524,-1.12798967,0 134.95004551,-1.12795383,0 134.95152595,-1.12744219,0 134.95260536,-1.12601317,0 134.95252514,-1.12564019,0 134.95190135,-1.12507993,0 134.95144700,-1.12438889,0 134.95213059,-1.12341523,0 134.95203597,-1.12300273,0 134.95232438,-1.12293363,0 134.95254682,-1.12213524,0 134.95285076,-1.12213548,0 134.95307440,-1.12184102,0 134.95303769,-1.12155787,0 134.95283245,-1.12139679,0 134.95316392,-1.12134773,0 134.95291263,-1.12062416,0 134.95251379,-1.12046247,0 134.95227359,-1.12053668,0 134.95239683,-1.12029512,0 134.95227597,-1.12017283,0 134.95183125,-1.12023266,0 134.95207621,-1.11992387,0 134.95277259,-1.12004347,0 134.95296328,-1.11983292,0 134.95342703,-1.11984729,0 134.95348173,-1.11971564,0 134.95322726,-1.11961988,0 134.95364381,-1.11965752,0 134.95382895,-1.11921534,0 134.95423973,-1.11910287,0 134.95433551,-1.11888741,0 134.95410959,-1.11879644,0 134.95430341,-1.11877809,0 134.95460199,-1.11902399,0 134.95492220,-1.11903082,0 134.95483952,-1.11882102,0 134.95527377,-1.11851169,0 134.95526783,-1.11833918,0 134.95500608,-1.11827375,0 134.95480978,-1.11702453,0 134.95461347,-1.11673899,0 134.95487447,-1.11645139,0 134.95488117,-1.11598294,0 134.95407671,-1.11564365,0 134.95401829,-1.11525914,0 134.95489917,-1.11448562,0 134.95586542,-1.11457158,0 134.95626623,-1.11401950,0 134.95653507,-1.11405137,0 134.95683943,-1.11372011,0 134.95749482,-1.11361802,0 134.95798288,-1.11333801,0 134.95958440,-1.11374878,0 134.95950208,-1.11349103,0 134.95967148,-1.11321638,0 134.95910208,-1.11283850,0 134.96005808,-1.11280295,0 134.95990547,-1.11260320,0 134.96046103,-1.11216940,0 134.96066311,-1.11154452,0 134.96097988,-1.11127594,0 134.96083300,-1.11026683,0 134.96157853,-1.11006137,0 134.96179246,-1.10970762,0 134.96152507,-1.10850026,0 134.96127295,-1.10819649,0 134.96073050,-1.10798885,0 134.96076870,-1.10785043,0 134.96125003,-1.10787350,0 134.96138266,-1.10774698,0 134.96114308,-1.10733904,0 134.96116137,-1.10700459,0 134.96164351,-1.10685071,0 134.96167790,-1.10652388,0 134.96152128,-1.10627395,0 134.96082985,-1.10615090,0 134.96078019,-1.10600863,0 134.96102695,-1.10589447,0 134.96145325,-1.10601042,0 134.96161416,-1.10580828,0 134.96177684,-1.10593386,0 134.96236187,-1.10565609,0 134.96289995,-1.10570543,0 134.96302368,-1.10530568,0 134.96328502,-1.10541950,0 134.96359538,-1.10529742,0 134.96361209,-1.10494368,0 134.96396995,-1.10485577,0 134.96401276,-1.10450748,0 134.96394855,-1.10411251,0 134.96344315,-1.10376315,0 134.96405558,-1.10355596,0 134.96406453,-1.10327028,0 134.96427889,-1.10314950,0 134.96434453,-1.10299008,0 134.96389537,-1.10243603,0 134.96422896,-1.10234376,0 134.96437751,-1.10178342,0 134.96494156,-1.10140213,0 134.96492503,-1.10073706,0 134.96527308,-1.10058718,0 134.96605306,-1.10067977,0 134.96667934,-1.09979482,0 134.96726674,-1.09986425,0 134.96801649,-1.09945554,0 134.96813772,-1.09890683,0 134.96757164,-1.09813872,0 134.96799640,-1.09757643,0 134.96763513,-1.09593140,0 134.96826406,-1.09613997,0 134.96876949,-1.09611231,0 134.96915892,-1.09671328,0 134.96991470,-1.09683429,0 134.97031257,-1.09593165,0 134.97049361,-1.09577211,0 134.97110971,-1.09578022,0 134.97147871,-1.09545802,0 134.97155485,-1.09513917,0 134.97168989,-1.09522875,0 134.97159293,-1.09486315,0 134.97188520,-1.09466623,0 134.97171283,-1.09447961,0 134.97211236,-1.09448919,0 134.97210285,-1.09419475,0 134.97232640,-1.09407267,0 134.97243105,-1.09376867,0 134.97228106,-1.09337553,0 134.97191974,-1.09339045,0 134.97192166,-1.09296069,0 134.97211713,-1.09283510,0 134.97203342,-1.09241723,0 134.97224288,-1.09220402,0 134.97289063,-1.09216488,0 134.97243278,-1.09180862,0 134.97220719,-1.09198986,0 134.97216436,-1.09171861,0 134.97238814,-1.09121443,0 134.97195089,-1.09078257,0 134.97218870,-1.09060005,0 134.97224532,-1.09027152,0 134.97161479,-1.08959680,0 134.97116313,-1.08957371,0 134.97154222,-1.08890061,0 134.97218418,-1.08875700,0 134.97254490,-1.08899868,0 134.97277112,-1.08883470,0 134.97272077,-1.08864107,0 134.97332078,-1.08854916,0 134.97354131,-1.08812551,0 134.97391251,-1.08800766,0 134.97431822,-1.08664494,0 134.97435141,-1.08595764,0 134.97404432,-1.08536996,0 134.97407682,-1.08502261,0 134.97346922,-1.08424046,0 134.97428716,-1.08419931,0 134.97447731,-1.08371203,0 134.97472116,-1.08356746,0 134.97474521,-1.08323577,0 134.97500578,-1.08338189,0 134.97487908,-1.08315382,0 134.97533105,-1.08201283,0 134.97527555,-1.08178757,0 134.97571908,-1.08135549,0 134.97570500,-1.08095392,0 134.97596553,-1.08066432,0 134.97576472,-1.08008261,0 134.97595352,-1.08021686,0 134.97616623,-1.08005630,0 134.97637654,-1.07979046,0 134.97630876,-1.07945413,0 134.97639675,-1.07952714,0 134.97653483,-1.07925590,0 134.97680437,-1.07924518,0 134.97724597,-1.07838434,0 134.97742939,-1.07851545,0 134.97769705,-1.07824464,0 134.97764354,-1.07789382,0 134.97783413,-1.07781489,0 134.97791481,-1.07707958,0 134.97771868,-1.07634285,0 134.97787220,-1.07613992,0 134.97765378,-1.07560739,0 134.97770375,-1.07526463,0 134.97782510,-1.07537885,0 134.97825862,-1.07524076,0 134.97851038,-1.07429381,0 134.97912040,-1.07454452,0 134.97928133,-1.07432951,0 134.97962223,-1.07433212,0 134.97966680,-1.07411535,0 134.98037965,-1.07399301,0 134.98053155,-1.07349597,0 134.98147893,-1.07278847,0 134.98198700,-1.07190795,0 134.98215127,-1.07030839,0 134.98191061,-1.06996618,0 134.98094796,-1.06978545,0 134.98069202,-1.06900874,0 134.98070273,-1.06850568,0 134.98093545,-1.06815503,0 134.98054482,-1.06764798,0 134.98120712,-1.06759815,0 134.98125164,-1.06700232,0 134.98082956,-1.06690163,0 134.98065016,-1.06668781,0 134.98149805,-1.06648400,0 134.98160885,-1.06630565,0 134.98132132,-1.06599595,0 134.98145223,-1.06567120,0 134.98114587,-1.06563134,0 134.98110919,-1.06537326,0 134.98092507,-1.06525978,0 134.98103767,-1.06485049,0 134.98045521,-1.06430234,0 134.97987127,-1.06308003,0 134.97932703,-1.06274437,0 134.97916659,-1.06231688,0 134.97886459,-1.06237388,0 134.97875762,-1.06275070,0 134.97833922,-1.06303885,0 134.97710917,-1.06317500,0 134.97658695,-1.06280768,0 134.97677256,-1.06251636,0 134.97721928,-1.06292168,0 134.97829829,-1.06271405,0 134.97791709,-1.06033827,0 134.97818075,-1.06025206,0 134.97880893,-1.05953822,0 134.97911588,-1.05848888,0 134.97903207,-1.05745213,0 134.97837667,-1.05688348,0 134.97839403,-1.05570888,0 134.97824102,-1.05546130,0 134.97876728,-1.05459182,0 134.97919036,-1.05319185,0 134.97902119,-1.05277313,0 134.97915894,-1.05211363,0 134.97904488,-1.05064428,0 134.97850575,-1.05013951,0 134.97842226,-1.04981505,0 134.97866968,-1.04958951,0 134.97874148,-1.04901013,0 134.97905877,-1.04892275,0 134.97917023,-1.04845873,0 134.97941525,-1.04841452,0 134.97944276,-1.04817375,0 134.97895378,-1.04771231,0 134.97891885,-1.04735542,0 134.97905282,-1.04728687,0 134.97958264,-1.04755430,0 134.98029168,-1.04652347,0 134.98046975,-1.04700529,0 134.98085523,-1.04699458,0 134.98099799,-1.04677329,0 134.98120054,-1.04689528,0 134.98133013,-1.04669268,0 134.98123477,-1.04657807,0 134.98081041,-1.04648119,0 134.98140869,-1.04630112,0 134.98170184,-1.04565994,0 134.98145951,-1.04551012,0 134.98172441,-1.04516120,0 134.98139269,-1.04461267,0 134.98159905,-1.04357795,0 134.98120920,-1.04309608,0 134.98128655,-1.04282620,0 134.98105767,-1.04267959,0 134.98128964,-1.04215504,0 134.98017937,-1.04182526,0 134.98016248,-1.04131675,0 134.98081191,-1.04103541,0 134.98102269,-1.04073212,0 134.98095676,-1.04020527,0 134.98133819,-1.03949242,0 134.98128966,-1.03852142,0 134.98036355,-1.03747237,0 134.97993446,-1.03734367,0 134.98034295,-1.03736177,0 134.98028851,-1.03711723,0 134.98052522,-1.03686034,0 134.98091569,-1.03676263,0 134.98099720,-1.03643980,0 134.98130904,-1.03681918,0 134.98155055,-1.03686034,0 134.98187473,-1.03643023,0 134.98197378,-1.03653586,0 134.98246793,-1.03638055,0 134.98264044,-1.03618731,0 134.98442350,-1.03677546,0 134.98500196,-1.03641348,0 134.98516146,-1.03584240,0 134.98484399,-1.03472398,0 134.98488744,-1.03401454,0 134.98447657,-1.03275630,0 134.98408063,-1.03005613,0 134.98436623,-1.02892074,0 134.98429289,-1.02841449,0 134.98263974,-1.02368796,0 134.98256585,-1.02237791,0 134.98188067,-1.02077816,0 134.98155254,-1.01800647,0 134.98103620,-1.01677747,0 134.98054629,-1.01498846,0 134.98079390,-1.01448655,0 134.98079231,-1.01408764,0 134.98036156,-1.01209068,0 134.97996721,-1.01225556,0 134.97918379,-1.01319781,0 134.97901960,-1.01285517,0 134.97868449,-1.01291924,0 134.97786802,-1.01338533,0 134.97757408,-1.01339412,0 134.97754196,-1.01353332,0 134.97732781,-1.01329061,0 134.97627846,-1.01291585,0 134.97515001,-1.01218225,0 134.97499228,-1.01126621,0 134.97471307,-1.01112268,0 134.97423689,-1.01131685,0 134.97398040,-1.01043353,0 134.97377338,-1.01032289,0 134.97364132,-1.01058344,0 134.97284182,-1.01057987,0 134.97242963,-1.01083035,0 134.97204371,-1.01176695,0 134.97164329,-1.01228604,0 134.97003552,-1.01372115,0 134.97000100,-1.01409774,0 134.96977212,-1.01412008,0 134.96893137,-1.01509928,0 134.96635424,-1.01540551,0 134.96539372,-1.01607342,0 134.96270207,-1.01853540,0 134.96058424,-1.01981577,0 134.95964083,-1.02017251,0 134.95849742,-1.01983248,0 134.95787443,-1.02013062,0 134.95707663,-1.02118868,0 134.95610293,-1.02337242,0 134.95571216,-1.02405028,0 134.95500306,-1.02480050,0 134.95464045,-1.02565950,0 134.95375479,-1.02618812,0 134.95342574,-1.02771576,0 134.95278826,-1.02948265,0 134.95216582,-1.03354028,0 134.95282044,-1.03347344,0 134.95297937,-1.03367209,0 134.95474515,-1.03409231,0 134.95695909,-1.03668709,0 134.95773229,-1.03804284,0 134.95797808,-1.03833583,0 134.95816437,-1.03832161,0 134.95909831,-1.04181942,0 134.95918952,-1.04289255,0 134.96022643,-1.04454538,0 134.96119660,-1.04539575,0 134.96131656,-1.04530434,0 134.96214697,-1.04622752,0</coordinates></LinearRing></outerBoundaryIs></Polygon><Polygon><tessellate>1</tessellate><altitudeMode>clampToGround</altitudeMode><outerBoundaryIs><LinearRing><coordinates>134.94165518,-1.03571975,0 134.94162930,-1.03533774,0 134.94126399,-1.03504862,0 134.94091064,-1.03503077,0 134.94065892,-1.03520059,0 134.94085880,-1.03557655,0 134.94121735,-1.03573509,0 134.94131729,-1.03610629,0 134.94179794,-1.03613960,0 134.94183983,-1.03593281,0 134.94165518,-1.03571975,0</coordinates></LinearRing></outerBoundaryIs></Polygon><Polygon><tessellate>1</tessellate><altitudeMode>clampToGround</altitudeMode><outerBoundaryIs><LinearRing><coordinates>134.93627590,-1.02819139,0 134.93621948,-1.02654180,0 134.93649537,-1.02522044,0 134.93646221,-1.02462124,0 134.93679771,-1.02355049,0 134.93686910,-1.02233696,0 134.93644600,-1.02163993,0 134.93532527,-1.02247512,0 134.93390235,-1.02410981,0 134.93236522,-1.02532809,0 134.93230811,-1.02633698,0 134.93178939,-1.02704130,0 134.93095658,-1.02765520,0 134.93085664,-1.02830242,0 134.93029033,-1.02973961,0 134.93035220,-1.03024882,0 134.93059490,-1.03089603,0 134.93139916,-1.03202865,0 134.93153717,-1.03215239,0 134.93223197,-1.03216190,0 134.93266979,-1.03170505,0 134.93312665,-1.02973961,0 134.93361206,-1.02944932,0 134.93364061,-1.02844043,0 134.93403084,-1.02791694,0 134.93397850,-1.02912095,0 134.93411175,-1.02955877,0 134.93357399,-1.02992045,0 134.93326228,-1.03074969,0 134.93331225,-1.03175264,0 134.93378695,-1.03189540,0 134.93408676,-1.03177048,0 134.93481488,-1.03047843,0 134.93537167,-1.03070329,0 134.93523604,-1.03092815,0 134.93530743,-1.03151707,0 134.93502903,-1.03172765,0 134.93496835,-1.03230586,0 134.93558939,-1.03282696,0 134.93607480,-1.03243435,0 134.93622471,-1.03253429,0 134.93597843,-1.03295902,0 134.93546670,-1.03510812,0 134.93556188,-1.03603016,0 134.93533286,-1.03760953,0 134.93585336,-1.03832039,0 134.93599316,-1.03883198,0 134.93585336,-1.04073852,0 134.93558270,-1.04187769,0 134.93561244,-1.04342731,0 134.93555593,-1.04388536,0 134.93482722,-1.04513458,0 134.93480045,-1.04557478,0 134.93497891,-1.04587221,0 134.93546670,-1.04588113,0 134.93579388,-1.04559857,0 134.93565408,-1.04533683,0 134.93612403,-1.04506319,0 134.93689735,-1.04515837,0 134.93716207,-1.04570862,0 134.93686761,-1.04665148,0 134.93747735,-1.04730583,0 134.93754278,-1.04817731,0 134.93770934,-1.04811188,0 134.93820308,-1.04842121,0 134.93904184,-1.04793342,0 134.93995198,-1.04836172,0 134.94035352,-1.04833793,0 134.94138737,-1.04720900,0 134.94074244,-1.04597380,0 134.94078217,-1.04519559,0 134.93986661,-1.04376829,0 134.93995877,-1.04323568,0 134.94022929,-1.04293946,0 134.94079710,-1.04164085,0 134.94107360,-1.03923512,0 134.94060691,-1.03801429,0 134.94032749,-1.03773003,0 134.93877344,-1.03452415,0 134.93853620,-1.03430505,0 134.93861649,-1.03412200,0 134.93805436,-1.03306476,0 134.93669505,-1.02963335,0 134.93643942,-1.02837064,0 134.93627590,-1.02819139,0</coordinates></LinearRing></outerBoundaryIs></Polygon><Polygon><tessellate>1</tessellate><altitudeMode>clampToGround</altitudeMode><outerBoundaryIs><LinearRing><coordinates>134.93522692,-1.03306431,0 134.93504132,-1.03289775,0 134.93478434,-1.03293582,0 134.93478910,-1.03340696,0 134.93514602,-1.03342123,0 134.93522692,-1.03306431,0</coordinates></LinearRing></outerBoundaryIs></Polygon><Polygon><tessellate>1</tessellate><altitudeMode>clampToGround</altitudeMode><outerBoundaryIs><LinearRing><coordinates>134.94535979,-1.02760845,0 134.94545972,-1.02552761,0 134.94505997,-1.02509931,0 134.94451746,-1.02489586,0 134.94450318,-1.02474239,0 134.94411557,-1.02453609,0 134.94358257,-1.02453609,0 134.94280210,-1.02511668,0 134.94269741,-1.02544980,0 134.94224055,-1.02589714,0 134.94201212,-1.02687748,0 134.94173610,-1.02707735,0 134.94150768,-1.02685844,0 134.93972046,-1.02784401,0 134.93895309,-1.02901114,0 134.93873537,-1.02981064,0 134.93883173,-1.03090995,0 134.94021658,-1.03385453,0 134.94019517,-1.03425785,0 134.94048188,-1.03484831,0 134.94161313,-1.03505060,0 134.94212967,-1.03596749,0 134.94318258,-1.03726668,0 134.94358233,-1.03750225,0 134.94469592,-1.03748083,0 134.94552397,-1.03719173,0 134.94650193,-1.03513587,0 134.94726930,-1.03453982,0 134.94784751,-1.03265885,0 134.94801169,-1.03260889,0 134.94863987,-1.03130970,0 134.94821493,-1.03057700,0 134.94666916,-1.02955723,0 134.94553468,-1.02835441,0 134.94535979,-1.02760845,0</coordinates></LinearRing></outerBoundaryIs></Polygon><Polygon><tessellate>1</tessellate><altitudeMode>clampToGround</altitudeMode><outerBoundaryIs><LinearRing><coordinates>134.94904418,-1.02864928,0 134.94867536,-1.02789975,0 134.94792583,-1.02750119,0 134.94752132,-1.02758447,0 134.94709897,-1.02802467,0 134.94683128,-1.02794139,0 134.94630185,-1.02832210,0 134.94654575,-1.02886343,0 134.94694431,-1.02896455,0 134.94721199,-1.02965460,0 134.94865157,-1.03067182,0 134.94896090,-1.03066587,0 134.94903823,-1.03051715,0 134.94914531,-1.02969029,0 134.94884787,-1.02901809,0 134.94904418,-1.02864928,0</coordinates></LinearRing></outerBoundaryIs></Polygon><Polygon><tessellate>1</tessellate><altitudeMode>clampToGround</altitudeMode><outerBoundaryIs><LinearRing><coordinates>134.94693543,-1.02658044,0 134.94665881,-1.02680946,0 134.94668261,-1.02711879,0 134.94706630,-1.02733295,0 134.94751244,-1.02718125,0 134.94758680,-1.02688977,0 134.94693543,-1.02658044,0</coordinates></LinearRing></outerBoundaryIs></Polygon><Polygon><tessellate>1</tessellate><altitudeMode>clampToGround</altitudeMode><outerBoundaryIs><LinearRing><coordinates>134.94554641,-1.02483927,0 134.94608417,-1.02324027,0 134.94549883,-1.02277866,0 134.94562732,-1.02250740,0 134.94542268,-1.02197916,0 134.94489920,-1.02171742,0 134.94437096,-1.02202675,0 134.94426626,-1.02264541,0 134.94454228,-1.02294998,0 134.94522281,-1.02293094,0 134.94499438,-1.02344967,0 134.94453276,-1.02373996,0 134.94439000,-1.02408736,0 134.94471836,-1.02475361,0 134.94497059,-1.02493921,0 134.94554641,-1.02483927,0</coordinates></LinearRing></outerBoundaryIs></Polygon><Polygon><tessellate>1</tessellate><altitudeMode>clampToGround</altitudeMode><outerBoundaryIs><LinearRing><coordinates>134.94488175,-1.01648956,0 134.94509590,-1.01581142,0 134.94503166,-1.01542912,0 134.94463667,-1.01499606,0 134.94402753,-1.01498654,0 134.94233620,-1.01651647,0 134.94046785,-1.01861284,0 134.94000148,-1.01868422,0 134.93972070,-1.01851290,0 134.93942089,-1.01888885,0 134.93813460,-1.02157283,0 134.93838582,-1.02199802,0 134.93830254,-1.02339000,0 134.93781721,-1.02452228,0 134.93758656,-1.02562798,0 134.93767008,-1.02696970,0 134.93807649,-1.02768493,0 134.93854049,-1.02800615,0 134.93892120,-1.02805374,0 134.94000124,-1.02696570,0 134.94172635,-1.02405680,0 134.94219629,-1.02256369,0 134.94241901,-1.02093916,0 134.94339206,-1.01837884,0 134.94391834,-1.01746426,0 134.94488175,-1.01648956,0</coordinates></LinearRing></outerBoundaryIs></Polygon><Polygon><tessellate>1</tessellate><altitudeMode>clampToGround</altitudeMode><outerBoundaryIs><LinearRing><coordinates>134.95111538,-1.01356554,0 134.94993755,-1.01348821,0 134.94906310,-1.01379754,0 134.94867049,-1.01373805,0 134.94726129,-1.01453351,0 134.94704238,-1.01610871,0 134.94671402,-1.01709857,0 134.94531013,-1.01935905,0 134.94522447,-1.01982543,0 134.94545290,-1.02031560,0 134.94531965,-1.02125311,0 134.94660456,-1.02293300,0 134.94641420,-1.02359450,0 134.94637137,-1.02476043,0 134.94706618,-1.02539337,0 134.94726605,-1.02590257,0 134.94801796,-1.02652599,0 134.94833205,-1.02730170,0 134.94908872,-1.02782042,0 134.94945929,-1.02770792,0 134.94978035,-1.02696286,0 134.94988524,-1.02698869,0 134.94968358,-1.02723983,0 134.94987870,-1.02760151,0 134.95016500,-1.02771152,0 134.95061157,-1.02760627,0 134.95103016,-1.02597010,0 134.95136995,-1.02579402,0 134.95182300,-1.02493551,0 134.95288233,-1.02470232,0 134.95325341,-1.02432078,0 134.95385039,-1.02305401,0 134.95403233,-1.02218867,0 134.95408562,-1.02089292,0 134.95436340,-1.01977264,0 134.95400386,-1.01743824,0 134.95298794,-1.01671818,0 134.95276725,-1.01623751,0 134.95243432,-1.01596493,0 134.95214896,-1.01525159,0 134.95209665,-1.01458612,0 134.95111538,-1.01356554,0</coordinates></LinearRing></outerBoundaryIs></Polygon><Polygon><tessellate>1</tessellate><altitudeMode>clampToGround</altitudeMode><outerBoundaryIs><LinearRing><coordinates>134.94040888,-1.01145825,0 134.93996630,-1.01127265,0 134.93975215,-1.01150584,0 134.93952372,-1.01142970,0 134.93931433,-1.01162957,0 134.93919536,-1.01239576,0 134.93948565,-1.01279551,0 134.94002341,-1.01311436,0 134.94071821,-1.01250522,0 134.94077532,-1.01226251,0 134.94040888,-1.01145825,0</coordinates></LinearRing></outerBoundaryIs></Polygon><Polygon><tessellate>1</tessellate><altitudeMode>clampToGround</altitudeMode><outerBoundaryIs><LinearRing><coordinates>134.95020975,-1.01016621,0 134.95060236,-1.00991993,0 134.95048458,-1.00952732,0 134.94997775,-1.00957015,0 134.94999560,-1.00997347,0 134.94972434,-1.00971649,0 134.94932426,-1.00978766,0 134.94814675,-1.00958086,0 134.94760424,-1.01001987,0 134.94758639,-1.01044817,0 134.94737938,-1.01074085,0 134.94749716,-1.01133690,0 134.94800399,-1.01190083,0 134.94765064,-1.01200791,0 134.94746147,-1.01226132,0 134.94772916,-1.01307153,0 134.94827525,-1.01335349,0 134.94874995,-1.01333208,0 134.94978144,-1.01279313,0 134.95025615,-1.01223277,0 134.95015978,-1.01179733,0 134.95040962,-1.01145825,0 134.95045959,-1.01097998,0 134.95020975,-1.01016621,0</coordinates></LinearRing></outerBoundaryIs></Polygon><Polygon><tessellate>1</tessellate><altitudeMode>clampToGround</altitudeMode><outerBoundaryIs><LinearRing><coordinates>134.97371664,-1.00940943,0 134.97357038,-1.00950877,0 134.97364292,-1.00954229,0 134.97371664,-1.00940943,0</coordinates></LinearRing></outerBoundaryIs></Polygon><Polygon><tessellate>1</tessellate><altitudeMode>clampToGround</altitudeMode><outerBoundaryIs><LinearRing><coordinates>134.97227796,-1.00895907,0 134.97244157,-1.00908930,0 134.97300472,-1.00869864,0 134.97264134,-1.00856841,0 134.97227796,-1.00895907,0</coordinates></LinearRing></outerBoundaryIs></Polygon><Polygon><tessellate>1</tessellate><altitudeMode>clampToGround</altitudeMode><outerBoundaryIs><LinearRing><coordinates>134.97732211,-1.00792894,0 134.97725667,-1.00821447,0 134.97751247,-1.00836616,0 134.97801513,-1.00824124,0 134.97820251,-1.00788730,0 134.97808651,-1.00756904,0 134.97785154,-1.00752145,0 134.97732211,-1.00792894,0</coordinates></LinearRing></outerBoundaryIs></Polygon><Polygon><tessellate>1</tessellate><altitudeMode>clampToGround</altitudeMode><outerBoundaryIs><LinearRing><coordinates>134.97094204,-1.00667489,0 134.97105524,-1.00690565,0 134.97116368,-1.00690565,0 134.97105904,-1.00654850,0 134.97094204,-1.00667489,0</coordinates></LinearRing></outerBoundaryIs></Polygon><Polygon><tessellate>1</tessellate><altitudeMode>clampToGround</altitudeMode><outerBoundaryIs><LinearRing><coordinates>134.97055333,-1.00618964,0 134.97086385,-1.00622890,0 134.97091738,-1.00598262,0 134.97049622,-1.00566853,0 134.97025708,-1.00586127,0 134.97055333,-1.00618964,0</coordinates></LinearRing></outerBoundaryIs></Polygon><Polygon><tessellate>1</tessellate><altitudeMode>clampToGround</altitudeMode><outerBoundaryIs><LinearRing><coordinates>134.97582967,-1.00323612,0 134.97522648,-1.00260437,0 134.97506586,-1.00273643,0 134.97495165,-1.00347882,0 134.97556198,-1.00420337,0 134.97604382,-1.00414269,0 134.97607238,-1.00391069,0 134.97588321,-1.00387500,0 134.97582967,-1.00323612,0</coordinates></LinearRing></outerBoundaryIs></Polygon><Polygon><tessellate>1</tessellate><altitudeMode>clampToGround</altitudeMode><outerBoundaryIs><LinearRing><coordinates>134.79310570,-0.99509061,0 134.79293454,-0.99407805,0 134.79262066,-0.99361843,0 134.79239951,-0.99340297,0 134.79193578,-0.99341013,0 134.79124371,-0.99420002,0 134.79087272,-0.99431490,0 134.79048038,-0.99366138,0 134.79002378,-0.99375471,0 134.78990241,-0.99512632,0 134.78938867,-0.99623220,0 134.78965969,-0.99753920,0 134.79087251,-0.99763263,0 134.79137909,-0.99698635,0 134.79182854,-0.99699356,0 134.79310570,-0.99509061,0</coordinates></LinearRing></outerBoundaryIs></Polygon><Polygon><tessellate>1</tessellate><altitudeMode>clampToGround</altitudeMode><outerBoundaryIs><LinearRing><coordinates>135.01036502,-0.21004999,0 135.01036160,-0.21009772,0 135.01044954,-0.21008642,0 135.01036502,-0.21004999,0</coordinates></LinearRing></outerBoundaryIs></Polygon><Polygon><tessellate>1</tessellate><altitudeMode>clampToGround</altitudeMode><outerBoundaryIs><LinearRing><coordinates>135.01054537,-0.20974783,0 135.01073511,-0.20971570,0 135.01069109,-0.20966103,0 135.01054537,-0.20974783,0</coordinates></LinearRing></outerBoundaryIs></Polygon><Polygon><tessellate>1</tessellate><altitudeMode>clampToGround</altitudeMode><outerBoundaryIs><LinearRing><coordinates>135.01096117,-0.20914541,0 135.01117991,-0.20915156,0 135.01125760,-0.20869696,0 135.01087530,-0.20913306,0 135.01080661,-0.20944037,0 135.01114312,-0.20931201,0 135.01096117,-0.20914541,0</coordinates></LinearRing></outerBoundaryIs></Polygon><Polygon><tessellate>1</tessellate><altitudeMode>clampToGround</altitudeMode><outerBoundaryIs><LinearRing><coordinates>135.01125824,-0.20845911,0 135.01141687,-0.20846367,0 135.01143046,-0.20816735,0 135.01125824,-0.20845911,0</coordinates></LinearRing></outerBoundaryIs></Polygon><Polygon><tessellate>1</tessellate><altitudeMode>clampToGround</altitudeMode><outerBoundaryIs><LinearRing><coordinates>135.00707857,-0.21016798,0 135.00737993,-0.21045481,0 135.00832086,-0.21052399,0 135.00879288,-0.21017197,0 135.00971429,-0.20899175,0 135.01054303,-0.20718306,0 135.00995536,-0.20558136,0 135.00966157,-0.20596990,0 135.00973086,-0.20741332,0 135.00707857,-0.21016798,0</coordinates></LinearRing></outerBoundaryIs></Polygon><Polygon><tessellate>1</tessellate><altitudeMode>clampToGround</altitudeMode><outerBoundaryIs><LinearRing><coordinates>135.01081167,-0.20735382,0 135.01082024,-0.20751063,0 135.01097086,-0.20747881,0 135.01095316,-0.20741570,0 135.01081167,-0.20735382,0</coordinates></LinearRing></outerBoundaryIs></Polygon><Polygon><tessellate>1</tessellate><altitudeMode>clampToGround</altitudeMode><outerBoundaryIs><LinearRing><coordinates>134.30054415,0.80454849,0 134.30075831,0.80452708,0 134.30193351,0.80706268,0 134.30229846,0.80999431,0 134.30200696,0.81506920,0 134.30204691,0.81703797,0 134.30232090,0.81899036,0 134.30361330,0.82552721,0 134.30573838,0.83296831,0 134.30648178,0.83705675,0 134.30655636,0.83901159,0 134.30618717,0.84269081,0 134.30548134,0.84473129,0 134.30507262,0.84448643,0 134.30457714,0.84352729,0 134.30409649,0.84061007,0 134.30261647,0.83699805,0 134.30011585,0.82685594,0 134.29975893,0.82471442,0 134.29950195,0.82165206,0 134.29960189,0.81326446,0 134.29934491,0.80841750,0 134.29940915,0.80693985,0 134.30054415,0.80454849,0</coordinates></LinearRing></outerBoundaryIs></Polygon><Polygon><tessellate>1</tessellate><altitudeMode>clampToGround</altitudeMode><outerBoundaryIs><LinearRing><coordinates>134.32151898,0.90857860,0 134.32202634,0.90844479,0 134.32194538,0.90862619,0 134.32148091,0.90877276,0 134.32151898,0.90857860,0</coordinates></LinearRing></outerBoundaryIs></Polygon><Polygon><tessellate>1</tessellate><altitudeMode>clampToGround</altitudeMode><outerBoundaryIs><LinearRing><coordinates>134.32483696,0.91086518,0 134.32477450,0.91105256,0 134.32461983,0.91106446,0 134.32456630,0.91087410,0 134.32483696,0.91086518,0</coordinates></LinearRing></outerBoundaryIs></Polygon><Polygon><tessellate>1</tessellate><altitudeMode>clampToGround</altitudeMode><outerBoundaryIs><LinearRing><coordinates>134.33945519,0.92430900,0 134.33926796,0.92539861,0 134.33851896,0.92686987,0 134.33817632,0.92694839,0 134.33732358,0.92609816,0 134.33702689,0.92544688,0 134.33699668,0.92501636,0 134.33717040,0.92469158,0 134.33759337,0.92451786,0 134.33731707,0.92414205,0 134.33657441,0.92363853,0 134.33305946,0.92218079,0 134.33092027,0.92069240,0 134.33039216,0.91987678,0 134.32968383,0.91925236,0 134.32660809,0.91386730,0 134.32534854,0.91056477,0 134.32501649,0.90787217,0 134.32538279,0.90626909,0 134.32581519,0.90553432,0 134.32680827,0.90626961,0 134.32849968,0.90803143,0 134.33090461,0.90998584,0 134.33342716,0.91244099,0 134.33694138,0.91503443,0 134.33781940,0.91658346,0 134.33815490,0.91752573,0 134.33945519,0.92430900,0</coordinates></LinearRing></outerBoundaryIs></Polygon><Polygon><tessellate>1</tessellate><altitudeMode>clampToGround</altitudeMode><outerBoundaryIs><LinearRing><coordinates>134.30903445,0.92664997,0 134.30910583,0.92683081,0 134.30818736,0.92938159,0 134.30770671,0.92976230,0 134.30704998,0.92988603,0 134.30709281,0.92963857,0 134.30787803,0.92882004,0 134.30903445,0.92664997,0</coordinates></LinearRing></outerBoundaryIs></Polygon><Polygon><tessellate>1</tessellate><altitudeMode>clampToGround</altitudeMode><outerBoundaryIs><LinearRing><coordinates>134.33943498,0.93023969,0 134.33947068,0.93055597,0 134.33937516,0.93038602,0 134.33895251,0.93044444,0 134.33879272,0.92997451,0 134.33851353,0.92972770,0 134.33845938,0.92863768,0 134.33871266,0.92810840,0 134.33902207,0.92833665,0 134.33950253,0.92950861,0 134.33960033,0.92997714,0 134.33943498,0.93023969,0</coordinates></LinearRing></outerBoundaryIs></Polygon><Polygon><tessellate>1</tessellate><altitudeMode>clampToGround</altitudeMode><outerBoundaryIs><LinearRing><coordinates>134.30817253,0.93574252,0 134.30790626,0.93608878,0 134.30632242,0.93699330,0 134.30554322,0.93775317,0 134.30487103,0.93795542,0 134.30406201,0.93783050,0 134.30342597,0.93747067,0 134.30202995,0.93565091,0 134.30215368,0.93555573,0 134.30278496,0.93599475,0 134.30313402,0.93598880,0 134.30341480,0.93617439,0 134.30405249,0.93572230,0 134.30588468,0.93557001,0 134.30714103,0.93478003,0 134.30757089,0.93416979,0 134.30769604,0.93368092,0 134.30784266,0.93378140,0 134.30820822,0.93361290,0 134.30845211,0.93383300,0 134.30852350,0.93419587,0 134.30817253,0.93574252,0</coordinates></LinearRing></outerBoundaryIs></Polygon><Polygon><tessellate>1</tessellate><altitudeMode>clampToGround</altitudeMode><outerBoundaryIs><LinearRing><coordinates>135.46965667,-1.65949952,0 135.46978295,-1.65998261,0 135.47006683,-1.65960218,0 135.46984686,-1.65934615,0 135.46965667,-1.65949952,0</coordinates></LinearRing></outerBoundaryIs></Polygon><Polygon><tessellate>1</tessellate><altitudeMode>clampToGround</altitudeMode><outerBoundaryIs><LinearRing><coordinates>135.46781969,-1.65838358,0 135.46762988,-1.65857599,0 135.46725871,-1.65796437,0 135.46709027,-1.65801798,0 135.46688281,-1.65856841,0 135.46705778,-1.65894846,0 135.46740804,-1.65872696,0 135.46812165,-1.65896118,0 135.46786186,-1.65948938,0 135.46743071,-1.65951078,0 135.46719770,-1.65980017,0 135.46775050,-1.65986811,0 135.46763131,-1.65999508,0 135.46777151,-1.66014785,0 135.46768248,-1.66076655,0 135.46788550,-1.66053727,0 135.46823116,-1.66049508,0 135.46804836,-1.66106523,0 135.46825674,-1.66124109,0 135.46904309,-1.66020523,0 135.46862133,-1.65883085,0 135.46781969,-1.65838358,0</coordinates></LinearRing></outerBoundaryIs></Polygon><Polygon><tessellate>1</tessellate><altitudeMode>clampToGround</altitudeMode><outerBoundaryIs><LinearRing><coordinates>135.42253998,-1.61190269,0 135.42269234,-1.61217073,0 135.42281693,-1.61211500,0 135.42253998,-1.61190269,0</coordinates></LinearRing></outerBoundaryIs></Polygon><Polygon><tessellate>1</tessellate><altitudeMode>clampToGround</altitudeMode><outerBoundaryIs><LinearRing><coordinates>135.42317391,-1.61152335,0 135.42314974,-1.61183322,0 135.42361704,-1.61193756,0 135.42353044,-1.61160335,0 135.42317391,-1.61152335,0</coordinates></LinearRing></outerBoundaryIs></Polygon><Polygon><tessellate>1</tessellate><altitudeMode>clampToGround</altitudeMode><outerBoundaryIs><LinearRing><coordinates>135.44004284,-1.60195924,0 135.43995782,-1.60219002,0 135.44033827,-1.60229493,0 135.44063057,-1.60190074,0 135.44031356,-1.60183415,0 135.44004284,-1.60195924,0</coordinates></LinearRing></outerBoundaryIs></Polygon><Polygon><tessellate>1</tessellate><altitudeMode>clampToGround</altitudeMode><outerBoundaryIs><LinearRing><coordinates>135.22340433,-1.52474141,0 135.22264797,-1.52460068,0 135.22249565,-1.52472011,0 135.22297747,-1.52492146,0 135.22332641,-1.52489648,0 135.22340433,-1.52474141,0</coordinates></LinearRing></outerBoundaryIs></Polygon><Polygon><tessellate>1</tessellate><altitudeMode>clampToGround</altitudeMode><outerBoundaryIs><LinearRing><coordinates>135.30254897,-1.52021825,0 135.30250920,-1.52029257,0 135.30285588,-1.52025708,0 135.30254897,-1.52021825,0</coordinates></LinearRing></outerBoundaryIs></Polygon><Polygon><tessellate>1</tessellate><altitudeMode>clampToGround</altitudeMode><outerBoundaryIs><LinearRing><coordinates>135.34084647,-1.51008418,0 135.33988199,-1.50988912,0 135.33902607,-1.50951360,0 135.33852302,-1.50976003,0 135.33822085,-1.51014620,0 135.33815262,-1.51065938,0 135.33685778,-1.51223565,0 135.33679262,-1.51257008,0 135.33703667,-1.51297923,0 135.33713525,-1.51376314,0 135.33805245,-1.51406113,0 135.33863115,-1.51401845,0 135.33900788,-1.51428975,0 135.33950870,-1.51431552,0 135.34076933,-1.51491087,0 135.34225040,-1.51494940,0 135.34293079,-1.51470072,0 135.34349729,-1.51491047,0 135.34392364,-1.51402495,0 135.34443553,-1.51380725,0 135.34522507,-1.51397855,0 135.34743702,-1.51406319,0 135.34801238,-1.51430625,0 135.34892353,-1.51410801,0 135.34903591,-1.51340053,0 135.34923369,-1.51316210,0 135.35028666,-1.51300307,0 135.35181646,-1.51249344,0 135.35200203,-1.51226702,0 135.35192889,-1.51212554,0 135.35147830,-1.51205996,0 135.35028737,-1.51086694,0 135.34949760,-1.51074153,0 135.34873939,-1.51019116,0 135.34822391,-1.51003082,0 135.34747417,-1.51016586,0 135.34690767,-1.51000659,0 135.34656907,-1.51018760,0 135.34594523,-1.50993182,0 135.34424455,-1.51013697,0 135.34314489,-1.50984158,0 135.34084647,-1.51008418,0</coordinates></LinearRing></outerBoundaryIs></Polygon><Polygon><tessellate>1</tessellate><altitudeMode>clampToGround</altitudeMode><outerBoundaryIs><LinearRing><coordinates>135.32392387,-1.51131839,0 135.32351258,-1.51131514,0 135.32340730,-1.51140121,0 135.32386139,-1.51154677,0 135.32392387,-1.51131839,0</coordinates></LinearRing></outerBoundaryIs></Polygon><Polygon><tessellate>1</tessellate><altitudeMode>clampToGround</altitudeMode><outerBoundaryIs><LinearRing><coordinates>135.36233803,-1.50884795,0 135.36266727,-1.50882922,0 135.36274071,-1.50852829,0 135.36238628,-1.50796375,0 135.36223058,-1.50817349,0 135.36233803,-1.50884795,0</coordinates></LinearRing></outerBoundaryIs></Polygon><Polygon><tessellate>1</tessellate><altitudeMode>clampToGround</altitudeMode><outerBoundaryIs><LinearRing><coordinates>135.37110068,-1.49919042,0 135.37058458,-1.49845716,0 135.37035841,-1.49778374,0 135.36973938,-1.49736284,0 135.36907494,-1.49718295,0 135.36817987,-1.49777515,0 135.36743356,-1.49801162,0 135.36682026,-1.49802030,0 135.36633974,-1.49837580,0 135.36528446,-1.49818449,0 135.36486934,-1.49853271,0 135.36444513,-1.49927374,0 135.36370266,-1.49976681,0 135.36325110,-1.49972198,0 135.36282613,-1.49993499,0 135.36274087,-1.50023008,0 135.36350441,-1.50331859,0 135.36354180,-1.50467681,0 135.36409679,-1.50555260,0 135.36411829,-1.50628342,0 135.36457773,-1.50705762,0 135.36443921,-1.50771217,0 135.36473779,-1.50774431,0 135.36551607,-1.50686432,0 135.36633182,-1.50688027,0 135.36726673,-1.50643950,0 135.36819445,-1.50650372,0 135.36921396,-1.50613304,0 135.37003678,-1.50649194,0 135.37044196,-1.50628264,0 135.37058050,-1.50579976,0 135.37047372,-1.50496821,0 135.37127680,-1.50318970,0 135.37098214,-1.50144339,0 135.37101612,-1.50045689,0 135.37082391,-1.49982089,0 135.37110068,-1.49919042,0</coordinates></LinearRing></outerBoundaryIs></Polygon><Polygon><tessellate>1</tessellate><altitudeMode>clampToGround</altitudeMode><outerBoundaryIs><LinearRing><coordinates>135.12177888,-1.46702790,0 135.12142882,-1.46641574,0 135.11947717,-1.46531124,0 135.11848144,-1.46387838,0 135.11789302,-1.46362560,0 135.11745668,-1.46363228,0 135.11736413,-1.46375869,0 135.11739720,-1.46413789,0 135.11787324,-1.46467009,0 135.11797905,-1.46512247,0 135.11726476,-1.46598930,0 135.11670281,-1.46604255,0 135.11591605,-1.46573656,0 135.11533425,-1.46576321,0 135.11475047,-1.46532451,0 135.11456499,-1.46599520,0 135.11390521,-1.46599793,0 135.11374162,-1.46636228,0 135.11376979,-1.46698160,0 135.11282057,-1.46745549,0 135.11257267,-1.46782553,0 135.11269229,-1.46835953,0 135.11317840,-1.46860963,0 135.11333538,-1.46889542,0 135.11320766,-1.47010050,0 135.11199686,-1.47096550,0 135.11166054,-1.47149200,0 135.11228817,-1.47281674,0 135.11420524,-1.47436726,0 135.11466261,-1.47535431,0 135.11466933,-1.47652190,0 135.11409684,-1.47719852,0 135.11394986,-1.47803782,0 135.11349053,-1.47860055,0 135.11343066,-1.47935754,0 135.11307044,-1.48007624,0 135.11244957,-1.48058753,0 135.11180744,-1.48081797,0 135.11004553,-1.48046706,0 135.10954624,-1.48059437,0 135.10931989,-1.48046040,0 135.10885736,-1.48250252,0 135.10849256,-1.48255979,0 135.10779306,-1.48230724,0 135.10674935,-1.48243828,0 135.10648266,-1.48266062,0 135.10658802,-1.48310201,0 135.10582642,-1.48340015,0 135.10423173,-1.48311611,0 135.10352854,-1.48208989,0 135.10269660,-1.48136904,0 135.10195700,-1.48151405,0 135.10129294,-1.48114157,0 135.10075985,-1.48116576,0 135.10052933,-1.48145573,0 135.10137593,-1.48285055,0 135.10138650,-1.48355406,0 135.10172986,-1.48415067,0 135.10116853,-1.48601887,0 135.10059276,-1.48644063,0 135.09978980,-1.48654709,0 135.09855453,-1.48719792,0 135.09786944,-1.48729942,0 135.09760506,-1.48768126,0 135.09721513,-1.48774331,0 135.09692137,-1.48807095,0 135.09637069,-1.48816613,0 135.09609749,-1.48883729,0 135.09562143,-1.48904918,0 135.09533672,-1.48947739,0 135.09509579,-1.48951203,0 135.09519906,-1.48977021,0 135.09693380,-1.49063421,0 135.09703096,-1.49081181,0 135.09645790,-1.49174774,0 135.09647669,-1.49220427,0 135.09669129,-1.49249683,0 135.09637060,-1.49311718,0 135.09573185,-1.49341200,0 135.09461429,-1.49351969,0 135.09447220,-1.49375703,0 135.09466159,-1.49408617,0 135.09527563,-1.49414966,0 135.09535027,-1.49492923,0 135.09569462,-1.49558752,0 135.09636522,-1.49578435,0 135.09644262,-1.49593552,0 135.09636980,-1.49652648,0 135.09601017,-1.49700750,0 135.09617507,-1.49763232,0 135.09664222,-1.49827208,0 135.09630793,-1.49851647,0 135.09442647,-1.49864304,0 135.09345612,-1.49895311,0 135.09211645,-1.49999005,0 135.09159733,-1.50068234,0 135.09148098,-1.50109806,0 135.09187666,-1.50137323,0 135.09188833,-1.50212853,0 135.09219092,-1.50247397,0 135.09263395,-1.50264542,0 135.09276780,-1.50322506,0 135.09339041,-1.50341240,0 135.09363002,-1.50388737,0 135.09428848,-1.50393518,0 135.09450962,-1.50447384,0 135.09513930,-1.50503114,0 135.09586665,-1.50525946,0 135.09619962,-1.50574647,0 135.09679313,-1.50588111,0 135.09718300,-1.50628509,0 135.09771832,-1.50632020,0 135.09878082,-1.50693459,0 135.09891240,-1.50724569,0 135.09860014,-1.50785443,0 135.09871866,-1.50812156,0 135.09931743,-1.50812743,0 135.10072097,-1.50667948,0 135.10126198,-1.50642525,0 135.10229004,-1.50665661,0 135.10244858,-1.50754855,0 135.10301848,-1.50809859,0 135.10330612,-1.50818127,0 135.10514503,-1.50786777,0 135.10554419,-1.50751925,0 135.10623099,-1.50728294,0 135.10640251,-1.50693326,0 135.10679100,-1.50666632,0 135.10685555,-1.50633553,0 135.10726059,-1.50627644,0 135.10774780,-1.50593973,0 135.10795464,-1.50543642,0 135.10856610,-1.50491627,0 135.10908267,-1.50488081,0 135.10927809,-1.50445442,0 135.10990731,-1.50428339,0 135.11010539,-1.50370949,0 135.11137819,-1.50300614,0 135.11199884,-1.50212714,0 135.11268775,-1.50172503,0 135.11294158,-1.50135409,0 135.11395733,-1.50101152,0 135.11426918,-1.49988026,0 135.11522691,-1.49988306,0 135.11563286,-1.50059595,0 135.11703614,-1.50058030,0 135.11761306,-1.50114127,0 135.11879568,-1.50184730,0 135.12011523,-1.50223389,0 135.12058251,-1.50192790,0 135.12071087,-1.50122173,0 135.12144061,-1.50123779,0 135.12176152,-1.50094741,0 135.12259245,-1.50065384,0 135.12285253,-1.50089873,0 135.12279990,-1.50159071,0 135.12420016,-1.50317153,0 135.12383416,-1.50399547,0 135.12440196,-1.50546675,0 135.12614275,-1.50605995,0 135.12620698,-1.50626505,0 135.12592481,-1.50679755,0 135.12636683,-1.50741041,0 135.12750158,-1.50754803,0 135.12844663,-1.50845076,0 135.12931781,-1.50875133,0 135.12974779,-1.50861926,0 135.12942434,-1.50789047,0 135.12967909,-1.50725478,0 135.13052147,-1.50637204,0 135.13153647,-1.50634321,0 135.13175094,-1.50672441,0 135.13247290,-1.50715592,0 135.13384529,-1.50689690,0 135.13438850,-1.50637181,0 135.13510501,-1.50605418,0 135.13514787,-1.50548596,0 135.13484746,-1.50453539,0 135.13530150,-1.50427810,0 135.13550183,-1.50365479,0 135.13579242,-1.50359662,0 135.13627466,-1.50398126,0 135.13714854,-1.50428093,0 135.13740180,-1.50502696,0 135.13809059,-1.50551472,0 135.13834170,-1.50631796,0 135.13894311,-1.50711823,0 135.13976850,-1.50757586,0 135.14062913,-1.50742429,0 135.14070934,-1.50802149,0 135.14101623,-1.50821101,0 135.14106891,-1.50910762,0 135.14225321,-1.50978720,0 135.14288841,-1.51092838,0 135.14297074,-1.51156830,0 135.14338976,-1.51173836,0 135.14384659,-1.51223139,0 135.14516713,-1.51262516,0 135.14599756,-1.51311067,0 135.14810377,-1.51502461,0 135.14864174,-1.51622778,0 135.15024177,-1.51707795,0 135.15069415,-1.51764585,0 135.15308167,-1.51939018,0 135.15712243,-1.52070285,0 135.15875386,-1.52079649,0 135.16003144,-1.52031801,0 135.16280133,-1.52012303,0 135.16388458,-1.51988347,0 135.16444314,-1.51952716,0 135.16475856,-1.51876155,0 135.16619348,-1.51845402,0 135.16663513,-1.51808900,0 135.16682650,-1.51762345,0 135.16706522,-1.51791140,0 135.16816698,-1.51806495,0 135.16824865,-1.51904629,0 135.16870147,-1.51934373,0 135.16886183,-1.51977142,0 135.16948271,-1.52046241,0 135.17041159,-1.52085265,0 135.17255637,-1.52243024,0 135.17328077,-1.52350888,0 135.17414314,-1.52332793,0 135.17509844,-1.52388706,0 135.17564076,-1.52401702,0 135.17670773,-1.52396318,0 135.17706702,-1.52374980,0 135.17788148,-1.52132230,0 135.17858707,-1.52027971,0 135.17836042,-1.51868239,0 135.17786790,-1.51807051,0 135.17776180,-1.51769490,0 135.17754762,-1.51761282,0 135.17731273,-1.51706445,0 135.17702924,-1.51685783,0 135.17712320,-1.51643220,0 135.17701352,-1.51613270,0 135.17653864,-1.51571469,0 135.17605487,-1.51556870,0 135.17626938,-1.51513004,0 135.17593587,-1.51486144,0 135.17583314,-1.51402562,0 135.17615928,-1.51369733,0 135.17628044,-1.51260613,0 135.17656817,-1.51232295,0 135.17689962,-1.51100497,0 135.17826913,-1.51071980,0 135.17855625,-1.51095468,0 135.17908880,-1.51099802,0 135.17978177,-1.51158028,0 135.18022665,-1.51135785,0 135.18101859,-1.51132499,0 135.18246090,-1.51246667,0 135.18276633,-1.51238228,0 135.18322968,-1.51190835,0 135.18352743,-1.51197459,0 135.18384354,-1.51253674,0 135.18476503,-1.51202944,0 135.18537351,-1.51242831,0 135.18633244,-1.51214084,0 135.18670040,-1.51246796,0 135.18704399,-1.51337101,0 135.18661850,-1.51404748,0 135.18690755,-1.51482445,0 135.18641645,-1.51559374,0 135.18641857,-1.51639030,0 135.18609392,-1.51696430,0 135.18609925,-1.51749557,0 135.18575695,-1.51798154,0 135.18602789,-1.51836049,0 135.18776622,-1.51828334,0 135.18827751,-1.51777112,0 135.18821416,-1.51701758,0 135.18886660,-1.51634888,0 135.18893723,-1.51585936,0 135.18953820,-1.51576485,0 135.18993129,-1.51532585,0 135.19037023,-1.51565661,0 135.19100689,-1.51697468,0 135.19147836,-1.51706669,0 135.19205157,-1.51750612,0 135.19280581,-1.51763691,0 135.19373250,-1.51837379,0 135.19395428,-1.51836114,0 135.19456934,-1.51775055,0 135.19517607,-1.51753996,0 135.19593080,-1.51665824,0 135.19664213,-1.51632553,0 135.19791640,-1.51653240,0 135.19828364,-1.51729309,0 135.19886367,-1.51710675,0 135.19901652,-1.51649954,0 135.20009454,-1.51652939,0 135.20032028,-1.51701040,0 135.20097145,-1.51736249,0 135.20109818,-1.51811713,0 135.20143870,-1.51812827,0 135.20193269,-1.51728169,0 135.20226579,-1.51708798,0 135.20309899,-1.51733417,0 135.20432912,-1.51805849,0 135.20494304,-1.51869182,0 135.20563089,-1.51975070,0 135.20572462,-1.52070340,0 135.20621430,-1.52087671,0 135.20641248,-1.52146372,0 135.20690731,-1.52171042,0 135.20763705,-1.52352904,0 135.20758793,-1.52394054,0 135.20724159,-1.52424189,0 135.20715001,-1.52469161,0 135.20655909,-1.52503742,0 135.20631026,-1.52563172,0 135.20573338,-1.52633590,0 135.20474864,-1.52696988,0 135.20488684,-1.52731768,0 135.20548566,-1.52776378,0 135.20650523,-1.52814431,0 135.20778178,-1.52770877,0 135.20895082,-1.52627451,0 135.20951280,-1.52596632,0 135.20967488,-1.52564005,0 135.20946214,-1.52478014,0 135.20978047,-1.52390872,0 135.21184591,-1.52287092,0 135.21198274,-1.52255469,0 135.21190399,-1.52139668,0 135.21205527,-1.52117553,0 135.21245876,-1.52114649,0 135.21264966,-1.52085284,0 135.21303154,-1.52084918,0 135.21379627,-1.52048467,0 135.21404151,-1.52066900,0 135.21475544,-1.52075482,0 135.21538703,-1.52141885,0 135.21546035,-1.52181876,0 135.21524599,-1.52216810,0 135.21543797,-1.52274727,0 135.21584453,-1.52305389,0 135.21646262,-1.52322129,0 135.21687780,-1.52289392,0 135.21740489,-1.52283430,0 135.21752352,-1.52238868,0 135.21796105,-1.52203946,0 135.21919383,-1.52208837,0 135.21945600,-1.52236063,0 135.21953531,-1.52288315,0 135.22006005,-1.52334335,0 135.21941983,-1.52398825,0 135.21934940,-1.52428606,0 135.21949646,-1.52463544,0 135.22045833,-1.52500431,0 135.22154410,-1.52503257,0 135.22179495,-1.52488506,0 135.22167236,-1.52414290,0 135.22182243,-1.52367730,0 135.22243273,-1.52385984,0 135.22311380,-1.52323872,0 135.22307946,-1.52157599,0 135.22333270,-1.52130132,0 135.22331081,-1.52088747,0 135.22374601,-1.52056576,0 135.22368954,-1.51987746,0 135.22344894,-1.51954234,0 135.22357431,-1.51914644,0 135.22395544,-1.51909691,0 135.22498758,-1.51966630,0 135.22583402,-1.51952523,0 135.22649392,-1.51967838,0 135.22729384,-1.51951770,0 135.22815131,-1.51991834,0 135.22960773,-1.51992577,0 135.22997163,-1.51975500,0 135.22995227,-1.51864452,0 135.23025315,-1.51829428,0 135.23060143,-1.51835809,0 135.23139748,-1.51930392,0 135.23188180,-1.51953311,0 135.23386043,-1.51964702,0 135.23430355,-1.51939628,0 135.23478981,-1.51934587,0 135.23585967,-1.51955552,0 135.23617854,-1.52003734,0 135.23746911,-1.51992052,0 135.23816583,-1.52040266,0 135.23868121,-1.52044040,0 135.23905890,-1.52066921,0 135.23992131,-1.52082662,0 135.24026218,-1.52062048,0 135.24144844,-1.52068959,0 135.24245443,-1.52154533,0 135.24291353,-1.52216608,0 135.24265668,-1.52275742,0 135.24303195,-1.52335223,0 135.24292265,-1.52396196,0 135.24318536,-1.52430278,0 135.24341099,-1.52530830,0 135.24417316,-1.52578207,0 135.24486557,-1.52648026,0 135.24506002,-1.52723841,0 135.24469075,-1.52825939,0 135.24473795,-1.52850453,0 135.24535054,-1.52881310,0 135.24638842,-1.52868020,0 135.24686773,-1.52951776,0 135.24717520,-1.52965655,0 135.24761819,-1.52956093,0 135.24832501,-1.52909241,0 135.24923247,-1.52930666,0 135.25067743,-1.52876045,0 135.25258103,-1.52854731,0 135.25308682,-1.52875854,0 135.25391203,-1.52857540,0 135.25469240,-1.52774634,0 135.25498184,-1.52778594,0 135.25551404,-1.52835306,0 135.25576632,-1.52842046,0 135.25598310,-1.52830938,0 135.25631564,-1.52719286,0 135.25669317,-1.52672141,0 135.25762156,-1.52667774,0 135.25797867,-1.52695425,0 135.25850862,-1.52668322,0 135.25932113,-1.52685133,0 135.26002349,-1.52636635,0 135.26062448,-1.52635053,0 135.26093276,-1.52647025,0 135.26127633,-1.52691002,0 135.26159022,-1.52698357,0 135.26200796,-1.52664277,0 135.26250486,-1.52558721,0 135.26351264,-1.52514656,0 135.26385876,-1.52467061,0 135.26377582,-1.52426831,0 135.26395132,-1.52397392,0 135.26601194,-1.52365750,0 135.26694436,-1.52250296,0 135.26765749,-1.52213962,0 135.26932013,-1.52221791,0 135.26982232,-1.52206576,0 135.27012588,-1.52150529,0 135.27102295,-1.52097040,0 135.27130569,-1.52055824,0 135.27348889,-1.51951110,0 135.27438113,-1.51936380,0 135.27479779,-1.51895032,0 135.27543163,-1.51890608,0 135.27640174,-1.51762053,0 135.27764148,-1.51685053,0 135.27852362,-1.51657214,0 135.27997915,-1.51657283,0 135.28070187,-1.51680854,0 135.28131133,-1.51668580,0 135.28239522,-1.51713737,0 135.28329878,-1.51797780,0 135.28322086,-1.51871865,0 135.28340207,-1.51945112,0 135.28458539,-1.52039833,0 135.28565679,-1.52100419,0 135.28605626,-1.52096151,0 135.28634129,-1.52064723,0 135.28674711,-1.51960475,0 135.28814304,-1.51957920,0 135.28906894,-1.51873532,0 135.28964188,-1.51870217,0 135.29017424,-1.51843101,0 135.29153408,-1.51894399,0 135.29255341,-1.51868957,0 135.29312479,-1.51926768,0 135.29422267,-1.51946146,0 135.29574313,-1.51933626,0 135.29786481,-1.51879635,0 135.29923454,-1.51935907,0 135.29990261,-1.51898208,0 135.30009151,-1.51853726,0 135.30150027,-1.51840055,0 135.30258233,-1.51778813,0 135.30308328,-1.51727522,0 135.30454933,-1.51707674,0 135.30488100,-1.51631057,0 135.30556582,-1.51640035,0 135.30651287,-1.51559210,0 135.30677943,-1.51449261,0 135.30713890,-1.51419982,0 135.30771825,-1.51318335,0 135.30814038,-1.51324661,0 135.30872529,-1.51304489,0 135.30897689,-1.51231458,0 135.30979493,-1.51243266,0 135.31009508,-1.51270733,0 135.31014152,-1.51314051,0 135.31101571,-1.51361110,0 135.31358969,-1.51370022,0 135.31454006,-1.51315044,0 135.31442122,-1.51245597,0 135.31502347,-1.51216002,0 135.31534252,-1.51171938,0 135.31633815,-1.51170822,0 135.31690363,-1.51227236,0 135.31786092,-1.51194738,0 135.31846645,-1.51127415,0 135.31889381,-1.51108694,0 135.31922098,-1.51056715,0 135.32019257,-1.51009483,0 135.32031128,-1.50931225,0 135.32118312,-1.50913832,0 135.32207764,-1.50929998,0 135.32235002,-1.50953710,0 135.32313846,-1.50959699,0 135.32381267,-1.50933203,0 135.32534778,-1.50947319,0 135.32573599,-1.50930510,0 135.32580439,-1.50896070,0 135.32535414,-1.50779203,0 135.32567638,-1.50728200,0 135.32578580,-1.50658927,0 135.32631472,-1.50619278,0 135.32632584,-1.50574731,0 135.32593550,-1.50492123,0 135.32509167,-1.50451614,0 135.32457257,-1.50374684,0 135.32465442,-1.50307830,0 135.32397192,-1.50256187,0 135.32407932,-1.50243470,0 135.32490963,-1.50236968,0 135.32545094,-1.50142854,0 135.32650196,-1.50140845,0 135.32732958,-1.50063900,0 135.32805627,-1.50103309,0 135.32892191,-1.50105203,0 135.32907519,-1.50068300,0 135.32891079,-1.49987555,0 135.32970179,-1.49921159,0 135.32996077,-1.49865204,0 135.33026405,-1.49860749,0 135.33048512,-1.49811788,0 135.33099688,-1.49779355,0 135.33179882,-1.49780546,0 135.33223825,-1.49741591,0 135.33227045,-1.49708728,0 135.33196783,-1.49645731,0 135.33211694,-1.49600289,0 135.33273473,-1.49584394,0 135.33346844,-1.49517440,0 135.33427247,-1.49408544,0 135.33526096,-1.49401994,0 135.33545971,-1.49353696,0 135.33541175,-1.49301257,0 135.33556897,-1.49282186,0 135.33638341,-1.49279334,0 135.33640417,-1.49232990,0 135.33615251,-1.49196924,0 135.33620294,-1.49159975,0 135.33567964,-1.49125805,0 135.33556472,-1.49089241,0 135.33473313,-1.49008358,0 135.33396094,-1.48804822,0 135.33393328,-1.48724921,0 135.33422758,-1.48637834,0 135.33422768,-1.48531050,0 135.33465122,-1.48438663,0 135.33505273,-1.48403791,0 135.33532084,-1.48400790,0 135.33541704,-1.48370811,0 135.33624304,-1.48359647,0 135.33646529,-1.48340274,0 135.33706628,-1.48348760,0 135.33751349,-1.48320826,0 135.33758449,-1.48297305,0 135.33741122,-1.48244346,0 135.33638071,-1.48105894,0 135.33590997,-1.48094482,0 135.33498064,-1.48104212,0 135.33478234,-1.48172779,0 135.33284775,-1.48378150,0 135.33186429,-1.48430018,0 135.33107627,-1.48441396,0 135.33085725,-1.48504940,0 135.33106570,-1.48572619,0 135.33020929,-1.48640467,0 135.32955490,-1.48748263,0 135.32849492,-1.48832577,0 135.32720695,-1.48849518,0 135.32582946,-1.48814104,0 135.32546513,-1.48822197,0 135.32516044,-1.48875561,0 135.32540337,-1.48932408,0 135.32498805,-1.48971771,0 135.32466929,-1.49038974,0 135.32296333,-1.49232078,0 135.32235089,-1.49247647,0 135.32181035,-1.49306922,0 135.32124335,-1.49295947,0 135.32107513,-1.49306038,0 135.32094783,-1.49330143,0 135.32112678,-1.49376820,0 135.32088729,-1.49403367,0 135.31867210,-1.49451713,0 135.31686879,-1.49427898,0 135.31624839,-1.49368931,0 135.31534387,-1.49373533,0 135.31467387,-1.49418668,0 135.31451432,-1.49471063,0 135.31393246,-1.49492167,0 135.31346921,-1.49533520,0 135.31147994,-1.49590380,0 135.31094170,-1.49582212,0 135.31041896,-1.49551794,0 135.30901338,-1.49345490,0 135.30891493,-1.49287731,0 135.30929110,-1.49220427,0 135.30936408,-1.49143350,0 135.30965625,-1.49097312,0 135.30893088,-1.49007162,0 135.30834679,-1.48996287,0 135.30811562,-1.49030384,0 135.30723153,-1.49036861,0 135.30661949,-1.49074454,0 135.30545403,-1.49071412,0 135.30484844,-1.49045556,0 135.30407291,-1.48993400,0 135.30349219,-1.48858374,0 135.30343667,-1.48794196,0 135.30397688,-1.48748283,0 135.30399853,-1.48720847,0 135.30370259,-1.48712156,0 135.30333973,-1.48728463,0 135.30193497,-1.48672533,0 135.30147212,-1.48670439,0 135.30083787,-1.48602850,0 135.30030618,-1.48643283,0 135.30045305,-1.48685413,0 135.30037445,-1.48713034,0 135.29941873,-1.48750891,0 135.29865194,-1.48819402,0 135.29806404,-1.48797129,0 135.29760253,-1.48812976,0 135.29740932,-1.48804338,0 135.29646846,-1.48687327,0 135.29630127,-1.48633224,0 135.29640296,-1.48606902,0 135.29724679,-1.48559951,0 135.29730488,-1.48539478,0 135.29705048,-1.48462711,0 135.29702160,-1.48376309,0 135.29730493,-1.48344866,0 135.29790877,-1.48336704,0 135.29803953,-1.48315499,0 135.29822846,-1.48219695,0 135.29822826,-1.48061683,0 135.29937791,-1.47925300,0 135.29786208,-1.47760822,0 135.29765520,-1.47690077,0 135.29806306,-1.47642111,0 135.29813592,-1.47586847,0 135.29743687,-1.47465981,0 135.29689406,-1.47461827,0 135.29606698,-1.47512817,0 135.29539708,-1.47585739,0 135.29471985,-1.47580546,0 135.29389779,-1.47513451,0 135.29355112,-1.47518175,0 135.29342192,-1.47545227,0 135.29354090,-1.47609731,0 135.29334454,-1.47672678,0 135.29211574,-1.47771092,0 135.29127427,-1.47812733,0 135.29047762,-1.47883950,0 135.28804117,-1.47917302,0 135.28741392,-1.47904843,0 135.28687340,-1.47929575,0 135.28604829,-1.47865708,0 135.28581196,-1.47869573,0 135.28565152,-1.47884021,0 135.28562628,-1.47956254,0 135.28486791,-1.48014239,0 135.28399705,-1.48040806,0 135.28390685,-1.48135530,0 135.28325244,-1.48195024,0 135.28278798,-1.48206715,0 135.28155100,-1.48186503,0 135.28008227,-1.48217365,0 135.27989226,-1.48215243,0 135.27945334,-1.48148793,0 135.27903006,-1.48149925,0 135.27884010,-1.48186575,0 135.27903017,-1.48237559,0 135.27880854,-1.48272085,0 135.27879738,-1.48329678,0 135.27844910,-1.48393948,0 135.27817466,-1.48410416,0 135.27740315,-1.48388181,0 135.27675926,-1.48419525,0 135.27622095,-1.48472112,0 135.27593433,-1.48546105,0 135.27521659,-1.48610910,0 135.27502538,-1.48696611,0 135.27457151,-1.48736451,0 135.27439100,-1.48858772,0 135.27396876,-1.48873649,0 135.27215837,-1.48878451,0 135.27132773,-1.48955050,0 135.27100504,-1.49031085,0 135.27016057,-1.49058182,0 135.26976470,-1.49052876,0 135.26931071,-1.48996583,0 135.26915539,-1.48789918,0 135.26938294,-1.48731825,0 135.27001065,-1.48677930,0 135.27068363,-1.48690535,0 135.27090132,-1.48665636,0 135.27154788,-1.48666730,0 135.27170298,-1.48640237,0 135.27168884,-1.48610907,0 135.27119674,-1.48543546,0 135.27118819,-1.48494416,0 135.27161298,-1.48417451,0 135.27126072,-1.48365610,0 135.27106956,-1.48270731,0 135.27036740,-1.48262417,0 135.27007442,-1.48226535,0 135.26996318,-1.48175153,0 135.26977212,-1.48164048,0 135.26919790,-1.48181142,0 135.26839546,-1.48157228,0 135.26773639,-1.48179482,0 135.26723116,-1.48168381,0 135.26678965,-1.48193592,0 135.26576066,-1.48199631,0 135.26493587,-1.48128717,0 135.26417592,-1.48127871,0 135.26386033,-1.48100856,0 135.26366923,-1.48060700,0 135.26360117,-1.47949625,0 135.26341827,-1.47920488,0 135.26278140,-1.47895717,0 135.26233801,-1.47916098,0 135.26193040,-1.47881498,0 135.26151719,-1.47875584,0 135.26129647,-1.47913609,0 135.26165317,-1.47980250,0 135.26144940,-1.47993069,0 135.26096959,-1.47974383,0 135.26033703,-1.48003441,0 135.26026915,-1.48043600,0 135.26063870,-1.48135127,0 135.26061751,-1.48164178,0 135.25987591,-1.48188699,0 135.25970353,-1.48238155,0 135.25957436,-1.48379579,0 135.26019582,-1.48534221,0 135.26046330,-1.48675868,0 135.26028191,-1.48924498,0 135.25967844,-1.48999988,0 135.25848641,-1.49026491,0 135.25803310,-1.49136022,0 135.25852054,-1.49181136,0 135.25945629,-1.49156603,0 135.26023874,-1.49110063,0 135.26132141,-1.49158295,0 135.26218748,-1.49138053,0 135.26255094,-1.49149721,0 135.26276751,-1.49194072,0 135.26334752,-1.49225190,0 135.26349602,-1.49251800,0 135.26393975,-1.49441788,0 135.26388704,-1.49517603,0 135.26347498,-1.49678601,0 135.26306168,-1.49771833,0 135.26250227,-1.49832088,0 135.26219811,-1.49926910,0 135.26125473,-1.50047697,0 135.26104876,-1.50176099,0 135.26034469,-1.50266241,0 135.26032174,-1.50310996,0 135.26084323,-1.50339926,0 135.26088638,-1.50370004,0 135.26020872,-1.50463624,0 135.26058033,-1.50509805,0 135.26110488,-1.50513647,0 135.26134532,-1.50530688,0 135.26121946,-1.50663362,0 135.26131244,-1.50736487,0 135.26106646,-1.50764035,0 135.26008208,-1.50792804,0 135.26000015,-1.50823594,0 135.26021876,-1.50861529,0 135.25982543,-1.50928062,0 135.25984759,-1.51005217,0 135.25882545,-1.51105368,0 135.25789511,-1.51150620,0 135.25780774,-1.51194057,0 135.25805365,-1.51216597,0 135.25813019,-1.51252334,0 135.25750146,-1.51324599,0 135.25753977,-1.51377931,0 135.25852432,-1.51402266,0 135.25886314,-1.51436351,0 135.25887413,-1.51490233,0 135.25942635,-1.51539956,0 135.25938816,-1.51588341,0 135.25916417,-1.51619133,0 135.25947034,-1.51672118,0 135.25945409,-1.51795278,0 135.25855247,-1.51817413,0 135.25798898,-1.51937351,0 135.25708024,-1.51985856,0 135.25645187,-1.51988612,0 135.25583883,-1.51962770,0 135.25539079,-1.51969923,0 135.25409892,-1.52132320,0 135.25323563,-1.52162571,0 135.25289685,-1.52152128,0 135.25237769,-1.52093853,0 135.25157793,-1.52096477,0 135.25100414,-1.52045350,0 135.24947296,-1.51958433,0 135.24947689,-1.51874190,0 135.24924177,-1.51780668,0 135.24963512,-1.51682065,0 135.24940553,-1.51592448,0 135.24869930,-1.51526186,0 135.24856194,-1.51493129,0 135.24782771,-1.51492107,0 135.24745544,-1.51471149,0 135.24713634,-1.51393375,0 135.24751230,-1.51299782,0 135.24794717,-1.51292815,0 135.24805625,-1.51247964,0 135.24872832,-1.51227071,0 135.24864935,-1.51164298,0 135.24929178,-1.51155339,0 135.24995471,-1.51103561,0 135.25007327,-1.51065767,0 135.25032035,-1.51058802,0 135.25037140,-1.50944206,0 135.25082609,-1.50815800,0 135.25070100,-1.50740175,0 135.24988580,-1.50659789,0 135.24863460,-1.50474906,0 135.24813703,-1.50437196,0 135.24757916,-1.50434957,0 135.24697015,-1.50391684,0 135.24641121,-1.50402311,0 135.24579194,-1.50374812,0 135.24400546,-1.50460196,0 135.24276701,-1.50474243,0 135.24198383,-1.50418662,0 135.24167963,-1.50367860,0 135.24164481,-1.50212861,0 135.24195424,-1.50197289,0 135.24200434,-1.50163486,0 135.24235736,-1.50156246,0 135.24248887,-1.50110242,0 135.24298704,-1.50042330,0 135.24303761,-1.49981301,0 135.24430527,-1.49960344,0 135.24424311,-1.49786141,0 135.24509539,-1.49704862,0 135.24518380,-1.49614670,0 135.24568865,-1.49532033,0 135.24593459,-1.49506645,0 135.24663564,-1.49497610,0 135.24704555,-1.49470951,0 135.24739874,-1.49475389,0 135.24778423,-1.49507082,0 135.24850320,-1.49500728,0 135.24889418,-1.49460742,0 135.24895821,-1.49412386,0 135.24924841,-1.49383731,0 135.24917899,-1.49343750,0 135.24862397,-1.49325352,0 135.24820136,-1.49282202,0 135.24736820,-1.49105079,0 135.24721886,-1.49003424,0 135.24696925,-1.48951051,0 135.24710369,-1.48908900,0 135.24763395,-1.48867191,0 135.24747684,-1.48773820,0 135.24706045,-1.48708255,0 135.24583098,-1.48637476,0 135.24532521,-1.48591219,0 135.24526345,-1.48544887,0 135.24580337,-1.48487140,0 135.24589251,-1.48440022,0 135.24584790,-1.48421325,0 135.24506001,-1.48380199,0 135.24427216,-1.48367494,0 135.24327415,-1.48375726,0 135.24200328,-1.48442303,0 135.24043916,-1.48404237,0 135.23879460,-1.48391130,0 135.23740376,-1.48432194,0 135.23667776,-1.48356194,0 135.23658187,-1.48322230,0 135.23671292,-1.48286275,0 135.23556288,-1.48275085,0 135.23521627,-1.48287833,0 135.23488302,-1.48326070,0 135.23495572,-1.48444327,0 135.23425580,-1.48441652,0 135.23338262,-1.48496664,0 135.23299601,-1.48504046,0 135.23221353,-1.48599541,0 135.23130704,-1.48663944,0 135.23114044,-1.48710899,0 135.23152718,-1.48914366,0 135.23088067,-1.48994864,0 135.23073276,-1.49073544,0 135.22953968,-1.49182121,0 135.22877088,-1.49203661,0 135.22834348,-1.49250085,0 135.22771337,-1.49274983,0 135.22701945,-1.49247039,0 135.22654881,-1.49253429,0 135.22531508,-1.49387703,0 135.22515120,-1.49438788,0 135.22551610,-1.49459538,0 135.22543682,-1.49502108,0 135.22557961,-1.49511685,0 135.22620429,-1.49495263,0 135.22657982,-1.49560710,0 135.22782915,-1.49585774,0 135.22813592,-1.49641644,0 135.22949697,-1.49692872,0 135.22981488,-1.49828694,0 135.23026440,-1.49847846,0 135.23031733,-1.49901589,0 135.23079895,-1.49947111,0 135.23079903,-1.50017884,0 135.22999003,-1.50099307,0 135.22902398,-1.50126594,0 135.22794985,-1.50204328,0 135.22655371,-1.50339956,0 135.22615305,-1.50348513,0 135.22564316,-1.50393723,0 135.22521827,-1.50459701,0 135.22424949,-1.50551023,0 135.22417838,-1.50581090,0 135.22465736,-1.50677155,0 135.22425362,-1.50722628,0 135.22360865,-1.50769404,0 135.22241190,-1.50750326,0 135.22185229,-1.50789943,0 135.22165309,-1.50786127,0 135.22110204,-1.50687711,0 135.22051392,-1.50667196,0 135.22017241,-1.50637133,0 135.22011444,-1.50567830,0 135.21875414,-1.50475713,0 135.21904759,-1.50434210,0 135.21885375,-1.50392935,0 135.21848650,-1.50362651,0 135.21764970,-1.50341457,0 135.21536005,-1.50189925,0 135.21470250,-1.50184383,0 135.21373934,-1.50218921,0 135.21328682,-1.50309913,0 135.21269087,-1.50345659,0 135.21137661,-1.50351234,0 135.20886913,-1.50429483,0 135.20791674,-1.50421056,0 135.20768696,-1.50388322,0 135.20793977,-1.50351974,0 135.20797004,-1.50297971,0 135.20751801,-1.50194279,0 135.20736130,-1.50038449,0 135.20708525,-1.49963297,0 135.20652542,-1.49899080,0 135.20678977,-1.49850443,0 135.20679189,-1.49747848,0 135.20710218,-1.49696811,0 135.20718366,-1.49626239,0 135.20630786,-1.49495937,0 135.20687369,-1.49372599,0 135.20694432,-1.49321174,0 135.20718350,-1.49294913,0 135.20826052,-1.49237952,0 135.21014863,-1.49205590,0 135.21064381,-1.49150328,0 135.21204245,-1.49085149,0 135.21325659,-1.49064247,0 135.21429048,-1.48956391,0 135.21518887,-1.48936001,0 135.21579778,-1.48950766,0 135.21742983,-1.48934183,0 135.21743519,-1.48850483,0 135.21695168,-1.48753056,0 135.21666623,-1.48638277,0 135.21669207,-1.48602255,0 135.21711468,-1.48541493,0 135.21729622,-1.48482754,0 135.21724447,-1.48358550,0 135.21694235,-1.48235572,0 135.21701103,-1.48119504,0 135.21739094,-1.47975596,0 135.21824576,-1.47860833,0 135.21823275,-1.47785318,0 135.21851748,-1.47706644,0 135.21821524,-1.47660565,0 135.21742595,-1.47621079,0 135.21669274,-1.47605029,0 135.21587561,-1.47512022,0 135.21569057,-1.47449304,0 135.21525112,-1.47457952,0 135.21499267,-1.47522355,0 135.21457335,-1.47519906,0 135.21415887,-1.47491944,0 135.21367617,-1.47496855,0 135.21339447,-1.47521603,0 135.21288734,-1.47534758,0 135.21205855,-1.47612237,0 135.21045429,-1.47631996,0 135.21015252,-1.47668003,0 135.20975115,-1.47685482,0 135.20928988,-1.47683579,0 135.20722192,-1.47608452,0 135.20578531,-1.47671472,0 135.20535570,-1.47746504,0 135.20485503,-1.47778409,0 135.20275670,-1.47681786,0 135.20210538,-1.47739653,0 135.20098615,-1.47760335,0 135.20000304,-1.47802823,0 135.19868093,-1.47790339,0 135.19741496,-1.47913863,0 135.19757425,-1.47963869,0 135.19740074,-1.48033019,0 135.19686945,-1.48039440,0 135.19638688,-1.48073764,0 135.19518896,-1.48021694,0 135.19469131,-1.47967602,0 135.19442698,-1.47909179,0 135.19435875,-1.47836980,0 135.19381356,-1.47736054,0 135.19302013,-1.47713822,0 135.19235219,-1.47661429,0 135.19225081,-1.47689126,0 135.19241047,-1.47811043,0 135.19318560,-1.47942230,0 135.19296793,-1.48014588,0 135.19180843,-1.48198417,0 135.19080013,-1.48270319,0 135.18993550,-1.48298570,0 135.18914328,-1.48298577,0 135.18828540,-1.48262984,0 135.18673267,-1.48298985,0 135.18602069,-1.48371085,0 135.18523636,-1.48487428,0 135.18366847,-1.48562298,0 135.18325603,-1.48667660,0 135.18330139,-1.48769699,0 135.18284877,-1.48803771,0 135.18173263,-1.48833319,0 135.18137011,-1.48831899,0 135.18073515,-1.48774175,0 135.18067734,-1.48691087,0 135.18037223,-1.48658730,0 135.17990147,-1.48484355,0 135.18003330,-1.48399588,0 135.17968001,-1.48316944,0 135.17959618,-1.48180455,0 135.17976362,-1.48160047,0 135.17962957,-1.48055575,0 135.17921085,-1.47964585,0 135.17909355,-1.47861797,0 135.17887582,-1.47823043,0 135.17809723,-1.47771687,0 135.17682564,-1.47742858,0 135.17619768,-1.47766442,0 135.17574640,-1.47805670,0 135.17478102,-1.47822182,0 135.17272561,-1.48020486,0 135.17191020,-1.48055861,0 135.17172192,-1.48131409,0 135.17097028,-1.48147487,0 135.16964401,-1.48124862,0 135.16911057,-1.48050583,0 135.16927167,-1.47980003,0 135.16797368,-1.47936824,0 135.16754824,-1.47849218,0 135.16806676,-1.47810343,0 135.16799636,-1.47785093,0 135.16649774,-1.47775045,0 135.16569242,-1.47810417,0 135.16444752,-1.47809885,0 135.16420366,-1.47832633,0 135.16415016,-1.47891891,0 135.16477563,-1.47967575,0 135.16483514,-1.47998700,0 135.16425226,-1.48086095,0 135.16422851,-1.48156726,0 135.16315586,-1.48313961,0 135.16213278,-1.48381607,0 135.16187049,-1.48458919,0 135.16095836,-1.48617247,0 135.16097033,-1.48710025,0 135.16015476,-1.48792679,0 135.15906028,-1.48850149,0 135.15802870,-1.48826296,0 135.15728515,-1.48837076,0 135.15688068,-1.48877183,0 135.15663006,-1.48978441,0 135.15635517,-1.49013908,0 135.15593284,-1.49035459,0 135.15574253,-1.49091726,0 135.15509410,-1.49027085,0 135.15415388,-1.49010924,0 135.15345419,-1.48973856,0 135.15359926,-1.48867162,0 135.15344061,-1.48743323,0 135.15325908,-1.48718833,0 135.15217096,-1.48666309,0 135.15061473,-1.48502114,0 135.14991943,-1.48383496,0 135.14985844,-1.48330211,0 135.14942001,-1.48292112,0 135.14973723,-1.48181723,0 135.14932188,-1.48067762,0 135.14833277,-1.48021546,0 135.14763141,-1.47948428,0 135.14681975,-1.47945784,0 135.14664902,-1.47929465,0 135.14688063,-1.47799859,0 135.14663487,-1.47703692,0 135.14675213,-1.47631053,0 135.14652728,-1.47591191,0 135.14610047,-1.47568110,0 135.14616385,-1.47498701,0 135.14582773,-1.47473472,0 135.14509685,-1.47479919,0 135.14462665,-1.47412195,0 135.14429053,-1.47393944,0 135.14313642,-1.47432109,0 135.14241617,-1.47370378,0 135.14151208,-1.47379434,0 135.14047709,-1.47359578,0 135.13983632,-1.47251598,0 135.13923243,-1.47219303,0 135.13866543,-1.47147976,0 135.13831532,-1.47142945,0 135.13779727,-1.47177544,0 135.13682958,-1.47180263,0 135.13681295,-1.47232646,0 135.13715975,-1.47269887,0 135.13699268,-1.47329909,0 135.13643520,-1.47402660,0 135.13577967,-1.47434722,0 135.13537425,-1.47496479,0 135.13481061,-1.47516827,0 135.13483514,-1.47545803,0 135.13525785,-1.47562218,0 135.13536059,-1.47589086,0 135.13510579,-1.47618070,0 135.13457744,-1.47628008,0 135.13453968,-1.47695746,0 135.13480307,-1.47763041,0 135.13368066,-1.47832818,0 135.13304962,-1.47837138,0 135.13261460,-1.47800767,0 135.13269400,-1.47694637,0 135.13236923,-1.47594149,0 135.13152492,-1.47481708,0 135.13194599,-1.47450248,0 135.13196551,-1.47401860,0 135.13093278,-1.47314383,0 135.13050585,-1.47322694,0 135.12976256,-1.47406538,0 135.12917615,-1.47430539,0 135.12911872,-1.47467050,0 135.12931421,-1.47484260,0 135.12930445,-1.47514257,0 135.12883042,-1.47504671,0 135.12862564,-1.47516853,0 135.12853373,-1.47558838,0 135.12905735,-1.47647255,0 135.12860482,-1.47751863,0 135.12808152,-1.47770368,0 135.12724453,-1.47764260,0 135.12660370,-1.47836366,0 135.12582843,-1.47840485,0 135.12535220,-1.47798391,0 135.12435850,-1.47775932,0 135.12364025,-1.47794722,0 135.12352809,-1.47684263,0 135.12323045,-1.47661033,0 135.12244841,-1.47674423,0 135.12200513,-1.47650341,0 135.12168804,-1.47683371,0 135.12139041,-1.47676935,0 135.12130139,-1.47656782,0 135.12143488,-1.47612277,0 135.12253731,-1.47546940,0 135.12305014,-1.47561646,0 135.12341276,-1.47546005,0 135.12342307,-1.47425319,0 135.12357483,-1.47396810,0 135.12424094,-1.47400344,0 135.12448998,-1.47345907,0 135.12534554,-1.47330623,0 135.12570923,-1.47277632,0 135.12549494,-1.47239300,0 135.12489439,-1.47218009,0 135.12337318,-1.47058928,0 135.12308347,-1.46995947,0 135.12322311,-1.46959510,0 135.12361623,-1.46939208,0 135.12365959,-1.46904318,0 135.12315559,-1.46802765,0 135.12177888,-1.46702790,0</coordinates></LinearRing></outerBoundaryIs></Polygon><Polygon><tessellate>1</tessellate><altitudeMode>clampToGround</altitudeMode><outerBoundaryIs><LinearRing><coordinates>135.34137267,-1.48566410,0 135.34111846,-1.48567225,0 135.34096114,-1.48600917,0 135.34126781,-1.48598071,0 135.34137267,-1.48566410,0</coordinates></LinearRing></outerBoundaryIs></Polygon><Polygon><tessellate>1</tessellate><altitudeMode>clampToGround</altitudeMode><outerBoundaryIs><LinearRing><coordinates>135.35356777,-1.48186792,0 135.35347454,-1.48068060,0 135.35308629,-1.48010613,0 135.35283810,-1.47999582,0 135.35249758,-1.48003072,0 135.35199553,-1.48039668,0 135.35146420,-1.48151230,0 135.35093325,-1.48165758,0 135.35062659,-1.48193093,0 135.35033800,-1.48182644,0 135.34966262,-1.48107156,0 135.34893956,-1.48162949,0 135.34846631,-1.48171668,0 135.34758287,-1.48352409,0 135.34783694,-1.48393165,0 135.34781972,-1.48455887,0 135.34811989,-1.48487244,0 135.34809145,-1.48565778,0 135.34867978,-1.48600284,0 135.34853633,-1.48680351,0 135.34901119,-1.48701470,0 135.34956038,-1.48759368,0 135.34976798,-1.48806548,0 135.35018157,-1.48832647,0 135.35148275,-1.48852468,0 135.35315647,-1.48850118,0 135.35548589,-1.48719152,0 135.35574556,-1.48686625,0 135.35590129,-1.48627966,0 135.35515664,-1.48546672,0 135.35530646,-1.48514534,0 135.35519091,-1.48437876,0 135.35572158,-1.48366307,0 135.35573878,-1.48296616,0 135.35512698,-1.48283268,0 135.35356777,-1.48186792,0</coordinates></LinearRing></outerBoundaryIs></Polygon><Polygon><tessellate>1</tessellate><altitudeMode>clampToGround</altitudeMode><outerBoundaryIs><LinearRing><coordinates>135.34176567,-1.48401603,0 135.34175292,-1.48426043,0 135.34188399,-1.48427327,0 135.34176567,-1.48401603,0</coordinates></LinearRing></outerBoundaryIs></Polygon><Polygon><tessellate>1</tessellate><altitudeMode>clampToGround</altitudeMode><outerBoundaryIs><LinearRing><coordinates>135.30033418,-1.48060975,0 135.30013305,-1.48083588,0 135.30028520,-1.48125183,0 135.30050634,-1.48094886,0 135.30033418,-1.48060975,0</coordinates></LinearRing></outerBoundaryIs></Polygon><Polygon><tessellate>1</tessellate><altitudeMode>clampToGround</altitudeMode><outerBoundaryIs><LinearRing><coordinates>135.01815625,-1.48017874,0 135.01809446,-1.47992688,0 135.01798037,-1.47996015,0 135.01797086,-1.48017874,0 135.01815625,-1.48017874,0</coordinates></LinearRing></outerBoundaryIs></Polygon><Polygon><tessellate>1</tessellate><altitudeMode>clampToGround</altitudeMode><outerBoundaryIs><LinearRing><coordinates>135.01842721,-1.47955147,0 135.01812298,-1.47959899,0 135.01803912,-1.47984596,0 135.01832544,-1.47987228,0 135.01842721,-1.47955147,0</coordinates></LinearRing></outerBoundaryIs></Polygon><Polygon><tessellate>1</tessellate><altitudeMode>clampToGround</altitudeMode><outerBoundaryIs><LinearRing><coordinates>135.20313531,-1.47565324,0 135.20336348,-1.47617596,0 135.20361801,-1.47633846,0 135.20376733,-1.47624387,0 135.20377704,-1.47590510,0 135.20329217,-1.47559146,0 135.20313531,-1.47565324,0</coordinates></LinearRing></outerBoundaryIs></Polygon><Polygon><tessellate>1</tessellate><altitudeMode>clampToGround</altitudeMode><outerBoundaryIs><LinearRing><coordinates>135.12669127,-1.47367372,0 135.12657005,-1.47382341,0 135.12672692,-1.47415130,0 135.12692657,-1.47406577,0 135.12669127,-1.47367372,0</coordinates></LinearRing></outerBoundaryIs></Polygon><Polygon><tessellate>1</tessellate><altitudeMode>clampToGround</altitudeMode><outerBoundaryIs><LinearRing><coordinates>135.16387674,-1.47318611,0 135.16401423,-1.47339460,0 135.16446383,-1.47346489,0 135.16453126,-1.47279652,0 135.16401877,-1.47266763,0 135.16387674,-1.47318611,0</coordinates></LinearRing></outerBoundaryIs></Polygon><Polygon><tessellate>1</tessellate><altitudeMode>clampToGround</altitudeMode><outerBoundaryIs><LinearRing><coordinates>135.12586293,-1.47189102,0 135.12590322,-1.47221237,0 135.12614216,-1.47227987,0 135.12608039,-1.47186400,0 135.12586293,-1.47189102,0</coordinates></LinearRing></outerBoundaryIs></Polygon><Polygon><tessellate>1</tessellate><altitudeMode>clampToGround</altitudeMode><outerBoundaryIs><LinearRing><coordinates>135.09763104,-1.47114779,0 135.09822159,-1.47159416,0 135.09861324,-1.47167015,0 135.09970328,-1.47106021,0 135.10009545,-1.47056125,0 135.09985777,-1.46793575,0 135.09953690,-1.46768627,0 135.09910908,-1.46773379,0 135.09830097,-1.46872578,0 135.09792748,-1.46985322,0 135.09749109,-1.47041062,0 135.09763104,-1.47114779,0</coordinates></LinearRing></outerBoundaryIs></Polygon><Polygon><tessellate>1</tessellate><altitudeMode>clampToGround</altitudeMode><outerBoundaryIs><LinearRing><coordinates>135.10028084,-1.46678813,0 135.09986252,-1.46580921,0 135.10010020,-1.46543855,0 135.09921603,-1.46553359,0 135.09928734,-1.46601830,0 135.09902870,-1.46653948,0 135.09948699,-1.46694020,0 135.09961534,-1.46734412,0 135.10018101,-1.46732511,0 135.10028084,-1.46678813,0</coordinates></LinearRing></outerBoundaryIs></Polygon><Polygon><tessellate>1</tessellate><altitudeMode>clampToGround</altitudeMode><outerBoundaryIs><LinearRing><coordinates>135.44449603,-0.88609751,0 135.44427194,-0.88638015,0 135.44471723,-0.88663386,0 135.44546038,-0.88652072,0 135.44571136,-0.88618489,0 135.44557923,-0.88605524,0 135.44449603,-0.88609751,0</coordinates></LinearRing></outerBoundaryIs></Polygon><Polygon><tessellate>1</tessellate><altitudeMode>clampToGround</altitudeMode><outerBoundaryIs><LinearRing><coordinates>135.44663483,-0.88226105,0 135.44710719,-0.88257447,0 135.44732519,-0.88260579,0 135.44776632,-0.88231316,0 135.44810882,-0.88178542,0 135.44808798,-0.88113235,0 135.44618050,-0.87472249,0 135.44604169,-0.87398441,0 135.44617179,-0.87291287,0 135.44584615,-0.87235719,0 135.44549025,-0.87302370,0 135.44551894,-0.87444320,0 135.44505185,-0.87478523,0 135.44499904,-0.87509302,0 135.44519634,-0.87568861,0 135.44519141,-0.87787773,0 135.44607920,-0.87994659,0 135.44663483,-0.88226105,0</coordinates></LinearRing></outerBoundaryIs></Polygon><Polygon><tessellate>1</tessellate><altitudeMode>clampToGround</altitudeMode><outerBoundaryIs><LinearRing><coordinates>135.44502948,-0.87376884,0 135.44488514,-0.87411084,0 135.44522204,-0.87415639,0 135.44528146,-0.87391700,0 135.44502948,-0.87376884,0</coordinates></LinearRing></outerBoundaryIs></Polygon><Polygon><tessellate>1</tessellate><altitudeMode>clampToGround</altitudeMode><outerBoundaryIs><LinearRing><coordinates>135.44207498,-0.87017556,0 135.44186976,-0.87041070,0 135.44203291,-0.87083641,0 135.44272653,-0.87091945,0 135.44278926,-0.87068006,0 135.44256792,-0.87031436,0 135.44207498,-0.87017556,0</coordinates></LinearRing></outerBoundaryIs></Polygon><Polygon><tessellate>1</tessellate><altitudeMode>clampToGround</altitudeMode><outerBoundaryIs><LinearRing><coordinates>135.43786401,-0.86404904,0 135.43742803,-0.86399684,0 135.43673058,-0.86347168,0 135.43581444,-0.86368425,0 135.43600136,-0.86435964,0 135.43661291,-0.86462888,0 135.43686776,-0.86511617,0 135.43707592,-0.86577017,0 135.43697161,-0.86684434,0 135.43707547,-0.86730932,0 135.43729347,-0.86739289,0 135.43752181,-0.86712641,0 135.43790070,-0.86708456,0 135.43890770,-0.86782112,0 135.43947343,-0.86781060,0 135.43974849,-0.86752844,0 135.43968614,-0.86693284,0 135.43894383,-0.86609176,0 135.43786401,-0.86404904,0</coordinates></LinearRing></outerBoundaryIs></Polygon><Polygon><tessellate>1</tessellate><altitudeMode>clampToGround</altitudeMode><outerBoundaryIs><LinearRing><coordinates>135.43524909,-0.85924563,0 135.43537458,-0.85969207,0 135.43569165,-0.85967493,0 135.43563687,-0.85927976,0 135.43539716,-0.85909930,0 135.43524909,-0.85924563,0</coordinates></LinearRing></outerBoundaryIs></Polygon><Polygon><tessellate>1</tessellate><altitudeMode>clampToGround</altitudeMode><outerBoundaryIs><LinearRing><coordinates>135.46391924,-0.78889891,0 135.46361178,-0.78904619,0 135.46356699,-0.78936997,0 135.46412850,-0.78961372,0 135.46419448,-0.78897092,0 135.46391924,-0.78889891,0</coordinates></LinearRing></outerBoundaryIs></Polygon><Polygon><tessellate>1</tessellate><altitudeMode>clampToGround</altitudeMode><outerBoundaryIs><LinearRing><coordinates>135.45004948,-0.78072894,0 135.44997479,-0.78086965,0 135.45023356,-0.78100647,0 135.45025438,-0.78087560,0 135.45004948,-0.78072894,0</coordinates></LinearRing></outerBoundaryIs></Polygon><Polygon><tessellate>1</tessellate><altitudeMode>clampToGround</altitudeMode><outerBoundaryIs><LinearRing><coordinates>135.44632779,-0.77794470,0 135.44654551,-0.77801965,0 135.44658121,-0.77786618,0 135.44632779,-0.77794470,0</coordinates></LinearRing></outerBoundaryIs></Polygon><Polygon><tessellate>1</tessellate><altitudeMode>clampToGround</altitudeMode><outerBoundaryIs><LinearRing><coordinates>135.44227085,-0.77227871,0 135.44221372,-0.77192867,0 135.44186599,-0.77197572,0 135.44175575,-0.77214506,0 135.44190237,-0.77246161,0 135.44227085,-0.77227871,0</coordinates></LinearRing></outerBoundaryIs></Polygon><Polygon><tessellate>1</tessellate><altitudeMode>clampToGround</altitudeMode><outerBoundaryIs><LinearRing><coordinates>135.42518575,-0.76119178,0 135.42565101,-0.76157741,0 135.42576040,-0.76077850,0 135.42563719,-0.76020918,0 135.42521758,-0.76030564,0 135.42518575,-0.76119178,0</coordinates></LinearRing></outerBoundaryIs></Polygon><Polygon><tessellate>1</tessellate><altitudeMode>clampToGround</altitudeMode><outerBoundaryIs><LinearRing><coordinates>135.46939196,-0.75957725,0 135.46895064,-0.75952267,0 135.46883855,-0.75992689,0 135.46930157,-0.75994140,0 135.46939196,-0.75957725,0</coordinates></LinearRing></outerBoundaryIs></Polygon><Polygon><tessellate>1</tessellate><altitudeMode>clampToGround</altitudeMode><outerBoundaryIs><LinearRing><coordinates>135.42305974,-0.75842407,0 135.42291005,-0.75876372,0 135.42314160,-0.75921887,0 135.42398809,-0.75940814,0 135.42442940,-0.75930614,0 135.42429545,-0.75812633,0 135.42374198,-0.75806812,0 135.42305974,-0.75842407,0</coordinates></LinearRing></outerBoundaryIs></Polygon><Polygon><tessellate>1</tessellate><altitudeMode>clampToGround</altitudeMode><outerBoundaryIs><LinearRing><coordinates>135.47008792,-0.75820451,0 135.46969363,-0.75814993,0 135.46958875,-0.75847403,0 135.47008435,-0.75858685,0 135.47008792,-0.75820451,0</coordinates></LinearRing></outerBoundaryIs></Polygon><Polygon><tessellate>1</tessellate><altitudeMode>clampToGround</altitudeMode><outerBoundaryIs><LinearRing><coordinates>135.46924030,-0.75764129,0 135.46882983,-0.75781121,0 135.46884814,-0.75842645,0 135.46944561,-0.75827028,0 135.46943644,-0.75780656,0 135.46924030,-0.75764129,0</coordinates></LinearRing></outerBoundaryIs></Polygon><Polygon><tessellate>1</tessellate><altitudeMode>clampToGround</altitudeMode><outerBoundaryIs><LinearRing><coordinates>135.42224677,-0.75645329,0 135.42194653,-0.75647881,0 135.42166442,-0.75688668,0 135.42222873,-0.75687569,0 135.42224677,-0.75645329,0</coordinates></LinearRing></outerBoundaryIs></Polygon><Polygon><tessellate>1</tessellate><altitudeMode>clampToGround</altitudeMode><outerBoundaryIs><LinearRing><coordinates>135.46705369,-0.75061675,0 135.46672012,-0.75080298,0 135.46674660,-0.75130834,0 135.46720239,-0.75140470,0 135.46768459,-0.75126834,0 135.46777702,-0.75088266,0 135.46765479,-0.75058344,0 135.46705369,-0.75061675,0</coordinates></LinearRing></outerBoundaryIs></Polygon><Polygon><tessellate>1</tessellate><altitudeMode>clampToGround</altitudeMode><outerBoundaryIs><LinearRing><coordinates>135.46735167,-0.74969978,0 135.46665492,-0.74993094,0 135.46665956,-0.75022992,0 135.46745790,-0.75028113,0 135.46763623,-0.75013150,0 135.46762346,-0.74986219,0 135.46735167,-0.74969978,0</coordinates></LinearRing></outerBoundaryIs></Polygon><Polygon><tessellate>1</tessellate><altitudeMode>clampToGround</altitudeMode><outerBoundaryIs><LinearRing><coordinates>135.40892939,-0.73856650,0 135.40894129,-0.73871820,0 135.40915246,-0.73874794,0 135.40917328,-0.73862599,0 135.40892939,-0.73856650,0</coordinates></LinearRing></outerBoundaryIs></Polygon><Polygon><tessellate>1</tessellate><altitudeMode>clampToGround</altitudeMode><outerBoundaryIs><LinearRing><coordinates>135.39519909,-0.72517827,0 135.39453031,-0.72563502,0 135.39440230,-0.72623213,0 135.39501516,-0.72616181,0 135.39589577,-0.72576921,0 135.39599651,-0.72547811,0 135.39582122,-0.72512087,0 135.39519909,-0.72517827,0</coordinates></LinearRing></outerBoundaryIs></Polygon><Polygon><tessellate>1</tessellate><altitudeMode>clampToGround</altitudeMode><outerBoundaryIs><LinearRing><coordinates>135.38423898,-0.70048437,0 135.38408896,-0.70073284,0 135.38414838,-0.70108339,0 135.38446925,-0.70134482,0 135.38481763,-0.70134000,0 135.38498620,-0.70097050,0 135.38491490,-0.70070313,0 135.38460186,-0.70041043,0 135.38423898,-0.70048437,0</coordinates></LinearRing></outerBoundaryIs></Polygon><Polygon><tessellate>1</tessellate><altitudeMode>clampToGround</altitudeMode><outerBoundaryIs><LinearRing><coordinates>135.44102253,-0.66536604,0 135.44087992,-0.66570828,0 135.44110334,-0.66595545,0 135.44139331,-0.66600773,0 135.44152641,-0.66555617,0 135.44131725,-0.66533752,0 135.44102253,-0.66536604,0</coordinates></LinearRing></outerBoundaryIs></Polygon><Polygon><tessellate>1</tessellate><altitudeMode>clampToGround</altitudeMode><outerBoundaryIs><LinearRing><coordinates>135.44277413,-0.66262007,0 135.44260902,-0.66286209,0 135.44301345,-0.66299437,0 135.44304936,-0.66262570,0 135.44277413,-0.66262007,0</coordinates></LinearRing></outerBoundaryIs></Polygon><Polygon><tessellate>1</tessellate><altitudeMode>clampToGround</altitudeMode><outerBoundaryIs><LinearRing><coordinates>135.44290887,-0.66194391,0 135.44280856,-0.66210292,0 135.44291318,-0.66241661,0 135.44340196,-0.66243162,0 135.44342752,-0.66185362,0 135.44290887,-0.66194391,0</coordinates></LinearRing></outerBoundaryIs></Polygon><Polygon><tessellate>1</tessellate><altitudeMode>clampToGround</altitudeMode><outerBoundaryIs><LinearRing><coordinates>135.44437210,-0.66243300,0 135.44475524,-0.66238609,0 135.44493112,-0.66217219,0 135.44477901,-0.66182996,0 135.44429113,-0.66148647,0 135.44394941,-0.66160252,0 135.44437210,-0.66243300,0</coordinates></LinearRing></outerBoundaryIs></Polygon><Polygon><tessellate>1</tessellate><altitudeMode>clampToGround</altitudeMode><outerBoundaryIs><LinearRing><coordinates>135.44712141,-0.65397888,0 135.44739105,-0.65428645,0 135.44744501,-0.65479670,0 135.44798424,-0.65483646,0 135.44778289,-0.65442755,0 135.44799847,-0.65315733,0 135.44717528,-0.65341796,0 135.44712141,-0.65397888,0</coordinates></LinearRing></outerBoundaryIs></Polygon><Polygon><tessellate>1</tessellate><altitudeMode>clampToGround</altitudeMode><outerBoundaryIs><LinearRing><coordinates>135.41379032,-0.65064162,0 135.41348134,-0.65084364,0 135.41358235,-0.65122984,0 135.41393293,-0.65106348,0 135.41379032,-0.65064162,0</coordinates></LinearRing></outerBoundaryIs></Polygon><Polygon><tessellate>1</tessellate><altitudeMode>clampToGround</altitudeMode><outerBoundaryIs><LinearRing><coordinates>135.41432510,-0.64983950,0 135.41415278,-0.64998804,0 135.41423597,-0.65020788,0 135.41444988,-0.65049308,0 135.41471133,-0.65051091,0 135.41478264,-0.65012470,0 135.41432510,-0.64983950,0</coordinates></LinearRing></outerBoundaryIs></Polygon><Polygon><tessellate>1</tessellate><altitudeMode>clampToGround</altitudeMode><outerBoundaryIs><LinearRing><coordinates>135.36597594,-0.65081511,0 135.36613948,-0.65037408,0 135.36542506,-0.64926792,0 135.36514421,-0.64926568,0 135.36466638,-0.64998535,0 135.36470257,-0.65026886,0 135.36529996,-0.65045440,0 135.36552737,-0.65089226,0 135.36597594,-0.65081511,0</coordinates></LinearRing></outerBoundaryIs></Polygon><Polygon><tessellate>1</tessellate><altitudeMode>clampToGround</altitudeMode><outerBoundaryIs><LinearRing><coordinates>135.41537665,-0.64954137,0 135.41554113,-0.64972863,0 135.41630144,-0.64976114,0 135.41625557,-0.64929160,0 135.41590774,-0.64894694,0 135.41540629,-0.64924824,0 135.41537665,-0.64954137,0</coordinates></LinearRing></outerBoundaryIs></Polygon><Polygon><tessellate>1</tessellate><altitudeMode>clampToGround</altitudeMode><outerBoundaryIs><LinearRing><coordinates>135.42422419,-0.64924487,0 135.42485243,-0.64978221,0 135.42531616,-0.64972246,0 135.42541860,-0.64953246,0 135.42540509,-0.64925834,0 135.42484692,-0.64827316,0 135.42446503,-0.64830237,0 135.42397610,-0.64869392,0 135.42422419,-0.64924487,0</coordinates></LinearRing></outerBoundaryIs></Polygon><Polygon><tessellate>1</tessellate><altitudeMode>clampToGround</altitudeMode><outerBoundaryIs><LinearRing><coordinates>135.42959692,-0.64792928,0 135.42941153,-0.64785085,0 135.42926179,-0.64802196,0 135.42929031,-0.64858523,0 135.42946144,-0.64847115,0 135.42959692,-0.64792928,0</coordinates></LinearRing></outerBoundaryIs></Polygon><Polygon><tessellate>1</tessellate><altitudeMode>clampToGround</altitudeMode><outerBoundaryIs><LinearRing><coordinates>135.43006039,-0.64772251,0 135.42990352,-0.64790076,0 135.43002474,-0.64819308,0 135.43051674,-0.64837846,0 135.43061656,-0.64812178,0 135.43050248,-0.64790789,0 135.43006039,-0.64772251,0</coordinates></LinearRing></outerBoundaryIs></Polygon><Polygon><tessellate>1</tessellate><altitudeMode>clampToGround</altitudeMode><outerBoundaryIs><LinearRing><coordinates>135.36102798,-0.64457485,0 135.36111449,-0.64480442,0 135.36197558,-0.64490726,0 135.36191263,-0.64445604,0 135.36152337,-0.64432545,0 135.36102798,-0.64457485,0</coordinates></LinearRing></outerBoundaryIs></Polygon><Polygon><tessellate>1</tessellate><altitudeMode>clampToGround</altitudeMode><outerBoundaryIs><LinearRing><coordinates>135.43853219,-0.64216650,0 135.43840146,-0.64202984,0 135.43826480,-0.64223186,0 135.43842523,-0.64232693,0 135.43853219,-0.64216650,0</coordinates></LinearRing></outerBoundaryIs></Polygon><Polygon><tessellate>1</tessellate><altitudeMode>clampToGround</altitudeMode><outerBoundaryIs><LinearRing><coordinates>135.44421996,-0.64151153,0 135.44405990,-0.64170922,0 135.44421573,-0.64197564,0 135.44467340,-0.64209310,0 135.44488683,-0.64195455,0 135.44476321,-0.64133823,0 135.44421996,-0.64151153,0</coordinates></LinearRing></outerBoundaryIs></Polygon><Polygon><tessellate>1</tessellate><altitudeMode>clampToGround</altitudeMode><outerBoundaryIs><LinearRing><coordinates>135.35999220,-0.63829161,0 135.36007776,-0.63805632,0 135.35985672,-0.63795650,0 135.35975689,-0.63826309,0 135.35999220,-0.63829161,0</coordinates></LinearRing></outerBoundaryIs></Polygon><Polygon><tessellate>1</tessellate><altitudeMode>clampToGround</altitudeMode><outerBoundaryIs><LinearRing><coordinates>135.44529262,-0.63565275,0 135.44593588,-0.63592518,0 135.44649205,-0.63563285,0 135.44575035,-0.63515513,0 135.44551164,-0.63520038,0 135.44529262,-0.63565275,0</coordinates></LinearRing></outerBoundaryIs></Polygon><Polygon><tessellate>1</tessellate><altitudeMode>clampToGround</altitudeMode><outerBoundaryIs><LinearRing><coordinates>135.44630666,-0.63412130,0 135.44630088,-0.63463251,0 135.44677424,-0.63472783,0 135.44703753,-0.63426390,0 135.44698046,-0.63394827,0 135.44658163,-0.63358360,0 135.44630666,-0.63412130,0</coordinates></LinearRing></outerBoundaryIs></Polygon><Polygon><tessellate>1</tessellate><altitudeMode>clampToGround</altitudeMode><outerBoundaryIs><LinearRing><coordinates>135.37482273,-0.62620966,0 135.37517925,-0.62686918,0 135.37571997,-0.62707714,0 135.37588041,-0.62672064,0 135.37573780,-0.62596605,0 135.37522679,-0.62576404,0 135.37482273,-0.62620966,0</coordinates></LinearRing></outerBoundaryIs></Polygon><Polygon><tessellate>1</tessellate><altitudeMode>clampToGround</altitudeMode><outerBoundaryIs><LinearRing><coordinates>135.27001073,-0.39270439,0 135.26852891,-0.39220147,0 135.26750221,-0.39218976,0 135.26701220,-0.39248747,0 135.26614417,-0.39439627,0 135.26585860,-0.39692478,0 135.26600937,-0.39986465,0 135.26571241,-0.40031009,0 135.26457788,-0.40067034,0 135.26337483,-0.40150791,0 135.26268268,-0.40307031,0 135.26209563,-0.40781253,0 135.26223269,-0.40875670,0 135.26256771,-0.40925924,0 135.26305503,-0.40959427,0 135.26520225,-0.40983792,0 135.26703666,-0.41055460,0 135.26814931,-0.41058135,0 135.27015903,-0.40969023,0 135.27088292,-0.40952741,0 135.27135827,-0.40914607,0 135.27548482,-0.40721760,0 135.27610919,-0.40700440,0 135.27754434,-0.40780661,0 135.27774296,-0.40717293,0 135.27815413,-0.40710440,0 135.27822266,-0.40695211,0 135.27780388,-0.40654094,0 135.27706672,-0.40620578,0 135.27741007,-0.40435668,0 135.27615592,-0.40150941,0 135.27589314,-0.40130871,0 135.27564333,-0.40067659,0 135.27409105,-0.39832154,0 135.27398533,-0.39788166,0 135.27356363,-0.39751917,0 135.27323066,-0.39665874,0 135.27277446,-0.39622001,0 135.27247483,-0.39517464,0 135.27225945,-0.39478085,0 135.27189767,-0.39453673,0 135.27177160,-0.39407124,0 135.27135612,-0.39387606,0 135.27001073,-0.39270439,0</coordinates></LinearRing></outerBoundaryIs></Polygon><Polygon><tessellate>1</tessellate><altitudeMode>clampToGround</altitudeMode><outerBoundaryIs><LinearRing><coordinates>135.50637102,-1.68677185,0 135.50619562,-1.68653473,0 135.50582081,-1.68673551,0 135.50604456,-1.68690572,0 135.50637102,-1.68677185,0</coordinates></LinearRing></outerBoundaryIs></Polygon><Polygon><tessellate>1</tessellate><altitudeMode>clampToGround</altitudeMode><outerBoundaryIs><LinearRing><coordinates>135.47241688,-1.66950338,0 135.47245630,-1.66922700,0 135.47227825,-1.66891780,0 135.47212319,-1.66918736,0 135.47241688,-1.66950338,0</coordinates></LinearRing></outerBoundaryIs></Polygon><Polygon><tessellate>1</tessellate><altitudeMode>clampToGround</altitudeMode><outerBoundaryIs><LinearRing><coordinates>135.47029996,-1.66871176,0 135.47083237,-1.66927875,0 135.47096693,-1.66903240,0 135.47075379,-1.66859005,0 135.47003123,-1.66821267,0 135.46993262,-1.66856922,0 135.47029996,-1.66871176,0</coordinates></LinearRing></outerBoundaryIs></Polygon><Polygon><tessellate>1</tessellate><altitudeMode>clampToGround</altitudeMode><outerBoundaryIs><LinearRing><coordinates>135.51527209,-1.66685691,0 135.51492158,-1.66735759,0 135.51531519,-1.66734073,0 135.51554060,-1.66708700,0 135.51601901,-1.66586997,0 135.51601335,-1.66554357,0 135.51526099,-1.66598525,0 135.51527209,-1.66685691,0</coordinates></LinearRing></outerBoundaryIs></Polygon><Polygon><tessellate>1</tessellate><altitudeMode>clampToGround</altitudeMode><outerBoundaryIs><LinearRing><coordinates>135.52825266,-1.60748068,0 135.52846639,-1.60745303,0 135.52842223,-1.60708011,0 135.52803972,-1.60694617,0 135.52825266,-1.60748068,0</coordinates></LinearRing></outerBoundaryIs></Polygon><Polygon><tessellate>1</tessellate><altitudeMode>clampToGround</altitudeMode><outerBoundaryIs><LinearRing><coordinates>135.50181257,-0.94754163,0 135.50180779,-0.94428907,0 135.49958251,-0.94038070,0 135.49812986,-0.93905444,0 135.49603778,-0.93759660,0 135.49517260,-0.93671012,0 135.49203580,-0.93257204,0 135.49148515,-0.93141320,0 135.49084197,-0.92934036,0 135.49054167,-0.92896169,0 135.49037888,-0.92896171,0 135.48997020,-0.92962087,0 135.49006796,-0.93033457,0 135.49154084,-0.93425251,0 135.49269961,-0.93683599,0 135.49344081,-0.93741503,0 135.49382608,-0.93803828,0 135.49436755,-0.93987870,0 135.49430432,-0.94101244,0 135.49400702,-0.94183212,0 135.49337318,-0.94191074,0 135.49117901,-0.94143007,0 135.49083283,-0.94144975,0 135.49053544,-0.94167065,0 135.49059887,-0.94201420,0 135.49204706,-0.94258823,0 135.49255427,-0.94352067,0 135.49253493,-0.94468386,0 135.49234000,-0.94537592,0 135.49104793,-0.94548898,0 135.49090169,-0.94575894,0 135.49122353,-0.94603374,0 135.49242790,-0.94637713,0 135.49302772,-0.94704943,0 135.49461247,-0.94783939,0 135.49488069,-0.94829579,0 135.49584163,-0.95112264,0 135.49604169,-0.95223673,0 135.49653167,-0.95809433,0 135.49639224,-0.95974041,0 135.49588611,-0.96094136,0 135.49557788,-0.96232387,0 135.49528114,-0.96274568,0 135.49492035,-0.96290975,0 135.49297089,-0.96337867,0 135.49277305,-0.96357201,0 135.49277312,-0.96403478,0 135.49321547,-0.96450921,0 135.49379162,-0.96465557,0 135.49808889,-0.96521060,0 135.50291982,-0.96706548,0 135.50365753,-0.96711314,0 135.50535723,-0.96680022,0 135.50602600,-0.96740373,0 135.50656093,-0.96723864,0 135.50812269,-0.96765963,0 135.50917962,-0.96757262,0 135.51166859,-0.96590037,0 135.51201366,-0.96548343,0 135.51274247,-0.96373763,0 135.51302701,-0.96246523,0 135.51291042,-0.96167490,0 135.51043819,-0.95991656,0 135.51013189,-0.95986015,0 135.50895399,-0.95883549,0 135.50776763,-0.95884435,0 135.50649487,-0.95811500,0 135.50436344,-0.95623066,0 135.50341840,-0.95440259,0 135.50260268,-0.95192313,0 135.50181257,-0.94754163,0</coordinates></LinearRing></outerBoundaryIs></Polygon><Polygon><tessellate>1</tessellate><altitudeMode>clampToGround</altitudeMode><outerBoundaryIs><LinearRing><coordinates>135.54125662,-0.87524174,0 135.54174347,-0.87536218,0 135.54201480,-0.87524967,0 135.54179926,-0.87481588,0 135.54176726,-0.87427763,0 135.54073747,-0.87240595,0 135.54019479,-0.87254260,0 135.54010704,-0.87280772,0 135.54034664,-0.87404486,0 135.54125662,-0.87524174,0</coordinates></LinearRing></outerBoundaryIs></Polygon><Polygon><tessellate>1</tessellate><altitudeMode>clampToGround</altitudeMode><outerBoundaryIs><LinearRing><coordinates>135.53594828,-0.86757098,0 135.53545244,-0.86756594,0 135.53525837,-0.86797850,0 135.53518305,-0.86922699,0 135.53551739,-0.86930293,0 135.53577618,-0.86899892,0 135.53602575,-0.86812836,0 135.53594828,-0.86757098,0</coordinates></LinearRing></outerBoundaryIs></Polygon><Polygon><tessellate>1</tessellate><altitudeMode>clampToGround</altitudeMode><outerBoundaryIs><LinearRing><coordinates>135.53027377,-0.86460158,0 135.53046755,-0.86369961,0 135.53088207,-0.86332935,0 135.53046072,-0.86263613,0 135.52925707,-0.86219206,0 135.52897626,-0.86240749,0 135.52866197,-0.86229984,0 135.52729799,-0.86287215,0 135.52654241,-0.86297995,0 135.52595396,-0.86273099,0 135.52574668,-0.86280506,0 135.52573350,-0.86417144,0 135.52542594,-0.86438014,0 135.52534574,-0.86463592,0 135.52703109,-0.86703189,0 135.52757945,-0.86738855,0 135.52830162,-0.86749614,0 135.52891010,-0.86747586,0 135.52953859,-0.86711904,0 135.52985929,-0.86528146,0 135.53027377,-0.86460158,0</coordinates></LinearRing></outerBoundaryIs></Polygon><Polygon><tessellate>1</tessellate><altitudeMode>clampToGround</altitudeMode><outerBoundaryIs><LinearRing><coordinates>135.54369028,-0.85505834,0 135.54499458,-0.85030312,0 135.54499445,-0.84942376,0 135.54404468,-0.84434317,0 135.54408763,-0.84293185,0 135.54370995,-0.84141202,0 135.54270666,-0.83919749,0 135.54278208,-0.83868723,0 135.54184370,-0.83789485,0 135.54160646,-0.83803602,0 135.54118581,-0.83777553,0 135.54039850,-0.83761279,0 135.54034466,-0.83818818,0 135.54009662,-0.83826421,0 135.53941711,-0.83772149,0 135.53810135,-0.83762397,0 135.53746501,-0.83735265,0 135.53577160,-0.83582215,0 135.53302139,-0.83511686,0 135.53247124,-0.83419416,0 135.53222320,-0.83425933,0 135.53075631,-0.83305448,0 135.52875019,-0.83188227,0 135.52773637,-0.83149158,0 135.52697063,-0.83135055,0 135.52567647,-0.83141586,0 135.52473827,-0.83199137,0 135.52491077,-0.83160052,0 135.52625868,-0.83018902,0 135.52643110,-0.82913594,0 135.52536327,-0.82807217,0 135.52546010,-0.82628087,0 135.52508253,-0.82553183,0 135.52435985,-0.82477199,0 135.52394986,-0.82341500,0 135.52346443,-0.82255742,0 135.52291433,-0.82197125,0 135.52100929,-0.82128784,0 135.52004010,-0.82242788,0 135.51925354,-0.82301921,0 135.51765760,-0.82292671,0 135.51554686,-0.82338447,0 135.51512568,-0.82392256,0 135.51380920,-0.82491218,0 135.51314952,-0.82590931,0 135.51309675,-0.82652791,0 135.51283105,-0.82682432,0 135.51081540,-0.82702977,0 135.51001976,-0.82729517,0 135.50997494,-0.82759742,0 135.50958501,-0.82801782,0 135.50952984,-0.82838608,0 135.50969897,-0.82855628,0 135.51032018,-0.82863958,0 135.51039268,-0.82884106,0 135.51021328,-0.82928229,0 135.50935407,-0.83022038,0 135.50935760,-0.83081444,0 135.50956472,-0.83129383,0 135.50941638,-0.83169336,0 135.50908854,-0.83187405,0 135.50944063,-0.83246807,0 135.50864521,-0.83296539,0 135.50779107,-0.83310403,0 135.50708894,-0.83447028,0 135.50713647,-0.83502915,0 135.50778667,-0.83577902,0 135.50789114,-0.83635700,0 135.50845589,-0.83678684,0 135.50750222,-0.83783308,0 135.50749279,-0.83834420,0 135.50767792,-0.83879319,0 135.50754991,-0.83970557,0 135.50763075,-0.84104784,0 135.50745527,-0.84180737,0 135.50721330,-0.84211789,0 135.50718967,-0.84284874,0 135.50752190,-0.84331682,0 135.50825748,-0.84372753,0 135.50844738,-0.84440103,0 135.50879858,-0.84472581,0 135.50878913,-0.84505063,0 135.50786378,-0.84495999,0 135.50789705,-0.84537079,0 135.50940638,-0.84780675,0 135.51013725,-0.84843241,0 135.51065935,-0.84930649,0 135.51065466,-0.84976029,0 135.51086348,-0.84996088,0 135.51120989,-0.84997039,0 135.51240109,-0.85085871,0 135.51305122,-0.85105447,0 135.51286625,-0.85179490,0 135.51294696,-0.85202895,0 135.51334082,-0.85202890,0 135.51329339,-0.85221042,0 135.51300393,-0.85228689,0 135.51307041,-0.85257349,0 135.51327920,-0.85257346,0 135.51354974,-0.85296512,0 135.51431381,-0.85348568,0 135.51461282,-0.85394899,0 135.51545753,-0.85421638,0 135.51556672,-0.85461283,0 135.51612194,-0.85468919,0 135.51718022,-0.85523360,0 135.51801065,-0.85522871,0 135.51971888,-0.85454062,0 135.52007947,-0.85415365,0 135.52144136,-0.85400539,0 135.52154092,-0.85328408,0 135.52291241,-0.85394309,0 135.52287923,-0.85425358,0 135.52319721,-0.85459747,0 135.52304542,-0.85499396,0 135.52315933,-0.85518501,0 135.52379520,-0.85518015,0 135.52433152,-0.85584405,0 135.52484403,-0.85596340,0 135.52511449,-0.85577229,0 135.52531369,-0.85506530,0 135.52544181,-0.85504617,0 135.52586427,-0.85592504,0 135.52740659,-0.85660313,0 135.52843630,-0.85638325,0 135.52858809,-0.85594855,0 135.52847883,-0.85511741,0 135.52975056,-0.85497870,0 135.52949910,-0.85529878,0 135.52946122,-0.85588155,0 135.52972700,-0.85620156,0 135.53009716,-0.85634481,0 135.53019209,-0.85657408,0 135.53005932,-0.85729539,0 135.53022074,-0.85786858,0 135.53055482,-0.85823023,0 135.53190290,-0.85806720,0 135.53134218,-0.85871865,0 135.53131006,-0.86042309,0 135.53165522,-0.86074873,0 135.53205426,-0.86078125,0 135.53277691,-0.86122625,0 135.53333771,-0.86112847,0 135.53399563,-0.86148663,0 135.53407116,-0.86173631,0 135.53324081,-0.86235524,0 135.53293894,-0.86311522,0 135.53305765,-0.86366887,0 135.53338124,-0.86395109,0 135.53359702,-0.86453730,0 135.53398534,-0.86501492,0 135.53468640,-0.86537308,0 135.53496686,-0.86569873,0 135.53646605,-0.86639332,0 135.53626134,-0.86788065,0 135.53646626,-0.86791319,0 135.53671437,-0.86833655,0 135.53687626,-0.86912904,0 135.53680105,-0.87117003,0 135.53840807,-0.87169090,0 135.53966992,-0.87188613,0 135.54017676,-0.87151694,0 135.54100705,-0.87052890,0 135.54196682,-0.86994253,0 135.54225787,-0.86894371,0 135.54226842,-0.86732612,0 135.54278595,-0.86628385,0 135.54276432,-0.86589303,0 135.54241915,-0.86546968,0 135.54189068,-0.86536119,0 135.54128624,-0.86194156,0 135.54137247,-0.86158329,0 135.54180384,-0.86142038,0 135.54183604,-0.86036732,0 135.54207317,-0.85933594,0 135.54226720,-0.85868454,0 135.54275240,-0.85789196,0 135.54303263,-0.85661088,0 135.54369028,-0.85505834,0</coordinates></LinearRing></outerBoundaryIs></Polygon><Polygon><tessellate>1</tessellate><altitudeMode>clampToGround</altitudeMode><outerBoundaryIs><LinearRing><coordinates>135.49726975,-0.83886259,0 135.49715087,-0.83907032,0 135.49808886,-0.83891061,0 135.49911264,-0.83807264,0 135.49896731,-0.83803941,0 135.49726975,-0.83886259,0</coordinates></LinearRing></outerBoundaryIs></Polygon><Polygon><tessellate>1</tessellate><altitudeMode>clampToGround</altitudeMode><outerBoundaryIs><LinearRing><coordinates>135.49522439,-0.83349905,0 135.49471298,-0.83396268,0 135.49519147,-0.83434924,0 135.49551701,-0.83420196,0 135.49558773,-0.83375549,0 135.49554524,-0.83350851,0 135.49522439,-0.83349905,0</coordinates></LinearRing></outerBoundaryIs></Polygon><Polygon><tessellate>1</tessellate><altitudeMode>clampToGround</altitudeMode><outerBoundaryIs><LinearRing><coordinates>135.50555148,-0.83478613,0 135.50640560,-0.83446033,0 135.50808110,-0.83092312,0 135.50813929,-0.83053880,0 135.50791921,-0.82999167,0 135.50675441,-0.82960751,0 135.50609424,-0.82855887,0 135.50553123,-0.82821371,0 135.50475471,-0.82810959,0 135.50349292,-0.82833774,0 135.50230884,-0.82903487,0 135.50146783,-0.83066342,0 135.50172678,-0.83160138,0 135.50099558,-0.83164055,0 135.50084677,-0.83180342,0 135.50080803,-0.83246783,0 135.50128046,-0.83296933,0 135.50226406,-0.83311251,0 135.50339666,-0.83468219,0 135.50555148,-0.83478613,0</coordinates></LinearRing></outerBoundaryIs></Polygon><Polygon><tessellate>1</tessellate><altitudeMode>clampToGround</altitudeMode><outerBoundaryIs><LinearRing><coordinates>135.48994522,-0.82676930,0 135.49018813,-0.82737379,0 135.49116328,-0.82756507,0 135.49185072,-0.82728033,0 135.49193843,-0.82688768,0 135.49102658,-0.82608780,0 135.49068528,-0.82601913,0 135.48994522,-0.82676930,0</coordinates></LinearRing></outerBoundaryIs></Polygon><Polygon><tessellate>1</tessellate><altitudeMode>clampToGround</altitudeMode><outerBoundaryIs><LinearRing><coordinates>135.49902648,-0.82620487,0 135.49878695,-0.82645569,0 135.49916453,-0.82728616,0 135.49936945,-0.82735670,0 135.49998415,-0.82707978,0 135.50018898,-0.82649351,0 135.50005414,-0.82621669,0 135.49982764,-0.82605931,0 135.49902648,-0.82620487,0</coordinates></LinearRing></outerBoundaryIs></Polygon><Polygon><tessellate>1</tessellate><altitudeMode>clampToGround</altitudeMode><outerBoundaryIs><LinearRing><coordinates>135.49501667,-0.82751839,0 135.49557496,-0.82711065,0 135.49569674,-0.82620423,0 135.49535068,-0.82576889,0 135.49450528,-0.82556714,0 135.49429698,-0.82630732,0 135.49380150,-0.82589574,0 135.49318674,-0.82639485,0 135.49308211,-0.82724157,0 135.49355399,-0.82756212,0 135.49501667,-0.82751839,0</coordinates></LinearRing></outerBoundaryIs></Polygon><Polygon><tessellate>1</tessellate><altitudeMode>clampToGround</altitudeMode><outerBoundaryIs><LinearRing><coordinates>135.49181568,-0.82493260,0 135.49139829,-0.82519505,0 135.49146347,-0.82574832,0 135.49200075,-0.82585908,0 135.49240588,-0.82572603,0 135.49225167,-0.82506997,0 135.49181568,-0.82493260,0</coordinates></LinearRing></outerBoundaryIs></Polygon><Polygon><tessellate>1</tessellate><altitudeMode>clampToGround</altitudeMode><outerBoundaryIs><LinearRing><coordinates>135.49522675,-0.82466021,0 135.49492778,-0.82477329,0 135.49487465,-0.82496360,0 135.49520245,-0.82526880,0 135.49547547,-0.82510681,0 135.49543642,-0.82477307,0 135.49522675,-0.82466021,0</coordinates></LinearRing></outerBoundaryIs></Polygon><Polygon><tessellate>1</tessellate><altitudeMode>clampToGround</altitudeMode><outerBoundaryIs><LinearRing><coordinates>135.49471257,-0.81983312,0 135.49445519,-0.81934496,0 135.49406496,-0.81907846,0 135.49322739,-0.81909749,0 135.49273246,-0.81992555,0 135.49273246,-0.82036337,0 135.49328449,-0.82051565,0 135.49380798,-0.82094396,0 135.49403640,-0.82069649,0 135.49430290,-0.82068697,0 135.49438856,-0.82141033,0 135.49554022,-0.82162924,0 135.49524517,-0.82216224,0 135.49540697,-0.82260958,0 135.49594949,-0.82280945,0 135.49591142,-0.82358992,0 135.49628262,-0.82417051,0 135.49649201,-0.82423713,0 135.49698694,-0.82395160,0 135.49710115,-0.82356136,0 135.49769126,-0.82320920,0 135.49875725,-0.82358040,0 135.49874774,-0.82329486,0 135.49825281,-0.82244778,0 135.49910942,-0.82169587,0 135.49904279,-0.82158165,0 135.49920459,-0.82141985,0 135.49906183,-0.82132467,0 135.49815763,-0.82182912,0 135.49777692,-0.82169587,0 135.49739620,-0.82188622,0 135.49673947,-0.82131515,0 135.49692031,-0.82101058,0 135.49645394,-0.82090589,0 135.49592094,-0.82048710,0 135.49559733,-0.82068697,0 135.49471257,-0.81983312,0</coordinates></LinearRing></outerBoundaryIs></Polygon><Polygon><tessellate>1</tessellate><altitudeMode>clampToGround</altitudeMode><outerBoundaryIs><LinearRing><coordinates>135.47189692,-0.81913505,0 135.47166353,-0.81922548,0 135.47098525,-0.81984191,0 135.47104870,-0.82040141,0 135.47139490,-0.82068113,0 135.47168744,-0.82067128,0 135.47228221,-0.82016078,0 135.47235532,-0.81993009,0 135.47189692,-0.81913505,0</coordinates></LinearRing></outerBoundaryIs></Polygon><Polygon><tessellate>1</tessellate><altitudeMode>clampToGround</altitudeMode><outerBoundaryIs><LinearRing><coordinates>135.49635628,-0.81737132,0 135.49618372,-0.81734008,0 135.49589041,-0.81769446,0 135.49610784,-0.81771528,0 135.49635628,-0.81737132,0</coordinates></LinearRing></outerBoundaryIs></Polygon><Polygon><tessellate>1</tessellate><altitudeMode>clampToGround</altitudeMode><outerBoundaryIs><LinearRing><coordinates>135.47628084,-0.81562438,0 135.47617818,-0.81586937,0 135.47637246,-0.81622783,0 135.47685060,-0.81635411,0 135.47675792,-0.81601120,0 135.47628084,-0.81562438,0</coordinates></LinearRing></outerBoundaryIs></Polygon><Polygon><tessellate>1</tessellate><altitudeMode>clampToGround</altitudeMode><outerBoundaryIs><LinearRing><coordinates>135.47884250,-0.80949779,0 135.47853534,-0.80952236,0 135.47808212,-0.81001781,0 135.47888158,-0.81015545,0 135.47903271,-0.80997383,0 135.47884250,-0.80949779,0</coordinates></LinearRing></outerBoundaryIs></Polygon><Polygon><tessellate>1</tessellate><altitudeMode>clampToGround</altitudeMode><outerBoundaryIs><LinearRing><coordinates>135.52391692,-0.80785023,0 135.52360010,-0.80813819,0 135.52367024,-0.80842044,0 135.52393664,-0.80855589,0 135.52435439,-0.80818889,0 135.52391692,-0.80785023,0</coordinates></LinearRing></outerBoundaryIs></Polygon><Polygon><tessellate>1</tessellate><altitudeMode>clampToGround</altitudeMode><outerBoundaryIs><LinearRing><coordinates>135.51362466,-0.79004404,0 135.51256763,-0.78903454,0 135.51178031,-0.78868723,0 135.50984988,-0.78889374,0 135.50720757,-0.78839467,0 135.50634475,-0.78803652,0 135.50481505,-0.78803193,0 135.50401441,-0.78818315,0 135.50196319,-0.78947860,0 135.50150344,-0.79031699,0 135.50128768,-0.79157874,0 135.50145880,-0.79223639,0 135.50185140,-0.79255530,0 135.50180657,-0.79277547,0 135.50152898,-0.79284607,0 135.50153747,-0.79348964,0 135.50169449,-0.79350373,0 135.50210102,-0.79303512,0 135.50224965,-0.79319317,0 135.50071619,-0.79511442,0 135.50073870,-0.79575234,0 135.50104722,-0.79639022,0 135.50165295,-0.79687000,0 135.50213526,-0.79702236,0 135.50252781,-0.79696021,0 135.50258408,-0.79851831,0 135.50227005,-0.79871029,0 135.50170917,-0.79803292,0 135.50030720,-0.79837746,0 135.50003243,-0.79859766,0 135.49832790,-0.80130196,0 135.49817668,-0.80288831,0 135.49836187,-0.80389315,0 135.49861833,-0.80403259,0 135.49941553,-0.80395129,0 135.50077023,-0.80325132,0 135.50108342,-0.80330622,0 135.50149868,-0.80371936,0 135.50139193,-0.80385312,0 135.50070386,-0.80381977,0 135.49839557,-0.80437300,0 135.49836755,-0.80450849,0 135.49849667,-0.80559801,0 135.49927078,-0.80725199,0 135.49957515,-0.80733942,0 135.50034381,-0.80672312,0 135.50072042,-0.80680775,0 135.50060270,-0.80721813,0 135.50021834,-0.80724945,0 135.50003977,-0.80750611,0 135.49950076,-0.80763020,0 135.49915310,-0.80795202,0 135.49921718,-0.81002218,0 135.50056624,-0.81087358,0 135.50073776,-0.81119578,0 135.50050915,-0.81146049,0 135.49991472,-0.81164468,0 135.49982337,-0.81248476,0 135.49951475,-0.81281852,0 135.49906891,-0.81286461,0 135.49882331,-0.81310838,0 135.49853697,-0.81397692,0 135.49759158,-0.81574185,0 135.49650807,-0.81688841,0 135.49654533,-0.81764114,0 135.49592253,-0.81781537,0 135.49455937,-0.81772913,0 135.49376472,-0.81820511,0 135.49501414,-0.81940243,0 135.49521679,-0.82002144,0 135.49559305,-0.82043287,0 135.49673947,-0.82037408,0 135.49715350,-0.82090232,0 135.49748186,-0.82091659,0 135.49808149,-0.82053112,0 135.49860973,-0.81951747,0 135.49883816,-0.81954602,0 135.49900948,-0.82093087,0 135.49930929,-0.82131634,0 135.49966621,-0.82125923,0 135.50006596,-0.82180175,0 135.49958562,-0.82326993,0 135.49966526,-0.82458327,0 135.50008656,-0.82494799,0 135.50169908,-0.82478820,0 135.50351754,-0.82499620,0 135.50430603,-0.82435738,0 135.50470856,-0.82353142,0 135.50482530,-0.82391941,0 135.50472053,-0.82434868,0 135.50377293,-0.82508302,0 135.50466683,-0.82552758,0 135.50575750,-0.82638205,0 135.50753832,-0.82667711,0 135.50847365,-0.82723631,0 135.51241551,-0.82681026,0 135.51288484,-0.82658786,0 135.51299378,-0.82587611,0 135.51381802,-0.82468441,0 135.51536092,-0.82324944,0 135.51628944,-0.82293166,0 135.51715762,-0.82296499,0 135.51774947,-0.82279620,0 135.51920198,-0.82293432,0 135.52013346,-0.82216970,0 135.52070258,-0.82137929,0 135.52040119,-0.81969176,0 135.52043334,-0.81813930,0 135.52244969,-0.81503414,0 135.52256802,-0.81267831,0 135.52332250,-0.80918248,0 135.52350552,-0.80669636,0 135.52320339,-0.80548050,0 135.52244828,-0.80399328,0 135.52112165,-0.80317923,0 135.51984892,-0.80208291,0 135.51862970,-0.79772968,0 135.51862958,-0.79676347,0 135.51828439,-0.79610128,0 135.51717337,-0.79453811,0 135.51569554,-0.79188936,0 135.51432583,-0.79140099,0 135.51362466,-0.79004404,0</coordinates></LinearRing></outerBoundaryIs></Polygon><Polygon><tessellate>1</tessellate><altitudeMode>clampToGround</altitudeMode><outerBoundaryIs><LinearRing><coordinates>135.53041073,-0.80717413,0 135.52966568,-0.80680880,0 135.52966323,-0.80620693,0 135.52944253,-0.80591080,0 135.52855992,-0.80594913,0 135.52813050,-0.80616891,0 135.52785532,-0.80654632,0 135.52723372,-0.80678285,0 135.52698698,-0.80684737,0 135.52646260,-0.80660860,0 135.52571049,-0.80679021,0 135.52518626,-0.80767876,0 135.52606424,-0.80853846,0 135.52733597,-0.80848336,0 135.52814032,-0.80871015,0 135.52863854,-0.80847603,0 135.52886872,-0.80870528,0 135.53049627,-0.80814619,0 135.53041073,-0.80717413,0</coordinates></LinearRing></outerBoundaryIs></Polygon><Polygon><tessellate>1</tessellate><altitudeMode>clampToGround</altitudeMode><outerBoundaryIs><LinearRing><coordinates>135.52728014,-0.80288806,0 135.52808039,-0.80315285,0 135.52861962,-0.80311153,0 135.52883530,-0.80295517,0 135.52883088,-0.80217135,0 135.52849436,-0.80187176,0 135.52785376,-0.80193481,0 135.52737498,-0.80237564,0 135.52728014,-0.80288806,0</coordinates></LinearRing></outerBoundaryIs></Polygon><Polygon><tessellate>1</tessellate><altitudeMode>clampToGround</altitudeMode><outerBoundaryIs><LinearRing><coordinates>135.47648122,-0.80073057,0 135.47609308,-0.80088926,0 135.47617067,-0.80130057,0 135.47694133,-0.80130048,0 135.47692950,-0.80103925,0 135.47648122,-0.80073057,0</coordinates></LinearRing></outerBoundaryIs></Polygon><Polygon><tessellate>1</tessellate><altitudeMode>clampToGround</altitudeMode><outerBoundaryIs><LinearRing><coordinates>135.52287308,-0.80016487,0 135.52235354,-0.80075248,0 135.52237504,-0.80189174,0 135.52260285,-0.80217831,0 135.52307265,-0.80233589,0 135.52370614,-0.80227132,0 135.52417589,-0.80202764,0 135.52449613,-0.80152604,0 135.52459571,-0.80098148,0 135.52438914,-0.79977059,0 135.52386228,-0.79871022,0 135.52339248,-0.79859563,0 135.52305797,-0.79880347,0 135.52279470,-0.79952002,0 135.52287308,-0.80016487,0</coordinates></LinearRing></outerBoundaryIs></Polygon><Polygon><tessellate>1</tessellate><altitudeMode>clampToGround</altitudeMode><outerBoundaryIs><LinearRing><coordinates>135.47696534,-0.80057562,0 135.47704075,-0.80087280,0 135.47771473,-0.80082092,0 135.47810474,-0.80051436,0 135.47817263,-0.80003052,0 135.47778258,-0.80004830,0 135.47696534,-0.80057562,0</coordinates></LinearRing></outerBoundaryIs></Polygon><Polygon><tessellate>1</tessellate><altitudeMode>clampToGround</altitudeMode><outerBoundaryIs><LinearRing><coordinates>135.47883215,-0.80014322,0 135.47849998,-0.80013313,0 135.47839685,-0.80049792,0 135.47881457,-0.80049027,0 135.47883215,-0.80014322,0</coordinates></LinearRing></outerBoundaryIs></Polygon><Polygon><tessellate>1</tessellate><altitudeMode>clampToGround</altitudeMode><outerBoundaryIs><LinearRing><coordinates>135.51983540,-0.79665371,0 135.52002616,-0.79730333,0 135.52031222,-0.79767979,0 135.52062760,-0.79801195,0 135.52108964,-0.79818907,0 135.52219694,-0.79757620,0 135.52265154,-0.79697079,0 135.52264413,-0.79633592,0 135.52236536,-0.79561249,0 135.52203530,-0.79525080,0 135.52164661,-0.79514011,0 135.52045861,-0.79546509,0 135.52008464,-0.79577519,0 135.51987934,-0.79610742,0 135.51983540,-0.79665371,0</coordinates></LinearRing></outerBoundaryIs></Polygon><Polygon><tessellate>1</tessellate><altitudeMode>clampToGround</altitudeMode><outerBoundaryIs><LinearRing><coordinates>135.51627974,-0.78622287,0 135.51632944,-0.78691701,0 135.51699919,-0.78712667,0 135.51740598,-0.78707668,0 135.51728182,-0.78593310,0 135.51689485,-0.78581828,0 135.51627974,-0.78622287,0</coordinates></LinearRing></outerBoundaryIs></Polygon><Polygon><tessellate>1</tessellate><altitudeMode>clampToGround</altitudeMode><outerBoundaryIs><LinearRing><coordinates>135.47791070,-0.77847627,0 135.47791784,-0.77919011,0 135.47832829,-0.77921510,0 135.47854244,-0.77886888,0 135.47851389,-0.77860476,0 135.47824620,-0.77831566,0 135.47791070,-0.77847627,0</coordinates></LinearRing></outerBoundaryIs></Polygon><Polygon><tessellate>1</tessellate><altitudeMode>clampToGround</altitudeMode><outerBoundaryIs><LinearRing><coordinates>135.47889364,-0.77800748,0 135.47864551,-0.77843276,0 135.47870878,-0.77883964,0 135.47903721,-0.77916638,0 135.47950904,-0.77915872,0 135.47969771,-0.77861154,0 135.47965611,-0.77793899,0 135.47939187,-0.77774524,0 135.47889364,-0.77800748,0</coordinates></LinearRing></outerBoundaryIs></Polygon><Polygon><tessellate>1</tessellate><altitudeMode>clampToGround</altitudeMode><outerBoundaryIs><LinearRing><coordinates>135.47754946,-0.77717313,0 135.47704083,-0.77715751,0 135.47680840,-0.77744059,0 135.47682292,-0.77790988,0 135.47713437,-0.77824945,0 135.47771566,-0.77814489,0 135.47787133,-0.77792544,0 135.47792318,-0.77741864,0 135.47754946,-0.77717313,0</coordinates></LinearRing></outerBoundaryIs></Polygon><Polygon><tessellate>1</tessellate><altitudeMode>clampToGround</altitudeMode><outerBoundaryIs><LinearRing><coordinates>135.47964581,-0.77745964,0 135.47960321,-0.77775824,0 135.47994342,-0.77789784,0 135.48032324,-0.77783130,0 135.48035620,-0.77728271,0 135.47964581,-0.77745964,0</coordinates></LinearRing></outerBoundaryIs></Polygon><Polygon><tessellate>1</tessellate><altitudeMode>clampToGround</altitudeMode><outerBoundaryIs><LinearRing><coordinates>135.48154752,-0.77655210,0 135.48117383,-0.77655594,0 135.48084925,-0.77690556,0 135.48134375,-0.77704229,0 135.48159285,-0.77680668,0 135.48154752,-0.77655210,0</coordinates></LinearRing></outerBoundaryIs></Polygon><Polygon><tessellate>1</tessellate><altitudeMode>clampToGround</altitudeMode><outerBoundaryIs><LinearRing><coordinates>135.47524651,-0.77698160,0 135.47571348,-0.77703514,0 135.47570753,-0.77662170,0 135.47531492,-0.77638971,0 135.47494015,-0.77666037,0 135.47524651,-0.77698160,0</coordinates></LinearRing></outerBoundaryIs></Polygon><Polygon><tessellate>1</tessellate><altitudeMode>clampToGround</altitudeMode><outerBoundaryIs><LinearRing><coordinates>135.47573914,-0.77705900,0 135.47626381,-0.77720177,0 135.47675279,-0.77631304,0 135.47663858,-0.77591329,0 135.47632806,-0.77572412,0 135.47573557,-0.77607034,0 135.47573914,-0.77705900,0</coordinates></LinearRing></outerBoundaryIs></Polygon><Polygon><tessellate>1</tessellate><altitudeMode>clampToGround</altitudeMode><outerBoundaryIs><LinearRing><coordinates>135.47869657,-0.77655194,0 135.47911227,-0.77701959,0 135.47942231,-0.77594518,0 135.47938568,-0.77536236,0 135.47844976,-0.77544225,0 135.47816120,-0.77613553,0 135.47869657,-0.77655194,0</coordinates></LinearRing></outerBoundaryIs></Polygon><Polygon><tessellate>1</tessellate><altitudeMode>clampToGround</altitudeMode><outerBoundaryIs><LinearRing><coordinates>135.47981173,-0.77700452,0 135.48068342,-0.77674230,0 135.48081429,-0.77656384,0 135.48075481,-0.77617122,0 135.48121880,-0.77565964,0 135.48092137,-0.77515995,0 135.48056445,-0.77512426,0 135.48021943,-0.77445801,0 135.47951749,-0.77540980,0 135.47948180,-0.77611174,0 135.47981492,-0.77640917,0 135.47981173,-0.77700452,0</coordinates></LinearRing></outerBoundaryIs></Polygon><Polygon><tessellate>1</tessellate><altitudeMode>clampToGround</altitudeMode><outerBoundaryIs><LinearRing><coordinates>135.47658956,-0.77515520,0 135.47693220,-0.77525989,0 135.47727485,-0.77503146,0 135.47736051,-0.77435570,0 135.47722726,-0.77346102,0 135.47740810,-0.77298513,0 135.47719870,-0.77280429,0 135.47654197,-0.77295657,0 135.47630403,-0.77374655,0 135.47581862,-0.77367993,0 135.47525706,-0.77398450,0 135.47564730,-0.77418438,0 135.47606608,-0.77403209,0 135.47618029,-0.77467930,0 135.47658956,-0.77515520,0</coordinates></LinearRing></outerBoundaryIs></Polygon><Polygon><tessellate>1</tessellate><altitudeMode>clampToGround</altitudeMode><outerBoundaryIs><LinearRing><coordinates>135.47860734,-0.77226177,0 135.47821711,-0.77170022,0 135.47847409,-0.77109108,0 135.47841699,-0.77070084,0 135.47830277,-0.77062470,0 135.47777929,-0.77095783,0 135.47727485,-0.77086265,0 135.47699883,-0.77064374,0 135.47676088,-0.77082458,0 135.47647535,-0.77150986,0 135.47660860,-0.77239502,0 135.47770315,-0.77197624,0 135.47779833,-0.77207141,0 135.47738906,-0.77238550,0 135.47736051,-0.77267104,0 135.47790302,-0.77371800,0 135.47833133,-0.77386077,0 135.47820760,-0.77427955,0 135.47847409,-0.77437473,0 135.47859783,-0.77403209,0 135.47873108,-0.77458412,0 135.47919745,-0.77446991,0 135.47954961,-0.77482207,0 135.48012068,-0.77367041,0 135.48009213,-0.77275670,0 135.47985418,-0.77262345,0 135.47944491,-0.77273766,0 135.47860734,-0.77226177,0</coordinates></LinearRing></outerBoundaryIs></Polygon><Polygon><tessellate>1</tessellate><altitudeMode>clampToGround</altitudeMode><outerBoundaryIs><LinearRing><coordinates>135.47184924,-0.76084469,0 135.47152087,-0.76109453,0 135.47169933,-0.76140148,0 135.47204197,-0.76119447,0 135.47184924,-0.76084469,0</coordinates></LinearRing></outerBoundaryIs></Polygon><Polygon><tessellate>1</tessellate><altitudeMode>clampToGround</altitudeMode><outerBoundaryIs><LinearRing><coordinates>135.47095694,-0.76024090,0 135.47113540,-0.75972694,0 135.47061429,-0.75966983,0 135.47047867,-0.76019807,0 135.47095694,-0.76024090,0</coordinates></LinearRing></outerBoundaryIs></Polygon><Polygon><tessellate>1</tessellate><altitudeMode>clampToGround</altitudeMode><outerBoundaryIs><LinearRing><coordinates>135.47499290,-0.75496454,0 135.47449781,-0.75508414,0 135.47449784,-0.75535170,0 135.47503824,-0.75538504,0 135.47499290,-0.75496454,0</coordinates></LinearRing></outerBoundaryIs></Polygon><Polygon><tessellate>1</tessellate><altitudeMode>clampToGround</altitudeMode><outerBoundaryIs><LinearRing><coordinates>135.47587879,-0.75447073,0 135.47546359,-0.75457844,0 135.47527805,-0.75494893,0 135.47555171,-0.75502490,0 135.47582536,-0.75489504,0 135.47587879,-0.75447073,0</coordinates></LinearRing></outerBoundaryIs></Polygon><Polygon><tessellate>1</tessellate><altitudeMode>clampToGround</altitudeMode><outerBoundaryIs><LinearRing><coordinates>135.47384979,-0.75226533,0 135.47351040,-0.75233946,0 135.47343683,-0.75268113,0 135.47383757,-0.75269755,0 135.47384979,-0.75226533,0</coordinates></LinearRing></outerBoundaryIs></Polygon><Polygon><tessellate>1</tessellate><altitudeMode>clampToGround</altitudeMode><outerBoundaryIs><LinearRing><coordinates>135.47326948,-0.75159096,0 135.47321296,-0.75173671,0 135.47332896,-0.75178132,0 135.47326948,-0.75159096,0</coordinates></LinearRing></outerBoundaryIs></Polygon><Polygon><tessellate>1</tessellate><altitudeMode>clampToGround</altitudeMode><outerBoundaryIs><LinearRing><coordinates>135.47264518,-0.75060741,0 135.47232544,-0.75072476,0 135.47236432,-0.75098646,0 135.47270499,-0.75105561,0 135.47264518,-0.75060741,0</coordinates></LinearRing></outerBoundaryIs></Polygon><Polygon><tessellate>1</tessellate><altitudeMode>clampToGround</altitudeMode><outerBoundaryIs><LinearRing><coordinates>135.47245199,-0.75029277,0 135.47287699,-0.75050296,0 135.47336184,-0.75041469,0 135.47324931,-0.74962377,0 135.47269394,-0.74976565,0 135.47244320,-0.75006490,0 135.47245199,-0.75029277,0</coordinates></LinearRing></outerBoundaryIs></Polygon><Polygon><tessellate>1</tessellate><altitudeMode>clampToGround</altitudeMode><outerBoundaryIs><LinearRing><coordinates>135.47399579,-0.74998105,0 135.47465187,-0.75013478,0 135.47473810,-0.74968423,0 135.47438939,-0.74958113,0 135.47399579,-0.74998105,0</coordinates></LinearRing></outerBoundaryIs></Polygon><Polygon><tessellate>1</tessellate><altitudeMode>clampToGround</altitudeMode><outerBoundaryIs><LinearRing><coordinates>135.48021426,-0.74924515,0 135.48005218,-0.74956126,0 135.48045527,-0.74968617,0 135.48046254,-0.74932451,0 135.48021426,-0.74924515,0</coordinates></LinearRing></outerBoundaryIs></Polygon><Polygon><tessellate>1</tessellate><altitudeMode>clampToGround</altitudeMode><outerBoundaryIs><LinearRing><coordinates>135.47302270,-0.74915630,0 135.47307486,-0.74948424,0 135.47371521,-0.74957442,0 135.47394782,-0.74921771,0 135.47392005,-0.74894699,0 135.47352942,-0.74877943,0 135.47302270,-0.74915630,0</coordinates></LinearRing></outerBoundaryIs></Polygon><Polygon><tessellate>1</tessellate><altitudeMode>clampToGround</altitudeMode><outerBoundaryIs><LinearRing><coordinates>135.47905361,-0.74866175,0 135.47929584,-0.74893788,0 135.47998043,-0.74889303,0 135.47966896,-0.74829098,0 135.47913267,-0.74847017,0 135.47905361,-0.74866175,0</coordinates></LinearRing></outerBoundaryIs></Polygon><Polygon><tessellate>1</tessellate><altitudeMode>clampToGround</altitudeMode><outerBoundaryIs><LinearRing><coordinates>135.47369361,-0.74409130,0 135.47357996,-0.74448938,0 135.47419045,-0.74475304,0 135.47469216,-0.74472810,0 135.47471188,-0.74427530,0 135.47436336,-0.74392205,0 135.47400747,-0.74388228,0 135.47369361,-0.74409130,0</coordinates></LinearRing></outerBoundaryIs></Polygon><Polygon><tessellate>1</tessellate><altitudeMode>clampToGround</altitudeMode><outerBoundaryIs><LinearRing><coordinates>135.47269048,-0.74331795,0 135.47292036,-0.74361150,0 135.47339487,-0.74347462,0 135.47305121,-0.74234265,0 135.47255544,-0.74245184,0 135.47190700,-0.74311154,0 135.47214428,-0.74329562,0 135.47269048,-0.74331795,0</coordinates></LinearRing></outerBoundaryIs></Polygon><Polygon><tessellate>1</tessellate><altitudeMode>clampToGround</altitudeMode><outerBoundaryIs><LinearRing><coordinates>135.51254803,-0.66097526,0 135.51258368,-0.66076730,0 135.51241137,-0.66070789,0 135.51233412,-0.66085049,0 135.51254803,-0.66097526,0</coordinates></LinearRing></outerBoundaryIs></Polygon><Polygon><tessellate>1</tessellate><altitudeMode>clampToGround</altitudeMode><outerBoundaryIs><LinearRing><coordinates>135.51958273,-0.65431629,0 135.51934822,-0.65476685,0 135.51999528,-0.65479121,0 135.52003029,-0.65435967,0 135.51958273,-0.65431629,0</coordinates></LinearRing></outerBoundaryIs></Polygon><Polygon><tessellate>1</tessellate><altitudeMode>clampToGround</altitudeMode><outerBoundaryIs><LinearRing><coordinates>135.51968198,-0.65352922,0 135.51983836,-0.65359163,0 135.52011470,-0.65349390,0 135.52000953,-0.65327135,0 135.51968198,-0.65352922,0</coordinates></LinearRing></outerBoundaryIs></Polygon><Polygon><tessellate>1</tessellate><altitudeMode>clampToGround</altitudeMode><outerBoundaryIs><LinearRing><coordinates>135.51955068,-0.65293059,0 135.51963670,-0.65313481,0 135.51981264,-0.65326303,0 135.51986213,-0.65284777,0 135.51955068,-0.65293059,0</coordinates></LinearRing></outerBoundaryIs></Polygon><Polygon><tessellate>1</tessellate><altitudeMode>clampToGround</altitudeMode><outerBoundaryIs><LinearRing><coordinates>135.52789867,-0.65503716,0 135.52813048,-0.65452418,0 135.52913073,-0.65455664,0 135.52952703,-0.65432047,0 135.52957013,-0.65397035,0 135.52973728,-0.65388891,0 135.53175119,-0.65334046,0 135.53223104,-0.65277588,0 135.53246282,-0.65199149,0 135.53399681,-0.65062038,0 135.53392551,-0.64975053,0 135.53325525,-0.64801083,0 135.53269908,-0.64706968,0 135.53164378,-0.64558665,0 135.53018918,-0.64396102,0 135.52882015,-0.64299135,0 135.52813563,-0.64276319,0 135.52660642,-0.64239820,0 135.52541319,-0.64240095,0 135.52510386,-0.64278163,0 135.52528022,-0.64490560,0 135.52515898,-0.64691414,0 135.52501578,-0.64754390,0 135.52437974,-0.64870868,0 135.52394296,-0.65067742,0 135.52400000,-0.65099114,0 135.52549739,-0.65354366,0 135.52545460,-0.65441351,0 135.52506956,-0.65511224,0 135.52544526,-0.65530069,0 135.52606803,-0.65505907,0 135.52677175,-0.65546068,0 135.52738912,-0.65511864,0 135.52789867,-0.65503716,0</coordinates></LinearRing></outerBoundaryIs></Polygon><Polygon><tessellate>1</tessellate><altitudeMode>clampToGround</altitudeMode><outerBoundaryIs><LinearRing><coordinates>135.49789645,-0.63625814,0 135.49785249,-0.63696743,0 135.49816709,-0.63762602,0 135.49889060,-0.63822757,0 135.49928694,-0.63837952,0 135.49974616,-0.63825915,0 135.50266508,-0.63552648,0 135.50308200,-0.63476650,0 135.50306038,-0.63422730,0 135.50216517,-0.63312728,0 135.50162953,-0.63289573,0 135.50106514,-0.63287792,0 135.49836820,-0.63553615,0 135.49789645,-0.63625814,0</coordinates></LinearRing></outerBoundaryIs></Polygon><Polygon><tessellate>1</tessellate><altitudeMode>clampToGround</altitudeMode><outerBoundaryIs><LinearRing><coordinates>135.48642320,-0.63824843,0 135.48799188,-0.63980276,0 135.48824858,-0.64028760,0 135.48849101,-0.64033038,0 135.48870492,-0.64013074,0 135.48928961,-0.63850511,0 135.48918979,-0.63762100,0 135.48944071,-0.63592821,0 135.48922787,-0.63282828,0 135.48866422,-0.63103206,0 135.48710548,-0.62907309,0 135.48608025,-0.62865273,0 135.48389258,-0.62842359,0 135.48261915,-0.62865893,0 135.48141292,-0.62912066,0 135.48123185,-0.62933826,0 135.48140716,-0.63007037,0 135.48353098,-0.63470109,0 135.48441611,-0.63613292,0 135.48576852,-0.63716189,0 135.48642320,-0.63824843,0</coordinates></LinearRing></outerBoundaryIs></Polygon><Polygon><tessellate>1</tessellate><altitudeMode>clampToGround</altitudeMode><outerBoundaryIs><LinearRing><coordinates>135.81261222,-1.89443989,0 135.81328387,-1.89447517,0 135.81375776,-1.89475605,0 135.81425578,-1.89470692,0 135.81447400,-1.89376574,0 135.81585928,-1.89310730,0 135.81677625,-1.89236144,0 135.81712881,-1.89182882,0 135.81730487,-1.89108330,0 135.81723419,-1.89083486,0 135.81490346,-1.88914480,0 135.81386650,-1.88792509,0 135.81340334,-1.88772564,0 135.81269772,-1.88774815,0 135.81197032,-1.88834750,0 135.81174999,-1.88872476,0 135.81146441,-1.89105438,0 135.81092212,-1.89153343,0 135.81086203,-1.89243634,0 135.81035220,-1.89323100,0 135.81053453,-1.89348757,0 135.81114203,-1.89374394,0 135.81167704,-1.89484365,0 135.81200504,-1.89486794,0 135.81261222,-1.89443989,0</coordinates></LinearRing></outerBoundaryIs></Polygon><Polygon><tessellate>1</tessellate><altitudeMode>clampToGround</altitudeMode><outerBoundaryIs><LinearRing><coordinates>135.82192619,-1.88340143,0 135.82215402,-1.88397371,0 135.82257946,-1.88398058,0 135.82358530,-1.88279397,0 135.82525924,-1.88220444,0 135.82552723,-1.88175458,0 135.82512075,-1.88149311,0 135.82397383,-1.88159969,0 135.82316147,-1.88237688,0 135.82211325,-1.88280258,0 135.82192619,-1.88340143,0</coordinates></LinearRing></outerBoundaryIs></Polygon><Polygon><tessellate>1</tessellate><altitudeMode>clampToGround</altitudeMode><outerBoundaryIs><LinearRing><coordinates>135.80227684,-1.87658555,0 135.80267608,-1.87615134,0 135.80487201,-1.87646305,0 135.80514540,-1.87611889,0 135.80459788,-1.87520173,0 135.80327294,-1.87414699,0 135.80200420,-1.87258510,0 135.80136301,-1.87245638,0 135.80093576,-1.87282928,0 135.80086489,-1.87532610,0 135.80141454,-1.87764691,0 135.80170227,-1.87793613,0 135.80206969,-1.87780736,0 135.80219738,-1.87751794,0 135.80227684,-1.87658555,0</coordinates></LinearRing></outerBoundaryIs></Polygon><Polygon><tessellate>1</tessellate><altitudeMode>clampToGround</altitudeMode><outerBoundaryIs><LinearRing><coordinates>135.81480589,-1.78619599,0 135.81409765,-1.78626701,0 135.81356616,-1.78609308,0 135.81257846,-1.78512448,0 135.81189161,-1.78468636,0 135.81126471,-1.78479474,0 135.81065246,-1.78528888,0 135.80955974,-1.78519928,0 135.80905838,-1.78564994,0 135.80880158,-1.78554795,0 135.80871782,-1.78516362,0 135.80835943,-1.78486349,0 135.80710569,-1.78524985,0 135.80662290,-1.78483138,0 135.80559397,-1.78545058,0 135.80514144,-1.78525661,0 135.80448389,-1.78525083,0 135.80406494,-1.78587699,0 135.80379957,-1.78601060,0 135.80325057,-1.78593802,0 135.80277382,-1.78553169,0 135.80225509,-1.78569575,0 135.80139125,-1.78646207,0 135.80071575,-1.78679003,0 135.79885570,-1.78887570,0 135.79797224,-1.79079967,0 135.79792042,-1.79148112,0 135.79854643,-1.79295728,0 135.79849455,-1.79347485,0 135.79780827,-1.79412529,0 135.79779973,-1.79443980,0 135.79806049,-1.79487650,0 135.79954820,-1.79575267,0 135.80010430,-1.79625913,0 135.80033922,-1.79720254,0 135.80062869,-1.79769990,0 135.80057455,-1.79819190,0 135.80037359,-1.79846531,0 135.79961523,-1.79860442,0 135.79938716,-1.79903636,0 135.79940360,-1.79962834,0 135.79870276,-1.80014796,0 135.79824076,-1.80003884,0 135.79769165,-1.79956897,0 135.79663160,-1.79933186,0 135.79633415,-1.79906440,0 135.79540287,-1.79874999,0 135.79486295,-1.79872661,0 135.79448748,-1.79901011,0 135.79444111,-1.80034023,0 135.79460567,-1.80090682,0 135.79637068,-1.80334160,0 135.79651217,-1.80375306,0 135.79650484,-1.80487066,0 135.79623889,-1.80566052,0 135.79640356,-1.80654496,0 135.79633340,-1.80714314,0 135.79537396,-1.80840050,0 135.79451033,-1.80912798,0 135.79434454,-1.80963696,0 135.79538066,-1.81076564,0 135.79623706,-1.81258911,0 135.79677842,-1.81314803,0 135.79711841,-1.81328305,0 135.79828846,-1.81332229,0 135.79847814,-1.81320294,0 135.79852545,-1.81293256,0 135.79838307,-1.81273383,0 135.79779009,-1.81259892,0 135.79772672,-1.81231269,0 135.79808220,-1.81170025,0 135.79875581,-1.81114106,0 135.79861326,-1.81056066,0 135.79914280,-1.81026621,0 135.79947487,-1.81034558,0 135.79971249,-1.81135533,0 135.80051914,-1.81202291,0 135.80121664,-1.81325150,0 135.80186363,-1.81541415,0 135.80213540,-1.81587195,0 135.80259082,-1.81622523,0 135.80282244,-1.81620103,0 135.80380873,-1.81537304,0 135.80382499,-1.81601573,0 135.80353789,-1.81693520,0 135.80357794,-1.81719226,0 135.80399340,-1.81748128,0 135.80539109,-1.81731195,0 135.80586511,-1.81653950,0 135.80652029,-1.81706943,0 135.80692766,-1.81710139,0 135.80722307,-1.81685221,0 135.80779905,-1.81582983,0 135.80828757,-1.81446062,0 135.80855100,-1.81413112,0 135.80910195,-1.81375329,0 135.81038782,-1.81361614,0 135.81070723,-1.81343926,0 135.81154711,-1.81235276,0 135.81216214,-1.81240068,0 135.81240738,-1.81353512,0 135.81283880,-1.81380004,0 135.81370929,-1.81355863,0 135.81406874,-1.81360667,0 135.81431213,-1.81480622,0 135.81492734,-1.81524780,0 135.81545458,-1.81544840,0 135.81682844,-1.81559238,0 135.81743566,-1.81603395,0 135.81774718,-1.81608201,0 135.81789880,-1.81577667,0 135.81776265,-1.81496533,0 135.81860071,-1.81422857,0 135.81867447,-1.81368870,0 135.81834092,-1.81251611,0 135.81743391,-1.81149271,0 135.81676604,-1.81005648,0 135.81671031,-1.80955390,0 135.81722807,-1.80893937,0 135.81798654,-1.80877150,0 135.81885584,-1.80823127,0 135.81930122,-1.80765287,0 135.81967074,-1.80653581,0 135.82126154,-1.80590218,0 135.82172516,-1.80524109,0 135.82225469,-1.80514141,0 135.82329298,-1.80596096,0 135.82370096,-1.80585616,0 135.82487772,-1.80397765,0 135.82355539,-1.80211495,0 135.82381919,-1.80161590,0 135.82440319,-1.80151907,0 135.82476305,-1.80114873,0 135.82521081,-1.80011545,0 135.82490656,-1.79960057,0 135.82445035,-1.79922255,0 135.82314670,-1.79882685,0 135.82305842,-1.79819920,0 135.82275313,-1.79767236,0 135.82293682,-1.79694803,0 135.82289642,-1.79605480,0 135.82212094,-1.79479450,0 135.82149737,-1.79441729,0 135.82108281,-1.79495720,0 135.81953097,-1.79561053,0 135.81901031,-1.79598861,0 135.81852051,-1.79600803,0 135.81818306,-1.79531077,0 135.81794132,-1.79528528,0 135.81770606,-1.79553492,0 135.81770625,-1.79596361,0 135.81742002,-1.79600853,0 135.81725456,-1.79584224,0 135.81722878,-1.79508086,0 135.81745765,-1.79479283,0 135.81741384,-1.79418085,0 135.81783993,-1.79393752,0 135.81797324,-1.79331683,0 135.81849270,-1.79265558,0 135.81784447,-1.79234092,0 135.81710895,-1.79223871,0 135.81701420,-1.79204831,0 135.81740115,-1.79009042,0 135.81715508,-1.78835085,0 135.81630650,-1.78746867,0 135.81545804,-1.78696155,0 135.81521793,-1.78631592,0 135.81480589,-1.78619599,0</coordinates></LinearRing></outerBoundaryIs></Polygon><Polygon><tessellate>1</tessellate><altitudeMode>clampToGround</altitudeMode><outerBoundaryIs><LinearRing><coordinates>135.77230930,-1.77987923,0 135.77235759,-1.78062719,0 135.77263337,-1.78044611,0 135.77379606,-1.77866012,0 135.77356810,-1.77849131,0 135.77328028,-1.77857589,0 135.77230930,-1.77987923,0</coordinates></LinearRing></outerBoundaryIs></Polygon><Polygon><tessellate>1</tessellate><altitudeMode>clampToGround</altitudeMode><outerBoundaryIs><LinearRing><coordinates>135.76202055,-1.77038707,0 135.76201639,-1.77058792,0 135.76250566,-1.77063477,0 135.76251763,-1.77039541,0 135.76202055,-1.77038707,0</coordinates></LinearRing></outerBoundaryIs></Polygon><Polygon><tessellate>1</tessellate><altitudeMode>clampToGround</altitudeMode><outerBoundaryIs><LinearRing><coordinates>135.86884626,-1.77127628,0 135.86918891,-1.77136194,0 135.86941733,-1.77119633,0 135.86945731,-1.77071092,0 135.86986277,-1.77011129,0 135.86991417,-1.76967157,0 135.86938878,-1.76902626,0 135.86894334,-1.76883209,0 135.86842938,-1.76871788,0 135.86740966,-1.76887584,0 135.86697409,-1.76926708,0 135.86690359,-1.76961076,0 135.86884626,-1.77127628,0</coordinates></LinearRing></outerBoundaryIs></Polygon><Polygon><tessellate>1</tessellate><altitudeMode>clampToGround</altitudeMode><outerBoundaryIs><LinearRing><coordinates>135.78844252,-1.75930744,0 135.78825789,-1.75922500,0 135.78706621,-1.75929812,0 135.78639958,-1.75915399,0 135.78597867,-1.75939770,0 135.78515043,-1.76047457,0 135.78405887,-1.76148656,0 135.78356167,-1.76153941,0 135.78334169,-1.76115520,0 135.78298573,-1.76102373,0 135.78197528,-1.76176652,0 135.78067366,-1.76206806,0 135.78008208,-1.76170505,0 135.77894865,-1.76150287,0 135.77847735,-1.76089238,0 135.77822087,-1.76085037,0 135.77707778,-1.76110289,0 135.77610407,-1.76058210,0 135.77545755,-1.76079442,0 135.77492911,-1.76123160,0 135.77440574,-1.76127920,0 135.77250612,-1.76018315,0 135.77104601,-1.76021114,0 135.77033034,-1.76043328,0 135.76985591,-1.76034976,0 135.76945679,-1.76095881,0 135.76948609,-1.76139412,0 135.77032254,-1.76139796,0 135.77053067,-1.76153600,0 135.77072220,-1.76179125,0 135.77072160,-1.76240721,0 135.77145622,-1.76353749,0 135.77149267,-1.76423584,0 135.77118928,-1.76549741,0 135.77089049,-1.76586463,0 135.76977684,-1.76621428,0 135.76915509,-1.76677469,0 135.76861844,-1.76820518,0 135.76819191,-1.76864184,0 135.76795361,-1.76953673,0 135.76746694,-1.77020316,0 135.76659206,-1.77079278,0 135.76569512,-1.77050944,0 135.76559449,-1.77206343,0 135.76537769,-1.77245635,0 135.76555144,-1.77290004,0 135.76589872,-1.77319088,0 135.76656411,-1.77321243,0 135.76708501,-1.77361232,0 135.76761535,-1.77418204,0 135.76807863,-1.77515666,0 135.76848637,-1.77549431,0 135.76897091,-1.77540681,0 135.76942704,-1.77657785,0 135.76978134,-1.77638855,0 135.77022259,-1.77654841,0 135.77050461,-1.77643917,0 135.77102186,-1.77711652,0 135.77139799,-1.77721093,0 135.77186072,-1.77686155,0 135.77240317,-1.77691952,0 135.77272849,-1.77659202,0 135.77339476,-1.77540147,0 135.77354050,-1.77404566,0 135.77390200,-1.77376907,0 135.77437171,-1.77282316,0 135.77542139,-1.77234750,0 135.77698626,-1.77224344,0 135.77728978,-1.77168316,0 135.77846104,-1.77073695,0 135.77902190,-1.77066997,0 135.77947743,-1.77040061,0 135.78012845,-1.77064767,0 135.78054745,-1.76951992,0 135.78090921,-1.76985440,0 135.78111923,-1.77051631,0 135.78118151,-1.77153543,0 135.78179648,-1.77205895,0 135.78228099,-1.77191325,0 135.78267841,-1.77105467,0 135.78285060,-1.77012870,0 135.78353351,-1.76953395,0 135.78387706,-1.76952864,0 135.78462582,-1.76987903,0 135.78505398,-1.76930122,0 135.78552054,-1.76921334,0 135.78631806,-1.76969818,0 135.78668194,-1.76928543,0 135.78748185,-1.76933150,0 135.78809921,-1.76893860,0 135.78906840,-1.76915480,0 135.78941440,-1.76953749,0 135.79129938,-1.77065264,0 135.79189449,-1.77141054,0 135.79226860,-1.77095136,0 135.79229412,-1.77067800,0 135.79056713,-1.76774941,0 135.78949825,-1.76756858,0 135.78830107,-1.76673053,0 135.78749045,-1.76557560,0 135.78676602,-1.76500596,0 135.78634406,-1.76385444,0 135.78639522,-1.76358107,0 135.78735525,-1.76223738,0 135.78764281,-1.76098657,0 135.78812974,-1.76055313,0 135.78844252,-1.75930744,0</coordinates></LinearRing></outerBoundaryIs></Polygon><Polygon><tessellate>1</tessellate><altitudeMode>clampToGround</altitudeMode><outerBoundaryIs><LinearRing><coordinates>135.83619004,-1.76844321,0 135.83664119,-1.76870283,0 135.83693149,-1.76845060,0 135.83665547,-1.76758924,0 135.83577507,-1.76700865,0 135.83528966,-1.76702293,0 135.83520778,-1.76725039,0 135.83538602,-1.76760867,0 135.83574241,-1.76811023,0 135.83612723,-1.76822693,0 135.83619004,-1.76844321,0</coordinates></LinearRing></outerBoundaryIs></Polygon><Polygon><tessellate>1</tessellate><altitudeMode>clampToGround</altitudeMode><outerBoundaryIs><LinearRing><coordinates>135.81128733,-1.76786725,0 135.81169099,-1.76858437,0 135.81198180,-1.76865030,0 135.81231002,-1.76844252,0 135.81224422,-1.76812166,0 135.81179381,-1.76775377,0 135.81174668,-1.76721582,0 135.81154021,-1.76698939,0 135.81125890,-1.76720659,0 135.81128733,-1.76786725,0</coordinates></LinearRing></outerBoundaryIs></Polygon><Polygon><tessellate>1</tessellate><altitudeMode>clampToGround</altitudeMode><outerBoundaryIs><LinearRing><coordinates>135.88289160,-1.76782664,0 135.88335939,-1.76792379,0 135.88368994,-1.76771266,0 135.88366558,-1.76736375,0 135.88296979,-1.76619291,0 135.88320333,-1.76547061,0 135.88250981,-1.76554397,0 135.88184039,-1.76599122,0 135.88180839,-1.76652678,0 135.88289160,-1.76782664,0</coordinates></LinearRing></outerBoundaryIs></Polygon><Polygon><tessellate>1</tessellate><altitudeMode>clampToGround</altitudeMode><outerBoundaryIs><LinearRing><coordinates>135.83134589,-1.76578765,0 135.83203132,-1.76631802,0 135.83235171,-1.76627489,0 135.83247978,-1.76608857,0 135.83202376,-1.76532223,0 135.83064445,-1.76427058,0 135.83043255,-1.76380790,0 135.83042280,-1.76228415,0 135.83011999,-1.76204104,0 135.82971482,-1.76204637,0 135.82910013,-1.76255975,0 135.82878441,-1.76339360,0 135.82925898,-1.76411937,0 135.82938047,-1.76512228,0 135.83134589,-1.76578765,0</coordinates></LinearRing></outerBoundaryIs></Polygon><Polygon><tessellate>1</tessellate><altitudeMode>clampToGround</altitudeMode><outerBoundaryIs><LinearRing><coordinates>135.78872914,-1.75799629,0 135.78871963,-1.75825803,0 135.78893854,-1.75850073,0 135.78957346,-1.75808992,0 135.78982617,-1.75751226,0 135.78941919,-1.75743949,0 135.78872914,-1.75799629,0</coordinates></LinearRing></outerBoundaryIs></Polygon><Polygon><tessellate>1</tessellate><altitudeMode>clampToGround</altitudeMode><outerBoundaryIs><LinearRing><coordinates>135.78747184,-1.75764052,0 135.78741364,-1.75805168,0 135.78753045,-1.75819846,0 135.78807717,-1.75818664,0 135.78835200,-1.75777857,0 135.78818187,-1.75755211,0 135.78747184,-1.75764052,0</coordinates></LinearRing></outerBoundaryIs></Polygon><Polygon><tessellate>1</tessellate><altitudeMode>clampToGround</altitudeMode><outerBoundaryIs><LinearRing><coordinates>135.77994391,-1.75731369,0 135.77966013,-1.75771842,0 135.77980813,-1.75796826,0 135.78020425,-1.75746829,0 135.78016279,-1.75731955,0 135.77994391,-1.75731369,0</coordinates></LinearRing></outerBoundaryIs></Polygon><Polygon><tessellate>1</tessellate><altitudeMode>clampToGround</altitudeMode><outerBoundaryIs><LinearRing><coordinates>135.78881396,-1.75626226,0 135.78893837,-1.75674353,0 135.78928424,-1.75686836,0 135.78951672,-1.75677650,0 135.78956910,-1.75631965,0 135.78932525,-1.75606008,0 135.78903267,-1.75597469,0 135.78881396,-1.75626226,0</coordinates></LinearRing></outerBoundaryIs></Polygon><Polygon><tessellate>1</tessellate><altitudeMode>clampToGround</altitudeMode><outerBoundaryIs><LinearRing><coordinates>135.79048076,-1.75480116,0 135.79022870,-1.75488096,0 135.79040890,-1.75519241,0 135.79053131,-1.75511991,0 135.79048076,-1.75480116,0</coordinates></LinearRing></outerBoundaryIs></Polygon><Polygon><tessellate>1</tessellate><altitudeMode>clampToGround</altitudeMode><outerBoundaryIs><LinearRing><coordinates>135.83535888,-1.75084906,0 135.83523564,-1.74986515,0 135.83357724,-1.74959025,0 135.83271100,-1.74865082,0 135.83229290,-1.74747834,0 135.83173818,-1.74658066,0 135.83097425,-1.74645607,0 135.83041100,-1.74657636,0 135.82973123,-1.74710976,0 135.82882412,-1.74934149,0 135.82827520,-1.74994171,0 135.82774120,-1.75016069,0 135.82666142,-1.74994948,0 135.82584903,-1.75106000,0 135.82571102,-1.75148238,0 135.82582320,-1.75170076,0 135.82625359,-1.75216550,0 135.82704148,-1.75253833,0 135.82819314,-1.75254785,0 135.82917348,-1.75227183,0 135.82964937,-1.75239557,0 135.83088718,-1.75348886,0 135.83198783,-1.75512384,0 135.83190507,-1.75562776,0 135.83255008,-1.75741049,0 135.83186403,-1.75998572,0 135.83150193,-1.76042915,0 135.83116074,-1.76140594,0 135.83116847,-1.76180461,0 135.83138268,-1.76195477,0 135.83211273,-1.76189238,0 135.83306702,-1.76148162,0 135.83345643,-1.76181073,0 135.83408519,-1.76160500,0 135.83466505,-1.76202693,0 135.83590676,-1.76083860,0 135.83639490,-1.75998332,0 135.83641051,-1.75910230,0 135.83576355,-1.75820086,0 135.83485576,-1.75743288,0 135.83502204,-1.75715626,0 135.83650810,-1.75619615,0 135.83823433,-1.75410930,0 135.83837078,-1.75330115,0 135.83818848,-1.75307239,0 135.83699220,-1.75333460,0 135.83634341,-1.75316943,0 135.83571339,-1.75334964,0 135.83586781,-1.75310135,0 135.83637793,-1.75296615,0 135.83626821,-1.75266948,0 135.83533370,-1.75223776,0 135.83453898,-1.75242691,0 135.83526371,-1.75193429,0 135.83535888,-1.75084906,0</coordinates></LinearRing></outerBoundaryIs></Polygon><Polygon><tessellate>1</tessellate><altitudeMode>clampToGround</altitudeMode><outerBoundaryIs><LinearRing><coordinates>135.80941493,-1.74038682,0 135.80910120,-1.74104843,0 135.80893031,-1.74108378,0 135.80762462,-1.73857951,0 135.80742421,-1.73850740,0 135.80692807,-1.73876100,0 135.80676618,-1.73923700,0 135.80695318,-1.74052675,0 135.80662233,-1.74194879,0 135.80638800,-1.74227185,0 135.80540832,-1.74237060,0 135.80448627,-1.74334547,0 135.80495422,-1.74361593,0 135.80512199,-1.74470920,0 135.80462844,-1.74492797,0 135.80450383,-1.74532335,0 135.80329947,-1.74475558,0 135.80285012,-1.74489038,0 135.80218564,-1.74546303,0 135.80218938,-1.74601132,0 135.80099542,-1.74771472,0 135.80056188,-1.74761829,0 135.80004422,-1.74716448,0 135.79922434,-1.74677005,0 135.79862880,-1.74708864,0 135.79805535,-1.74693320,0 135.79676363,-1.74727462,0 135.79620384,-1.74710940,0 135.79498733,-1.74631139,0 135.79388955,-1.74584851,0 135.79287230,-1.74600200,0 135.79177549,-1.74593679,0 135.79161148,-1.74607400,0 135.79164478,-1.74637894,0 135.79251192,-1.74650342,0 135.79274008,-1.74733613,0 135.79242450,-1.74770182,0 135.79247486,-1.74817339,0 135.79210006,-1.74858814,0 135.79200854,-1.74901255,0 135.79228967,-1.74924329,0 135.79284284,-1.74927689,0 135.79322806,-1.74990445,0 135.79387982,-1.74966662,0 135.79446681,-1.74908233,0 135.79573006,-1.74923151,0 135.79677156,-1.74838532,0 135.79833017,-1.74840474,0 135.79921073,-1.74879716,0 135.79976639,-1.74962864,0 135.80058427,-1.74974770,0 135.80058279,-1.75028207,0 135.80016084,-1.75086889,0 135.80032537,-1.75128610,0 135.80079329,-1.75151873,0 135.80168400,-1.75034003,0 135.80214538,-1.74985509,0 135.80251228,-1.74969943,0 135.80331397,-1.74974421,0 135.80387553,-1.75052467,0 135.80412209,-1.75054997,0 135.80523342,-1.74993828,0 135.80638549,-1.75011159,0 135.80676744,-1.75051738,0 135.80712398,-1.75050132,0 135.80745686,-1.75016087,0 135.80755217,-1.74977111,0 135.80721159,-1.74777555,0 135.80740839,-1.74737724,0 135.80707851,-1.74665793,0 135.80708808,-1.74612302,0 135.80725007,-1.74569270,0 135.80819820,-1.74453002,0 135.80848898,-1.74315106,0 135.80886717,-1.74269360,0 135.80878041,-1.74205424,0 135.80920706,-1.74180076,0 135.80956533,-1.74206603,0 135.81001142,-1.74207316,0 135.81019505,-1.74177980,0 135.81116947,-1.74157629,0 135.81232613,-1.74179679,0 135.81230968,-1.74159796,0 135.81164584,-1.74090874,0 135.81124827,-1.74104659,0 135.81080700,-1.74074925,0 135.81004323,-1.74076975,0 135.80980461,-1.74028923,0 135.80941493,-1.74038682,0</coordinates></LinearRing></outerBoundaryIs></Polygon><Polygon><tessellate>1</tessellate><altitudeMode>clampToGround</altitudeMode><outerBoundaryIs><LinearRing><coordinates>135.78739293,-1.73716688,0 135.78756702,-1.73705291,0 135.78869776,-1.73679932,0 135.78918023,-1.73695996,0 135.78955139,-1.73751498,0 135.79004804,-1.73761166,0 135.79022255,-1.73809068,0 135.79151057,-1.73749055,0 135.79220762,-1.73698287,0 135.79253884,-1.73703426,0 135.79280153,-1.73754823,0 135.79305280,-1.73771384,0 135.79444050,-1.73735977,0 135.79448048,-1.73762246,0 135.79422349,-1.73789658,0 135.79429773,-1.73893022,0 135.79474888,-1.73895877,0 135.79527426,-1.73867323,0 135.79558835,-1.73898732,0 135.79623366,-1.73885027,0 135.79668481,-1.73920433,0 135.79694750,-1.73911296,0 135.79826096,-1.73943847,0 135.79869498,-1.73961550,0 135.79871782,-1.74007236,0 135.79902620,-1.74050066,0 135.79929460,-1.74051208,0 135.79957443,-1.74032934,0 135.79989506,-1.73931955,0 135.79976561,-1.73600734,0 135.79998356,-1.73540430,0 135.80143919,-1.73491626,0 135.80151027,-1.73401033,0 135.80166211,-1.73378646,0 135.80231199,-1.73355804,0 135.80338480,-1.73280954,0 135.80356247,-1.73287903,0 135.80366101,-1.73332063,0 135.80387480,-1.73334894,0 135.80420482,-1.73292625,0 135.80417729,-1.73265197,0 135.80354282,-1.73159237,0 135.80305265,-1.73134491,0 135.80287657,-1.73091185,0 135.80238641,-1.73062155,0 135.80228647,-1.73039788,0 135.80251966,-1.72977922,0 135.80245028,-1.72959751,0 135.80174213,-1.72909862,0 135.80116266,-1.72763833,0 135.79967877,-1.72611420,0 135.79887637,-1.72555159,0 135.79844829,-1.72581601,0 135.79791440,-1.72587368,0 135.79693811,-1.72569778,0 135.79632402,-1.72421724,0 135.79435367,-1.72501659,0 135.79213949,-1.72661475,0 135.79199238,-1.72697042,0 135.79215724,-1.72779574,0 135.79199359,-1.72859198,0 135.79135478,-1.72919806,0 135.78948929,-1.72919806,0 135.78772849,-1.72843663,0 135.78681477,-1.72854133,0 135.78507301,-1.72804640,0 135.78448290,-1.72802737,0 135.78336931,-1.72842712,0 135.78313137,-1.72896012,0 135.78298860,-1.73039731,0 135.78313137,-1.73078754,0 135.78293149,-1.73086368,0 135.78236042,-1.73036876,0 135.78135153,-1.72824628,0 135.78074239,-1.72802737,0 135.78120876,-1.72763714,0 135.78122780,-1.72738015,0 135.78062817,-1.72591441,0 135.78030457,-1.72563839,0 135.78002855,-1.72507684,0 135.77906725,-1.72481985,0 135.77905773,-1.72371578,0 135.77879123,-1.72328748,0 135.77851521,-1.72317327,0 135.77681152,-1.72385855,0 135.77646888,-1.72463901,0 135.77685911,-1.72506732,0 135.77677345,-1.72541948,0 135.77720175,-1.72591441,0 135.77723982,-1.72620946,0 135.77664118,-1.72631578,0 135.77635466,-1.72721835,0 135.77556468,-1.72790364,0 135.77529818,-1.72841760,0 135.77565034,-1.72888397,0 135.77759198,-1.72953119,0 135.77792511,-1.73060670,0 135.77792511,-1.73134909,0 135.77844621,-1.73196538,0 135.77840814,-1.73259355,0 135.77906487,-1.73359293,0 135.77905627,-1.73426778,0 135.77732258,-1.73493761,0 135.77644131,-1.73547928,0 135.77622947,-1.73606665,0 135.77644929,-1.73710832,0 135.77623539,-1.73752623,0 135.77554418,-1.73815677,0 135.77465902,-1.73827098,0 135.77339269,-1.73724379,0 135.77308711,-1.73678120,0 135.77302951,-1.73617864,0 135.77354084,-1.73479397,0 135.77348833,-1.73417640,0 135.77255177,-1.73303997,0 135.77212918,-1.73298858,0 135.77174085,-1.73320558,0 135.77126686,-1.73162943,0 135.76897519,-1.73108307,0 135.76793584,-1.73110591,0 135.76703355,-1.73138003,0 135.76691934,-1.73169983,0 135.76752467,-1.73243080,0 135.76779879,-1.73529757,0 135.76722391,-1.73650824,0 135.76694980,-1.73838135,0 135.76650055,-1.73947781,0 135.76580004,-1.74001081,0 135.76506907,-1.74196006,0 135.76394216,-1.74239408,0 135.76371373,-1.74291946,0 135.76252590,-1.74391693,0 135.76219087,-1.74403876,0 135.76188630,-1.74382556,0 135.76171117,-1.74400069,0 135.76177970,-1.74517329,0 135.76229747,-1.74617076,0 135.76242692,-1.74679513,0 135.76193199,-1.74796011,0 135.76203859,-1.74850834,0 135.76226702,-1.74870631,0 135.76287784,-1.74864162,0 135.76442100,-1.74688714,0 135.76499985,-1.74595250,0 135.76694386,-1.74517713,0 135.76702213,-1.74349244,0 135.76732670,-1.74213138,0 135.76775500,-1.74132237,0 135.76856402,-1.74097021,0 135.76957291,-1.74126526,0 135.77003929,-1.74163646,0 135.77044855,-1.74285474,0 135.77077216,-1.74331160,0 135.77217128,-1.74301654,0 135.77300245,-1.74162695,0 135.77324086,-1.74172025,0 135.77342764,-1.74212187,0 135.77423666,-1.74168405,0 135.77495049,-1.74185537,0 135.77575951,-1.74172212,0 135.77626396,-1.74193151,0 135.77728237,-1.74326401,0 135.77707297,-1.74399688,0 135.77713008,-1.74434904,0 135.77772971,-1.74477735,0 135.77846258,-1.74460602,0 135.77893191,-1.74401681,0 135.77979654,-1.74348940,0 135.78051633,-1.74272595,0 135.78083707,-1.74266910,0 135.78110114,-1.74295874,0 135.78086855,-1.74335019,0 135.78099476,-1.74377649,0 135.78046133,-1.74469168,0 135.78040422,-1.74508192,0 135.78142263,-1.74541504,0 135.78264091,-1.74713777,0 135.78332620,-1.74715681,0 135.78351655,-1.74701404,0 135.78379257,-1.74578624,0 135.78434461,-1.74533890,0 135.78474436,-1.74458699,0 135.78460159,-1.74420627,0 135.78403052,-1.74418724,0 135.78343748,-1.74384956,0 135.78358118,-1.74309394,0 135.78343538,-1.74270510,0 135.78397635,-1.74256719,0 135.78472560,-1.74175134,0 135.78575960,-1.73994218,0 135.78688729,-1.73881733,0 135.78739293,-1.73716688,0</coordinates></LinearRing></outerBoundaryIs></Polygon><Polygon><tessellate>1</tessellate><altitudeMode>clampToGround</altitudeMode><outerBoundaryIs><LinearRing><coordinates>135.81270575,-1.73507759,0 135.81345050,-1.73491208,0 135.81392501,-1.73454568,0 135.81382259,-1.73407025,0 135.81361678,-1.73399806,0 135.81299784,-1.73424656,0 135.81225981,-1.73498967,0 135.81270575,-1.73507759,0</coordinates></LinearRing></outerBoundaryIs></Polygon><Polygon><tessellate>1</tessellate><altitudeMode>clampToGround</altitudeMode><outerBoundaryIs><LinearRing><coordinates>135.78000256,-1.72114662,0 135.77989891,-1.72145179,0 135.78038585,-1.72142751,0 135.78048154,-1.72117854,0 135.78000256,-1.72114662,0</coordinates></LinearRing></outerBoundaryIs></Polygon><Polygon><tessellate>1</tessellate><altitudeMode>clampToGround</altitudeMode><outerBoundaryIs><LinearRing><coordinates>135.77351471,-1.71725315,0 135.77322888,-1.71745669,0 135.77338955,-1.71815105,0 135.77331302,-1.71860702,0 135.77350134,-1.71869813,0 135.77470040,-1.71776472,0 135.77385642,-1.71728808,0 135.77351471,-1.71725315,0</coordinates></LinearRing></outerBoundaryIs></Polygon><Polygon><tessellate>1</tessellate><altitudeMode>clampToGround</altitudeMode><outerBoundaryIs><LinearRing><coordinates>135.68664296,-1.70914306,0 135.68589656,-1.70927216,0 135.68562886,-1.70906527,0 135.68528146,-1.70824758,0 135.68480842,-1.70829968,0 135.68417315,-1.71075913,0 135.68392700,-1.71100700,0 135.68296476,-1.71115218,0 135.68243463,-1.71273625,0 135.68205268,-1.71309997,0 135.68127659,-1.71342457,0 135.68081874,-1.71398806,0 135.68080169,-1.71456587,0 135.68243992,-1.71448115,0 135.68272459,-1.71510653,0 135.68277159,-1.71656835,0 135.68304769,-1.71661023,0 135.68394306,-1.71622624,0 135.68484647,-1.71619851,0 135.68556522,-1.71592432,0 135.68569191,-1.71574633,0 135.68536377,-1.71523875,0 135.68536245,-1.71480515,0 135.68551221,-1.71450366,0 135.68605885,-1.71411238,0 135.68632205,-1.71328679,0 135.68705547,-1.71279611,0 135.68753938,-1.71271325,0 135.68798423,-1.71228364,0 135.68847238,-1.71224221,0 135.69003993,-1.71109780,0 135.69128384,-1.71072608,0 135.69126891,-1.71045224,0 135.69030693,-1.71008639,0 135.68979520,-1.70902269,0 135.68923505,-1.70907301,0 135.68838792,-1.70835339,0 135.68754116,-1.70861967,0 135.68687701,-1.70848719,0 135.68664296,-1.70914306,0</coordinates></LinearRing></outerBoundaryIs></Polygon><Polygon><tessellate>1</tessellate><altitudeMode>clampToGround</altitudeMode><outerBoundaryIs><LinearRing><coordinates>135.67158857,-1.70763770,0 135.67139286,-1.70758292,0 135.67135760,-1.70766682,0 135.67156296,-1.70779259,0 135.67158857,-1.70763770,0</coordinates></LinearRing></outerBoundaryIs></Polygon><Polygon><tessellate>1</tessellate><altitudeMode>clampToGround</altitudeMode><outerBoundaryIs><LinearRing><coordinates>135.66864584,-1.70587495,0 135.66842340,-1.70590351,0 135.66841538,-1.70610284,0 135.66884421,-1.70641186,0 135.66890255,-1.70618057,0 135.66864584,-1.70587495,0</coordinates></LinearRing></outerBoundaryIs></Polygon><Polygon><tessellate>1</tessellate><altitudeMode>clampToGround</altitudeMode><outerBoundaryIs><LinearRing><coordinates>135.66651129,-1.70119466,0 135.66637293,-1.70139947,0 135.66654404,-1.70171064,0 135.66689426,-1.70188251,0 135.66717105,-1.70167766,0 135.66704875,-1.70123543,0 135.66651129,-1.70119466,0</coordinates></LinearRing></outerBoundaryIs></Polygon><Polygon><tessellate>1</tessellate><altitudeMode>clampToGround</altitudeMode><outerBoundaryIs><LinearRing><coordinates>135.61119708,-1.69669904,0 135.61128657,-1.69622524,0 135.61118927,-1.69613788,0 135.61056267,-1.69648004,0 135.60822631,-1.69646839,0 135.60810265,-1.69661209,0 135.60828424,-1.69716442,0 135.60911730,-1.69755507,0 135.60993318,-1.69733742,0 135.61119708,-1.69669904,0</coordinates></LinearRing></outerBoundaryIs></Polygon><Polygon><tessellate>1</tessellate><altitudeMode>clampToGround</altitudeMode><outerBoundaryIs><LinearRing><coordinates>135.60520932,-1.69681908,0 135.60469137,-1.69586238,0 135.60351892,-1.69543112,0 135.60284935,-1.69461487,0 135.60253506,-1.69463613,0 135.60283338,-1.69559409,0 135.60251332,-1.69615255,0 135.60328123,-1.69632167,0 135.60358706,-1.69600222,0 135.60388069,-1.69601688,0 135.60377104,-1.69642483,0 135.60435769,-1.69656722,0 135.60437178,-1.69677810,0 135.60402163,-1.69680426,0 135.60397466,-1.69696847,0 135.60424365,-1.69727598,0 135.60490366,-1.69711284,0 135.60520932,-1.69681908,0</coordinates></LinearRing></outerBoundaryIs></Polygon><Polygon><tessellate>1</tessellate><altitudeMode>clampToGround</altitudeMode><outerBoundaryIs><LinearRing><coordinates>135.60213811,-1.69567473,0 135.60230206,-1.69558838,0 135.60231601,-1.69543749,0 135.60199332,-1.69553763,0 135.60213811,-1.69567473,0</coordinates></LinearRing></outerBoundaryIs></Polygon><Polygon><tessellate>1</tessellate><altitudeMode>clampToGround</altitudeMode><outerBoundaryIs><LinearRing><coordinates>135.58805805,-1.69161528,0 135.58813911,-1.69175542,0 135.58822012,-1.69173910,0 135.58805805,-1.69161528,0</coordinates></LinearRing></outerBoundaryIs></Polygon><Polygon><tessellate>1</tessellate><altitudeMode>clampToGround</altitudeMode><outerBoundaryIs><LinearRing><coordinates>135.59051195,-1.69080732,0 135.59085543,-1.69160813,0 135.59107965,-1.69166547,0 135.59096972,-1.69095287,0 135.59077266,-1.69073730,0 135.59051195,-1.69080732,0</coordinates></LinearRing></outerBoundaryIs></Polygon><Polygon><tessellate>1</tessellate><altitudeMode>clampToGround</altitudeMode><outerBoundaryIs><LinearRing><coordinates>135.58746804,-1.68840690,0 135.58695119,-1.68747877,0 135.58672676,-1.68794936,0 135.58603247,-1.68860899,0 135.58527740,-1.68866540,0 135.58526322,-1.68935676,0 135.58489516,-1.68963153,0 135.58491561,-1.68976297,0 135.58561686,-1.68982346,0 135.58632484,-1.68924887,0 135.58663184,-1.68922200,0 135.58694775,-1.68947919,0 135.58738300,-1.69051699,0 135.58821767,-1.69057437,0 135.58841172,-1.69101507,0 135.58893543,-1.69144237,0 135.58945223,-1.69130406,0 135.59017227,-1.69135984,0 135.58981606,-1.69068941,0 135.59032334,-1.69086204,0 135.59059374,-1.69029929,0 135.59012545,-1.68933917,0 135.58947728,-1.68880570,0 135.58746804,-1.68840690,0</coordinates></LinearRing></outerBoundaryIs></Polygon><Polygon><tessellate>1</tessellate><altitudeMode>clampToGround</altitudeMode><outerBoundaryIs><LinearRing><coordinates>135.58398160,-1.68856776,0 135.58505279,-1.68803404,0 135.58506467,-1.68776435,0 135.58419448,-1.68766066,0 135.58423779,-1.68816492,0 135.58364477,-1.68838882,0 135.58335327,-1.68885202,0 135.58282963,-1.68884703,0 135.58282606,-1.68906197,0 135.58296986,-1.68923653,0 135.58337232,-1.68913581,0 135.58385109,-1.68928367,0 135.58398171,-1.68923478,0 135.58398160,-1.68856776,0</coordinates></LinearRing></outerBoundaryIs></Polygon><Polygon><tessellate>1</tessellate><altitudeMode>clampToGround</altitudeMode><outerBoundaryIs><LinearRing><coordinates>135.54799866,-1.67672008,0 135.54776836,-1.67669843,0 135.54758128,-1.67686015,0 135.54793394,-1.67691313,0 135.54799866,-1.67672008,0</coordinates></LinearRing></outerBoundaryIs></Polygon><Polygon><tessellate>1</tessellate><altitudeMode>clampToGround</altitudeMode><outerBoundaryIs><LinearRing><coordinates>135.55672139,-1.67523937,0 135.55627090,-1.67521203,0 135.55618221,-1.67536996,0 135.55679655,-1.67552082,0 135.55672139,-1.67523937,0</coordinates></LinearRing></outerBoundaryIs></Polygon><Polygon><tessellate>1</tessellate><altitudeMode>clampToGround</altitudeMode><outerBoundaryIs><LinearRing><coordinates>135.56568442,-1.67331726,0 135.56586287,-1.67352619,0 135.56589429,-1.67328764,0 135.56568442,-1.67331726,0</coordinates></LinearRing></outerBoundaryIs></Polygon><Polygon><tessellate>1</tessellate><altitudeMode>clampToGround</altitudeMode><outerBoundaryIs><LinearRing><coordinates>135.86923152,-1.64201709,0 135.86941566,-1.64251413,0 135.86973741,-1.64269324,0 135.87001323,-1.64223640,0 135.87004746,-1.64175647,0 135.86969071,-1.64088381,0 135.86940916,-1.64105738,0 135.86923152,-1.64201709,0</coordinates></LinearRing></outerBoundaryIs></Polygon><Polygon><tessellate>1</tessellate><altitudeMode>clampToGround</altitudeMode><outerBoundaryIs><LinearRing><coordinates>135.86851775,-1.63965385,0 135.86829077,-1.64010610,0 135.86861176,-1.64036934,0 135.86880431,-1.63995191,0 135.86875482,-1.63971343,0 135.86851775,-1.63965385,0</coordinates></LinearRing></outerBoundaryIs></Polygon><Polygon><tessellate>1</tessellate><altitudeMode>clampToGround</altitudeMode><outerBoundaryIs><LinearRing><coordinates>135.81689797,-1.63405545,0 135.81716231,-1.63419791,0 135.81764390,-1.63357066,0 135.81767676,-1.63298627,0 135.81739320,-1.63282496,0 135.81697309,-1.63299609,0 135.81689797,-1.63405545,0</coordinates></LinearRing></outerBoundaryIs></Polygon><Polygon><tessellate>1</tessellate><altitudeMode>clampToGround</altitudeMode><outerBoundaryIs><LinearRing><coordinates>135.55246307,-1.61227990,0 135.55295964,-1.61233989,0 135.55275472,-1.61200558,0 135.55253471,-1.61206781,0 135.55246307,-1.61227990,0</coordinates></LinearRing></outerBoundaryIs></Polygon><Polygon><tessellate>1</tessellate><altitudeMode>clampToGround</altitudeMode><outerBoundaryIs><LinearRing><coordinates>135.57488074,-1.61117385,0 135.57502640,-1.61145874,0 135.57534548,-1.61141157,0 135.57532339,-1.61123525,0 135.57488074,-1.61117385,0</coordinates></LinearRing></outerBoundaryIs></Polygon><Polygon><tessellate>1</tessellate><altitudeMode>clampToGround</altitudeMode><outerBoundaryIs><LinearRing><coordinates>135.83383614,-1.52652177,0 135.83449279,-1.52650763,0 135.83519155,-1.52632459,0 135.83609986,-1.52546260,0 135.83654657,-1.52440829,0 135.83647629,-1.52352285,0 135.83559574,-1.52228629,0 135.83482699,-1.52164005,0 135.83330386,-1.52092386,0 135.83168284,-1.52040457,0 135.82920351,-1.52027788,0 135.82818365,-1.52053129,0 135.82737343,-1.52102355,0 135.82617234,-1.52200791,0 135.82576734,-1.52257026,0 135.82609045,-1.52355963,0 135.82787936,-1.52544238,0 135.82873181,-1.52579330,0 135.83109738,-1.52577808,0 135.83383614,-1.52652177,0</coordinates></LinearRing></outerBoundaryIs></Polygon><Polygon><tessellate>1</tessellate><altitudeMode>clampToGround</altitudeMode><outerBoundaryIs><LinearRing><coordinates>135.78694672,-1.52123729,0 135.78669916,-1.52241110,0 135.78715387,-1.52274332,0 135.78761831,-1.52264969,0 135.78792808,-1.52224446,0 135.78779333,-1.52091495,0 135.78695672,-1.52011537,0 135.78668816,-1.52004273,0 135.78651259,-1.52024028,0 135.78694672,-1.52123729,0</coordinates></LinearRing></outerBoundaryIs></Polygon><Polygon><tessellate>1</tessellate><altitudeMode>clampToGround</altitudeMode><outerBoundaryIs><LinearRing><coordinates>135.81763691,-1.12159228,0 135.81740867,-1.12175032,0 135.81743727,-1.12198009,0 135.81771785,-1.12189384,0 135.81763691,-1.12159228,0</coordinates></LinearRing></outerBoundaryIs></Polygon><Polygon><tessellate>1</tessellate><altitudeMode>clampToGround</altitudeMode><outerBoundaryIs><LinearRing><coordinates>135.81699946,-1.12099887,0 135.81710891,-1.12123819,0 135.81734891,-1.12108356,0 135.81737513,-1.12084079,0 135.81699946,-1.12099887,0</coordinates></LinearRing></outerBoundaryIs></Polygon><Polygon><tessellate>1</tessellate><altitudeMode>clampToGround</altitudeMode><outerBoundaryIs><LinearRing><coordinates>135.81722462,-1.12029186,0 135.81703145,-1.12041006,0 135.81688665,-1.12022523,0 135.81670439,-1.12027132,0 135.81691382,-1.12087922,0 135.81726749,-1.12070321,0 135.81722462,-1.12029186,0</coordinates></LinearRing></outerBoundaryIs></Polygon><Polygon><tessellate>1</tessellate><altitudeMode>clampToGround</altitudeMode><outerBoundaryIs><LinearRing><coordinates>135.81586217,-1.11875885,0 135.81563394,-1.11894561,0 135.81594319,-1.11937157,0 135.81610013,-1.11934280,0 135.81621897,-1.11912735,0 135.81586217,-1.11875885,0</coordinates></LinearRing></outerBoundaryIs></Polygon><Polygon><tessellate>1</tessellate><altitudeMode>clampToGround</altitudeMode><outerBoundaryIs><LinearRing><coordinates>135.81384437,-1.11647152,0 135.81389737,-1.11638007,0 135.81383792,-1.11635017,0 135.81384437,-1.11647152,0</coordinates></LinearRing></outerBoundaryIs></Polygon><Polygon><tessellate>1</tessellate><altitudeMode>clampToGround</altitudeMode><outerBoundaryIs><LinearRing><coordinates>135.81303982,-1.11576152,0 135.81299709,-1.11599849,0 135.81320758,-1.11614204,0 135.81337157,-1.11585477,0 135.81303982,-1.11576152,0</coordinates></LinearRing></outerBoundaryIs></Polygon><Polygon><tessellate>1</tessellate><altitudeMode>clampToGround</altitudeMode><outerBoundaryIs><LinearRing><coordinates>135.80991645,-1.08991233,0 135.81012580,-1.09027226,0 135.81037502,-1.09030474,0 135.81009718,-1.08993526,0 135.80991645,-1.08991233,0</coordinates></LinearRing></outerBoundaryIs></Polygon><Polygon><tessellate>1</tessellate><altitudeMode>clampToGround</altitudeMode><outerBoundaryIs><LinearRing><coordinates>135.80974155,-1.08858445,0 135.80964468,-1.08913882,0 135.80988441,-1.08927088,0 135.81013817,-1.08851541,0 135.81012092,-1.08802426,0 135.81044322,-1.08747845,0 135.81032616,-1.08721424,0 135.81001511,-1.08715975,0 135.80953297,-1.08754476,0 135.80974155,-1.08858445,0</coordinates></LinearRing></outerBoundaryIs></Polygon><Polygon><tessellate>1</tessellate><altitudeMode>clampToGround</altitudeMode><outerBoundaryIs><LinearRing><coordinates>135.82405815,-1.03299446,0 135.82382653,-1.03349957,0 135.82386464,-1.03374848,0 135.82416904,-1.03384414,0 135.82448161,-1.03336775,0 135.82405815,-1.03299446,0</coordinates></LinearRing></outerBoundaryIs></Polygon><Polygon><tessellate>1</tessellate><altitudeMode>clampToGround</altitudeMode><outerBoundaryIs><LinearRing><coordinates>135.79413718,-0.98602220,0 135.79406113,-0.98619455,0 135.79448918,-0.98634285,0 135.79449625,-0.98604844,0 135.79413718,-0.98602220,0</coordinates></LinearRing></outerBoundaryIs></Polygon><Polygon><tessellate>1</tessellate><altitudeMode>clampToGround</altitudeMode><outerBoundaryIs><LinearRing><coordinates>135.62794823,-0.87415431,0 135.62758458,-0.87476032,0 135.62791971,-0.87562300,0 135.62826909,-0.87573707,0 135.62865414,-0.87554457,0 135.62881814,-0.87501699,0 135.62844735,-0.87426125,0 135.62794823,-0.87415431,0</coordinates></LinearRing></outerBoundaryIs></Polygon><Polygon><tessellate>1</tessellate><altitudeMode>clampToGround</altitudeMode><outerBoundaryIs><LinearRing><coordinates>135.58985828,-0.84048298,0 135.58992378,-0.84004841,0 135.58966151,-0.84008667,0 135.58947662,-0.83986349,0 135.58906444,-0.83993412,0 135.58896921,-0.84061721,0 135.58932108,-0.84075692,0 135.58969042,-0.84122932,0 135.59019308,-0.84103129,0 135.59019995,-0.84081938,0 135.58985828,-0.84048298,0</coordinates></LinearRing></outerBoundaryIs></Polygon><Polygon><tessellate>1</tessellate><altitudeMode>clampToGround</altitudeMode><outerBoundaryIs><LinearRing><coordinates>135.70527434,-0.80590168,0 135.70510322,-0.80611557,0 135.70487504,-0.80685706,0 135.70487504,-0.80785522,0 135.70496061,-0.80809763,0 135.70524582,-0.80822596,0 135.70611573,-0.80809763,0 135.70647225,-0.80791225,0 135.70661486,-0.80761281,0 135.70637243,-0.80650058,0 135.70604443,-0.80601576,0 135.70527434,-0.80590168,0</coordinates></LinearRing></outerBoundaryIs></Polygon><Polygon><tessellate>1</tessellate><altitudeMode>clampToGround</altitudeMode><outerBoundaryIs><LinearRing><coordinates>135.54195767,-0.80272778,0 135.54254068,-0.80264281,0 135.54263966,-0.80245824,0 135.54206761,-0.80225161,0 135.54118746,-0.80128835,0 135.54094178,-0.80122194,0 135.54064113,-0.80145452,0 135.54075485,-0.80181624,0 135.53999588,-0.80227773,0 135.53965497,-0.80297909,0 135.53968438,-0.80356228,0 135.54002914,-0.80421557,0 135.54040319,-0.80448128,0 135.54090186,-0.80439632,0 135.54123548,-0.80394595,0 135.54164982,-0.80392006,0 135.54169373,-0.80320398,0 135.54195767,-0.80272778,0</coordinates></LinearRing></outerBoundaryIs></Polygon><Polygon><tessellate>1</tessellate><altitudeMode>clampToGround</altitudeMode><outerBoundaryIs><LinearRing><coordinates>135.72696203,-0.77731662,0 135.72677739,-0.77594998,0 135.72622310,-0.77599255,0 135.72487087,-0.77667345,0 135.72489659,-0.77739264,0 135.72516188,-0.77738282,0 135.72554945,-0.77765573,0 135.72579856,-0.77761987,0 135.72652636,-0.77685766,0 135.72644555,-0.77727779,0 135.72620285,-0.77753349,0 135.72628054,-0.77774191,0 135.72696203,-0.77731662,0</coordinates></LinearRing></outerBoundaryIs></Polygon><Polygon><tessellate>1</tessellate><altitudeMode>clampToGround</altitudeMode><outerBoundaryIs><LinearRing><coordinates>135.51780559,-0.66057948,0 135.51710595,-0.66061416,0 135.51666310,-0.66036383,0 135.51574912,-0.66035986,0 135.51476239,-0.66077318,0 135.51430345,-0.66140832,0 135.51198426,-0.66259530,0 135.51180630,-0.66244265,0 135.51155863,-0.66065138,0 135.51052049,-0.65927816,0 135.50981945,-0.65872185,0 135.50901332,-0.65874093,0 135.50881102,-0.65775845,0 135.50840118,-0.65743823,0 135.50778635,-0.65623867,0 135.50705028,-0.65593477,0 135.50674019,-0.65552497,0 135.50599604,-0.65527807,0 135.50452115,-0.65398360,0 135.50355053,-0.65370415,0 135.50096497,-0.65364198,0 135.50020169,-0.65321902,0 135.49740911,-0.65217856,0 135.49540320,-0.65204034,0 135.49433961,-0.65230914,0 135.49153715,-0.65359589,0 135.49129854,-0.65354299,0 135.49118122,-0.65315218,0 135.49058676,-0.65350642,0 135.49010548,-0.65316042,0 135.48963234,-0.65352280,0 135.48926836,-0.65337628,0 135.48899742,-0.65362871,0 135.48891657,-0.65396662,0 135.48921992,-0.65438185,0 135.48909061,-0.65539151,0 135.48960836,-0.65640924,0 135.48939815,-0.65728862,0 135.48974144,-0.65889304,0 135.48936680,-0.65889105,0 135.48877524,-0.65791551,0 135.48773746,-0.65782446,0 135.48663703,-0.65813657,0 135.48552272,-0.65898156,0 135.48545673,-0.66071338,0 135.48490311,-0.66176164,0 135.48405692,-0.66222447,0 135.48266044,-0.66215450,0 135.48149725,-0.66170588,0 135.48097135,-0.66121513,0 135.47857512,-0.65812333,0 135.47676063,-0.65687548,0 135.47462565,-0.65451634,0 135.47305492,-0.65304058,0 135.47257430,-0.65265500,0 135.47134145,-0.65208018,0 135.46929022,-0.65142481,0 135.46899761,-0.65048180,0 135.46851350,-0.65009973,0 135.46764974,-0.64887982,0 135.46484273,-0.64741469,0 135.46311844,-0.64595047,0 135.46089145,-0.64586202,0 135.45990690,-0.64560246,0 135.45946025,-0.64573232,0 135.45807637,-0.64706869,0 135.45520475,-0.64913348,0 135.45401588,-0.65040967,0 135.45342777,-0.65141982,0 135.45200297,-0.65247122,0 135.45170106,-0.65314570,0 135.45088645,-0.65385822,0 135.45024173,-0.65493804,0 135.44981711,-0.65524523,0 135.44903078,-0.65563794,0 135.44777260,-0.65568872,0 135.44706099,-0.65604574,0 135.44663979,-0.65499642,0 135.44607834,-0.65519483,0 135.44580006,-0.65622554,0 135.44607142,-0.65693292,0 135.44645783,-0.65715314,0 135.44622980,-0.65805060,0 135.44595981,-0.65819590,0 135.44519730,-0.65794813,0 135.44431776,-0.65813631,0 135.44371168,-0.65872096,0 135.44383289,-0.65904894,0 135.44413237,-0.65901329,0 135.44441046,-0.65859262,0 135.44465289,-0.65852845,0 135.44533741,-0.65905607,0 135.44540158,-0.65931987,0 135.44493811,-0.65952664,0 135.44427498,-0.65911311,0 135.44356907,-0.65934126,0 135.44356907,-0.65948386,0 135.44455306,-0.66073873,0 135.44518767,-0.66066743,0 135.44568680,-0.65990453,0 135.44634992,-0.66046779,0 135.44642123,-0.66079577,0 135.44550141,-0.66139468,0 135.44544436,-0.66207915,0 135.44496663,-0.66230018,0 135.44481689,-0.66304169,0 135.44408246,-0.66364060,0 135.44318096,-0.66409608,0 135.44247832,-0.66376657,0 135.44211467,-0.66388064,0 135.44180093,-0.66449382,0 135.44177241,-0.66493587,0 135.44219310,-0.66577720,0 135.44173676,-0.66582711,0 135.44078128,-0.66637611,0 135.44048181,-0.66681104,0 135.44008964,-0.66677539,0 135.43963329,-0.66697503,0 135.43919834,-0.66747412,0 135.43887034,-0.66745273,0 135.43901295,-0.66701068,0 135.43947814,-0.66670245,0 135.43966512,-0.66594927,0 135.44039248,-0.66554751,0 135.44050877,-0.66458093,0 135.44142320,-0.66445115,0 135.44228347,-0.66318873,0 135.44233155,-0.66182285,0 135.44166545,-0.66189140,0 135.44226441,-0.66104294,0 135.44210041,-0.66061514,0 135.44155850,-0.66057949,0 135.44140163,-0.66079339,0 135.44079555,-0.66082904,0 135.44060302,-0.66072209,0 135.44046755,-0.66023013,0 135.43977590,-0.65970251,0 135.44075276,-0.65982372,0 135.44119485,-0.65965260,0 135.44157989,-0.65911786,0 135.44199345,-0.65921055,0 135.44220736,-0.65934602,0 135.44209328,-0.66018735,0 135.44234427,-0.66082319,0 135.44313834,-0.66081591,0 135.44334591,-0.66055466,0 135.44285971,-0.65795662,0 135.44335507,-0.65742461,0 135.44375601,-0.65612316,0 135.44375586,-0.65440378,0 135.44343493,-0.65341112,0 135.44284036,-0.65248973,0 135.44216088,-0.65184383,0 135.44130689,-0.65196740,0 135.44140119,-0.65113620,0 135.44321299,-0.65128803,0 135.44387055,-0.65205043,0 135.44419859,-0.65218159,0 135.44444577,-0.65266558,0 135.44507939,-0.65304098,0 135.44610844,-0.65336205,0 135.44661621,-0.65336653,0 135.44654874,-0.65261563,0 135.44693064,-0.65205016,0 135.44752376,-0.65179227,0 135.44802249,-0.65118607,0 135.44850780,-0.65124936,0 135.44865607,-0.65113626,0 135.44857964,-0.65069296,0 135.44786960,-0.64990593,0 135.44786506,-0.64942644,0 135.44906031,-0.64915945,0 135.44915012,-0.64838592,0 135.44935231,-0.64818234,0 135.45022853,-0.64806918,0 135.45033180,-0.64715542,0 135.45007549,-0.64503844,0 135.44932946,-0.64383977,0 135.44834085,-0.64340560,0 135.44811600,-0.64146051,0 135.44767561,-0.64117557,0 135.44725771,-0.64113942,0 135.44637251,-0.64132496,0 135.44512339,-0.64222525,0 135.44348782,-0.64306224,0 135.44254420,-0.64332921,0 135.44140742,-0.64426116,0 135.43960559,-0.64505745,0 135.43875008,-0.64497456,0 135.43798226,-0.64416467,0 135.43768278,-0.64338750,0 135.43809634,-0.64307379,0 135.43818191,-0.64278146,0 135.43746887,-0.64253904,0 135.43728348,-0.64213976,0 135.43698400,-0.64215402,0 135.43678435,-0.64278146,0 135.43663461,-0.64285276,0 135.43624244,-0.64285276,0 135.43555079,-0.64246061,0 135.43504454,-0.64256043,0 135.43450263,-0.64237505,0 135.43389654,-0.64255330,0 135.43321202,-0.64284563,0 135.43289829,-0.64328055,0 135.43204264,-0.64387234,0 135.43196421,-0.64421458,0 135.43217812,-0.64459959,0 135.43187864,-0.64515573,0 135.43064508,-0.64640347,0 135.43064508,-0.64703803,0 135.43144369,-0.64740879,0 135.43129395,-0.64807900,0 135.43019587,-0.64860662,0 135.42941866,-0.64863514,0 135.42936874,-0.64894886,0 135.42956839,-0.64952638,0 135.42936161,-0.65000409,0 135.42831345,-0.65052457,0 135.42780719,-0.65001122,0 135.42752197,-0.64992566,0 135.42725102,-0.65018233,0 135.42729380,-0.65058874,0 135.42710841,-0.65067430,0 135.42686598,-0.65017520,0 135.42621711,-0.64975454,0 135.42553259,-0.64972602,0 135.42510477,-0.65001835,0 135.42495503,-0.65032493,0 135.42504060,-0.65082403,0 135.42568055,-0.65201610,0 135.42544703,-0.65267068,0 135.42500494,-0.65302718,0 135.42424912,-0.65325533,0 135.42313678,-0.65298440,0 135.42290861,-0.65268494,0 135.42292287,-0.65198621,0 135.42266617,-0.65131599,0 135.42138270,-0.65014668,0 135.42075523,-0.65008965,0 135.42044149,-0.65026076,0 135.42005645,-0.65084542,0 135.41991384,-0.65168675,0 135.42014202,-0.65225714,0 135.42005645,-0.65282754,0 135.41948602,-0.65325533,0 135.41733264,-0.65366887,0 135.41647699,-0.65237122,0 135.41677647,-0.65093098,0 135.41653404,-0.65011817,0 135.41550726,-0.65073134,0 135.41456605,-0.65061726,0 135.41355353,-0.65140155,0 135.41124329,-0.65066004,0 135.41048747,-0.65003261,0 135.41053025,-0.64893460,0 135.41034486,-0.64743731,0 135.41010242,-0.64688117,0 135.40951773,-0.64638208,0 135.40900434,-0.64542667,0 135.40757827,-0.64364418,0 135.40715044,-0.64234653,0 135.40640888,-0.64184744,0 135.40566732,-0.64104888,0 135.40539637,-0.64092054,0 135.40461202,-0.64103462,0 135.40446941,-0.64044997,0 135.40415568,-0.64019329,0 135.40368507,-0.64037867,0 135.40338560,-0.64019329,0 135.40324299,-0.63990809,0 135.40344264,-0.63899546,0 135.40330003,-0.63832524,0 135.40231604,-0.63738409,0 135.40168856,-0.63708463,0 135.40094700,-0.63622904,0 135.40049066,-0.63630034,0 135.39956371,-0.63530214,0 135.39905032,-0.63443229,0 135.39818041,-0.63213644,0 135.39741033,-0.63086731,0 135.39758146,-0.63008301,0 135.39748163,-0.62976930,0 135.39698250,-0.62928446,0 135.39691120,-0.62837182,0 135.39666877,-0.62797255,0 135.39611260,-0.62760179,0 135.39497173,-0.62542002,0 135.39494321,-0.62474980,0 135.39431574,-0.62387995,0 135.39424443,-0.62228283,0 135.39394496,-0.62141298,0 135.39378809,-0.62111352,0 135.39348861,-0.62098518,0 135.39273279,-0.62117056,0 135.39190566,-0.62045756,0 135.39082184,-0.62067146,0 135.38978081,-0.62131316,0 135.38885386,-0.62101370,0 135.38729943,-0.62161261,0 135.38698569,-0.62148427,0 135.38618709,-0.62051460,0 135.38571648,-0.62064294,0 135.38480379,-0.62138446,0 135.38416206,-0.62166965,0 135.38370571,-0.62255377,0 135.38239372,-0.62400828,0 135.38123860,-0.62400828,0 135.38056834,-0.62426496,0 135.38025460,-0.62422218,0 135.37874296,-0.62269637,0 135.37834366,-0.62236839,0 135.37811549,-0.62238265,0 135.37773045,-0.62358049,0 135.37698888,-0.62429348,0 135.37680349,-0.62482110,0 135.37676071,-0.62517760,0 135.37724558,-0.62646099,0 135.37674645,-0.62687453,0 135.37597637,-0.62696009,0 135.37529185,-0.62815792,0 135.37422229,-0.62810089,0 135.37315273,-0.62882814,0 135.37089953,-0.62835756,0 135.37007240,-0.62867128,0 135.36774790,-0.62832904,0 135.36726303,-0.62851442,0 135.36620773,-0.62934150,0 135.36536635,-0.62971226,0 135.36459626,-0.62964096,0 135.36399731,-0.63014005,0 135.36338410,-0.63018283,0 135.36308462,-0.63048229,0 135.36299906,-0.63163735,0 135.36255697,-0.63264980,0 135.36100255,-0.63443229,0 135.36060324,-0.63517380,0 135.36057472,-0.63558734,0 135.36120220,-0.63642868,0 135.36174411,-0.63695629,0 135.36215767,-0.63707037,0 135.36230028,-0.63766929,0 135.36215767,-0.63863896,0 135.36277260,-0.64221483,0 135.36273812,-0.64397631,0 135.36291117,-0.64464804,0 135.36426076,-0.64708117,0 135.36606729,-0.64841276,0 135.36573454,-0.64916140,0 135.36620990,-0.65002888,0 135.36636439,-0.65017148,0 135.36732699,-0.64975556,0 135.36787366,-0.65048044,0 135.36842032,-0.65055174,0 135.36926332,-0.65152927,0 135.37091949,-0.65547007,0 135.37099368,-0.65603234,0 135.37162649,-0.65756985,0 135.37172051,-0.65910242,0 135.37164649,-0.66075443,0 135.37111690,-0.66204119,0 135.37093739,-0.66354347,0 135.37096964,-0.66373358,0 135.37164674,-0.66404882,0 135.37236542,-0.66621871,0 135.37324982,-0.66697441,0 135.37411124,-0.66852763,0 135.37497723,-0.66951980,0 135.37547473,-0.67042855,0 135.37666775,-0.67144387,0 135.37830751,-0.67217170,0 135.38070264,-0.67282528,0 135.38181732,-0.67343723,0 135.38192791,-0.67393798,0 135.38234706,-0.67421614,0 135.38390846,-0.67398418,0 135.38484348,-0.67430404,0 135.38727093,-0.67596840,0 135.38757499,-0.67676124,0 135.38757049,-0.67819396,0 135.38622205,-0.68011177,0 135.38547151,-0.68189093,0 135.38544296,-0.68260477,0 135.38568566,-0.68333289,0 135.39095126,-0.68909521,0 135.39134361,-0.68981171,0 135.39284426,-0.69094816,0 135.39345223,-0.69112800,0 135.39375204,-0.69152775,0 135.39388053,-0.69261278,0 135.39239574,-0.69469719,0 135.39121077,-0.69669594,0 135.39101090,-0.69720990,0 135.39099662,-0.69740978,0 135.39122505,-0.69749544,0 135.39111084,-0.69776670,0 135.39026851,-0.69796657,0 135.38962605,-0.69763821,0 135.38918347,-0.69766676,0 135.38832687,-0.69898022,0 135.38749881,-0.69945135,0 135.38695630,-0.69942280,0 135.38653804,-0.69912078,0 135.38507176,-0.69898022,0 135.38475767,-0.69922293,0 135.38464346,-0.69955129,0 135.38492900,-0.70005098,0 135.38567139,-0.70046500,0 135.38628529,-0.70155004,0 135.38651372,-0.70237809,0 135.38718472,-0.70279212,0 135.38707051,-0.70380577,0 135.38752737,-0.70436256,0 135.38839825,-0.70684672,0 135.38879800,-0.70704659,0 135.38896932,-0.70837433,0 135.38879800,-0.70843144,0 135.38876945,-0.70887402,0 135.38979737,-0.71003044,0 135.38982593,-0.71082994,0 135.39022568,-0.71234327,0 135.39119650,-0.71361391,0 135.39163908,-0.71458473,0 135.39208166,-0.71492737,0 135.39216732,-0.71549844,0 135.39286688,-0.71676907,0 135.39311948,-0.71760946,0 135.39326061,-0.71790591,0 135.39350338,-0.71800996,0 135.39355097,-0.71929487,0 135.39331303,-0.71967558,0 135.39374133,-0.72096049,0 135.39359856,-0.72234058,0 135.39376512,-0.72279268,0 135.39390789,-0.72295924,0 135.39435999,-0.72300683,0 135.39497865,-0.72269750,0 135.39547834,-0.72281647,0 135.39559731,-0.72317339,0 135.39550213,-0.72350652,0 135.39466932,-0.72395861,0 135.39471691,-0.72426794,0 135.39581146,-0.72486281,0 135.39631115,-0.72479142,0 135.39745329,-0.72424415,0 135.39850025,-0.72410138,0 135.39911891,-0.72586218,0 135.39961860,-0.72612392,0 135.40042762,-0.72588598,0 135.40154596,-0.72600495,0 135.40223601,-0.72629048,0 135.40306882,-0.72698053,0 135.40352309,-0.72700363,0 135.40348488,-0.72738504,0 135.40368748,-0.72738504,0 135.40399681,-0.72774196,0 135.40361609,-0.72864615,0 135.40380645,-0.72974070,0 135.40425855,-0.73052593,0 135.40461547,-0.73078767,0 135.40454408,-0.73121597,0 135.40540069,-0.73250088,0 135.40552272,-0.73389223,0 135.40599555,-0.73383338,0 135.40637627,-0.73399994,0 135.40661421,-0.73459480,0 135.40675698,-0.73568936,0 135.40720908,-0.73580833,0 135.40744703,-0.73604627,0 135.40766118,-0.73683150,0 135.40732805,-0.73697426,0 135.40716149,-0.73737877,0 135.40728046,-0.73773569,0 135.40804189,-0.73852091,0 135.40832743,-0.73849712,0 135.40858917,-0.73785467,0 135.40920783,-0.73797364,0 135.40977890,-0.73847333,0 135.40999424,-0.73905863,0 135.41077592,-0.73914167,0 135.41101264,-0.73940209,0 135.41071663,-0.74074810,0 135.41128825,-0.74108460,0 135.41106542,-0.74158763,0 135.41146449,-0.74207252,0 135.41139624,-0.74265154,0 135.41183846,-0.74307128,0 135.41202550,-0.74424014,0 135.41198959,-0.74470698,0 135.41127789,-0.74568774,0 135.41122401,-0.74610391,0 135.41137502,-0.74634636,0 135.41173452,-0.74651641,0 135.41218748,-0.74649466,0 135.41287045,-0.74582149,0 135.41366493,-0.74585037,0 135.41412865,-0.74567300,0 135.41502708,-0.74243407,0 135.41541532,-0.74234718,0 135.41591144,-0.74259683,0 135.41672028,-0.74248457,0 135.41632129,-0.74290439,0 135.41628181,-0.74362454,0 135.41569587,-0.74393582,0 135.41542270,-0.74433753,0 135.41553418,-0.74482968,0 135.41658041,-0.74595865,0 135.41652292,-0.74633864,0 135.41696152,-0.74647249,0 135.41670635,-0.74725418,0 135.41682503,-0.74776442,0 135.41770940,-0.74804299,0 135.41774179,-0.74838315,0 135.41803301,-0.74876310,0 135.41910431,-0.74889328,0 135.41993478,-0.74936726,0 135.42064298,-0.74937805,0 135.42074369,-0.74993534,0 135.42107264,-0.75052798,0 135.42098349,-0.75074426,0 135.42077369,-0.75078069,0 135.41993349,-0.75052444,0 135.41936259,-0.75069992,0 135.41917798,-0.75110414,0 135.41929663,-0.75174233,0 135.41845747,-0.75246785,0 135.41826594,-0.75287191,0 135.41832985,-0.75345501,0 135.41991260,-0.75414815,0 135.42200612,-0.75415713,0 135.42251244,-0.75469887,0 135.42379870,-0.75509360,0 135.42451488,-0.75606231,0 135.42531308,-0.75626425,0 135.42587870,-0.75680138,0 135.42601102,-0.75726969,0 135.42674082,-0.75764611,0 135.42839195,-0.75795816,0 135.42834179,-0.75814182,0 135.42643537,-0.75910620,0 135.42603863,-0.75976740,0 135.42630779,-0.76038262,0 135.42802733,-0.76061201,0 135.42794072,-0.76115840,0 135.42750291,-0.76175991,0 135.42751208,-0.76223282,0 135.42811872,-0.76239805,0 135.42924072,-0.76222347,0 135.43008457,-0.76276517,0 135.43011658,-0.76363293,0 135.43064576,-0.76458329,0 135.43143942,-0.76495511,0 135.43252952,-0.76512947,0 135.43348742,-0.76591909,0 135.43445909,-0.76747547,0 135.43549001,-0.76873799,0 135.43573175,-0.76879306,0 135.43624713,-0.76853130,0 135.43663486,-0.76899958,0 135.43697694,-0.76903628,0 135.43838627,-0.76875147,0 135.43975465,-0.76933442,0 135.44043361,-0.77003502,0 135.44212254,-0.77083754,0 135.44398724,-0.77102670,0 135.44482957,-0.77056146,0 135.44587667,-0.77310528,0 135.44749609,-0.77394074,0 135.44822404,-0.77461575,0 135.44828134,-0.77506031,0 135.44799106,-0.77560782,0 135.44825692,-0.77618409,0 135.44803204,-0.77645580,0 135.44798711,-0.77688802,0 135.44884584,-0.77688381,0 135.45071895,-0.77919291,0 135.45082942,-0.77983094,0 135.45020383,-0.78030851,0 135.45025701,-0.78056783,0 135.45126662,-0.78087740,0 135.45217880,-0.78064314,0 135.45268054,-0.78083592,0 135.45307285,-0.78138226,0 135.45304554,-0.78198832,0 135.45327818,-0.78224082,0 135.45337402,-0.78271831,0 135.45372521,-0.78270450,0 135.45513905,-0.78184117,0 135.45662679,-0.78145090,0 135.45748777,-0.78189141,0 135.45861277,-0.78182939,0 135.45977922,-0.78242019,0 135.46044772,-0.78303378,0 135.46190229,-0.78370110,0 135.46234619,-0.78423935,0 135.46408961,-0.78563873,0 135.46465119,-0.78651070,0 135.46484917,-0.78764110,0 135.46482800,-0.78964895,0 135.46465693,-0.79007961,0 135.46482813,-0.79086550,0 135.46528803,-0.79098388,0 135.46604734,-0.79075232,0 135.46761963,-0.79205482,0 135.46773731,-0.79237779,0 135.46755020,-0.79281383,0 135.46758769,-0.79336288,0 135.46863051,-0.79396027,0 135.46974293,-0.79526282,0 135.46986603,-0.79624789,0 135.47011201,-0.79622095,0 135.47047023,-0.79572567,0 135.47123526,-0.79598808,0 135.47216854,-0.79592243,0 135.47250852,-0.79539075,0 135.47419432,-0.79631547,0 135.47438982,-0.79772103,0 135.47489632,-0.79825990,0 135.47559811,-0.79839819,0 135.47696558,-0.79927926,0 135.48305029,-0.80152165,0 135.48384619,-0.80211146,0 135.48504733,-0.80353146,0 135.48601891,-0.80404617,0 135.48649637,-0.80380215,0 135.48770466,-0.80442832,0 135.48885502,-0.80472678,0 135.48971968,-0.80556420,0 135.48961124,-0.80625243,0 135.49042516,-0.80633245,0 135.49046858,-0.80646353,0 135.48960404,-0.80653646,0 135.48923874,-0.80705723,0 135.48869615,-0.80716289,0 135.48847948,-0.80769710,0 135.48860699,-0.80862802,0 135.48837111,-0.80893678,0 135.48712545,-0.80882769,0 135.48618655,-0.80921253,0 135.48553075,-0.80963532,0 135.48520997,-0.81017207,0 135.48283677,-0.81121728,0 135.48218099,-0.81184907,0 135.48213384,-0.81213405,0 135.48239342,-0.81268973,0 135.48342216,-0.81391027,0 135.48301643,-0.81433779,0 135.48294570,-0.81467977,0 135.48340818,-0.81540642,0 135.48402396,-0.81541783,0 135.48489772,-0.81472792,0 135.48641325,-0.81472774,0 135.48848425,-0.81568359,0 135.48980777,-0.81591854,0 135.49065919,-0.81786721,0 135.49089795,-0.81796645,0 135.49236157,-0.81780431,0 135.49300000,-0.81814905,0 135.49352940,-0.81812287,0 135.49356049,-0.81767355,0 135.49588047,-0.81742248,0 135.49739575,-0.81542649,0 135.49804438,-0.81429789,0 135.49855800,-0.81256325,0 135.49887976,-0.81233333,0 135.49930536,-0.81234895,0 135.49934677,-0.81148166,0 135.49893462,-0.81117177,0 135.49836439,-0.81031326,0 135.49740322,-0.80996713,0 135.49671803,-0.80926363,0 135.49639258,-0.80756393,0 135.49595647,-0.80644940,0 135.49523670,-0.80589916,0 135.49387335,-0.80536990,0 135.49363801,-0.80491713,0 135.49416387,-0.80426225,0 135.49406001,-0.80379553,0 135.49365168,-0.80350996,0 135.49286974,-0.80387230,0 135.49211535,-0.80317577,0 135.49153426,-0.80221546,0 135.49113494,-0.80103570,0 135.49046387,-0.79994146,0 135.49042119,-0.79817174,0 135.48981815,-0.79784694,0 135.48964824,-0.79737674,0 135.48963963,-0.79636792,0 135.49020848,-0.79487171,0 135.49094733,-0.79453819,0 135.49148227,-0.79353785,0 135.49155013,-0.79281970,0 135.49116783,-0.79183656,0 135.48981729,-0.79053722,0 135.48932212,-0.79038661,0 135.48837378,-0.79075007,0 135.48745365,-0.79019447,0 135.48671845,-0.78950377,0 135.48668295,-0.78850634,0 135.48651778,-0.78825700,0 135.48631725,-0.78820953,0 135.48578648,-0.78851832,0 135.48525564,-0.78834027,0 135.48469743,-0.78786241,0 135.48421469,-0.78729820,0 135.48374745,-0.78620109,0 135.48225241,-0.78381883,0 135.48107335,-0.78249324,0 135.48049266,-0.78233689,0 135.47970757,-0.78266629,0 135.47936407,-0.78259223,0 135.47907765,-0.78100334,0 135.47839161,-0.77996272,0 135.47808386,-0.77978087,0 135.47807435,-0.77944774,0 135.47764604,-0.77931449,0 135.47759845,-0.77983797,0 135.47730340,-0.77966665,0 135.47725765,-0.77923306,0 135.47688641,-0.77887905,0 135.47675960,-0.77848152,0 135.47663137,-0.77749833,0 135.47632310,-0.77741857,0 135.47565815,-0.77757824,0 135.47456226,-0.77673516,0 135.47460985,-0.77660191,0 135.47486683,-0.77664950,0 135.47513333,-0.77614505,0 135.47551405,-0.77613553,0 135.47606608,-0.77583096,0 135.47628936,-0.77552865,0 135.47559408,-0.77442370,0 135.47525900,-0.77461939,0 135.47509720,-0.77506673,0 135.47465938,-0.77482878,0 135.47482112,-0.77410167,0 135.47558067,-0.77359427,0 135.47566573,-0.77329432,0 135.47547291,-0.77276967,0 135.47570091,-0.77223135,0 135.47511492,-0.77140415,0 135.47427673,-0.77111963,0 135.47444805,-0.77052952,0 135.47482876,-0.77057711,0 135.47507378,-0.77090957,0 135.47518092,-0.77058663,0 135.47589648,-0.77006545,0 135.47589819,-0.76919406,0 135.47613762,-0.76884129,0 135.47587077,-0.76786795,0 135.47535396,-0.76790157,0 135.47489556,-0.76852257,0 135.47472873,-0.76746531,0 135.47409610,-0.76686012,0 135.47409604,-0.76630931,0 135.47512096,-0.76578943,0 135.47503613,-0.76532397,0 135.47455060,-0.76516887,0 135.47365670,-0.76572753,0 135.47312496,-0.76580517,0 135.47275498,-0.76523113,0 135.47209219,-0.76497519,0 135.47195360,-0.76452881,0 135.47169219,-0.76433536,0 135.47137810,-0.76442102,0 135.47117109,-0.76430680,0 135.47119250,-0.76354300,0 135.47207766,-0.76329315,0 135.47228468,-0.76298620,0 135.47253452,-0.76179409,0 135.47282035,-0.76138863,0 135.47274616,-0.76084142,0 135.47245600,-0.76081613,0 135.47217046,-0.76112309,0 135.47204197,-0.76182265,0 135.47122106,-0.76292910,0 135.47095694,-0.76279347,0 135.47103546,-0.76206535,0 135.47072137,-0.76185834,0 135.47021455,-0.76243655,0 135.47000753,-0.76303617,0 135.46915093,-0.76246510,0 135.46901530,-0.76217243,0 135.46913665,-0.76162991,0 135.46955781,-0.76148714,0 135.46960778,-0.76113736,0 135.46993615,-0.76119447,0 135.47009319,-0.76104456,0 135.47025024,-0.76035214,0 135.47010747,-0.75999522,0 135.46973627,-0.75988101,0 135.46942218,-0.76088038,0 135.46876545,-0.76103742,0 135.46796595,-0.76048777,0 135.46867979,-0.75975965,0 135.46820671,-0.75882613,0 135.46760904,-0.75904582,0 135.46706652,-0.75875314,0 135.46680240,-0.75942415,0 135.46650972,-0.75949553,0 135.46633126,-0.75931707,0 135.46643834,-0.75889591,0 135.46576733,-0.75831770,0 135.46598862,-0.75751820,0 135.46638123,-0.75701138,0 135.46690234,-0.75679723,0 135.46657397,-0.75753962,0 135.46625274,-0.75785371,0 135.46644548,-0.75818921,0 135.46687378,-0.75846761,0 135.46713076,-0.75844619,0 135.46731636,-0.75762528,0 135.46784737,-0.75736153,0 135.46869892,-0.75635974,0 135.46879712,-0.75567007,0 135.46863853,-0.75515143,0 135.46732075,-0.75545080,0 135.46716211,-0.75451323,0 135.46761774,-0.75301703,0 135.46741944,-0.75183011,0 135.46639886,-0.75166066,0 135.46601240,-0.75133154,0 135.46569907,-0.75057727,0 135.46582844,-0.75015024,0 135.46647549,-0.74992852,0 135.46663317,-0.74949334,0 135.46717060,-0.74944036,0 135.46751187,-0.74919710,0 135.46697695,-0.74755535,0 135.46671719,-0.74726700,0 135.46612133,-0.74716710,0 135.46608312,-0.74699928,0 135.46620149,-0.74663784,0 135.46683165,-0.74604949,0 135.46693850,-0.74514207,0 135.46744262,-0.74452297,0 135.46833641,-0.74461516,0 135.46800418,-0.74532651,0 135.46835180,-0.74566483,0 135.46812265,-0.74591478,0 135.46810651,-0.74627033,0 135.46842108,-0.74646028,0 135.46946954,-0.74573383,0 135.46979370,-0.74523395,0 135.47019094,-0.74522215,0 135.47026691,-0.74556027,0 135.46885623,-0.74630431,0 135.46814951,-0.74752460,0 135.46808820,-0.74773925,0 135.46823718,-0.74794799,0 135.46913682,-0.74813313,0 135.46963043,-0.74802429,0 135.46946679,-0.74731276,0 135.46999836,-0.74710100,0 135.47017065,-0.74676285,0 135.47095634,-0.74658929,0 135.47174789,-0.74665095,0 135.47130082,-0.74699527,0 135.47117862,-0.74728841,0 135.47127933,-0.74778055,0 135.47154536,-0.74786014,0 135.47244041,-0.74715076,0 135.47236842,-0.74627864,0 135.47178961,-0.74598196,0 135.47184352,-0.74580463,0 135.47215267,-0.74574308,0 135.47277820,-0.74595652,0 135.47297950,-0.74580451,0 135.47286802,-0.74539922,0 135.47229770,-0.74467982,0 135.47222345,-0.74366973,0 135.47146224,-0.74373947,0 135.47123483,-0.74342104,0 135.47169943,-0.74306273,0 135.47194651,-0.74242580,0 135.47266320,-0.74206746,0 135.47244562,-0.74123154,0 135.47207777,-0.74075345,0 135.47143741,-0.74051942,0 135.47084427,-0.74067894,0 135.47049720,-0.74125912,0 135.47016354,-0.74108613,0 135.47022752,-0.74059758,0 135.47121156,-0.74010216,0 135.47143058,-0.73970859,0 135.47190243,-0.73985781,0 135.47163285,-0.74020728,0 135.47177442,-0.74043118,0 135.47276866,-0.74073302,0 135.47376968,-0.74137751,0 135.47438642,-0.74138422,0 135.47399897,-0.74247669,0 135.47360470,-0.74291777,0 135.47382831,-0.74341646,0 135.47437654,-0.74352497,0 135.47457430,-0.74393659,0 135.47545955,-0.74403601,0 135.47634037,-0.74474158,0 135.47767946,-0.74474595,0 135.47897979,-0.74635778,0 135.48065750,-0.74662832,0 135.48140040,-0.74761662,0 135.48250610,-0.74813218,0 135.48295434,-0.74816221,0 135.48399080,-0.74747113,0 135.48475604,-0.74731227,0 135.48494297,-0.74720052,0 135.48525250,-0.74650658,0 135.48540448,-0.74741217,0 135.48605295,-0.74780021,0 135.48594198,-0.74801192,0 135.48397917,-0.74791805,0 135.48289270,-0.74870617,0 135.48253643,-0.74932366,0 135.48274136,-0.75023413,0 135.48420150,-0.75019914,0 135.48432043,-0.75035743,0 135.48358367,-0.75042604,0 135.48257306,-0.75086217,0 135.48226455,-0.75149201,0 135.48223066,-0.75221301,0 135.48229014,-0.75246378,0 135.48276329,-0.75286160,0 135.48192915,-0.75338114,0 135.48154420,-0.75396254,0 135.48150415,-0.75438780,0 135.48226442,-0.75539199,0 135.48338944,-0.75564677,0 135.48232597,-0.75590542,0 135.48141083,-0.75639347,0 135.48105641,-0.75710359,0 135.48109629,-0.75789013,0 135.48144730,-0.75910632,0 135.48144022,-0.76046093,0 135.48167544,-0.76126565,0 135.48226153,-0.76199386,0 135.48310611,-0.76226213,0 135.48323923,-0.76286757,0 135.48388108,-0.76344802,0 135.48426884,-0.76412749,0 135.48499407,-0.76437994,0 135.48498498,-0.76465542,0 135.48465204,-0.76479778,0 135.48470229,-0.76555994,0 135.48516302,-0.76610626,0 135.48544143,-0.76774533,0 135.48592935,-0.76898652,0 135.48841449,-0.77055679,0 135.49143240,-0.77083401,0 135.49184066,-0.77061453,0 135.49217275,-0.76987956,0 135.49235612,-0.76977156,0 135.49346348,-0.77091737,0 135.49398251,-0.77114719,0 135.49462263,-0.77113666,0 135.49508977,-0.77138739,0 135.49548616,-0.77187023,0 135.49647764,-0.77199930,0 135.49699355,-0.77231842,0 135.49762958,-0.77234281,0 135.49795480,-0.77216514,0 135.49841848,-0.77240890,0 135.49926621,-0.77249936,0 135.50003967,-0.77210176,0 135.50013462,-0.77254469,0 135.50045605,-0.77291811,0 135.50010455,-0.77358907,0 135.50013478,-0.77389956,0 135.50061155,-0.77461168,0 135.50120905,-0.77487433,0 135.50138163,-0.77510447,0 135.50129538,-0.77530206,0 135.50175697,-0.77542143,0 135.50254651,-0.77622904,0 135.50435840,-0.77682158,0 135.50452236,-0.77712988,0 135.50541972,-0.77772036,0 135.50676570,-0.77816965,0 135.50860353,-0.77926809,0 135.51003792,-0.77946115,0 135.51168575,-0.77892465,0 135.51204377,-0.77865754,0 135.51343717,-0.77885930,0 135.51371539,-0.77868991,0 135.51464726,-0.77928689,0 135.51491048,-0.77995126,0 135.51536755,-0.78003719,0 135.51564798,-0.78027165,0 135.51549054,-0.78038675,0 135.51515834,-0.78015881,0 135.51501168,-0.78023265,0 135.51559194,-0.78065380,0 135.51571493,-0.78097296,0 135.51621749,-0.78092947,0 135.51643538,-0.78127468,0 135.51801853,-0.78101827,0 135.51940764,-0.78137419,0 135.51970745,-0.78130250,0 135.51986919,-0.78107015,0 135.52023806,-0.78134586,0 135.52150796,-0.78090319,0 135.52257033,-0.78161415,0 135.52346224,-0.78180880,0 135.52453898,-0.78177197,0 135.52612630,-0.78219877,0 135.52696768,-0.78262655,0 135.52796594,-0.78276915,0 135.52829393,-0.78217025,0 135.52889289,-0.78207044,0 135.52917810,-0.78214173,0 135.52934923,-0.78275489,0 135.53073253,-0.78276915,0 135.53094644,-0.78296878,0 135.53094644,-0.78346786,0 135.53063270,-0.78466566,0 135.53066003,-0.78544218,0 135.53119344,-0.78618855,0 135.53266572,-0.78759403,0 135.53296878,-0.78935250,0 135.53378480,-0.78982377,0 135.53473266,-0.79063939,0 135.53603096,-0.79098923,0 135.53767718,-0.79303260,0 135.53803332,-0.79333457,0 135.53842027,-0.79326960,0 135.53836150,-0.79417285,0 135.53883270,-0.79517200,0 135.53943563,-0.79567153,0 135.53964880,-0.79615135,0 135.53958728,-0.79745823,0 135.53999678,-0.79837271,0 135.54108765,-0.79914879,0 135.54231859,-0.79901596,0 135.54301122,-0.79935176,0 135.54327207,-0.79988238,0 135.54297491,-0.80043001,0 135.54376864,-0.80190896,0 135.54414722,-0.80218271,0 135.54498563,-0.80225034,0 135.54540341,-0.80214302,0 135.54661182,-0.80124809,0 135.54700718,-0.80119158,0 135.54871220,-0.80256315,0 135.54974126,-0.80252067,0 135.55054877,-0.80214233,0 135.55152735,-0.80201235,0 135.55223125,-0.80273203,0 135.55325758,-0.80318633,0 135.55397263,-0.80338946,0 135.55454741,-0.80311841,0 135.55505213,-0.80309012,0 135.55542791,-0.80340620,0 135.55566352,-0.80390859,0 135.55577302,-0.80496989,0 135.55560482,-0.80528322,0 135.55512256,-0.80555708,0 135.55508339,-0.80614419,0 135.55585736,-0.80660417,0 135.55656117,-0.80662666,0 135.55655841,-0.80699360,0 135.55695672,-0.80800404,0 135.55772234,-0.80893822,0 135.55783666,-0.80989960,0 135.55837739,-0.81132821,0 135.55877301,-0.81166252,0 135.55923805,-0.81166854,0 135.56048510,-0.81103914,0 135.56142129,-0.81162264,0 135.56185322,-0.81247674,0 135.56191069,-0.81317588,0 135.56277452,-0.81455580,0 135.56384364,-0.81557396,0 135.56384670,-0.81589618,0 135.56333643,-0.81632181,0 135.56299533,-0.81723986,0 135.56393784,-0.81982959,0 135.56497965,-0.81993583,0 135.56514897,-0.82143744,0 135.56571375,-0.82214258,0 135.56609423,-0.82209389,0 135.56609132,-0.82288119,0 135.56632088,-0.82330672,0 135.56669535,-0.82347993,0 135.56771895,-0.82292351,0 135.56845273,-0.82286261,0 135.56880810,-0.82334697,0 135.56885350,-0.82409170,0 135.56919332,-0.82479839,0 135.56951040,-0.82488954,0 135.57022754,-0.82457135,0 135.57046482,-0.82475804,0 135.57055545,-0.82500555,0 135.57014138,-0.82543117,0 135.57032696,-0.82604778,0 135.57125886,-0.82675981,0 135.57207412,-0.82634281,0 135.57185850,-0.82684657,0 135.57113378,-0.82691616,0 135.57104325,-0.82734174,0 135.57130216,-0.82784108,0 135.57225103,-0.82811713,0 135.57233307,-0.82866427,0 135.57211313,-0.82915066,0 135.57225987,-0.82959357,0 135.57360588,-0.83013618,0 135.57402001,-0.83015784,0 135.57453774,-0.83061806,0 135.57521504,-0.83077864,0 135.57562060,-0.83112163,0 135.57596151,-0.83192494,0 135.57655256,-0.83231134,0 135.57700118,-0.83209849,0 135.57741949,-0.83119519,0 135.57768262,-0.83109528,0 135.57777324,-0.83128633,0 135.57738086,-0.83253268,0 135.57762251,-0.83302769,0 135.57814886,-0.83343146,0 135.57966739,-0.83374389,0 135.58046987,-0.83441252,0 135.58094438,-0.83435599,0 135.58114721,-0.83488140,0 135.58196694,-0.83550226,0 135.58447334,-0.83580151,0 135.58496522,-0.83648321,0 135.58577199,-0.83699550,0 135.58708349,-0.83751205,0 135.58760553,-0.83793754,0 135.58902047,-0.83791561,0 135.59002995,-0.83812390,0 135.59071595,-0.83877082,0 135.59054778,-0.83923115,0 135.59067290,-0.83938312,0 135.59140632,-0.83976514,0 135.59245456,-0.83960865,0 135.59268327,-0.84004286,0 135.59350298,-0.84056383,0 135.59370998,-0.84012521,0 135.59462870,-0.83923053,0 135.59496086,-0.83922613,0 135.59492647,-0.84001647,0 135.59524573,-0.84026394,0 135.59558663,-0.84090657,0 135.59475853,-0.84196626,0 135.59450403,-0.84208789,0 135.59445666,-0.84265241,0 135.59466808,-0.84289990,0 135.59544748,-0.84315047,0 135.59735740,-0.84426814,0 135.59866083,-0.84568706,0 135.59992320,-0.84649543,0 135.60096010,-0.84692430,0 135.60135367,-0.84783594,0 135.60257505,-0.84866082,0 135.60312841,-0.84934141,0 135.60329652,-0.84991068,0 135.60398511,-0.85049637,0 135.60649332,-0.85133754,0 135.60723100,-0.85139930,0 135.60944826,-0.85233953,0 135.61100557,-0.85236403,0 135.61167782,-0.85330450,0 135.61159999,-0.85350253,0 135.61028872,-0.85442268,0 135.61057975,-0.85482692,0 135.61069052,-0.85561072,0 135.61226846,-0.85650153,0 135.61394901,-0.85832466,0 135.61440389,-0.85820907,0 135.61465376,-0.85752010,0 135.61523976,-0.85727662,0 135.61548149,-0.85683104,0 135.61627241,-0.85670715,0 135.61632165,-0.85704955,0 135.61614550,-0.85749924,0 135.61662096,-0.85797357,0 135.61669479,-0.85833659,0 135.61607599,-0.85853470,0 135.61571544,-0.85904630,0 135.61528117,-0.85993332,0 135.61540419,-0.86041596,0 135.61576904,-0.86106358,0 135.61718726,-0.86268048,0 135.61728978,-0.86304349,0 135.61796612,-0.86389732,0 135.61820804,-0.86468934,0 135.61888014,-0.86471811,0 135.61852780,-0.86533284,0 135.61896784,-0.86596608,0 135.61909436,-0.86662025,0 135.61956032,-0.86705007,0 135.62004566,-0.86718678,0 135.62100488,-0.86873427,0 135.62185908,-0.86902724,0 135.62190186,-0.86948058,0 135.62157580,-0.86987537,0 135.62246129,-0.87160264,0 135.62272921,-0.87177847,0 135.62328046,-0.87141882,0 135.62371923,-0.87172359,0 135.62363391,-0.87227857,0 135.62412710,-0.87295069,0 135.62382815,-0.87298201,0 135.62381654,-0.87323214,0 135.62410391,-0.87357992,0 135.62420884,-0.87421303,0 135.62466577,-0.87474208,0 135.62538427,-0.87618430,0 135.62648314,-0.87698529,0 135.62690635,-0.87707120,0 135.62731011,-0.87694607,0 135.62753133,-0.87648096,0 135.62696423,-0.87571568,0 135.62686441,-0.87500273,0 135.62779849,-0.87384061,0 135.62917465,-0.87427551,0 135.62939857,-0.87503071,0 135.63012075,-0.87524553,0 135.63013633,-0.87552692,0 135.62957355,-0.87662131,0 135.62960468,-0.87704730,0 135.63006673,-0.87726608,0 135.62998914,-0.87759438,0 135.63027262,-0.87798124,0 135.63153451,-0.87842265,0 135.63413585,-0.87888338,0 135.63571229,-0.87977417,0 135.63689653,-0.88024686,0 135.63724604,-0.88074314,0 135.63833320,-0.88110251,0 135.63858188,-0.88228664,0 135.63917982,-0.88250149,0 135.63940507,-0.88289227,0 135.63995911,-0.88494250,0 135.64087802,-0.88529407,0 135.64096868,-0.88569139,0 135.64252835,-0.88685706,0 135.64279366,-0.88690912,0 135.64302659,-0.88677881,0 135.64351173,-0.88575608,0 135.64385461,-0.88537172,0 135.64382862,-0.88472687,0 135.64406152,-0.88443372,0 135.64492858,-0.88427724,0 135.64608028,-0.88365824,0 135.64789823,-0.88169081,0 135.64871981,-0.88043353,0 135.64928278,-0.88049206,0 135.65038911,-0.87947574,0 135.65163771,-0.87797087,0 135.65245281,-0.87667452,0 135.65378563,-0.87575586,0 135.65403767,-0.87393852,0 135.65478815,-0.87317629,0 135.65515033,-0.87209497,0 135.66024220,-0.86848553,0 135.66073389,-0.86794481,0 135.66105723,-0.86681790,0 135.66170427,-0.86662889,0 135.66250655,-0.86606858,0 135.66366461,-0.86491546,0 135.66433090,-0.86373638,0 135.66495854,-0.86361903,0 135.66666018,-0.86266774,0 135.66845832,-0.85850523,0 135.66928637,-0.85731310,0 135.67006273,-0.85660298,0 135.67029550,-0.85557379,0 135.67030173,-0.85417335,0 135.67048936,-0.85403653,0 135.67133055,-0.85400382,0 135.67160873,-0.85370414,0 135.67158908,-0.85229069,0 135.67127826,-0.85098803,0 135.67134934,-0.85046693,0 135.67165338,-0.84994579,0 135.67378842,-0.84825839,0 135.67611402,-0.84759343,0 135.67647767,-0.84619602,0 135.67639211,-0.84532621,0 135.67674150,-0.84523353,0 135.67674863,-0.84452057,0 135.67739036,-0.84349390,0 135.67710515,-0.84318733,0 135.67699106,-0.84273816,0 135.67709802,-0.84262409,0 135.67786118,-0.84266656,0 135.67863390,-0.84201752,0 135.67886032,-0.84168528,0 135.67900895,-0.84057143,0 135.67986304,-0.84030423,0 135.68186249,-0.84034296,0 135.68345423,-0.84006259,0 135.68380361,-0.83987364,0 135.68375814,-0.83888358,0 135.68467037,-0.83805620,0 135.68483200,-0.83726802,0 135.68476065,-0.83630403,0 135.68443057,-0.83584813,0 135.68464397,-0.83511857,0 135.68457271,-0.83461704,0 135.68393858,-0.83461064,0 135.68378971,-0.83431755,0 135.68334298,-0.83287813,0 135.68335571,-0.83162752,0 135.68426159,-0.83152966,0 135.68575594,-0.82935386,0 135.68675234,-0.82891076,0 135.68775531,-0.82899526,0 135.68816292,-0.82877373,0 135.68943094,-0.82745125,0 135.69047323,-0.82733440,0 135.69089853,-0.82713501,0 135.69138972,-0.82627861,0 135.69279753,-0.82511200,0 135.69312743,-0.82449923,0 135.69329014,-0.82268840,0 135.69246510,-0.82167697,0 135.69230823,-0.82099965,0 135.69434415,-0.82087443,0 135.69491602,-0.82012136,0 135.69574460,-0.81958233,0 135.69739431,-0.81783250,0 135.69768754,-0.81721235,0 135.69789991,-0.81545539,0 135.69761355,-0.81340323,0 135.69795058,-0.81164625,0 135.69855897,-0.80999995,0 135.69850734,-0.80825779,0 135.69896192,-0.80771144,0 135.69892506,-0.80657462,0 135.69833097,-0.80608012,0 135.69802277,-0.80489905,0 135.69806668,-0.80440444,0 135.69848454,-0.80358497,0 135.69868254,-0.80352588,0 135.69900110,-0.80390685,0 135.69908666,-0.80375475,0 135.69909617,-0.80306079,0 135.69877292,-0.80288968,0 135.69871588,-0.80249042,0 135.69913420,-0.80223375,0 135.69968561,-0.80228128,0 135.69978069,-0.80134016,0 135.70066205,-0.80061701,0 135.70083784,-0.79942847,0 135.70142450,-0.79933979,0 135.70228252,-0.79949466,0 135.70316993,-0.79990052,0 135.70417472,-0.80063855,0 135.70438005,-0.80060899,0 135.70484927,-0.79995191,0 135.70591987,-0.79958262,0 135.70595085,-0.79896359,0 135.70656882,-0.79841223,0 135.70672093,-0.79791790,0 135.70662586,-0.79745210,0 135.70699664,-0.79668209,0 135.70763362,-0.79594060,0 135.70841321,-0.79373514,0 135.70886956,-0.79355453,0 135.70926294,-0.79414149,0 135.71004033,-0.79448093,0 135.71166081,-0.79341763,0 135.71296615,-0.79347646,0 135.71315675,-0.79307042,0 135.71293669,-0.79271612,0 135.71252599,-0.79253164,0 135.71243792,-0.79210350,0 135.71273114,-0.79144645,0 135.71320774,-0.79104774,0 135.71242288,-0.78992581,0 135.71243000,-0.78867086,0 135.71309732,-0.78857478,0 135.71334655,-0.78800632,0 135.71359587,-0.78790293,0 135.71395520,-0.78791025,0 135.71423393,-0.78829407,0 135.71486462,-0.78843422,0 135.71539258,-0.78822005,0 135.71582512,-0.78749654,0 135.71585425,-0.78631541,0 135.71570011,-0.78547389,0 135.71605932,-0.78475039,0 135.71635998,-0.78473557,0 135.71751888,-0.78613057,0 135.71768021,-0.78612316,0 135.71850142,-0.78539958,0 135.71842805,-0.78521504,0 135.71812737,-0.78511913,0 135.71808332,-0.78483124,0 135.71855984,-0.78396746,0 135.71905848,-0.78382712,0 135.71960125,-0.78445449,0 135.72007792,-0.78450609,0 135.72040788,-0.78427719,0 135.72064247,-0.78386375,0 135.72080360,-0.78263093,0 135.72070815,-0.78195180,0 135.72099399,-0.78103638,0 135.72115527,-0.78076322,0 135.72188593,-0.78050701,0 135.72205412,-0.78029855,0 135.72282371,-0.77792098,0 135.72358711,-0.77717179,0 135.72376817,-0.77648133,0 135.72519805,-0.77586229,0 135.72563151,-0.77551049,0 135.72586434,-0.77496035,0 135.72603504,-0.77348594,0 135.72668363,-0.77449050,0 135.72695556,-0.77449345,0 135.72708998,-0.77427084,0 135.72818812,-0.77013975,0 135.72818790,-0.76882890,0 135.72902325,-0.76755796,0 135.72904480,-0.76665129,0 135.72940281,-0.76603950,0 135.72939841,-0.76496650,0 135.73022295,-0.76390153,0 135.73029168,-0.76296477,0 135.73011808,-0.76123853,0 135.73069710,-0.76009065,0 135.73077909,-0.75948461,0 135.73027736,-0.75922759,0 135.73020432,-0.75879145,0 135.73039125,-0.75842413,0 135.73125768,-0.75768940,0 135.73157684,-0.75710627,0 135.73124815,-0.75527447,0 135.73154448,-0.75455361,0 135.73208711,-0.75388321,0 135.73188969,-0.75318081,0 135.73194437,-0.75283646,0 135.73207661,-0.75270330,0 135.73282914,-0.75272154,0 135.73304340,-0.75210629,0 135.73398744,-0.75188576,0 135.73468056,-0.75116024,0 135.73629270,-0.75087582,0 135.73692173,-0.75061735,0 135.73792869,-0.74946338,0 135.73860489,-0.74914030,0 135.73909085,-0.74818970,0 135.73932596,-0.74817510,0 135.73965517,-0.74845178,0 135.74000964,-0.74839709,0 135.74046532,-0.74787996,0 135.74083051,-0.74703150,0 135.74084158,-0.74645665,0 135.74053638,-0.74586461,0 135.74065578,-0.74512051,0 135.74197673,-0.74449969,0 135.74214534,-0.74364287,0 135.74270590,-0.74304925,0 135.74468354,-0.74299604,0 135.74535546,-0.74182719,0 135.74535546,-0.74119901,0 135.74512703,-0.74107528,0 135.74514607,-0.74081829,0 135.74555534,-0.74075167,0 135.74562196,-0.74021867,0 135.74582184,-0.74017108,0 135.74632628,-0.74133226,0 135.74658326,-0.74117997,0 135.74747794,-0.73957146,0 135.74616447,-0.73797550,0 135.74041240,-0.73452069,0 135.73716973,-0.73297608,0 135.73651182,-0.73247320,0 135.73459892,-0.72921314,0 135.73410280,-0.72891650,0 135.73338011,-0.72791426,0 135.73271468,-0.72541028,0 135.73212823,-0.72218256,0 135.73116821,-0.72066652,0 135.72910096,-0.71873451,0 135.72846478,-0.71789943,0 135.72847935,-0.71765833,0 135.72869253,-0.71752599,0 135.72866326,-0.71710262,0 135.72782778,-0.71603843,0 135.72776628,-0.71550541,0 135.72823057,-0.71487615,0 135.72913011,-0.71469372,0 135.72915635,-0.71439382,0 135.72874145,-0.71335896,0 135.72800492,-0.71248384,0 135.72693002,-0.71188694,0 135.72584081,-0.71178217,0 135.72539500,-0.71134439,0 135.72343215,-0.71036043,0 135.72185049,-0.71035706,0 135.72129685,-0.70996995,0 135.72018965,-0.70973853,0 135.71981212,-0.70919580,0 135.71902125,-0.70891005,0 135.71713396,-0.70842545,0 135.71297481,-0.70850650,0 135.71173599,-0.70927633,0 135.71026686,-0.70986537,0 135.70967286,-0.71072320,0 135.70993552,-0.71157626,0 135.70952565,-0.71190087,0 135.70819922,-0.71198916,0 135.70435342,-0.71171157,0 135.70334484,-0.71213364,0 135.70257120,-0.71297294,0 135.70202796,-0.71447985,0 135.70101945,-0.71549074,0 135.70060980,-0.71711354,0 135.70072977,-0.71856935,0 135.70001610,-0.72004847,0 135.69909971,-0.72101762,0 135.69787473,-0.72195436,0 135.69566874,-0.72297471,0 135.69426404,-0.72325774,0 135.69307576,-0.72323938,0 135.69131171,-0.72295683,0 135.68922984,-0.72238687,0 135.68795396,-0.72177970,0 135.68498296,-0.71981431,0 135.68404321,-0.71859972,0 135.68327398,-0.71809446,0 135.68279488,-0.71741298,0 135.68256433,-0.71561409,0 135.68223718,-0.71469613,0 135.68079690,-0.71355738,0 135.68022907,-0.71298380,0 135.67996647,-0.71243165,0 135.68001499,-0.71137822,0 135.68159880,-0.70912152,0 135.68319524,-0.70867596,0 135.68368193,-0.70751408,0 135.68378806,-0.70658610,0 135.68353085,-0.70526510,0 135.68319712,-0.70461583,0 135.68270032,-0.70420790,0 135.68177104,-0.70392442,0 135.68144478,-0.70366822,0 135.68175121,-0.70348656,0 135.68164652,-0.70236018,0 135.68189484,-0.70124560,0 135.68175316,-0.70025456,0 135.68052939,-0.69871906,0 135.68017686,-0.69705046,0 135.67963189,-0.69610867,0 135.67958185,-0.69498735,0 135.68003106,-0.69360297,0 135.67999448,-0.69306583,0 135.67917693,-0.69087213,0 135.67782291,-0.68813289,0 135.67599153,-0.68577819,0 135.67511396,-0.68557534,0 135.67471793,-0.68521636,0 135.67445096,-0.68395834,0 135.67337798,-0.68257040,0 135.66893960,-0.67884913,0 135.66667817,-0.67788665,0 135.66518049,-0.67764430,0 135.66383486,-0.67781241,0 135.66319730,-0.67824165,0 135.66279700,-0.67864474,0 135.66224131,-0.67969547,0 135.66136845,-0.67951986,0 135.66061821,-0.67908301,0 135.66028318,-0.67871734,0 135.66016988,-0.67819491,0 135.66087735,-0.67645174,0 135.66111779,-0.67512659,0 135.66109408,-0.67423844,0 135.66054199,-0.67364957,0 135.66019653,-0.67142129,0 135.65989244,-0.67057795,0 135.65955396,-0.67017615,0 135.65658323,-0.66808372,0 135.65547334,-0.66792482,0 135.65487111,-0.66707451,0 135.65464645,-0.66708132,0 135.65412981,-0.66787917,0 135.65368406,-0.66784304,0 135.65240782,-0.66690597,0 135.65123579,-0.66573729,0 135.64591535,-0.66365001,0 135.64284535,-0.66272403,0 135.63977904,-0.66253264,0 135.63749286,-0.66298889,0 135.63527863,-0.66389747,0 135.63349934,-0.66520570,0 135.63234689,-0.66685349,0 135.63209284,-0.66822422,0 135.63180733,-0.66852924,0 135.63201991,-0.66970710,0 135.63187023,-0.67026451,0 135.63098584,-0.67133735,0 135.63071085,-0.67223482,0 135.63028101,-0.67293483,0 135.62939409,-0.67352389,0 135.62873356,-0.67357554,0 135.62766046,-0.67295689,0 135.62712911,-0.67116570,0 135.62639029,-0.67035158,0 135.62589102,-0.67037480,0 135.62548331,-0.67087355,0 135.62478568,-0.67071080,0 135.62425660,-0.67080925,0 135.62079877,-0.66961552,0 135.61968663,-0.66949353,0 135.61912048,-0.66963270,0 135.61868581,-0.67020949,0 135.61839948,-0.67116283,0 135.61857843,-0.67389719,0 135.61834264,-0.67473518,0 135.61719694,-0.67571916,0 135.61481775,-0.67643868,0 135.61403935,-0.67707319,0 135.61399561,-0.67766010,0 135.61426530,-0.67832161,0 135.61525623,-0.67936639,0 135.61563714,-0.68011609,0 135.61549911,-0.68124243,0 135.61512508,-0.68161566,0 135.61447802,-0.68155129,0 135.61427583,-0.68167684,0 135.61411750,-0.68212467,0 135.61356142,-0.68205350,0 135.61324133,-0.68251493,0 135.61278638,-0.68264051,0 135.61285387,-0.68335293,0 135.61240902,-0.68334960,0 135.61192043,-0.68389247,0 135.60833166,-0.68673588,0 135.60731409,-0.68825248,0 135.60730068,-0.68882243,0 135.60761074,-0.68890042,0 135.60757706,-0.68913111,0 135.60733106,-0.68921257,0 135.60703445,-0.68892763,0 135.60636383,-0.68906681,0 135.60584151,-0.68943667,0 135.60510026,-0.69079378,0 135.60394099,-0.69105855,0 135.60288633,-0.69246320,0 135.60171357,-0.69276189,0 135.60155189,-0.69338614,0 135.60112734,-0.69404435,0 135.60075013,-0.69595440,0 135.60025487,-0.69707062,0 135.59957421,-0.69782385,0 135.59831053,-0.69864501,0 135.59625615,-0.70115527,0 135.59465213,-0.70231279,0 135.59452608,-0.70227436,0 135.59426242,-0.70131701,0 135.59355578,-0.70104796,0 135.59347548,-0.70028284,0 135.59320572,-0.69998173,0 135.59324915,-0.69963161,0 135.59379495,-0.69929602,0 135.59400257,-0.69853741,0 135.59371744,-0.69755033,0 135.59320050,-0.69682100,0 135.59321494,-0.69644657,0 135.59346606,-0.69596514,0 135.59471700,-0.69473472,0 135.59486182,-0.69395182,0 135.59448485,-0.69239095,0 135.59557648,-0.69195804,0 135.59572619,-0.69177324,0 135.59591442,-0.69042625,0 135.59652777,-0.68947796,0 135.59871568,-0.68718737,0 135.59889429,-0.68628289,0 135.59878795,-0.68567994,0 135.59844011,-0.68533960,0 135.59741602,-0.68506742,0 135.59719861,-0.68466870,0 135.59761387,-0.68343354,0 135.59829011,-0.68319519,0 135.59843015,-0.68293744,0 135.59899027,-0.68115764,0 135.59883563,-0.68064709,0 135.59553035,-0.67646558,0 135.59556617,-0.67540167,0 135.59652214,-0.67345106,0 135.59660792,-0.67166636,0 135.59632822,-0.66957827,0 135.59661819,-0.66718457,0 135.59633902,-0.66612601,0 135.59527443,-0.66530164,0 135.59401353,-0.66490905,0 135.59344247,-0.66449557,0 135.59327712,-0.66455020,0 135.59310407,-0.66499499,0 135.59248140,-0.66513032,0 135.59181985,-0.66416804,0 135.59126692,-0.66401985,0 135.59089490,-0.66430861,0 135.59052280,-0.66397312,0 135.59040131,-0.66348156,0 135.58977085,-0.66319033,0 135.58631335,-0.66350085,0 135.58583210,-0.66344391,0 135.58498750,-0.66293581,0 135.58448737,-0.66287412,0 135.58350131,-0.66313547,0 135.58123209,-0.66470785,0 135.57960911,-0.66522100,0 135.57865135,-0.66531610,0 135.57722170,-0.66478907,0 135.57630165,-0.66467518,0 135.57426822,-0.66532612,0 135.57344727,-0.66535471,0 135.57050770,-0.66378769,0 135.56905918,-0.66327965,0 135.56684164,-0.66308992,0 135.56651138,-0.66319445,0 135.56639351,-0.66390215,0 135.56588865,-0.66375022,0 135.56582457,-0.66246310,0 135.56525682,-0.66135888,0 135.56492597,-0.66129231,0 135.56393701,-0.66165350,0 135.56323701,-0.66138365,0 135.56131104,-0.65972569,0 135.56016526,-0.65912986,0 135.55994738,-0.65859841,0 135.55990333,-0.65745583,0 135.55949292,-0.65702660,0 135.55906647,-0.65684582,0 135.55700602,-0.65820365,0 135.55548950,-0.65844412,0 135.55341127,-0.65838781,0 135.55277655,-0.65822109,0 135.55168128,-0.65830885,0 135.55064494,-0.65792447,0 135.55049357,-0.66052547,0 135.54947426,-0.66190806,0 135.54793258,-0.66307867,0 135.54711825,-0.66413894,0 135.54601458,-0.66449812,0 135.54431830,-0.66453223,0 135.54404311,-0.66483194,0 135.54403195,-0.66549349,0 135.54379326,-0.66568011,0 135.54361351,-0.66561228,0 135.54345619,-0.66517126,0 135.54285797,-0.66498474,0 135.54218678,-0.66514313,0 135.54202955,-0.66554461,0 135.54179646,-0.66562661,0 135.54053550,-0.66578791,0 135.53978844,-0.66560987,0 135.53902167,-0.66496820,0 135.53844037,-0.66532165,0 135.53730875,-0.66702372,0 135.53785551,-0.66817969,0 135.53707484,-0.66883646,0 135.53702095,-0.67016286,0 135.53606508,-0.67119645,0 135.53575345,-0.67223417,0 135.53561231,-0.67384510,0 135.53536295,-0.67409618,0 135.53481847,-0.67422177,0 135.53405781,-0.67410470,0 135.53353405,-0.67365286,0 135.53286068,-0.67344372,0 135.53249894,-0.67226382,0 135.53200014,-0.67200446,0 135.53181305,-0.67166555,0 135.53166419,-0.67019099,0 135.53230880,-0.66836118,0 135.53226830,-0.66778218,0 135.52994071,-0.66813300,0 135.52880392,-0.66871439,0 135.52842198,-0.66872122,0 135.52819054,-0.66849507,0 135.52826014,-0.66799522,0 135.52927588,-0.66709410,0 135.53033606,-0.66655592,0 135.53148389,-0.66629999,0 135.53133776,-0.66544734,0 135.53036502,-0.66422430,0 135.52663414,-0.66258968,0 135.52601128,-0.66191191,0 135.52544304,-0.66156999,0 135.52426217,-0.66171464,0 135.52226631,-0.66093320,0 135.52020984,-0.66069322,0 135.51871961,-0.66108421,0 135.51780559,-0.66057948,0</coordinates></LinearRing></outerBoundaryIs></Polygon><Polygon><tessellate>1</tessellate><altitudeMode>clampToGround</altitudeMode><outerBoundaryIs><LinearRing><coordinates>135.76063958,-0.73387423,0 135.76051890,-0.73447838,0 135.76068880,-0.73477471,0 135.76093415,-0.73485446,0 135.76108132,-0.73466826,0 135.76107742,-0.73389695,0 135.76092264,-0.73374500,0 135.76063958,-0.73387423,0</coordinates></LinearRing></outerBoundaryIs></Polygon><Polygon><tessellate>1</tessellate><altitudeMode>clampToGround</altitudeMode><outerBoundaryIs><LinearRing><coordinates>135.76316041,-0.73028393,0 135.76279429,-0.73026500,0 135.76271509,-0.73061077,0 135.76328508,-0.73093363,0 135.76332652,-0.73045868,0 135.76316041,-0.73028393,0</coordinates></LinearRing></outerBoundaryIs></Polygon><Polygon><tessellate>1</tessellate><altitudeMode>clampToGround</altitudeMode><outerBoundaryIs><LinearRing><coordinates>135.81136533,-0.68376998,0 135.81135941,-0.68394650,0 135.81179933,-0.68422467,0 135.81222429,-0.68391344,0 135.81228368,-0.68363518,0 135.81211423,-0.68337791,0 135.81178735,-0.68367416,0 135.81136533,-0.68376998,0</coordinates></LinearRing></outerBoundaryIs></Polygon><Polygon><tessellate>1</tessellate><altitudeMode>clampToGround</altitudeMode><outerBoundaryIs><LinearRing><coordinates>135.59456399,-0.66490403,0 135.59492798,-0.66509634,0 135.59483290,-0.66468314,0 135.59456399,-0.66490403,0</coordinates></LinearRing></outerBoundaryIs></Polygon><Polygon><tessellate>1</tessellate><altitudeMode>clampToGround</altitudeMode><outerBoundaryIs><LinearRing><coordinates>135.58907562,-0.66056652,0 135.58933181,-0.66113587,0 135.58989319,-0.66143876,0 135.59015358,-0.66138501,0 135.59035631,-0.66109063,0 135.59036053,-0.66066735,0 135.59014065,-0.66040310,0 135.58929330,-0.66028502,0 135.58907562,-0.66056652,0</coordinates></LinearRing></outerBoundaryIs></Polygon><Polygon><tessellate>1</tessellate><altitudeMode>clampToGround</altitudeMode><outerBoundaryIs><LinearRing><coordinates>136.28967913,-2.48394773,0 136.29039403,-2.48397484,0 136.28988268,-2.48230525,0 136.28914921,-2.48132823,0 136.28815900,-2.47942254,0 136.28677102,-2.47732044,0 136.28606435,-2.47651751,0 136.28553154,-2.47645107,0 136.28517231,-2.47683983,0 136.28494713,-2.47812583,0 136.28531051,-2.47926409,0 136.28747142,-2.48268961,0 136.28864640,-2.48356668,0 136.28967913,-2.48394773,0</coordinates></LinearRing></outerBoundaryIs></Polygon><Polygon><tessellate>1</tessellate><altitudeMode>clampToGround</altitudeMode><outerBoundaryIs><LinearRing><coordinates>136.25195207,-2.23306240,0 136.25306693,-2.23317254,0 136.25477833,-2.23306214,0 136.25564727,-2.23284933,0 136.26010117,-2.23051129,0 136.26505443,-2.22914809,0 136.26697998,-2.22833271,0 136.26747599,-2.22780100,0 136.26798762,-2.22688381,0 136.26931725,-2.22343355,0 136.26953256,-2.22208874,0 136.26919432,-2.22098904,0 136.26728657,-2.21975099,0 136.26114492,-2.21678990,0 136.26061958,-2.21623391,0 136.26082300,-2.21553180,0 136.26069640,-2.21512783,0 136.25872132,-2.21579855,0 136.25701795,-2.21670807,0 136.25591418,-2.21773068,0 136.25397752,-2.22019318,0 136.25297649,-2.22183213,0 136.25270500,-2.22272477,0 136.25235585,-2.22327891,0 136.25165956,-2.22371958,0 136.25035685,-2.22400247,0 136.25049380,-2.22634717,0 136.24948165,-2.22869681,0 136.24932817,-2.22965633,0 136.24998096,-2.23105351,0 136.25126302,-2.23257159,0 136.25195207,-2.23306240,0</coordinates></LinearRing></outerBoundaryIs></Polygon><Polygon><tessellate>1</tessellate><altitudeMode>clampToGround</altitudeMode><outerBoundaryIs><LinearRing><coordinates>136.32201323,-1.96331286,0 136.32192757,-1.96248481,0 136.31894848,-1.96010534,0 136.31851066,-1.96024335,0 136.31842976,-1.96046226,0 136.31879620,-1.96142833,0 136.31825844,-1.96232300,0 136.31836789,-1.96267992,0 136.32000496,-1.96336045,0 136.32032857,-1.96375544,0 136.32040947,-1.96416946,0 136.32074260,-1.96435982,0 136.32155161,-1.96453114,0 136.32201323,-1.96331286,0</coordinates></LinearRing></outerBoundaryIs></Polygon><Polygon><tessellate>1</tessellate><altitudeMode>clampToGround</altitudeMode><outerBoundaryIs><LinearRing><coordinates>136.36067469,-1.95803003,0 136.36125597,-1.95873875,0 136.36163097,-1.95873799,0 136.36155864,-1.95805156,0 136.36200668,-1.95745341,0 136.36196600,-1.95722275,0 136.36131683,-1.95702319,0 136.36100279,-1.95730270,0 136.36067469,-1.95803003,0</coordinates></LinearRing></outerBoundaryIs></Polygon><Polygon><tessellate>1</tessellate><altitudeMode>clampToGround</altitudeMode><outerBoundaryIs><LinearRing><coordinates>136.31492862,-1.95014778,0 136.31525766,-1.94947008,0 136.31450032,-1.94914840,0 136.31391021,-1.94936255,0 136.31194478,-1.94936255,0 136.31150378,-1.94950831,0 136.31135467,-1.94980513,0 136.31191622,-1.95069505,0 136.31221604,-1.95078547,0 136.31260151,-1.95063319,0 136.31302981,-1.95107101,0 136.31316306,-1.95143744,0 136.31442418,-1.95169919,0 136.31461929,-1.95234164,0 136.31582806,-1.95389781,0 136.31575667,-1.95443081,0 136.31539024,-1.95491622,0 136.31548066,-1.95513037,0 136.31594703,-1.95505898,0 136.31613959,-1.95556278,0 136.31675234,-1.95568244,0 136.31717346,-1.95501418,0 136.31723087,-1.95459542,0 136.31683040,-1.95413995,0 136.31672100,-1.95366991,0 136.31597577,-1.95343726,0 136.31624080,-1.95252813,0 136.31620764,-1.95165207,0 136.31609376,-1.95148828,0 136.31544763,-1.95137773,0 136.31498573,-1.95071409,0 136.31492862,-1.95014778,0</coordinates></LinearRing></outerBoundaryIs></Polygon><Polygon><tessellate>1</tessellate><altitudeMode>clampToGround</altitudeMode><outerBoundaryIs><LinearRing><coordinates>136.30569662,-1.94001149,0 136.30383112,-1.93981161,0 136.30371457,-1.94022918,0 136.30396913,-1.94062539,0 136.30467345,-1.94079671,0 136.30484002,-1.94048738,0 136.30546343,-1.94043503,0 136.30612968,-1.94103941,0 136.30682510,-1.94241929,0 136.30607734,-1.94310479,0 136.30610589,-1.94349026,0 136.30740508,-1.94426596,0 136.30778579,-1.94410892,0 136.30849487,-1.94410892,0 136.30885655,-1.94431831,0 136.30875022,-1.94467903,0 136.30901359,-1.94481324,0 136.30939430,-1.94540335,0 136.30966080,-1.94550328,0 136.30987020,-1.94588400,0 136.30984164,-1.94646458,0 136.30936654,-1.94691458,0 136.30945141,-1.94725457,0 136.31028898,-1.94802551,0 136.31093620,-1.94794461,0 136.31194033,-1.94706897,0 136.31084578,-1.94619809,0 136.31082198,-1.94578406,0 136.31128910,-1.94473617,0 136.31057928,-1.94471330,0 136.31028898,-1.94433735,0 136.31050789,-1.94349026,0 136.31020808,-1.94206258,0 136.31044603,-1.94136302,0 136.31038416,-1.94110128,0 136.30991949,-1.94108109,0 136.30925058,-1.94153424,0 136.30818240,-1.94158881,0 136.30646281,-1.94065394,0 136.30622486,-1.93983541,0 136.30569662,-1.94001149,0</coordinates></LinearRing></outerBoundaryIs></Polygon><Polygon><tessellate>1</tessellate><altitudeMode>clampToGround</altitudeMode><outerBoundaryIs><LinearRing><coordinates>136.29219544,-1.93923169,0 136.29210960,-1.93946747,0 136.29229845,-1.93973552,0 136.29253220,-1.93971884,0 136.29283136,-1.93941328,0 136.29267798,-1.93912978,0 136.29219544,-1.93923169,0</coordinates></LinearRing></outerBoundaryIs></Polygon><Polygon><tessellate>1</tessellate><altitudeMode>clampToGround</altitudeMode><outerBoundaryIs><LinearRing><coordinates>136.36833134,-1.94271325,0 136.36855208,-1.94241293,0 136.36841559,-1.94149767,0 136.36811487,-1.94146283,0 136.36733595,-1.94214709,0 136.36682690,-1.94226347,0 136.36640692,-1.94212486,0 136.36624642,-1.94176371,0 136.36553147,-1.94129297,0 136.36568500,-1.94112859,0 136.36613641,-1.94117170,0 136.36658335,-1.94084961,0 136.36665963,-1.94043351,0 136.36641451,-1.94022799,0 136.36653597,-1.93902163,0 136.36595938,-1.93891548,0 136.36554020,-1.93830211,0 136.36493593,-1.93806656,0 136.36484343,-1.93679344,0 136.36506025,-1.93650547,0 136.36502542,-1.93537908,0 136.36532400,-1.93514253,0 136.36533379,-1.93465469,0 136.36501028,-1.93424848,0 136.36433861,-1.93450457,0 136.36378209,-1.93437504,0 136.36334664,-1.93284930,0 136.36304797,-1.93248793,0 136.36278642,-1.93263173,0 136.36267473,-1.93317118,0 136.36211806,-1.93352679,0 136.36137784,-1.93350356,0 136.36102189,-1.93407044,0 136.36061074,-1.93406780,0 136.35989505,-1.93376817,0 136.35960271,-1.93418194,0 136.35891118,-1.93441448,0 136.35910451,-1.93519257,0 136.35881303,-1.93543243,0 136.35881660,-1.93565417,0 136.35960346,-1.93704227,0 136.35931549,-1.93791419,0 136.36032183,-1.93874758,0 136.36048040,-1.93908488,0 136.36034086,-1.93925371,0 136.35984747,-1.93943219,0 136.35917695,-1.93933900,0 136.35914867,-1.93889849,0 136.35867331,-1.93832712,0 136.35722101,-1.93875008,0 136.35651331,-1.93874128,0 136.35524295,-1.93827310,0 136.35515903,-1.93812320,0 136.35529815,-1.93742949,0 136.35572631,-1.93719481,0 136.35642465,-1.93714739,0 136.35668513,-1.93682849,0 136.35658157,-1.93614931,0 136.35584780,-1.93520498,0 136.35544537,-1.93434642,0 136.35543300,-1.93391097,0 136.35566124,-1.93340049,0 136.35579165,-1.93089463,0 136.35618801,-1.93039838,0 136.35662079,-1.93034965,0 136.35686144,-1.93059137,0 136.35721079,-1.93147411,0 136.35753558,-1.93169158,0 136.35782411,-1.93166715,0 136.35801621,-1.93134040,0 136.35771505,-1.93059069,0 136.35775073,-1.93009472,0 136.35926774,-1.92998244,0 136.35952007,-1.92978870,0 136.35948448,-1.92943529,0 136.35899104,-1.92879459,0 136.35910984,-1.92700428,0 136.35962682,-1.92628833,0 136.36038380,-1.92571921,0 136.36040762,-1.92544098,0 136.36020292,-1.92504197,0 136.35951755,-1.92494575,0 136.35892676,-1.92386714,0 136.35879255,-1.92225538,0 136.35864805,-1.92196519,0 136.35763807,-1.92188133,0 136.35714242,-1.92094788,0 136.35723786,-1.92001640,0 136.35752623,-1.91978635,0 136.35806721,-1.91973753,0 136.35804266,-1.91909646,0 136.35882555,-1.91850087,0 136.35884935,-1.91818635,0 136.35830745,-1.91743519,0 136.35802998,-1.91622580,0 136.35756083,-1.91588749,0 136.35705590,-1.91591208,0 136.35655052,-1.91761512,0 136.35509209,-1.91889287,0 136.35449783,-1.91912555,0 136.35400173,-1.91974169,0 136.35329933,-1.91793463,0 136.35293090,-1.91739471,0 136.35297046,-1.91700674,0 136.35316966,-1.91681930,0 136.35376468,-1.91740710,0 136.35402116,-1.91683614,0 136.35450915,-1.91724267,0 136.35482316,-1.91728487,0 136.35559878,-1.91660101,0 136.35621432,-1.91630144,0 136.35613937,-1.91550038,0 136.35587809,-1.91513878,0 136.35526683,-1.91521812,0 136.35497556,-1.91489134,0 136.35545063,-1.91439156,0 136.35638058,-1.91426992,0 136.35653677,-1.91357063,0 136.35636941,-1.91335523,0 136.35594565,-1.91351205,0 136.35542307,-1.91339681,0 136.35435059,-1.91282915,0 136.35416845,-1.91237094,0 136.35430929,-1.91207644,0 136.35554216,-1.91180211,0 136.35538706,-1.91093347,0 136.35563662,-1.91052866,0 136.35632926,-1.91034137,0 136.35654330,-1.91089214,0 136.35706210,-1.91131814,0 136.35763166,-1.91087722,0 136.35756027,-1.91063955,0 136.35721045,-1.91058390,0 136.35713020,-1.90983511,0 136.35644263,-1.90929424,0 136.35628501,-1.90888622,0 136.35641708,-1.90838634,0 136.35744686,-1.90736980,0 136.35748316,-1.90689016,0 136.35713197,-1.90504746,0 136.35668850,-1.90488555,0 136.35612945,-1.90566981,0 136.35591520,-1.90573121,0 136.35513580,-1.90488362,0 136.35465763,-1.90482928,0 136.35442856,-1.90515726,0 136.35412119,-1.90527043,0 136.35306685,-1.90506014,0 136.35282980,-1.90475854,0 136.35252772,-1.90469665,0 136.35198845,-1.90502313,0 136.35195698,-1.90583121,0 136.35152776,-1.90653522,0 136.35061530,-1.90658048,0 136.35025587,-1.90689000,0 136.35019745,-1.90804274,0 136.34985774,-1.90847726,0 136.34935436,-1.90867504,0 136.34828102,-1.90854503,0 136.34812452,-1.90911099,0 136.34754278,-1.90947332,0 136.34728115,-1.91028364,0 136.34745284,-1.91208932,0 136.34711976,-1.91278078,0 136.34693736,-1.91407817,0 136.34649209,-1.91459278,0 136.34642655,-1.91531089,0 136.34614553,-1.91559435,0 136.34579207,-1.91559750,0 136.34558601,-1.91602748,0 136.34505090,-1.91600700,0 136.34506637,-1.91578469,0 136.34471819,-1.91539664,0 136.34414207,-1.91503643,0 136.34370936,-1.91380005,0 136.34341207,-1.91367689,0 136.34319039,-1.91371503,0 136.34312449,-1.91389069,0 136.34336018,-1.91553980,0 136.34283769,-1.91568361,0 136.34206291,-1.91434582,0 136.34167618,-1.91316878,0 136.34143843,-1.91295715,0 136.34105835,-1.91303944,0 136.34098414,-1.91362714,0 136.34139143,-1.91480040,0 136.34141345,-1.91533853,0 136.34190804,-1.91631916,0 136.34305018,-1.91714007,0 136.34238393,-1.91916261,0 136.34177717,-1.91970989,0 136.34114661,-1.91986455,0 136.34051606,-1.91951953,0 136.34019483,-1.91898415,0 136.33987360,-1.91821083,0 136.33982219,-1.91732288,0 136.33928409,-1.91666819,0 136.33918906,-1.91572710,0 136.33851132,-1.91486121,0 136.33823859,-1.91463072,0 136.33787930,-1.91461853,0 136.33702207,-1.91530023,0 136.33673715,-1.91531916,0 136.33685987,-1.91318450,0 136.33707862,-1.91288028,0 136.33791077,-1.91242376,0 136.33814120,-1.91195650,0 136.33806899,-1.91163339,0 136.33747011,-1.91132887,0 136.33631473,-1.91126846,0 136.33574575,-1.91129719,0 136.33516299,-1.91167948,0 136.33501410,-1.91157984,0 136.33509231,-1.91112092,0 136.33581531,-1.91040617,0 136.33608953,-1.90973309,0 136.33597685,-1.90936548,0 136.33531127,-1.90868313,0 136.33506097,-1.90814914,0 136.33492804,-1.90704790,0 136.33520392,-1.90645262,0 136.33487145,-1.90556749,0 136.33416912,-1.90533377,0 136.33337458,-1.90477597,0 136.33321984,-1.90507701,0 136.33313328,-1.90660663,0 136.33278327,-1.90688757,0 136.33204090,-1.90577971,0 136.32989193,-1.90390540,0 136.32903989,-1.90386102,0 136.32822063,-1.90411726,0 136.32775227,-1.90444505,0 136.32752784,-1.90495272,0 136.32679321,-1.90562423,0 136.32648011,-1.90706321,0 136.32605737,-1.90738875,0 136.32604051,-1.90829030,0 136.32528133,-1.90865690,0 136.32508367,-1.90890747,0 136.32524651,-1.90935445,0 136.32576534,-1.90938994,0 136.32637972,-1.90990366,0 136.32637106,-1.91022315,0 136.32580175,-1.91048634,0 136.32584893,-1.91082116,0 136.32670501,-1.91109256,0 136.32694880,-1.91132778,0 136.32697847,-1.91189668,0 136.32648182,-1.91261511,0 136.32688204,-1.91350741,0 136.32658116,-1.91446330,0 136.32671611,-1.91459647,0 136.32783239,-1.91456439,0 136.32855569,-1.91528282,0 136.32842462,-1.91614960,0 136.32760301,-1.91629850,0 136.32746363,-1.91650149,0 136.32746383,-1.91676680,0 136.32772765,-1.91707873,0 136.32894736,-1.91761252,0 136.32856259,-1.91794184,0 136.32844877,-1.91872286,0 136.32804476,-1.91890309,0 136.32803029,-1.91913410,0 136.32840543,-1.91958433,0 136.32895304,-1.91988652,0 136.32989678,-1.91995702,0 136.33058344,-1.91978703,0 136.33047426,-1.92023491,0 136.33081605,-1.92049378,0 136.33106021,-1.92098433,0 136.33109760,-1.92178818,0 136.33140802,-1.92196093,0 136.33140186,-1.92248301,0 136.33203982,-1.92279791,0 136.33191052,-1.92322288,0 136.33203569,-1.92353439,0 136.33268591,-1.92382456,0 136.33346899,-1.92368171,0 136.33396844,-1.92383238,0 136.33412641,-1.92421029,0 136.33395626,-1.92491036,0 136.33410237,-1.92534510,0 136.33516103,-1.92573431,0 136.33541848,-1.92569870,0 136.33572196,-1.92601163,0 136.33575497,-1.92747577,0 136.33593541,-1.92781281,0 136.33666011,-1.92788753,0 136.33696505,-1.92728536,0 136.33773797,-1.92765877,0 136.33809191,-1.92810704,0 136.33812656,-1.92865675,0 136.33843001,-1.92872561,0 136.33840414,-1.92921296,0 136.33895395,-1.92940878,0 136.33940927,-1.92980920,0 136.33981650,-1.92989143,0 136.33999274,-1.93032312,0 136.34029759,-1.93039213,0 136.34048632,-1.93064447,0 136.34091919,-1.93054709,0 136.34107493,-1.93089139,0 136.34186134,-1.93164347,0 136.34200537,-1.93252045,0 136.34189703,-1.93325515,0 136.34166917,-1.93296160,0 136.34096289,-1.93296726,0 136.34059154,-1.93268876,0 136.33978346,-1.93294319,0 136.33830901,-1.93229412,0 136.33762592,-1.93260095,0 136.33673354,-1.93223000,0 136.33635252,-1.93223528,0 136.33569625,-1.93163759,0 136.33457496,-1.93136452,0 136.33375715,-1.93078489,0 136.33261550,-1.92972741,0 136.33217736,-1.92850432,0 136.33143641,-1.92853059,0 136.33110284,-1.92814569,0 136.33030421,-1.92789171,0 136.32926656,-1.92811707,0 136.32910964,-1.92832508,0 136.32915529,-1.93037514,0 136.32952229,-1.93095447,0 136.32960754,-1.93172198,0 136.32905937,-1.93258994,0 136.33004017,-1.93306224,0 136.33058816,-1.93363542,0 136.33046629,-1.93405519,0 136.33058235,-1.93445361,0 136.33035317,-1.93500740,0 136.33091095,-1.93579093,0 136.33132962,-1.93579355,0 136.33157710,-1.93605391,0 136.33234298,-1.93602170,0 136.33257873,-1.93639220,0 136.33231632,-1.93665624,0 136.33240562,-1.93706651,0 136.33319578,-1.93688303,0 136.33360783,-1.93709376,0 136.33441223,-1.93804625,0 136.33498781,-1.93911560,0 136.33500352,-1.94004445,0 136.33571307,-1.94059676,0 136.33636572,-1.94049059,0 136.33760847,-1.94091861,0 136.33868772,-1.94187964,0 136.33888758,-1.94250313,0 136.33949969,-1.94312239,0 136.33955162,-1.94358630,0 136.33996185,-1.94422599,0 136.34064972,-1.94459646,0 136.34080261,-1.94545397,0 136.34117935,-1.94632181,0 136.34110618,-1.94686488,0 136.34242880,-1.94885033,0 136.34232428,-1.95097873,0 136.34253679,-1.95136509,0 136.34258069,-1.95193871,0 136.34303504,-1.95205885,0 136.34341390,-1.95245655,0 136.34392622,-1.95249408,0 136.34433906,-1.95274078,0 136.34567539,-1.95276123,0 136.34703077,-1.95363483,0 136.34796668,-1.95344828,0 136.34794819,-1.95387612,0 136.34763095,-1.95416059,0 136.34764187,-1.95441912,0 136.34805988,-1.95452240,0 136.34871016,-1.95500452,0 136.34915204,-1.95464876,0 136.34936779,-1.95502879,0 136.34975271,-1.95497873,0 136.35033690,-1.95560435,0 136.35122317,-1.95600367,0 136.35137834,-1.95639783,0 136.35107791,-1.95716967,0 136.35157928,-1.95821396,0 136.35383908,-1.96039681,0 136.35489139,-1.96098345,0 136.35643485,-1.96119836,0 136.35686524,-1.96118021,0 136.35753693,-1.96062208,0 136.35807157,-1.96064402,0 136.35897503,-1.96153116,0 136.35912918,-1.96198352,0 136.35974241,-1.96232509,0 136.35987609,-1.96258772,0 136.36049191,-1.96279474,0 136.36071264,-1.96263067,0 136.36075305,-1.96236207,0 136.36049943,-1.96113150,0 136.36070200,-1.96028115,0 136.36040252,-1.95976389,0 136.36052434,-1.95946551,0 136.36046867,-1.95880232,0 136.35986599,-1.95858112,0 136.35915516,-1.95893167,0 136.35867430,-1.95864933,0 136.35877150,-1.95743275,0 136.35801095,-1.95559274,0 136.35750164,-1.95495047,0 136.35758120,-1.95463911,0 136.35824074,-1.95415729,0 136.35838034,-1.95358037,0 136.35697349,-1.95171465,0 136.35681341,-1.95108173,0 136.35629590,-1.95039358,0 136.35614382,-1.94869635,0 136.35669256,-1.94790325,0 136.35759141,-1.94741401,0 136.35984191,-1.94714880,0 136.36042231,-1.94783117,0 136.36064197,-1.94852090,0 136.36103550,-1.94909965,0 136.36293464,-1.95063860,0 136.36350317,-1.95061695,0 136.36427622,-1.94999354,0 136.36394443,-1.94828063,0 136.36416814,-1.94728658,0 136.36486855,-1.94653856,0 136.36539871,-1.94628801,0 136.36580157,-1.94575410,0 136.36634290,-1.94565361,0 136.36640885,-1.94464589,0 136.36706683,-1.94348131,0 136.36747534,-1.94309191,0 136.36750825,-1.94279729,0 136.36833134,-1.94271325,0</coordinates></LinearRing></outerBoundaryIs></Polygon><Polygon><tessellate>1</tessellate><altitudeMode>clampToGround</altitudeMode><outerBoundaryIs><LinearRing><coordinates>136.32670155,-1.92658389,0 136.32676847,-1.92697396,0 136.32701587,-1.92693787,0 136.32701317,-1.92652621,0 136.32670155,-1.92658389,0</coordinates></LinearRing></outerBoundaryIs></Polygon><Polygon><tessellate>1</tessellate><altitudeMode>clampToGround</altitudeMode><outerBoundaryIs><LinearRing><coordinates>136.32666087,-1.92546394,0 136.32654103,-1.92558469,0 136.32663806,-1.92579808,0 136.32675326,-1.92564021,0 136.32666087,-1.92546394,0</coordinates></LinearRing></outerBoundaryIs></Polygon><Polygon><tessellate>1</tessellate><altitudeMode>clampToGround</altitudeMode><outerBoundaryIs><LinearRing><coordinates>136.36074821,-1.92500451,0 136.36116277,-1.92541632,0 136.36167458,-1.92544764,0 136.36181157,-1.92522919,0 136.36177609,-1.92481795,0 136.36144642,-1.92459710,0 136.36074801,-1.92475686,0 136.36074821,-1.92500451,0</coordinates></LinearRing></outerBoundaryIs></Polygon><Polygon><tessellate>1</tessellate><altitudeMode>clampToGround</altitudeMode><outerBoundaryIs><LinearRing><coordinates>136.25955501,-1.91875129,0 136.25904041,-1.91869992,0 136.25868081,-1.91950240,0 136.25870676,-1.91981292,0 136.25940203,-1.92064050,0 136.26001942,-1.92053653,0 136.26009638,-1.92022594,0 136.25996711,-1.91937206,0 136.25955501,-1.91875129,0</coordinates></LinearRing></outerBoundaryIs></Polygon><Polygon><tessellate>1</tessellate><altitudeMode>clampToGround</altitudeMode><outerBoundaryIs><LinearRing><coordinates>136.34343394,-1.91289834,0 136.34324379,-1.91287870,0 136.34326036,-1.91310624,0 136.34342424,-1.91308302,0 136.34343394,-1.91289834,0</coordinates></LinearRing></outerBoundaryIs></Polygon><Polygon><tessellate>1</tessellate><altitudeMode>clampToGround</altitudeMode><outerBoundaryIs><LinearRing><coordinates>136.28327289,-1.90342397,0 136.28289027,-1.90529137,0 136.28306835,-1.90894304,0 136.28346517,-1.91018877,0 136.28409885,-1.91081149,0 136.28445263,-1.91148146,0 136.28436441,-1.91191468,0 136.28394104,-1.91225272,0 136.28392962,-1.91275526,0 136.28409523,-1.91305793,0 136.28515110,-1.91351052,0 136.28524463,-1.91393023,0 136.28518598,-1.91435426,0 136.28450069,-1.91539932,0 136.28448927,-1.91569056,0 136.28487239,-1.91588304,0 136.28546009,-1.91569627,0 136.28588254,-1.91601035,0 136.28671406,-1.91783116,0 136.28715731,-1.92043997,0 136.28708576,-1.92165823,0 136.28747551,-1.92256422,0 136.28734006,-1.92312781,0 136.28762844,-1.92401376,0 136.28755600,-1.92449606,0 136.28781110,-1.92486213,0 136.28782373,-1.92553359,0 136.28824205,-1.92586404,0 136.28825546,-1.92641487,0 136.28854479,-1.92728602,0 136.28860914,-1.92849748,0 136.28896951,-1.92921161,0 136.28939591,-1.92963801,0 136.28982231,-1.93078015,0 136.28969287,-1.93130554,0 136.28907611,-1.93169387,0 136.28871824,-1.93216595,0 136.28869310,-1.93263154,0 136.28949051,-1.93312754,0 136.28992503,-1.93364388,0 136.29018191,-1.93513057,0 136.29052071,-1.93574092,0 136.29064275,-1.93642614,0 136.29097968,-1.93721422,0 136.29199618,-1.93860763,0 136.29261865,-1.93887603,0 136.29361688,-1.93832626,0 136.29541119,-1.93812222,0 136.29571385,-1.93777387,0 136.29515421,-1.93744836,0 136.29514278,-1.93720851,0 136.29549114,-1.93667741,0 136.29605650,-1.93632906,0 136.29618784,-1.93564948,0 136.29698734,-1.93425607,0 136.29748417,-1.93427320,0 136.29798100,-1.93470151,0 136.29849497,-1.93458158,0 136.29885236,-1.93408665,0 136.29854399,-1.93353842,0 136.29860109,-1.93328715,0 136.29992598,-1.93187090,0 136.29989742,-1.93129983,0 136.29898942,-1.93120275,0 136.29876670,-1.93102000,0 136.29819563,-1.92927824,0 136.29839551,-1.92845019,0 136.29954907,-1.92703964,0 136.30082827,-1.92701680,0 136.30073690,-1.92616590,0 136.30030859,-1.92564623,0 136.30054844,-1.92491526,0 136.30026291,-1.92427566,0 136.30045707,-1.92355040,0 136.30013156,-1.92305928,0 136.29973181,-1.92297362,0 136.29948625,-1.92354469,0 136.29920643,-1.92379025,0 136.29848688,-1.92358466,0 136.29799005,-1.92385307,0 136.29640818,-1.92287654,0 136.29747037,-1.92208275,0 136.29821276,-1.92120330,0 136.29824703,-1.91993552,0 136.29728991,-1.92000215,0 136.29681593,-1.91937397,0 136.29672739,-1.91860597,0 136.29619123,-1.91869375,0 136.29560990,-1.91846906,0 136.29520143,-1.91788544,0 136.29533685,-1.91692979,0 136.29477720,-1.91631874,0 136.29432606,-1.91637585,0 136.29351514,-1.91739235,0 136.29301260,-1.91752941,0 136.29247008,-1.91722674,0 136.29191614,-1.91649577,0 136.29227020,-1.91613600,0 136.29229305,-1.91551353,0 136.29184190,-1.91540503,0 136.29109020,-1.91586088,0 136.29077710,-1.91573575,0 136.29080119,-1.91549677,0 136.29162379,-1.91450184,0 136.29273848,-1.91193863,0 136.29324673,-1.91162454,0 136.29348087,-1.91163025,0 136.29383494,-1.91199574,0 136.29410250,-1.91182004,0 136.29368646,-1.91056806,0 136.29371501,-1.91020257,0 136.29320105,-1.90963721,0 136.29223392,-1.90946589,0 136.29217006,-1.90930685,0 136.29277275,-1.90924889,0 136.29313574,-1.90815289,0 136.29368646,-1.90780408,0 136.29362935,-1.90750712,0 136.29296691,-1.90693605,0 136.29225307,-1.90698745,0 136.29096429,-1.90646415,0 136.29091516,-1.90584522,0 136.29114606,-1.90555516,0 136.29199171,-1.90522040,0 136.29185566,-1.90443803,0 136.29205947,-1.90422406,0 136.29318729,-1.90423759,0 136.29367465,-1.90441848,0 136.29439459,-1.90433768,0 136.29475436,-1.90451471,0 136.29515411,-1.90408641,0 136.29553673,-1.90437765,0 136.29578800,-1.90430342,0 136.29543965,-1.90365239,0 136.29569663,-1.90322409,0 136.29562030,-1.90308804,0 136.29489880,-1.90318528,0 136.29447364,-1.90299213,0 136.29448635,-1.90231077,0 136.29474384,-1.90151453,0 136.29410905,-1.90070567,0 136.29410905,-1.89936936,0 136.29366933,-1.89885540,0 136.29366362,-1.89848992,0 136.29412618,-1.89837570,0 136.29413189,-1.89817583,0 136.29385207,-1.89773039,0 136.29311539,-1.89758191,0 136.29305257,-1.89714219,0 136.29195611,-1.89681668,0 136.29151639,-1.89651972,0 136.28991168,-1.89651401,0 136.28931777,-1.89622277,0 136.28885520,-1.89655399,0 136.28866104,-1.89652543,0 136.28830126,-1.89589154,0 136.28710950,-1.89565582,0 136.28597477,-1.89577380,0 136.28535506,-1.89627951,0 136.28469035,-1.89646896,0 136.28440910,-1.89639581,0 136.28417714,-1.89597268,0 136.28434900,-1.89497427,0 136.28504623,-1.89401923,0 136.28581139,-1.89329888,0 136.28630252,-1.89333315,0 136.28607980,-1.89188834,0 136.28635391,-1.89144290,0 136.28683167,-1.89119209,0 136.28729618,-1.89128300,0 136.28751318,-1.89116879,0 136.28798146,-1.89019797,0 136.28890841,-1.88916053,0 136.29022171,-1.88861302,0 136.29002770,-1.88759579,0 136.29015334,-1.88703614,0 136.28996191,-1.88688627,0 136.28918823,-1.88812118,0 136.28889127,-1.88829250,0 136.28846868,-1.88835532,0 136.28771175,-1.88792920,0 136.28628448,-1.88884932,0 136.28427678,-1.88857593,0 136.28258665,-1.88957741,0 136.28229541,-1.88937182,0 136.28187853,-1.88807549,0 136.28181571,-1.88734452,0 136.28243488,-1.88602482,0 136.28210124,-1.88572268,0 136.28142167,-1.88589400,0 136.28122751,-1.88609959,0 136.28022242,-1.88737878,0 136.27982267,-1.88814973,0 136.27991661,-1.88982448,0 136.27970846,-1.89028553,0 136.27972559,-1.89081663,0 136.27997586,-1.89155609,0 136.27954406,-1.89273840,0 136.27947110,-1.89339331,0 136.27963754,-1.89418498,0 136.27879570,-1.89539471,0 136.27867577,-1.89669104,0 136.27891562,-1.89712506,0 136.27917260,-1.89725640,0 136.27998923,-1.89720501,0 136.28093150,-1.89689092,0 136.28175955,-1.89698800,0 136.28298164,-1.89775895,0 136.28362695,-1.89851276,0 136.28448818,-1.89988130,0 136.28391249,-1.90073993,0 136.28407239,-1.90168220,0 136.28374028,-1.90209832,0 136.28327289,-1.90342397,0</coordinates></LinearRing></outerBoundaryIs></Polygon><Polygon><tessellate>1</tessellate><altitudeMode>clampToGround</altitudeMode><outerBoundaryIs><LinearRing><coordinates>136.34295068,-1.91122339,0 136.34289784,-1.91176600,0 136.34322432,-1.91204708,0 136.34331714,-1.91154462,0 136.34295068,-1.91122339,0</coordinates></LinearRing></outerBoundaryIs></Polygon><Polygon><tessellate>1</tessellate><altitudeMode>clampToGround</altitudeMode><outerBoundaryIs><LinearRing><coordinates>136.33870875,-1.90802253,0 136.33877311,-1.90843082,0 136.33904544,-1.90856493,0 136.33911446,-1.90808131,0 136.33897024,-1.90795247,0 136.33870875,-1.90802253,0</coordinates></LinearRing></outerBoundaryIs></Polygon><Polygon><tessellate>1</tessellate><altitudeMode>clampToGround</altitudeMode><outerBoundaryIs><LinearRing><coordinates>136.34053063,-1.90777285,0 136.34089666,-1.90849984,0 136.34132419,-1.90854546,0 136.34142764,-1.90813595,0 136.34089561,-1.90737865,0 136.34104879,-1.90688137,0 136.34088676,-1.90667260,0 136.34063785,-1.90683155,0 136.34053063,-1.90777285,0</coordinates></LinearRing></outerBoundaryIs></Polygon><Polygon><tessellate>1</tessellate><altitudeMode>clampToGround</altitudeMode><outerBoundaryIs><LinearRing><coordinates>136.36551491,-1.90565584,0 136.36517994,-1.90561549,0 136.36451825,-1.90469817,0 136.36430205,-1.90548848,0 136.36351496,-1.90524563,0 136.36328902,-1.90531337,0 136.36325485,-1.90551925,0 136.36357056,-1.90599149,0 136.36346459,-1.90657731,0 136.36255227,-1.90705530,0 136.36229703,-1.90760208,0 136.36165625,-1.90736426,0 136.36106899,-1.90774370,0 136.36078167,-1.90761309,0 136.36071928,-1.90716562,0 136.36116045,-1.90526351,0 136.36098747,-1.90511622,0 136.36048749,-1.90510802,0 136.36001370,-1.90583514,0 136.35945220,-1.90579199,0 136.35951663,-1.90678658,0 136.35901418,-1.90719901,0 136.35899784,-1.90739260,0 136.36020838,-1.90886283,0 136.36106799,-1.90883611,0 136.36151377,-1.90948839,0 136.36199763,-1.90962627,0 136.36308091,-1.91047269,0 136.36339460,-1.91052960,0 136.36409508,-1.91014109,0 136.36440827,-1.90940761,0 136.36507227,-1.90890048,0 136.36590078,-1.90862946,0 136.36681288,-1.90808900,0 136.36769009,-1.90800238,0 136.36793061,-1.90781472,0 136.36795347,-1.90727575,0 136.36828906,-1.90648030,0 136.36761141,-1.90652733,0 136.36673115,-1.90747340,0 136.36646360,-1.90757464,0 136.36598966,-1.90755818,0 136.36581654,-1.90721596,0 136.36547633,-1.90709837,0 136.36606921,-1.90638104,0 136.36624973,-1.90583252,0 136.36622080,-1.90528698,0 136.36551491,-1.90565584,0</coordinates></LinearRing></outerBoundaryIs></Polygon><Polygon><tessellate>1</tessellate><altitudeMode>clampToGround</altitudeMode><outerBoundaryIs><LinearRing><coordinates>136.35363755,-1.90437959,0 136.35361135,-1.90468023,0 136.35384146,-1.90474656,0 136.35388619,-1.90444058,0 136.35363755,-1.90437959,0</coordinates></LinearRing></outerBoundaryIs></Polygon><Polygon><tessellate>1</tessellate><altitudeMode>clampToGround</altitudeMode><outerBoundaryIs><LinearRing><coordinates>136.35740376,-1.90189509,0 136.35749235,-1.90125629,0 136.35644834,-1.90123993,0 136.35653544,-1.90193250,0 136.35703240,-1.90232564,0 136.35728425,-1.90274900,0 136.35769791,-1.90238038,0 136.35740376,-1.90189509,0</coordinates></LinearRing></outerBoundaryIs></Polygon><Polygon><tessellate>1</tessellate><altitudeMode>clampToGround</altitudeMode><outerBoundaryIs><LinearRing><coordinates>136.35499869,-1.90161941,0 136.35471894,-1.90208109,0 136.35468783,-1.90252747,0 136.35487912,-1.90252379,0 136.35557216,-1.90180492,0 136.35549215,-1.90145450,0 136.35499869,-1.90161941,0</coordinates></LinearRing></outerBoundaryIs></Polygon><Polygon><tessellate>1</tessellate><altitudeMode>clampToGround</altitudeMode><outerBoundaryIs><LinearRing><coordinates>136.31706939,-1.90369887,0 136.31733170,-1.90358569,0 136.31750520,-1.90300163,0 136.31746707,-1.90238969,0 136.31785074,-1.90179904,0 136.31770449,-1.90109845,0 136.31776379,-1.90023381,0 136.31740737,-1.90023661,0 136.31644388,-1.90128727,0 136.31662613,-1.90240218,0 136.31641875,-1.90322913,0 136.31706939,-1.90369887,0</coordinates></LinearRing></outerBoundaryIs></Polygon><Polygon><tessellate>1</tessellate><altitudeMode>clampToGround</altitudeMode><outerBoundaryIs><LinearRing><coordinates>136.34136251,-1.90165609,0 136.34108190,-1.90146736,0 136.34112638,-1.90156718,0 136.34136251,-1.90165609,0</coordinates></LinearRing></outerBoundaryIs></Polygon><Polygon><tessellate>1</tessellate><altitudeMode>clampToGround</altitudeMode><outerBoundaryIs><LinearRing><coordinates>136.35472358,-1.89903168,0 136.35462823,-1.89883132,0 136.35402392,-1.89887304,0 136.35368009,-1.89864955,0 136.35394493,-1.89774551,0 136.35346764,-1.89698314,0 136.35307736,-1.89713278,0 136.35294282,-1.89785592,0 136.35259821,-1.89836712,0 136.35177163,-1.89867041,0 136.35166813,-1.89886640,0 136.35174015,-1.89958232,0 136.35213376,-1.89965961,0 136.35302444,-1.90063420,0 136.35374756,-1.90009257,0 136.35472358,-1.89903168,0</coordinates></LinearRing></outerBoundaryIs></Polygon><Polygon><tessellate>1</tessellate><altitudeMode>clampToGround</altitudeMode><outerBoundaryIs><LinearRing><coordinates>136.33100641,-1.89202895,0 136.33050597,-1.89225283,0 136.32985160,-1.89194690,0 136.32981839,-1.89272812,0 136.32963447,-1.89307242,0 136.32813313,-1.89359021,0 136.32779829,-1.89348374,0 136.32734290,-1.89301358,0 136.32710779,-1.89330998,0 136.32630741,-1.89322657,0 136.32536668,-1.89214301,0 136.32506665,-1.89206599,0 136.32530896,-1.89343193,0 136.32505130,-1.89375078,0 136.32457501,-1.89381518,0 136.32413697,-1.89523528,0 136.32377960,-1.89587846,0 136.32413640,-1.89602869,0 136.32505185,-1.89576975,0 136.32545835,-1.89614380,0 136.32585333,-1.89695102,0 136.32528417,-1.89854614,0 136.32456796,-1.89872470,0 136.32446553,-1.89890630,0 136.32462561,-1.89947718,0 136.32452619,-1.90006227,0 136.32469709,-1.90031639,0 136.32479989,-1.90109615,0 136.32506073,-1.90140899,0 136.32553584,-1.90145240,0 136.32659437,-1.90103624,0 136.32807252,-1.90157688,0 136.32896177,-1.90162151,0 136.32969699,-1.90184724,0 136.33033010,-1.90124934,0 136.33092689,-1.90124191,0 136.33139624,-1.90150466,0 136.33184683,-1.90228099,0 136.33252221,-1.90207515,0 136.33293693,-1.90225065,0 136.33309721,-1.90178364,0 136.33340160,-1.90157076,0 136.33420736,-1.90176378,0 136.33415166,-1.90075235,0 136.33321749,-1.90073842,0 136.33289784,-1.90026726,0 136.33283010,-1.89973584,0 136.33256496,-1.89944363,0 136.33235992,-1.89933218,0 136.33154998,-1.89942488,0 136.33138660,-1.89924737,0 136.33139203,-1.89883348,0 136.33182176,-1.89818201,0 136.33177141,-1.89805117,0 136.33124949,-1.89815668,0 136.33076267,-1.89797652,0 136.33059971,-1.89775541,0 136.33062432,-1.89726254,0 136.33111335,-1.89669017,0 136.33243657,-1.89635920,0 136.33241695,-1.89573368,0 136.33265774,-1.89523250,0 136.33240450,-1.89473750,0 136.33308655,-1.89397052,0 136.33307918,-1.89361199,0 136.33281924,-1.89318546,0 136.33231217,-1.89272095,0 136.33171774,-1.89264362,0 136.33100641,-1.89202895,0</coordinates></LinearRing></outerBoundaryIs></Polygon><Polygon><tessellate>1</tessellate><altitudeMode>clampToGround</altitudeMode><outerBoundaryIs><LinearRing><coordinates>136.31743539,-1.89628853,0 136.31746293,-1.89608763,0 136.31735817,-1.89604456,0 136.31729520,-1.89622542,0 136.31743539,-1.89628853,0</coordinates></LinearRing></outerBoundaryIs></Polygon><Polygon><tessellate>1</tessellate><altitudeMode>clampToGround</altitudeMode><outerBoundaryIs><LinearRing><coordinates>136.32948500,-1.89085955,0 136.32981827,-1.89114203,0 136.33042532,-1.89098042,0 136.32970168,-1.89031832,0 136.32945637,-1.89033072,0 136.32948500,-1.89085955,0</coordinates></LinearRing></outerBoundaryIs></Polygon><Polygon><tessellate>1</tessellate><altitudeMode>clampToGround</altitudeMode><outerBoundaryIs><LinearRing><coordinates>136.33296800,-1.89058154,0 136.33360346,-1.89071129,0 136.33392891,-1.88994938,0 136.33343093,-1.88985606,0 136.33243092,-1.89049232,0 136.33146725,-1.89045327,0 136.33143859,-1.89058109,0 136.33207460,-1.89085782,0 136.33296800,-1.89058154,0</coordinates></LinearRing></outerBoundaryIs></Polygon><Polygon><tessellate>1</tessellate><altitudeMode>clampToGround</altitudeMode><outerBoundaryIs><LinearRing><coordinates>136.33450199,-1.88784875,0 136.33460791,-1.88824130,0 136.33483162,-1.88832180,0 136.33483662,-1.88769410,0 136.33450199,-1.88784875,0</coordinates></LinearRing></outerBoundaryIs></Polygon><Polygon><tessellate>1</tessellate><altitudeMode>clampToGround</altitudeMode><outerBoundaryIs><LinearRing><coordinates>136.33473837,-1.88509001,0 136.33467207,-1.88538347,0 136.33521194,-1.88536732,0 136.33548112,-1.88518721,0 136.33535946,-1.88501437,0 136.33473837,-1.88509001,0</coordinates></LinearRing></outerBoundaryIs></Polygon><Polygon><tessellate>1</tessellate><altitudeMode>clampToGround</altitudeMode><outerBoundaryIs><LinearRing><coordinates>136.35055712,-1.87430454,0 136.34941101,-1.87253792,0 136.34887975,-1.87192962,0 136.34859156,-1.87180846,0 136.34756298,-1.87291995,0 136.34676294,-1.87313086,0 136.34580768,-1.87312689,0 136.34508892,-1.87348914,0 136.34417993,-1.87488517,0 136.34344279,-1.87530198,0 136.34336747,-1.87554987,0 136.34426188,-1.87730846,0 136.34510539,-1.87752271,0 136.34580824,-1.87798010,0 136.34758931,-1.87865617,0 136.34836507,-1.87854495,0 136.34964487,-1.87882742,0 136.35029154,-1.87835333,0 136.35245962,-1.87778970,0 136.35455625,-1.87653954,0 136.35442460,-1.87601632,0 136.35451519,-1.87562941,0 136.35437717,-1.87546906,0 136.35363788,-1.87554389,0 136.35055712,-1.87430454,0</coordinates></LinearRing></outerBoundaryIs></Polygon><Polygon><tessellate>1</tessellate><altitudeMode>clampToGround</altitudeMode><outerBoundaryIs><LinearRing><coordinates>136.33611615,-1.87232346,0 136.33591527,-1.87271950,0 136.33617494,-1.87268412,0 136.33611615,-1.87232346,0</coordinates></LinearRing></outerBoundaryIs></Polygon><Polygon><tessellate>1</tessellate><altitudeMode>clampToGround</altitudeMode><outerBoundaryIs><LinearRing><coordinates>136.33373050,-1.87272242,0 136.33405601,-1.87301367,0 136.33451001,-1.87270529,0 136.33481839,-1.87211994,0 136.33441864,-1.87177445,0 136.33383044,-1.87199431,0 136.33373050,-1.87272242,0</coordinates></LinearRing></outerBoundaryIs></Polygon><Polygon><tessellate>1</tessellate><altitudeMode>clampToGround</altitudeMode><outerBoundaryIs><LinearRing><coordinates>136.33443767,-1.87050905,0 136.33438628,-1.87098875,0 136.33489453,-1.87079744,0 136.33482029,-1.87056901,0 136.33443767,-1.87050905,0</coordinates></LinearRing></outerBoundaryIs></Polygon><Polygon><tessellate>1</tessellate><altitudeMode>clampToGround</altitudeMode><outerBoundaryIs><LinearRing><coordinates>136.33837946,-1.86883063,0 136.33832628,-1.86863720,0 136.33816147,-1.86870326,0 136.33818401,-1.86891788,0 136.33837946,-1.86883063,0</coordinates></LinearRing></outerBoundaryIs></Polygon><Polygon><tessellate>1</tessellate><altitudeMode>clampToGround</altitudeMode><outerBoundaryIs><LinearRing><coordinates>136.33684903,-1.86850386,0 136.33660280,-1.86848035,0 136.33661263,-1.86875910,0 136.33679561,-1.86870858,0 136.33684903,-1.86850386,0</coordinates></LinearRing></outerBoundaryIs></Polygon><Polygon><tessellate>1</tessellate><altitudeMode>clampToGround</altitudeMode><outerBoundaryIs><LinearRing><coordinates>135.93702204,-1.79802000,0 135.93709818,-1.79678649,0 135.93683168,-1.79574333,0 135.93620731,-1.79526363,0 135.93545071,-1.79607980,0 135.93463877,-1.79596414,0 135.93299409,-1.79613927,0 135.93218698,-1.79596414,0 135.93176964,-1.79667171,0 135.93142930,-1.79689881,0 135.93065651,-1.79698446,0 135.92968188,-1.79746416,0 135.92949152,-1.79821797,0 135.92994838,-1.79915453,0 135.93072363,-1.79956209,0 135.93083925,-1.80078398,0 135.93110575,-1.80153018,0 135.93156260,-1.80223069,0 135.93211083,-1.80267232,0 135.93247632,-1.80342613,0 135.93356334,-1.80397722,0 135.93412336,-1.80405925,0 135.93540781,-1.80330431,0 135.93579614,-1.80258095,0 135.93667178,-1.80158348,0 135.93696113,-1.79998448,0 135.93720478,-1.79946671,0 135.93702204,-1.79802000,0</coordinates></LinearRing></outerBoundaryIs></Polygon><Polygon><tessellate>1</tessellate><altitudeMode>clampToGround</altitudeMode><outerBoundaryIs><LinearRing><coordinates>135.91953755,-1.78690420,0 135.91973300,-1.78729571,0 135.92027720,-1.78737947,0 135.92043059,-1.78724027,0 135.92044047,-1.78703510,0 135.91991210,-1.78624125,0 135.91973323,-1.78629703,0 135.91953755,-1.78690420,0</coordinates></LinearRing></outerBoundaryIs></Polygon><Polygon><tessellate>1</tessellate><altitudeMode>clampToGround</altitudeMode><outerBoundaryIs><LinearRing><coordinates>136.24126990,-1.88844173,0 136.24110951,-1.88784111,0 136.24146792,-1.88776870,0 136.24267489,-1.88694016,0 136.24379361,-1.88648750,0 136.24470910,-1.88633675,0 136.24655653,-1.88641666,0 136.24674437,-1.88608308,0 136.24712659,-1.88624334,0 136.24807693,-1.88607755,0 136.24999999,-1.88669186,0 136.25147676,-1.88736695,0 136.25283366,-1.88857973,0 136.25352434,-1.88938822,0 136.25382282,-1.88997806,0 136.25388048,-1.89049968,0 136.25366715,-1.89181104,0 136.25245150,-1.89302786,0 136.25210107,-1.89540232,0 136.25214836,-1.89616323,0 136.25263408,-1.89733242,0 136.25435234,-1.90016825,0 136.25489576,-1.90154124,0 136.25593003,-1.90341672,0 136.25614170,-1.90397078,0 136.25607126,-1.90449610,0 136.25621081,-1.90490334,0 136.25785632,-1.90664861,0 136.25853887,-1.90872235,0 136.25924788,-1.91013361,0 136.25930591,-1.91067951,0 136.25905892,-1.91118261,0 136.25873750,-1.91142226,0 136.25821718,-1.91135882,0 136.25801809,-1.91157728,0 136.25812360,-1.91291078,0 136.25860713,-1.91332773,0 136.25982515,-1.91340899,0 136.26007582,-1.91332345,0 136.26040270,-1.91273008,0 136.26073866,-1.91251835,0 136.26156508,-1.91252522,0 136.26289129,-1.91281213,0 136.26280108,-1.91207429,0 136.26255245,-1.91158746,0 136.26191065,-1.91124687,0 136.26123058,-1.91058525,0 136.26132916,-1.90929087,0 136.26172077,-1.90806737,0 136.26216569,-1.90733115,0 136.26190389,-1.90685776,0 136.26166446,-1.90533827,0 136.26191328,-1.90429434,0 136.26169708,-1.90341967,0 136.26196375,-1.90276784,0 136.26263998,-1.90243691,0 136.26391556,-1.90266618,0 136.26435589,-1.90345548,0 136.26478564,-1.90373688,0 136.26512945,-1.90369078,0 136.26547678,-1.90296813,0 136.26540722,-1.90261776,0 136.26466888,-1.90173044,0 136.26472350,-1.90075984,0 136.26419573,-1.90003590,0 136.26440217,-1.89935470,0 136.26429077,-1.89892801,0 136.26361719,-1.89816020,0 136.26405055,-1.89712945,0 136.26395509,-1.89596420,0 136.26431917,-1.89576212,0 136.26487878,-1.89607635,0 136.26521178,-1.89480422,0 136.26516215,-1.89447494,0 136.26459322,-1.89358013,0 136.26451915,-1.89236089,0 136.26528715,-1.89101885,0 136.26748247,-1.89051327,0 136.26828353,-1.89079456,0 136.26911631,-1.89184997,0 136.27056897,-1.89241202,0 136.27113767,-1.89232915,0 136.27124102,-1.89207347,0 136.27092678,-1.89130454,0 136.27084857,-1.88975988,0 136.27133238,-1.88901967,0 136.27234119,-1.88845976,0 136.27267085,-1.88685257,0 136.27394500,-1.88554125,0 136.27417103,-1.88439460,0 136.27413899,-1.88356593,0 136.27497058,-1.88291941,0 136.27583658,-1.88262925,0 136.27699760,-1.88270509,0 136.27943269,-1.88327946,0 136.27972506,-1.88345110,0 136.28007372,-1.88401362,0 136.28047619,-1.88380004,0 136.28122929,-1.88388966,0 136.28142752,-1.88365995,0 136.28173421,-1.88251563,0 136.28235378,-1.88206944,0 136.28307925,-1.88112199,0 136.28381132,-1.88085525,0 136.28424244,-1.88096546,0 136.28472721,-1.88265280,0 136.28495839,-1.88286844,0 136.28618261,-1.88245979,0 136.28728613,-1.88245273,0 136.28912605,-1.88207500,0 136.28995056,-1.88233153,0 136.29048160,-1.88227605,0 136.29195991,-1.88132515,0 136.29157128,-1.88056521,0 136.29154144,-1.88008631,0 136.29168543,-1.87968524,0 136.29225636,-1.87935359,0 136.29233561,-1.87905993,0 136.29151915,-1.87861336,0 136.29120036,-1.87808248,0 136.29167117,-1.87679432,0 136.29173276,-1.87608225,0 136.29242515,-1.87588429,0 136.29279327,-1.87529022,0 136.29313522,-1.87505145,0 136.29505260,-1.87439943,0 136.29606060,-1.87372782,0 136.29606368,-1.87217300,0 136.29675307,-1.87070954,0 136.29725856,-1.87034763,0 136.29792005,-1.87066648,0 136.29884804,-1.87052847,0 136.29915737,-1.87023341,0 136.29919544,-1.86976704,0 136.29961423,-1.86951482,0 136.30063454,-1.87044376,0 136.30096957,-1.87057320,0 136.30153302,-1.87010112,0 136.30160155,-1.86971279,0 136.30144927,-1.86919502,0 136.30169292,-1.86879908,0 136.30284323,-1.86873786,0 136.30353698,-1.86906268,0 136.30404478,-1.86907207,0 136.30426010,-1.86873526,0 136.30487732,-1.86865014,0 136.30662623,-1.86679952,0 136.30851804,-1.86638222,0 136.30890095,-1.86585191,0 136.30993472,-1.86516002,0 136.31005106,-1.86433432,0 136.31115696,-1.86417511,0 136.31164334,-1.86364897,0 136.31223364,-1.86339935,0 136.31229168,-1.86310498,0 136.31207670,-1.86255884,0 136.31236435,-1.86230835,0 136.31275873,-1.86272041,0 136.31326623,-1.86267924,0 136.31456451,-1.86387842,0 136.31696972,-1.86484260,0 136.31782948,-1.86489694,0 136.31831771,-1.86540916,0 136.31917670,-1.86590409,0 136.31963785,-1.86631846,0 136.31936423,-1.86676083,0 136.31938481,-1.86711790,0 136.32019479,-1.86865120,0 136.32065338,-1.86919933,0 136.32115343,-1.86930758,0 136.32176048,-1.86896441,0 136.32223545,-1.86786502,0 136.32280942,-1.86705272,0 136.32422170,-1.86609942,0 136.32536603,-1.86587867,0 136.32606550,-1.86544064,0 136.32625778,-1.86508811,0 136.32648711,-1.86523908,0 136.32718571,-1.86495472,0 136.32815253,-1.86509092,0 136.32840380,-1.86529651,0 136.32856370,-1.86573052,0 136.32938604,-1.86605032,0 136.33001803,-1.86592088,0 136.33000280,-1.86624829,0 136.33025407,-1.86641581,0 136.33064240,-1.86595895,0 136.33237084,-1.86512138,0 136.33285054,-1.86439802,0 136.33403075,-1.86420005,0 136.33453136,-1.86374068,0 136.33459503,-1.86306443,0 136.33575954,-1.86220592,0 136.33650686,-1.86205041,0 136.33723753,-1.86246377,0 136.33777287,-1.86247196,0 136.33955738,-1.86100070,0 136.34120319,-1.86058127,0 136.34175959,-1.86063334,0 136.34258306,-1.86015325,0 136.34308458,-1.86030382,0 136.34371015,-1.86223195,0 136.34356763,-1.86349906,0 136.34326059,-1.86386676,0 136.34246804,-1.86421077,0 136.34237667,-1.86448489,0 136.34251372,-1.86477423,0 136.34309241,-1.86479707,0 136.34345789,-1.86503312,0 136.34419963,-1.86488954,0 136.34422626,-1.86514989,0 136.34383099,-1.86569556,0 136.34386906,-1.86596967,0 136.34412795,-1.86600774,0 136.34449344,-1.86580216,0 136.34507245,-1.86510661,0 136.34559751,-1.86536814,0 136.34630563,-1.86529200,0 136.34748454,-1.86580089,0 136.34785133,-1.86663973,0 136.34804169,-1.86672348,0 136.34993764,-1.86616764,0 136.35087420,-1.86623617,0 136.35168820,-1.86598587,0 136.35233614,-1.86706613,0 136.35345349,-1.86730741,0 136.35420925,-1.86777425,0 136.35515342,-1.86781233,0 136.35551129,-1.86827680,0 136.35730200,-1.86823355,0 136.35800877,-1.86781994,0 136.35961539,-1.86819304,0 136.36053671,-1.86820827,0 136.36175500,-1.87005854,0 136.36178545,-1.87064484,0 136.36133621,-1.87161185,0 136.36141997,-1.87200018,0 136.36244028,-1.87258648,0 136.36285907,-1.87314993,0 136.36359994,-1.87337297,0 136.36422333,-1.87384497,0 136.36454944,-1.87440629,0 136.36511452,-1.87491579,0 136.36523472,-1.87559412,0 136.36592162,-1.87605695,0 136.36581341,-1.87664489,0 136.36629651,-1.87706215,0 136.36579818,-1.87758906,0 136.36636163,-1.87814490,0 136.36642635,-1.87841901,0 136.36561543,-1.87987334,0 136.36571442,-1.88020837,0 136.36659006,-1.88033019,0 136.36698600,-1.88080228,0 136.36839367,-1.88054892,0 136.36954011,-1.88110254,0 136.37090248,-1.88214449,0 136.37228879,-1.88195834,0 136.37283921,-1.88209755,0 136.37482169,-1.88182410,0 136.37701317,-1.88063761,0 136.37756824,-1.88075303,0 136.37816772,-1.88065876,0 136.37926901,-1.88129942,0 136.37988526,-1.88120448,0 136.38000988,-1.88003304,0 136.37892873,-1.87756582,0 136.37921354,-1.87590229,0 136.37962580,-1.87535531,0 136.37971153,-1.87475785,0 136.38035710,-1.87451376,0 136.38062010,-1.87414852,0 136.38145083,-1.87457069,0 136.38347232,-1.87476997,0 136.38432908,-1.87469729,0 136.38543683,-1.87349267,0 136.38554436,-1.87318733,0 136.38620300,-1.87287214,0 136.38660626,-1.87232906,0 136.38679761,-1.87229327,0 136.38841489,-1.87332786,0 136.38916385,-1.87447501,0 136.38929159,-1.87553355,0 136.38881189,-1.87656718,0 136.38909172,-1.87726960,0 136.39011082,-1.87754072,0 136.39289176,-1.88043979,0 136.39424527,-1.88119483,0 136.39417405,-1.88137650,0 136.39300572,-1.88188791,0 136.39281914,-1.88237701,0 136.39425805,-1.88335583,0 136.39481667,-1.88443538,0 136.39520082,-1.88451087,0 136.39549248,-1.88481399,0 136.39723727,-1.88576370,0 136.39743874,-1.88613536,0 136.39750485,-1.88697563,0 136.39732504,-1.88772900,0 136.39767058,-1.88807929,0 136.39817036,-1.88806405,0 136.39888229,-1.88774230,0 136.39961936,-1.88793933,0 136.39999184,-1.88690741,0 136.39982593,-1.88615369,0 136.39933909,-1.88570357,0 136.39910304,-1.88524485,0 136.39912495,-1.88431813,0 136.39895736,-1.88359823,0 136.39913246,-1.88258040,0 136.39866528,-1.88118168,0 136.39898128,-1.88023004,0 136.39925728,-1.88016741,0 136.39970350,-1.88051463,0 136.40021599,-1.88055772,0 136.40056408,-1.88083574,0 136.40127687,-1.88103685,0 136.40325314,-1.88235693,0 136.40402189,-1.88249197,0 136.40483586,-1.88286738,0 136.40566079,-1.88278784,0 136.40652605,-1.88344938,0 136.40680606,-1.88323796,0 136.40745877,-1.88316046,0 136.40668922,-1.88191557,0 136.40683897,-1.88134565,0 136.40740012,-1.88053056,0 136.40873105,-1.87946802,0 136.40909122,-1.87944240,0 136.40947376,-1.87975747,0 136.40979894,-1.87971325,0 136.41032973,-1.87903883,0 136.41124818,-1.87867151,0 136.41148146,-1.87836037,0 136.41139735,-1.87805013,0 136.41044878,-1.87762499,0 136.41031592,-1.87728539,0 136.41042016,-1.87646642,0 136.40946510,-1.87556953,0 136.40992048,-1.87445217,0 136.41056397,-1.87375694,0 136.41139494,-1.87336501,0 136.41261408,-1.87312977,0 136.41301015,-1.87338875,0 136.41385009,-1.87342407,0 136.41449229,-1.87380857,0 136.41577230,-1.87415565,0 136.41691241,-1.87424236,0 136.41724766,-1.87453097,0 136.41851067,-1.87486983,0 136.41903539,-1.87537381,0 136.41961298,-1.87545383,0 136.42019526,-1.87621055,0 136.42116584,-1.87628890,0 136.42294976,-1.87753213,0 136.42325915,-1.87797497,0 136.42328279,-1.87830923,0 136.42248324,-1.87879103,0 136.42233095,-1.87912416,0 136.42204542,-1.88086592,0 136.42215963,-1.88103724,0 136.42348261,-1.88161783,0 136.42399438,-1.88164149,0 136.42439154,-1.88194716,0 136.42444512,-1.88272719,0 136.42412031,-1.88344526,0 136.42554798,-1.88488245,0 136.42578593,-1.88502522,0 136.42654409,-1.88471975,0 136.42749849,-1.88469193,0 136.42802750,-1.88493713,0 136.42850626,-1.88494985,0 136.42928779,-1.88561967,0 136.42895537,-1.88637675,0 136.42933608,-1.88675747,0 136.42967873,-1.88674795,0 136.42985005,-1.88650049,0 136.43023464,-1.88636898,0 136.43145856,-1.88667181,0 136.43176313,-1.88655759,0 136.43275299,-1.88676699,0 136.43416163,-1.88723336,0 136.43501824,-1.88808997,0 136.43589388,-1.88850875,0 136.43831141,-1.88813755,0 136.43999607,-1.88857538,0 136.44174330,-1.88859433,0 136.44237351,-1.88806408,0 136.44240860,-1.88740960,0 136.44306533,-1.88661962,0 136.44601587,-1.88505870,0 136.44803365,-1.88328838,0 136.44882363,-1.88304091,0 136.44940668,-1.88310553,0 136.45390439,-1.88695255,0 136.45708121,-1.88991649,0 136.45789833,-1.89019942,0 136.45825845,-1.89152401,0 136.45874416,-1.89158845,0 136.45975711,-1.89139106,0 136.46379673,-1.89270213,0 136.46508986,-1.89340663,0 136.46552959,-1.89395486,0 136.46610637,-1.89345803,0 136.46654038,-1.89346374,0 136.46690016,-1.89373214,0 136.46733988,-1.89445169,0 136.46781958,-1.89462872,0 136.46847678,-1.89431643,0 136.46842903,-1.89386381,0 136.46651061,-1.89165720,0 136.46785883,-1.89166926,0 136.46861289,-1.89060258,0 136.46955801,-1.88971209,0 136.47023066,-1.88792755,0 136.47049758,-1.88659040,0 136.47063093,-1.88557960,0 136.47038308,-1.88479027,0 136.47043401,-1.88413602,0 136.47215528,-1.88383023,0 136.47295326,-1.88348190,0 136.47404959,-1.88347147,0 136.47433240,-1.88350623,0 136.47515215,-1.88413591,0 136.47783881,-1.88442448,0 136.47959302,-1.88432494,0 136.48050592,-1.88371223,0 136.48095364,-1.88275208,0 136.48236427,-1.88100345,0 136.48306233,-1.88059089,0 136.48470566,-1.87916168,0 136.48568687,-1.87897435,0 136.48834670,-1.87966395,0 136.48930291,-1.88042293,0 136.49006507,-1.88034169,0 136.49031413,-1.88075579,0 136.49047617,-1.88156737,0 136.49048880,-1.88268973,0 136.49089945,-1.88275115,0 136.49180862,-1.88251260,0 136.49221247,-1.88283467,0 136.49280202,-1.88292732,0 136.49351784,-1.88343218,0 136.49351593,-1.88435622,0 136.49446910,-1.88469935,0 136.49518067,-1.88548729,0 136.49543310,-1.88552089,0 136.49567663,-1.88450413,0 136.49660186,-1.88381968,0 136.49681883,-1.88348929,0 136.49670152,-1.88337643,0 136.49550115,-1.88363061,0 136.49469867,-1.88354304,0 136.49436465,-1.88300945,0 136.49428108,-1.88229458,0 136.49445252,-1.88191567,0 136.49503380,-1.88148485,0 136.49536586,-1.88098741,0 136.49629147,-1.88053820,0 136.49789709,-1.88033649,0 136.49873397,-1.87986457,0 136.49993859,-1.87985828,0 136.50119486,-1.88032188,0 136.50257715,-1.88143211,0 136.50291194,-1.88275434,0 136.50386449,-1.88365042,0 136.50418069,-1.88488954,0 136.50579435,-1.88567751,0 136.50643078,-1.88656734,0 136.50719741,-1.88719723,0 136.50825737,-1.88745921,0 136.50913962,-1.88800805,0 136.50994962,-1.88921798,0 136.51106541,-1.88927823,0 136.51142695,-1.88951315,0 136.51165217,-1.88999763,0 136.51123071,-1.89073355,0 136.51121832,-1.89126797,0 136.51199938,-1.89247376,0 136.51277003,-1.89296029,0 136.51483490,-1.89301419,0 136.51564958,-1.89358614,0 136.51598902,-1.89445877,0 136.51633374,-1.89489032,0 136.51703574,-1.89457678,0 136.51675538,-1.89394367,0 136.51698248,-1.89328461,0 136.51820700,-1.89216705,0 136.51883591,-1.89184236,0 136.51941278,-1.89184303,0 136.52043174,-1.89248742,0 136.52227175,-1.89278660,0 136.52355765,-1.89373137,0 136.52384975,-1.89369874,0 136.52443200,-1.89326981,0 136.52547024,-1.89325234,0 136.52669546,-1.89295136,0 136.52748188,-1.89328746,0 136.52918747,-1.89471742,0 136.52952051,-1.89476657,0 136.53037156,-1.89449770,0 136.53092574,-1.89476647,0 136.53155884,-1.89613671,0 136.53227968,-1.89660500,0 136.53212447,-1.89726227,0 136.53233862,-1.89760910,0 136.53379547,-1.89736158,0 136.53472159,-1.89738735,0 136.53502724,-1.89753916,0 136.53523184,-1.89809584,0 136.53558248,-1.89841743,0 136.53657341,-1.89862041,0 136.53670958,-1.89841532,0 136.53622873,-1.89749195,0 136.53644198,-1.89734917,0 136.53642149,-1.89700198,0 136.53659000,-1.89683680,0 136.53713666,-1.89709307,0 136.53815665,-1.89689133,0 136.53859165,-1.89717780,0 136.53923477,-1.89723906,0 136.53968381,-1.89706585,0 136.54002028,-1.89641825,0 136.54052870,-1.89612504,0 136.54209055,-1.89627950,0 136.54267441,-1.89652071,0 136.54316053,-1.89626251,0 136.54357523,-1.89630920,0 136.54474655,-1.89604223,0 136.54556362,-1.89619558,0 136.54626576,-1.89594198,0 136.54735980,-1.89415386,0 136.54728975,-1.89387670,0 136.54669784,-1.89330827,0 136.54670430,-1.89139980,0 136.54701564,-1.89059237,0 136.54775694,-1.89004144,0 136.54755708,-1.88936484,0 136.54724636,-1.88915558,0 136.54634878,-1.88978674,0 136.54559194,-1.88998799,0 136.54463751,-1.88938276,0 136.54430902,-1.88895871,0 136.54417751,-1.88899642,0 136.54426670,-1.89025274,0 136.54410946,-1.89250873,0 136.54374352,-1.89332377,0 136.54339638,-1.89356422,0 136.54265657,-1.89356310,0 136.54188868,-1.89314987,0 136.54204122,-1.89238770,0 136.54194620,-1.89201817,0 136.54136547,-1.89213665,0 136.54043630,-1.89177617,0 136.53968219,-1.89210981,0 136.53794211,-1.89226791,0 136.53728027,-1.89282869,0 136.53788901,-1.88902560,0 136.53749508,-1.88946598,0 136.53717968,-1.89076803,0 136.53682016,-1.89100852,0 136.53605347,-1.88987336,0 136.53573820,-1.88988644,0 136.53523100,-1.88950017,0 136.53475229,-1.88974088,0 136.53462797,-1.88964118,0 136.53452987,-1.88894442,0 136.53514401,-1.88809145,0 136.53514604,-1.88783915,0 136.53405707,-1.88834327,0 136.53366705,-1.88821410,0 136.53315463,-1.88767048,0 136.53262392,-1.88663229,0 136.53213936,-1.88638588,0 136.53100708,-1.88629055,0 136.53055085,-1.88525970,0 136.53074304,-1.88445499,0 136.53122658,-1.88413684,0 136.53200334,-1.88260162,0 136.53248206,-1.88237092,0 136.53314761,-1.88249208,0 136.53419743,-1.88231028,0 136.53430393,-1.88218018,0 136.53414937,-1.88182824,0 136.53380147,-1.88164653,0 136.53283825,-1.88169076,0 136.53133765,-1.88244296,0 136.52963155,-1.88214637,0 136.52919539,-1.88143144,0 136.52730913,-1.87949101,0 136.52665075,-1.87796234,0 136.52578922,-1.87796328,0 136.52520678,-1.87765313,0 136.52419081,-1.87753500,0 136.52233023,-1.87629163,0 136.52150003,-1.87500766,0 136.52164228,-1.87360607,0 136.52125113,-1.87310909,0 136.52066997,-1.87303489,0 136.52020219,-1.87259639,0 136.51965348,-1.87074972,0 136.51835168,-1.87040492,0 136.51789509,-1.86990826,0 136.51726051,-1.86990022,0 136.51667659,-1.86933077,0 136.51584364,-1.86891366,0 136.51537013,-1.86743808,0 136.51351316,-1.86547487,0 136.51318226,-1.86426073,0 136.51100182,-1.86368415,0 136.51033813,-1.86231699,0 136.50950969,-1.86127266,0 136.50846010,-1.85913437,0 136.50770913,-1.85892936,0 136.50654906,-1.85920249,0 136.50524348,-1.85885722,0 136.50399399,-1.85819048,0 136.50269605,-1.85783751,0 136.50187782,-1.85728842,0 136.50158681,-1.85678690,0 136.50150622,-1.85609076,0 136.50179799,-1.85450264,0 136.50251072,-1.85252915,0 136.50233321,-1.85019665,0 136.50242285,-1.84968540,0 136.50268635,-1.84932405,0 136.50375078,-1.84915980,0 136.50435905,-1.84855288,0 136.50443802,-1.84819258,0 136.50459171,-1.84817247,0 136.50566290,-1.84856153,0 136.50656656,-1.84854512,0 136.50725379,-1.84830929,0 136.50937663,-1.84830585,0 136.50987116,-1.84872507,0 136.51065726,-1.84902846,0 136.51036173,-1.85052297,0 136.51043208,-1.85101934,0 136.51198635,-1.85198807,0 136.51230600,-1.85276676,0 136.51347844,-1.85309360,0 136.51448627,-1.85391222,0 136.51498927,-1.85456793,0 136.51514575,-1.85519581,0 136.51496635,-1.85551947,0 136.51448108,-1.85563674,0 136.51452188,-1.85604957,0 136.51506934,-1.85634040,0 136.51573895,-1.85621764,0 136.51605884,-1.85632454,0 136.51621851,-1.85700089,0 136.51661604,-1.85718749,0 136.51847932,-1.85909652,0 136.52014806,-1.86043703,0 136.52052806,-1.86050878,0 136.52122594,-1.86022844,0 136.52175425,-1.86052155,0 136.52230292,-1.86055264,0 136.52353663,-1.86103769,0 136.52483420,-1.86220331,0 136.52535072,-1.86210890,0 136.52562162,-1.86232863,0 136.52632442,-1.86245664,0 136.52654797,-1.86283078,0 136.52806797,-1.86360642,0 136.52940347,-1.86506646,0 136.53044336,-1.86589491,0 136.53151212,-1.86601894,0 136.53186809,-1.86633955,0 136.53183440,-1.86647780,0 136.53047320,-1.86643103,0 136.52950935,-1.86623517,0 136.52960530,-1.86672036,0 136.53001643,-1.86709595,0 136.53047699,-1.86727339,0 136.53128829,-1.86711551,0 136.53207766,-1.86716486,0 136.53264664,-1.86754664,0 136.53296449,-1.86803543,0 136.53267875,-1.86807815,0 136.53305079,-1.86841019,0 136.53553863,-1.86924817,0 136.53683763,-1.86919625,0 136.53771722,-1.86896210,0 136.54003028,-1.86754996,0 136.54345035,-1.86612819,0 136.54388360,-1.86582472,0 136.54412141,-1.86530119,0 136.54599251,-1.86581974,0 136.54724044,-1.86690443,0 136.54894597,-1.86699754,0 136.55002055,-1.86626551,0 136.55047931,-1.86652059,0 136.55076630,-1.86649635,0 136.55099930,-1.86761948,0 136.55212327,-1.86901515,0 136.55209185,-1.87038966,0 136.55358833,-1.86915455,0 136.55471589,-1.86856681,0 136.55514832,-1.86861747,0 136.55608632,-1.86826560,0 136.55735874,-1.86805724,0 136.55766206,-1.86845816,0 136.55792475,-1.86848037,0 136.56196706,-1.86809155,0 136.56241743,-1.86787955,0 136.56415565,-1.86605828,0 136.56580801,-1.86476835,0 136.56734419,-1.86391778,0 136.56802481,-1.86314011,0 136.56912897,-1.86287010,0 136.56946370,-1.86296703,0 136.57015638,-1.86270856,0 136.57103393,-1.86296299,0 136.57142511,-1.86266072,0 136.57182127,-1.86261233,0 136.57353547,-1.86340173,0 136.57400392,-1.86394212,0 136.57373457,-1.86458019,0 136.57387828,-1.86482718,0 136.57438406,-1.86460453,0 136.57487276,-1.86487545,0 136.57749840,-1.86466460,0 136.57834150,-1.86437887,0 136.57910831,-1.86380650,0 136.58012944,-1.86382709,0 136.58044931,-1.86398105,0 136.58133830,-1.86385148,0 136.58258242,-1.86429139,0 136.58405173,-1.86354435,0 136.58462330,-1.86348212,0 136.58498110,-1.86368753,0 136.58557862,-1.86370188,0 136.58580792,-1.86334466,0 136.58663244,-1.86323222,0 136.58713280,-1.86329530,0 136.58762651,-1.86357720,0 136.58924983,-1.86360762,0 136.59199289,-1.86468846,0 136.59459733,-1.86479394,0 136.59501436,-1.86467098,0 136.59576806,-1.86405818,0 136.59614936,-1.86361259,0 136.59615707,-1.86334994,0 136.59640346,-1.86328296,0 136.59755486,-1.86360462,0 136.59708884,-1.86367399,0 136.59733746,-1.86406058,0 136.59849760,-1.86429403,0 136.59938727,-1.86419162,0 136.59983333,-1.86363111,0 136.60024868,-1.86377698,0 136.60076533,-1.86360630,0 136.60194851,-1.86373092,0 136.60303478,-1.86407216,0 136.60510351,-1.86508269,0 136.60589423,-1.86563405,0 136.60721637,-1.86574527,0 136.60773012,-1.86526524,0 136.60873278,-1.86528841,0 136.60972045,-1.86457869,0 136.61222788,-1.86369825,0 136.61425811,-1.86365676,0 136.61489196,-1.86380516,0 136.61559269,-1.86431303,0 136.61586790,-1.86434799,0 136.61616060,-1.86352874,0 136.61700316,-1.86321143,0 136.61726678,-1.86242473,0 136.61792722,-1.86222897,0 136.61885924,-1.86242890,0 136.62035882,-1.86318106,0 136.62089050,-1.86294192,0 136.62122097,-1.86303750,0 136.62143497,-1.86347459,0 136.62415671,-1.86554689,0 136.62821808,-1.86957114,0 136.62845484,-1.87004437,0 136.62791681,-1.87076053,0 136.62786838,-1.87162826,0 136.62749409,-1.87220109,0 136.62772536,-1.87260534,0 136.62813012,-1.87265045,0 136.63179659,-1.87151767,0 136.63406447,-1.87168427,0 136.63431964,-1.87148765,0 136.63565399,-1.87131176,0 136.63572435,-1.87110606,0 136.63538429,-1.87052305,0 136.63574285,-1.87001072,0 136.63586436,-1.86941974,0 136.63637541,-1.86909717,0 136.63776000,-1.86867503,0 136.63901111,-1.86855374,0 136.64161777,-1.86975816,0 136.64314394,-1.86999444,0 136.64374387,-1.86977764,0 136.64432416,-1.86919749,0 136.64503748,-1.86913890,0 136.64562091,-1.86842450,0 136.64646593,-1.86834308,0 136.64671364,-1.86796480,0 136.64715115,-1.86768289,0 136.65017272,-1.86746858,0 136.65027076,-1.86701143,0 136.64984033,-1.86611184,0 136.65003155,-1.86455066,0 136.65045216,-1.86324335,0 136.65123575,-1.86212102,0 136.65260099,-1.86124472,0 136.65616698,-1.86086042,0 136.65607226,-1.86047822,0 136.65577699,-1.86020888,0 136.65439964,-1.85966058,0 136.65449615,-1.85915823,0 136.65411082,-1.85837836,0 136.65461685,-1.85639728,0 136.65543192,-1.85510194,0 136.65651056,-1.85439162,0 136.65788464,-1.85381034,0 136.66051646,-1.85391637,0 136.66168881,-1.85355114,0 136.66331079,-1.85408850,0 136.66394770,-1.85398595,0 136.66529297,-1.85277579,0 136.66578508,-1.85264423,0 136.66646986,-1.85280271,0 136.66789415,-1.85204325,0 136.66882404,-1.85106389,0 136.66972411,-1.84924696,0 136.67082667,-1.84825649,0 136.67148372,-1.84740698,0 136.67184921,-1.84656941,0 136.67178407,-1.84598561,0 136.67587044,-1.84161260,0 136.67748394,-1.84020771,0 136.67848956,-1.83964168,0 136.68007931,-1.83912498,0 136.68110794,-1.83940323,0 136.68183367,-1.83921553,0 136.68318692,-1.83796681,0 136.68320402,-1.83740669,0 136.68296416,-1.83670333,0 136.68310542,-1.83633928,0 136.68699232,-1.83407037,0 136.68895687,-1.83359562,0 136.68937823,-1.83363955,0 136.68953291,-1.83390597,0 136.68948694,-1.83488525,0 136.68900863,-1.83554622,0 136.68887955,-1.83680914,0 136.68796464,-1.83909022,0 136.68815041,-1.83986931,0 136.68750974,-1.84053194,0 136.68774242,-1.84114372,0 136.68876178,-1.84192483,0 136.68940277,-1.84198394,0 136.69039830,-1.84163807,0 136.69168140,-1.84194652,0 136.69238741,-1.84153389,0 136.69289733,-1.84160502,0 136.69367841,-1.84205707,0 136.69383859,-1.84241382,0 136.69430647,-1.84264992,0 136.69484054,-1.84321650,0 136.69654339,-1.84362109,0 136.69732740,-1.84417073,0 136.69804030,-1.84500664,0 136.69849220,-1.84519365,0 136.69954596,-1.84521225,0 136.69980217,-1.84475408,0 136.70073488,-1.84451907,0 136.70180237,-1.84482319,0 136.70361318,-1.84466914,0 136.70504266,-1.84381738,0 136.70628160,-1.84341540,0 136.70689023,-1.84282977,0 136.70692179,-1.84174913,0 136.70728904,-1.84119950,0 136.70897388,-1.84014446,0 136.70939226,-1.83969472,0 136.71010217,-1.83731499,0 136.71084316,-1.83586689,0 136.71172051,-1.83467708,0 136.71176545,-1.83416233,0 136.71105344,-1.83335899,0 136.71014211,-1.83343171,0 136.70882226,-1.83291265,0 136.70799403,-1.83105829,0 136.70675998,-1.82995578,0 136.70587391,-1.82856047,0 136.70431566,-1.82733706,0 136.70264536,-1.82651129,0 136.70215230,-1.82656973,0 136.70195981,-1.82674632,0 136.70197345,-1.82691484,0 136.70274224,-1.82749831,0 136.70179690,-1.82788176,0 136.70175664,-1.82820282,0 136.70208921,-1.82903359,0 136.70149945,-1.82969480,0 136.70120038,-1.83097625,0 136.70084561,-1.83127153,0 136.70018851,-1.83018557,0 136.69986569,-1.82861373,0 136.69898557,-1.82846122,0 136.69937338,-1.82803266,0 136.69893227,-1.82712111,0 136.69763485,-1.82648866,0 136.69760134,-1.82634413,0 136.69844876,-1.82671755,0 136.69872478,-1.82667472,0 136.69909139,-1.82623274,0 136.69910555,-1.82575999,0 136.69842021,-1.82491297,0 136.69740275,-1.82449894,0 136.69760262,-1.82419913,0 136.69723143,-1.82390217,0 136.69726569,-1.82374798,0 136.69751125,-1.82356524,0 136.69824793,-1.82386791,0 136.69860200,-1.82373656,0 136.69905314,-1.82407920,0 136.69980696,-1.82381080,0 136.70059273,-1.82427452,0 136.70153142,-1.82440582,0 136.70249629,-1.82422171,0 136.70305744,-1.82363182,0 136.70341728,-1.82164764,0 136.70394615,-1.82161674,0 136.70463215,-1.82197424,0 136.70614177,-1.82206429,0 136.70658926,-1.82163399,0 136.70834541,-1.82066796,0 136.70859668,-1.82017684,0 136.70889364,-1.81995983,0 136.71027563,-1.81958293,0 136.71095521,-1.81917747,0 136.71116079,-1.81958864,0 136.71143491,-1.81966288,0 136.71206879,-1.81869777,0 136.71264570,-1.81864962,0 136.71281195,-1.81887175,0 136.71380180,-1.81907734,0 136.71413683,-1.81847581,0 136.71456323,-1.81836160,0 136.71539319,-1.81772961,0 136.71597568,-1.81774865,0 136.71685132,-1.81739459,0 136.71779168,-1.81649229,0 136.71872824,-1.81599356,0 136.71953155,-1.81595929,0 136.72029983,-1.81566062,0 136.72082521,-1.81577484,0 136.72225460,-1.81524701,0 136.72283943,-1.81519745,0 136.72460438,-1.81534680,0 136.72729307,-1.81595611,0 136.72809154,-1.81624024,0 136.72918190,-1.81710527,0 136.72998441,-1.81869016,0 136.73025676,-1.81895557,0 136.73068433,-1.81878765,0 136.73123557,-1.81881222,0 136.73140442,-1.81897473,0 136.73264738,-1.81858665,0 136.73353198,-1.81853688,0 136.73444950,-1.81898849,0 136.73523729,-1.81990857,0 136.73546985,-1.81989437,0 136.73585156,-1.81945741,0 136.73660126,-1.81954992,0 136.73783237,-1.82024746,0 136.73816602,-1.82067219,0 136.73943694,-1.82157098,0 136.74139525,-1.82214925,0 136.74200448,-1.82256417,0 136.74308304,-1.82244515,0 136.74388213,-1.82291549,0 136.74454723,-1.82296222,0 136.74485330,-1.82318818,0 136.74622236,-1.82305229,0 136.74724279,-1.82334870,0 136.74792472,-1.82381145,0 136.74948414,-1.82376193,0 136.75042400,-1.82419400,0 136.75381242,-1.82484264,0 136.75566168,-1.82474780,0 136.75591148,-1.82489639,0 136.75647661,-1.82600287,0 136.75701092,-1.82645712,0 136.75745498,-1.82650794,0 136.75797858,-1.82602412,0 136.75826888,-1.82515241,0 136.75842893,-1.82505706,0 136.75925187,-1.82551759,0 136.75950781,-1.82602207,0 136.75988066,-1.82605404,0 136.76081243,-1.82575564,0 136.76092767,-1.82528345,0 136.76010459,-1.82496738,0 136.76019401,-1.82437880,0 136.76045747,-1.82429447,0 136.76146691,-1.82455863,0 136.76192967,-1.82450643,0 136.76211295,-1.82371492,0 136.76344768,-1.82236947,0 136.76398237,-1.82117576,0 136.76426786,-1.82088077,0 136.76570739,-1.82078701,0 136.76657017,-1.82029764,0 136.76716354,-1.82018849,0 136.76757740,-1.82041425,0 136.76810055,-1.82110983,0 136.76843748,-1.82112696,0 136.76925411,-1.82064155,0 136.76920843,-1.82025703,0 136.77019828,-1.82017613,0 136.77095971,-1.81960030,0 136.77199319,-1.81842445,0 136.77231679,-1.81766778,0 136.77318433,-1.81719239,0 136.77457252,-1.81710147,0 136.77590344,-1.81761194,0 136.77669532,-1.81698757,0 136.77702374,-1.81716314,0 136.77790409,-1.81711416,0 136.77852846,-1.81650502,0 136.77921374,-1.81477658,0 136.77971054,-1.81484421,0 136.78138125,-1.81611850,0 136.78183892,-1.81625968,0 136.78410655,-1.81548629,0 136.78547712,-1.81384922,0 136.78580472,-1.81320442,0 136.78617763,-1.81299642,0 136.78703804,-1.81314109,0 136.78823349,-1.81384161,0 136.78902506,-1.81386784,0 136.78984622,-1.81363424,0 136.79100166,-1.81215492,0 136.79143431,-1.81190803,0 136.79231386,-1.81222141,0 136.79290775,-1.81329787,0 136.79328653,-1.81350258,0 136.79404347,-1.81328209,0 136.79497439,-1.81229968,0 136.79590619,-1.81221086,0 136.79908099,-1.81279365,0 136.80054038,-1.81276388,0 136.80139605,-1.81293818,0 136.80324415,-1.81408951,0 136.80647564,-1.81644744,0 136.80802077,-1.81778941,0 136.80881077,-1.81885129,0 136.81274773,-1.82069879,0 136.81407387,-1.82157722,0 136.81549383,-1.82157891,0 136.81739844,-1.82189838,0 136.81820242,-1.82228029,0 136.81882205,-1.82202940,0 136.81905324,-1.82167143,0 136.81928021,-1.82168127,0 136.82049410,-1.82226751,0 136.82131411,-1.82299774,0 136.82153078,-1.82296342,0 136.82194112,-1.82252744,0 136.82236906,-1.82245292,0 136.82318646,-1.82310970,0 136.82344023,-1.82284490,0 136.82374246,-1.82201059,0 136.82424598,-1.82190247,0 136.82545273,-1.82270577,0 136.82618014,-1.82288374,0 136.82694156,-1.82359758,0 136.82822647,-1.82362137,0 136.82879754,-1.82397829,0 136.82922585,-1.82397829,0 136.83039178,-1.82321687,0 136.83060593,-1.82252552,0 136.83102136,-1.82226625,0 136.83182925,-1.82226543,0 136.83279603,-1.82277030,0 136.83402193,-1.82258755,0 136.83438741,-1.82297588,0 136.83524021,-1.82325761,0 136.83667170,-1.82325761,0 136.84132612,-1.82454627,0 136.84376758,-1.82561483,0 136.84596776,-1.82695284,0 136.84713037,-1.82729115,0 136.84866294,-1.82738207,0 136.84916282,-1.82713757,0 136.85063220,-1.82521823,0 136.85218516,-1.82095909,0 136.85332173,-1.81914547,0 136.85537394,-1.81755636,0 136.85848356,-1.81632426,0 136.85915392,-1.81577724,0 136.85976763,-1.81566521,0 136.86118513,-1.81498336,0 136.86367167,-1.81526249,0 136.86587238,-1.81447843,0 136.86799269,-1.81463584,0 136.86890737,-1.81445592,0 136.86917399,-1.81425111,0 136.86970641,-1.81302333,0 136.87086651,-1.81179970,0 136.87167671,-1.81036389,0 136.87176713,-1.80945494,0 136.87161485,-1.80771793,0 136.87210026,-1.80487686,0 136.87272480,-1.80299802,0 136.87334917,-1.80186349,0 136.87329430,-1.80074549,0 136.87357503,-1.80038627,0 136.87644861,-1.79907782,0 136.87715724,-1.79828722,0 136.87786623,-1.79785825,0 136.87916178,-1.79753335,0 136.88038340,-1.79745705,0 136.88146798,-1.79703461,0 136.88367602,-1.79701317,0 136.88533187,-1.79681994,0 136.88753690,-1.79717220,0 136.89198085,-1.79676087,0 136.89438509,-1.79716425,0 136.89572987,-1.79714593,0 136.89628413,-1.79668873,0 136.89702253,-1.79548720,0 136.89814019,-1.79576262,0 136.89885297,-1.79571485,0 136.89990398,-1.79504362,0 136.90058079,-1.79412590,0 136.90167908,-1.79397191,0 136.90275372,-1.79354756,0 136.90331405,-1.79299441,0 136.90339504,-1.79221839,0 136.90286707,-1.79094670,0 136.90225740,-1.79013769,0 136.89999822,-1.78908271,0 136.89940376,-1.78820112,0 136.89933924,-1.78749524,0 136.89863730,-1.78668563,0 136.89465287,-1.78508306,0 136.89143177,-1.78434825,0 136.88965324,-1.78286302,0 136.88912975,-1.78214918,0 136.88783057,-1.78124499,0 136.88652662,-1.78058826,0 136.88631247,-1.78066440,0 136.88605549,-1.78147342,0 136.88546538,-1.78172088,0 136.88487052,-1.78167329,0 136.88333540,-1.78003625,0 136.88180439,-1.77925976,0 136.88152452,-1.77874418,0 136.88102378,-1.77836400,0 136.87898121,-1.77828969,0 136.87775738,-1.77873668,0 136.87461282,-1.77871464,0 136.87348573,-1.77850442,0 136.87198390,-1.77793061,0 136.86798604,-1.77714474,0 136.86187844,-1.77543877,0 136.86002650,-1.77466353,0 136.85901322,-1.77403398,0 136.85305966,-1.77171065,0 136.85271340,-1.77172330,0 136.84663759,-1.76861758,0 136.84499991,-1.76796647,0 136.84117828,-1.76606846,0 136.83625765,-1.76401055,0 136.83125603,-1.76155495,0 136.82814493,-1.75983049,0 136.81841556,-1.75524854,0 136.81706288,-1.75476156,0 136.81527666,-1.75378945,0 136.81024433,-1.75153939,0 136.80840365,-1.75093274,0 136.80338964,-1.74872610,0 136.80141936,-1.74756703,0 136.80016367,-1.74655880,0 136.79889882,-1.74595363,0 136.79738128,-1.74429127,0 136.79538747,-1.74298835,0 136.79409085,-1.74165012,0 136.79065571,-1.74020746,0 136.78900178,-1.73971704,0 136.78801139,-1.73982666,0 136.78759450,-1.74030065,0 136.78760593,-1.74068327,0 136.78705199,-1.74087172,0 136.78752598,-1.74179115,0 136.78736037,-1.74212237,0 136.78696633,-1.74239077,0 136.78427658,-1.74226513,0 136.78372836,-1.74260778,0 136.78284891,-1.74219090,0 136.78007922,-1.74232224,0 136.77810331,-1.74180257,0 136.77700114,-1.74188252,0 136.77566484,-1.74305321,0 136.77501953,-1.74413825,0 136.77341482,-1.74553737,0 136.77273087,-1.74716955,0 136.76810957,-1.74730198,0 136.76386081,-1.74656530,0 136.76121104,-1.74638826,0 136.75964631,-1.74606275,0 136.75707142,-1.74523989,0 136.75257400,-1.74458955,0 136.74968551,-1.74368437,0 136.74691565,-1.74307292,0 136.74313864,-1.74199428,0 136.74046017,-1.74098369,0 136.73657809,-1.73988447,0 136.73363383,-1.73875439,0 136.72996216,-1.73713048,0 136.72900507,-1.73620189,0 136.72756199,-1.73553464,0 136.72589019,-1.73509372,0 136.72465791,-1.73521740,0 136.72299475,-1.73504127,0 136.72148807,-1.73436360,0 136.72050380,-1.73359244,0 136.71940973,-1.73378605,0 136.71631668,-1.73314836,0 136.71607467,-1.73301762,0 136.71561545,-1.73225655,0 136.71483416,-1.73188833,0 136.71438801,-1.73189721,0 136.71349985,-1.73231565,0 136.71226953,-1.73365550,0 136.71026282,-1.73314518,0 136.70938969,-1.73314847,0 136.70819638,-1.73245611,0 136.70684860,-1.73235001,0 136.70560784,-1.73135586,0 136.70462488,-1.73111041,0 136.70449759,-1.73094581,0 136.70208430,-1.73181682,0 136.70098923,-1.73168287,0 136.70018298,-1.73182424,0 136.69888008,-1.73098923,0 136.69335170,-1.73163658,0 136.69163460,-1.73136126,0 136.68829651,-1.73047028,0 136.68193365,-1.72855922,0 136.67987275,-1.72882133,0 136.67874314,-1.72925196,0 136.67732343,-1.72861076,0 136.67641266,-1.72866654,0 136.67585723,-1.72850371,0 136.67553220,-1.72861915,0 136.67447663,-1.72843653,0 136.67356052,-1.72852834,0 136.67303191,-1.72817800,0 136.66998085,-1.72711385,0 136.66968014,-1.72689233,0 136.66939679,-1.72631925,0 136.66890228,-1.72608752,0 136.66839708,-1.72624113,0 136.66809034,-1.72656893,0 136.66817700,-1.72736481,0 136.66783371,-1.72802020,0 136.66745431,-1.72838581,0 136.66683973,-1.72862889,0 136.66008997,-1.72861173,0 136.65909047,-1.72894034,0 136.65760433,-1.72899836,0 136.65548714,-1.72888230,0 136.65471024,-1.72863344,0 136.65381348,-1.72915277,0 136.65204446,-1.72919046,0 136.65081374,-1.72953692,0 136.65034635,-1.72919255,0 136.64907392,-1.72898566,0 136.64698636,-1.72820486,0 136.64454655,-1.72715644,0 136.64370281,-1.72658730,0 136.64158692,-1.72694326,0 136.64052404,-1.72755290,0 136.63989415,-1.72759793,0 136.63853397,-1.72690255,0 136.63735841,-1.72556774,0 136.63661773,-1.72519065,0 136.63446806,-1.72630258,0 136.63332546,-1.72648291,0 136.63025121,-1.72619814,0 136.62825555,-1.72531248,0 136.62654988,-1.72491805,0 136.62553026,-1.72523732,0 136.62457047,-1.72584102,0 136.62304380,-1.72621233,0 136.62043164,-1.72617463,0 136.61966336,-1.72601149,0 136.61890624,-1.72623102,0 136.61717604,-1.72629102,0 136.61627658,-1.72648134,0 136.61573711,-1.72640025,0 136.61572082,-1.72598142,0 136.61551621,-1.72586723,0 136.61543301,-1.72638975,0 136.61448106,-1.72692762,0 136.61138931,-1.72766183,0 136.60751102,-1.72702710,0 136.60611769,-1.72736428,0 136.60529334,-1.72732763,0 136.60456782,-1.72760869,0 136.60295362,-1.72743442,0 136.60252106,-1.72759986,0 136.60162797,-1.72759499,0 136.60044115,-1.72736558,0 136.59915451,-1.72758154,0 136.59801477,-1.72756385,0 136.59590675,-1.72712256,0 136.59488476,-1.72649964,0 136.59354730,-1.72628199,0 136.59148425,-1.72500157,0 136.59095480,-1.72492770,0 136.58984158,-1.72508591,0 136.58914609,-1.72554908,0 136.58892291,-1.72614939,0 136.58923411,-1.72679925,0 136.58924689,-1.72721181,0 136.58901126,-1.72778712,0 136.58861390,-1.72812502,0 136.58667151,-1.72921738,0 136.58542276,-1.72920092,0 136.58390188,-1.72894240,0 136.57942096,-1.72774291,0 136.57701486,-1.72740346,0 136.57578702,-1.72696927,0 136.57448613,-1.72679625,0 136.56639062,-1.72483432,0 136.56134367,-1.72324790,0 136.55941368,-1.72238187,0 136.55913500,-1.72242392,0 136.55875389,-1.72226860,0 136.55849730,-1.72177195,0 136.55797858,-1.72160538,0 136.55492273,-1.72143764,0 136.55444804,-1.72155770,0 136.55359144,-1.72246190,0 136.55299920,-1.72271185,0 136.54678966,-1.72149092,0 136.54457709,-1.72144531,0 136.53824693,-1.71917718,0 136.53541104,-1.71848459,0 136.53444379,-1.71802938,0 136.53400734,-1.71802185,0 136.53365467,-1.71767638,0 136.53117970,-1.71668910,0 136.53016532,-1.71606593,0 136.52795863,-1.71534625,0 136.52639903,-1.71521162,0 136.52515125,-1.71491419,0 136.52240787,-1.71386267,0 136.52118572,-1.71395707,0 136.51849951,-1.71303465,0 136.51594875,-1.71302962,0 136.51052012,-1.71184057,0 136.50805413,-1.71164166,0 136.50655813,-1.71116694,0 136.50404443,-1.70984234,0 136.50062596,-1.70760634,0 136.49937878,-1.70636348,0 136.49828341,-1.70572501,0 136.49556437,-1.70537936,0 136.49504088,-1.70543647,0 136.49461258,-1.70568869,0 136.49389528,-1.70664416,0 136.49212462,-1.70733082,0 136.49014100,-1.70715673,0 136.48754506,-1.70652928,0 136.48722196,-1.70653215,0 136.48610049,-1.70701445,0 136.48369112,-1.70684765,0 136.48247286,-1.70651387,0 136.48027469,-1.70621431,0 136.47655399,-1.70506993,0 136.47542161,-1.70516124,0 136.47320210,-1.70576439,0 136.47182692,-1.70568858,0 136.47029858,-1.70512449,0 136.46797406,-1.70355709,0 136.46762350,-1.70350762,0 136.46587580,-1.70404709,0 136.46492317,-1.70414279,0 136.46359294,-1.70408954,0 136.46023106,-1.70347709,0 136.45573790,-1.70119722,0 136.45468713,-1.70049481,0 136.45363065,-1.69930698,0 136.45327658,-1.69914708,0 136.45122073,-1.69931840,0 136.45040029,-1.69921942,0 136.44567183,-1.69781839,0 136.44500939,-1.69810012,0 136.44483426,-1.69845799,0 136.44486471,-1.69899860,0 136.44522259,-1.69958490,0 136.44676828,-1.70039201,0 136.44710331,-1.70094024,0 136.44713377,-1.70149608,0 136.44680282,-1.70282705,0 136.44710052,-1.70430105,0 136.44689406,-1.70465394,0 136.44641781,-1.70479448,0 136.44465833,-1.70656453,0 136.44340914,-1.70745534,0 136.44033181,-1.70903961,0 136.43936842,-1.70979952,0 136.43791964,-1.71060792,0 136.43571247,-1.71143036,0 136.43505332,-1.71219538,0 136.43451065,-1.71245789,0 136.43363440,-1.71255324,0 136.42943918,-1.71361866,0 136.42589732,-1.71412410,0 136.42032149,-1.71404397,0 136.41918157,-1.71419569,0 136.41698708,-1.71567726,0 136.41432128,-1.71690902,0 136.41378232,-1.71789627,0 136.41302586,-1.71849548,0 136.41011518,-1.71948385,0 136.40386728,-1.72041645,0 136.40196189,-1.72002687,0 136.40019843,-1.71989929,0 136.39696681,-1.71922794,0 136.39418597,-1.71845577,0 136.39238274,-1.71765494,0 136.39209999,-1.71780148,0 136.39172625,-1.71865801,0 136.39121566,-1.71906457,0 136.39020594,-1.71930734,0 136.38881143,-1.71930484,0 136.38636248,-1.71898781,0 136.38346688,-1.71826563,0 136.38237765,-1.71782640,0 136.37936847,-1.71613373,0 136.37856666,-1.71590991,0 136.37599087,-1.71608480,0 136.37472431,-1.71665435,0 136.37394649,-1.71733096,0 136.37340668,-1.71745239,0 136.36943874,-1.71703586,0 136.36551485,-1.71588332,0 136.36175875,-1.71407446,0 136.35940042,-1.71324337,0 136.35878299,-1.71281383,0 136.35807021,-1.71164513,0 136.35706845,-1.71190003,0 136.35656219,-1.71166905,0 136.35347088,-1.70920105,0 136.35235423,-1.70686663,0 136.35110273,-1.70546016,0 136.34900484,-1.70539950,0 136.34794854,-1.70513505,0 136.34676137,-1.70585325,0 136.34556762,-1.70594879,0 136.34430465,-1.70641123,0 136.34308239,-1.70648978,0 136.34055271,-1.70593086,0 136.33942124,-1.70536546,0 136.33844413,-1.70523852,0 136.33651761,-1.70523975,0 136.33458270,-1.70569651,0 136.33336817,-1.70498653,0 136.33279444,-1.70485108,0 136.33221293,-1.70488477,0 136.33169285,-1.70514296,0 136.33096166,-1.70514012,0 136.32974152,-1.70439062,0 136.32895373,-1.70364696,0 136.32796971,-1.70326722,0 136.32461333,-1.70357073,0 136.32273357,-1.70217967,0 136.32171089,-1.70179254,0 136.32096362,-1.70088776,0 136.31841322,-1.69893456,0 136.31770330,-1.69784162,0 136.31682447,-1.69565148,0 136.31576804,-1.69438701,0 136.31463641,-1.69358243,0 136.31325388,-1.69298623,0 136.31171255,-1.69281751,0 136.31140368,-1.69249563,0 136.31087654,-1.69093367,0 136.31039397,-1.69014438,0 136.30876987,-1.68971821,0 136.30768835,-1.68897328,0 136.30623637,-1.68760378,0 136.30545713,-1.68713633,0 136.30334420,-1.68623923,0 136.29975022,-1.68620990,0 136.29842573,-1.68558036,0 136.29616505,-1.68511824,0 136.29518541,-1.68538834,0 136.29357223,-1.68639494,0 136.29271504,-1.68671263,0 136.29067787,-1.68692767,0 136.28954846,-1.68672162,0 136.28660062,-1.68503245,0 136.28535495,-1.68301363,0 136.28444537,-1.68196828,0 136.28342365,-1.68111990,0 136.28165002,-1.67925103,0 136.27998129,-1.67820138,0 136.27904235,-1.67803439,0 136.27773217,-1.67839497,0 136.27584698,-1.67828450,0 136.27428963,-1.67852449,0 136.27206976,-1.67821317,0 136.27084217,-1.67854710,0 136.26996149,-1.67854750,0 136.26817502,-1.67781014,0 136.26761072,-1.67723642,0 136.26679107,-1.67582828,0 136.26559503,-1.67518614,0 136.26400159,-1.67479661,0 136.26034747,-1.67468483,0 136.25827890,-1.67356992,0 136.25659530,-1.67318008,0 136.25602837,-1.67283131,0 136.25502571,-1.67253989,0 136.25333850,-1.67240539,0 136.25159315,-1.67286012,0 136.25066427,-1.67240674,0 136.24920698,-1.67217989,0 136.24783897,-1.67266760,0 136.24637438,-1.67206262,0 136.24616523,-1.67162241,0 136.24446118,-1.67129710,0 136.24342065,-1.67147459,0 136.24300744,-1.67135298,0 136.24192611,-1.67156606,0 136.24140174,-1.67149580,0 136.23988001,-1.67075027,0 136.23904342,-1.66888382,0 136.23756905,-1.67042977,0 136.23714967,-1.67052339,0 136.23663803,-1.67041105,0 136.23615380,-1.67067754,0 136.23508170,-1.67044187,0 136.23360504,-1.66962816,0 136.23138737,-1.66968903,0 136.23057649,-1.66949565,0 136.22937967,-1.66888171,0 136.22777291,-1.66774819,0 136.22616928,-1.66609190,0 136.22506881,-1.66629739,0 136.22413463,-1.66601657,0 136.22241114,-1.66509501,0 136.22094261,-1.66397433,0 136.21776452,-1.66071561,0 136.21719608,-1.65917824,0 136.21613278,-1.65833342,0 136.21570783,-1.65724747,0 136.21456237,-1.65578519,0 136.21367998,-1.65509157,0 136.21167686,-1.65278300,0 136.21066997,-1.65191638,0 136.20949509,-1.65117249,0 136.20628850,-1.64990919,0 136.20483742,-1.64897859,0 136.20324550,-1.64831630,0 136.20190575,-1.64842680,0 136.20060499,-1.64885881,0 136.19226179,-1.65187401,0 136.19074915,-1.65266310,0 136.18928493,-1.65276556,0 136.18739759,-1.65374731,0 136.18508762,-1.65409557,0 136.18281671,-1.65536603,0 136.18219124,-1.65554227,0 136.17976705,-1.65483875,0 136.17844270,-1.65520616,0 136.17707603,-1.65517423,0 136.17527258,-1.65448102,0 136.17359555,-1.65358809,0 136.17197080,-1.65323927,0 136.16724359,-1.65400979,0 136.16663095,-1.65399754,0 136.16575137,-1.65373097,0 136.16367629,-1.65374655,0 136.15910613,-1.65423391,0 136.15763499,-1.65393321,0 136.15366570,-1.65260018,0 136.15085191,-1.65279310,0 136.14896683,-1.65230307,0 136.14758430,-1.65162519,0 136.14447737,-1.64961873,0 136.14167674,-1.64890409,0 136.13980758,-1.64915881,0 136.13597154,-1.65007422,0 136.13520879,-1.65062716,0 136.13485622,-1.65061536,0 136.13327345,-1.65139503,0 136.13231830,-1.65162854,0 136.13106840,-1.65252674,0 136.13040717,-1.65252126,0 136.12938920,-1.65311567,0 136.12855450,-1.65328056,0 136.12662965,-1.65285667,0 136.12530677,-1.65274049,0 136.12483641,-1.65279744,0 136.12412170,-1.65317262,0 136.12303858,-1.65323237,0 136.12184863,-1.65290346,0 136.12020528,-1.65288873,0 136.11899857,-1.65318097,0 136.11826788,-1.65299309,0 136.11704798,-1.65320840,0 136.11426405,-1.65241013,0 136.11247687,-1.65231096,0 136.11090740,-1.65144752,0 136.10929685,-1.65141554,0 136.10718414,-1.65091585,0 136.10366125,-1.65153484,0 136.10288749,-1.65197156,0 136.10132452,-1.65218192,0 136.10008387,-1.65264625,0 136.09939963,-1.65273378,0 136.09792901,-1.65233398,0 136.09645769,-1.65214081,0 136.09474002,-1.65082149,0 136.09317578,-1.65025485,0 136.09285605,-1.64933182,0 136.09205370,-1.64903884,0 136.09049488,-1.64909193,0 136.08823042,-1.65024845,0 136.08706643,-1.65038390,0 136.08548538,-1.65009225,0 136.08332936,-1.65035270,0 136.08293504,-1.65021980,0 136.08242440,-1.64963667,0 136.08142551,-1.64938518,0 136.07718465,-1.64933901,0 136.07379393,-1.65067222,0 136.06955646,-1.65416992,0 136.06737344,-1.65554609,0 136.06304330,-1.65789424,0 136.06007646,-1.65827457,0 136.05863248,-1.65893053,0 136.05813396,-1.65884998,0 136.05699500,-1.65829782,0 136.05586501,-1.65826218,0 136.05460356,-1.65862941,0 136.05378124,-1.65933788,0 136.05343947,-1.65944066,0 136.05161041,-1.65949073,0 136.05073218,-1.65935309,0 136.04942543,-1.65850543,0 136.04859581,-1.65818183,0 136.04675980,-1.65773081,0 136.04615488,-1.65733313,0 136.04599359,-1.65682761,0 136.04510717,-1.65645497,0 136.04525469,-1.65594007,0 136.04481169,-1.65574239,0 136.04495470,-1.65533600,0 136.04479307,-1.65512086,0 136.04441159,-1.65512382,0 136.04387345,-1.65559352,0 136.04316174,-1.65513576,0 136.04241453,-1.65524046,0 136.04129049,-1.65496185,0 136.04093574,-1.65541983,0 136.03984590,-1.65546256,0 136.03896477,-1.65507485,0 136.03901335,-1.65461872,0 136.03873429,-1.65437612,0 136.03831737,-1.65439610,0 136.03788518,-1.65469860,0 136.03755985,-1.65451574,0 136.03651164,-1.65447844,0 136.03611032,-1.65351893,0 136.03594311,-1.65387691,0 136.03499538,-1.65391910,0 136.03457479,-1.65370370,0 136.03425677,-1.65395861,0 136.03210272,-1.65387710,0 136.03172562,-1.65314418,0 136.03102182,-1.65366513,0 136.02928795,-1.65346429,0 136.02863898,-1.65316848,0 136.02751135,-1.65197650,0 136.02791003,-1.65133828,0 136.02776470,-1.65099792,0 136.02738018,-1.65073295,0 136.02627375,-1.65054560,0 136.02516683,-1.65061744,0 136.02153038,-1.64873735,0 136.01953360,-1.64866927,0 136.01822222,-1.64812265,0 136.01731017,-1.64808543,0 136.01716358,-1.64815778,0 136.01709314,-1.64853126,0 136.01666747,-1.64867311,0 136.01539238,-1.64865578,0 136.01501264,-1.64840098,0 136.01429179,-1.64725045,0 136.01407910,-1.64713766,0 136.01315332,-1.64798351,0 136.01204524,-1.64820483,0 136.01205479,-1.64878123,0 136.01176502,-1.64920246,0 136.01053623,-1.64941521,0 136.01021604,-1.64922569,0 136.00990744,-1.64850869,0 136.00886917,-1.64804608,0 136.00877686,-1.64746278,0 136.00842280,-1.64723436,0 136.00741294,-1.64752260,0 136.00681238,-1.64694882,0 136.00542863,-1.64685124,0 136.00528095,-1.64731321,0 136.00555696,-1.64821740,0 136.00475746,-1.64968315,0 136.00360296,-1.65090063,0 136.00243798,-1.65173439,0 136.00037070,-1.65277374,0 135.99804073,-1.65367603,0 135.99503690,-1.65377882,0 135.99473994,-1.65383593,0 135.99464961,-1.65412799,0 135.99432708,-1.65424967,0 135.99394204,-1.65408523,0 135.99384668,-1.65353524,0 135.99273064,-1.65361627,0 135.99166935,-1.65318432,0 135.99016474,-1.65207614,0 135.98968641,-1.65148795,0 135.98921198,-1.65012397,0 135.98850385,-1.64879909,0 135.98846959,-1.64853640,0 135.98893787,-1.64741710,0 135.98876654,-1.64675466,0 135.98841248,-1.64669755,0 135.98789932,-1.64718300,0 135.98740485,-1.64740840,0 135.98696845,-1.64746199,0 135.98642686,-1.64727121,0 135.98607862,-1.64764489,0 135.98528328,-1.64803408,0 135.98445206,-1.64804091,0 135.98139658,-1.64586562,0 135.98108590,-1.64582561,0 135.98024954,-1.64633956,0 135.97897539,-1.64867938,0 135.97898071,-1.64889846,0 135.97841607,-1.64955077,0 135.97733642,-1.65036915,0 135.97468929,-1.65128256,0 135.97454974,-1.65230699,0 135.97266922,-1.65380764,0 135.96960047,-1.65430957,0 135.96587101,-1.65387629,0 135.96423771,-1.65357776,0 135.96320742,-1.65310977,0 135.96170550,-1.65197840,0 135.96072069,-1.65076862,0 135.96034699,-1.64984651,0 135.96045153,-1.64932473,0 135.96054290,-1.64908488,0 135.96134373,-1.64849071,0 135.96185770,-1.64734857,0 135.96184627,-1.64693740,0 135.96129805,-1.64548688,0 135.96127520,-1.64387646,0 135.96097825,-1.64345387,0 135.96047571,-1.64348813,0 135.95985378,-1.64382961,0 135.95758997,-1.64349863,0 135.95705974,-1.64320444,0 135.95564445,-1.64184345,0 135.95379418,-1.64111248,0 135.95281194,-1.64114674,0 135.95200102,-1.64065562,0 135.95127580,-1.64102614,0 135.95072294,-1.64098208,0 135.95049399,-1.64112056,0 135.95040364,-1.64142603,0 135.95073937,-1.64238197,0 135.95009874,-1.64356941,0 135.94838661,-1.64482399,0 135.94705545,-1.64512142,0 135.94616598,-1.64514582,0 135.94534547,-1.64443637,0 135.94446765,-1.64419056,0 135.94400118,-1.64338351,0 135.94332629,-1.64284053,0 135.94286940,-1.64214611,0 135.94236771,-1.64193539,0 135.94213563,-1.64159790,0 135.94140036,-1.64151503,0 135.94086390,-1.64115797,0 135.94027704,-1.64125467,0 135.93932905,-1.64214988,0 135.93860720,-1.64242085,0 135.93733419,-1.64259930,0 135.93579944,-1.64209962,0 135.93554959,-1.64105265,0 135.93513319,-1.64069574,0 135.93430038,-1.64069574,0 135.93389587,-1.64021984,0 135.93303926,-1.64033882,0 135.93199230,-1.63976775,0 135.93149261,-1.64032692,0 135.93067170,-1.64073143,0 135.92826844,-1.64089799,0 135.92668610,-1.64092178,0 135.92370795,-1.64059308,0 135.92318479,-1.64070131,0 135.92109334,-1.63994204,0 135.92062658,-1.64000079,0 135.92044358,-1.63982485,0 135.92068788,-1.63955371,0 135.92061935,-1.63922820,0 135.91968850,-1.63887985,0 135.91844491,-1.63777743,0 135.91624057,-1.63634975,0 135.91550960,-1.63606421,0 135.91429893,-1.63516192,0 135.91345375,-1.63510481,0 135.91132937,-1.63549314,0 135.90958189,-1.63612132,0 135.90796005,-1.63601853,0 135.90646384,-1.63646396,0 135.90462500,-1.63649823,0 135.89994143,-1.63593324,0 135.89872077,-1.63495529,0 135.89816398,-1.63536217,0 135.89844951,-1.63571195,0 135.89816398,-1.63605460,0 135.89616523,-1.63680413,0 135.89286730,-1.63757507,0 135.89184651,-1.63804621,0 135.89146104,-1.63804621,0 135.89079717,-1.63757507,0 135.89066154,-1.63761790,0 135.89041883,-1.63783919,0 135.89044025,-1.63806048,0 135.89136110,-1.63948816,0 135.89044739,-1.63995215,0 135.89005477,-1.64037332,0 135.88977638,-1.64137269,0 135.88886266,-1.64182955,0 135.88794895,-1.64202229,0 135.88722084,-1.64140838,0 135.88560042,-1.64092297,0 135.88495797,-1.64095153,0 135.88465102,-1.64135842,0 135.88406567,-1.64120851,0 135.88380869,-1.64102291,0 135.88338039,-1.63945961,0 135.88257137,-1.63896230,0 135.88183850,-1.63876242,0 135.88136260,-1.63780112,0 135.88108659,-1.63762980,0 135.88051431,-1.63788591,0 135.87892229,-1.63919837,0 135.87871088,-1.63982655,0 135.87886210,-1.64072602,0 135.87830333,-1.64243583,0 135.87851468,-1.64288913,0 135.87891271,-1.64293247,0 135.87889368,-1.64335853,0 135.87840953,-1.64416939,0 135.87765748,-1.64482267,0 135.87698044,-1.64510396,0 135.87588438,-1.64514381,0 135.87503655,-1.64452315,0 135.87358280,-1.64462222,0 135.87305625,-1.64431038,0 135.87269080,-1.64368784,0 135.87203111,-1.64416474,0 135.87075716,-1.64397362,0 135.87022120,-1.64411974,0 135.87008251,-1.64441156,0 135.87027828,-1.64463984,0 135.87187623,-1.64526867,0 135.87212292,-1.64596834,0 135.87211006,-1.64769884,0 135.87228137,-1.64814346,0 135.87144895,-1.65041020,0 135.87149784,-1.65111576,0 135.87112599,-1.65302501,0 135.86893606,-1.65507334,0 135.86952987,-1.65594962,0 135.87031425,-1.65615360,0 135.87022703,-1.65692367,0 135.87092045,-1.65788942,0 135.87106640,-1.65832970,0 135.87100597,-1.65872096,0 135.87019499,-1.65995407,0 135.87045559,-1.66071673,0 135.86973241,-1.66128794,0 135.86912732,-1.66148093,0 135.86892815,-1.66140393,0 135.86818716,-1.66033417,0 135.86764539,-1.66003477,0 135.86705489,-1.66000250,0 135.86646955,-1.66142615,0 135.86643039,-1.66282884,0 135.86613038,-1.66291518,0 135.86571975,-1.66216999,0 135.86553607,-1.66212697,0 135.86515658,-1.66237974,0 135.86474616,-1.66209665,0 135.86423664,-1.66107217,0 135.86444455,-1.66035758,0 135.86390470,-1.65956085,0 135.86295848,-1.65922142,0 135.86199111,-1.65932670,0 135.86165437,-1.65907424,0 135.86104071,-1.65795780,0 135.86028163,-1.65701942,0 135.85880252,-1.65589817,0 135.85700441,-1.65602557,0 135.85670311,-1.65559862,0 135.85698108,-1.65515649,0 135.85683601,-1.65490333,0 135.85517044,-1.65472833,0 135.85473388,-1.65489272,0 135.85368367,-1.65623690,0 135.85241511,-1.65988398,0 135.85217187,-1.66097941,0 135.85158992,-1.66176007,0 135.85065352,-1.66251642,0 135.84966369,-1.66381343,0 135.84992534,-1.66202355,0 135.84896750,-1.66073007,0 135.84929682,-1.66051483,0 135.84927943,-1.65979848,0 135.84896686,-1.65922875,0 135.84871198,-1.65812334,0 135.84775283,-1.65686944,0 135.84766795,-1.65500345,0 135.84853539,-1.65331816,0 135.84847828,-1.65297552,0 135.84813564,-1.65276993,0 135.84749604,-1.65291841,0 135.84698208,-1.65338669,0 135.84523460,-1.65595651,0 135.84511810,-1.65695994,0 135.84483827,-1.65761096,0 135.84456987,-1.65795932,0 135.84407304,-1.65822772,0 135.84346199,-1.65807924,0 135.84321643,-1.65734827,0 135.84287950,-1.65730830,0 135.84213140,-1.65785652,0 135.84058380,-1.65810780,0 135.84004699,-1.65905006,0 135.83980714,-1.65905006,0 135.83960156,-1.65893014,0 135.83931831,-1.65830932,0 135.83896425,-1.65813800,0 135.83714824,-1.65777251,0 135.83621099,-1.65785141,0 135.83605024,-1.65810331,0 135.83579107,-1.65799258,0 135.83568359,-1.65733768,0 135.83588373,-1.65703472,0 135.83579788,-1.65650564,0 135.83633725,-1.65553185,0 135.83633757,-1.65481512,0 135.83746457,-1.65349126,0 135.83803728,-1.65325319,0 135.83861597,-1.65354550,0 135.83892157,-1.65428916,0 135.83915986,-1.65446139,0 135.83990373,-1.65379716,0 135.84100980,-1.65358456,0 135.84110249,-1.65338568,0 135.84076404,-1.65254416,0 135.84023701,-1.65238924,0 135.83884789,-1.65094406,0 135.83832278,-1.65001559,0 135.83773826,-1.64974183,0 135.83789997,-1.64885658,0 135.83771888,-1.64832682,0 135.83726572,-1.64789379,0 135.83738977,-1.64702041,0 135.83707875,-1.64683021,0 135.83606837,-1.64670299,0 135.83605111,-1.64649783,0 135.83674741,-1.64557228,0 135.83658003,-1.64496530,0 135.83823042,-1.64400019,0 135.83877865,-1.64392595,0 135.84056039,-1.64313216,0 135.84333389,-1.64029204,0 135.84582756,-1.63916893,0 135.84698874,-1.63909279,0 135.84717910,-1.63895954,0 135.84702681,-1.63848365,0 135.84584660,-1.63825522,0 135.84518987,-1.63830281,0 135.84404773,-1.63773174,0 135.84265812,-1.63770319,0 135.84051386,-1.63881159,0 135.84006927,-1.63859786,0 135.83970759,-1.63865497,0 135.83913652,-1.63962579,0 135.83798486,-1.64008265,0 135.83695693,-1.64015879,0 135.83585286,-1.63981615,0 135.83566695,-1.63924306,0 135.83508192,-1.63897858,0 135.83476783,-1.63914990,0 135.83455949,-1.63980032,0 135.83342581,-1.64048240,0 135.83316607,-1.64115271,0 135.83251210,-1.64131997,0 135.83234753,-1.64230437,0 135.83006221,-1.64299891,0 135.82846321,-1.64307506,0 135.82793782,-1.64296846,0 135.82771701,-1.64276097,0 135.82745051,-1.64220703,0 135.82700888,-1.64187200,0 135.82693274,-1.64114865,0 135.82670431,-1.64092783,0 135.82432104,-1.64035676,0 135.82222712,-1.63865878,0 135.82084132,-1.63814101,0 135.81787937,-1.63771461,0 135.81634128,-1.63721968,0 135.81287679,-1.63823238,0 135.81155952,-1.63811816,0 135.81043261,-1.63776791,0 135.80877389,-1.63684054,0 135.80821495,-1.63622221,0 135.80780378,-1.63601091,0 135.80678727,-1.63445189,0 135.80643321,-1.63452042,0 135.80576505,-1.63502867,0 135.80430882,-1.63525139,0 135.80355501,-1.63503438,0 135.80283546,-1.63455468,0 135.80228723,-1.63406356,0 135.80172863,-1.63323862,0 135.80092437,-1.63285315,0 135.79873613,-1.63312434,0 135.79801277,-1.63283881,0 135.79754640,-1.63249616,0 135.79750832,-1.63169667,0 135.79729542,-1.63152754,0 135.79562379,-1.63154438,0 135.79361553,-1.63190606,0 135.79276844,-1.63189654,0 135.79227922,-1.63152725,0 135.79135028,-1.63120745,0 135.79007870,-1.62949424,0 135.78879950,-1.62843585,0 135.78794670,-1.62728610,0 135.78725380,-1.62698914,0 135.78595937,-1.62685208,0 135.78505327,-1.62622771,0 135.78469643,-1.62622383,0 135.78369815,-1.62706549,0 135.78305516,-1.62736287,0 135.77912429,-1.62739143,0 135.77561221,-1.62687746,0 135.77152859,-1.62600928,0 135.77006330,-1.62598279,0 135.76873081,-1.62623025,0 135.76664585,-1.62629535,0 135.76598967,-1.62540220,0 135.76558040,-1.62521184,0 135.76500933,-1.62544979,0 135.76483746,-1.62659517,0 135.76394279,-1.62791339,0 135.76346689,-1.62821320,0 135.75884237,-1.62802784,0 135.75728651,-1.62840494,0 135.75419882,-1.62876914,0 135.75178757,-1.62931166,0 135.74997477,-1.62797573,0 135.74962473,-1.62799838,0 135.74918265,-1.62831734,0 135.74748183,-1.62834675,0 135.74674925,-1.62854568,0 135.74299996,-1.62682173,0 135.74171564,-1.62687540,0 135.74101430,-1.62606693,0 135.74062883,-1.62605265,0 135.74028619,-1.62645240,0 135.74020521,-1.62756144,0 135.73899879,-1.62807343,0 135.73883987,-1.62840687,0 135.73804827,-1.62883371,0 135.73780872,-1.62928131,0 135.73798639,-1.62967015,0 135.73783991,-1.63014805,0 135.73837776,-1.62983613,0 135.73870596,-1.62998584,0 135.73902517,-1.63156131,0 135.73944182,-1.63183953,0 135.73878855,-1.63265678,0 135.73891731,-1.63301612,0 135.73878808,-1.63318810,0 135.73838416,-1.63320191,0 135.73771046,-1.63381776,0 135.73689732,-1.63401798,0 135.73595790,-1.63336341,0 135.73411584,-1.63336028,0 135.73345768,-1.63355899,0 135.73287709,-1.63317828,0 135.73256300,-1.63344478,0 135.73229650,-1.63411103,0 135.73171591,-1.63482486,0 135.73037389,-1.63596700,0 135.72978379,-1.63618592,0 135.72809074,-1.63592681,0 135.72629702,-1.63391341,0 135.72622702,-1.63358000,0 135.72656668,-1.63304753,0 135.72653377,-1.63251302,0 135.72694463,-1.63219037,0 135.72706955,-1.63109452,0 135.72611088,-1.63064786,0 135.72288830,-1.62818198,0 135.72144021,-1.62752094,0 135.72069437,-1.62624688,0 135.71990382,-1.62623335,0 135.71967678,-1.62605084,0 135.71824416,-1.62623157,0 135.71587012,-1.62694335,0 135.71539731,-1.62670245,0 135.71352250,-1.62680067,0 135.71329940,-1.62675716,0 135.71329791,-1.62636507,0 135.71247378,-1.62643219,0 135.71218060,-1.62612302,0 135.71212071,-1.62578473,0 135.71171484,-1.62621559,0 135.71112819,-1.62635587,0 135.71088739,-1.62621386,0 135.71032612,-1.62632806,0 135.70939430,-1.62598334,0 135.70824522,-1.62579055,0 135.70592183,-1.62578026,0 135.70451198,-1.62566586,0 135.70412873,-1.62546856,0 135.70361519,-1.62553970,0 135.70328873,-1.62514582,0 135.70261122,-1.62548838,0 135.70089279,-1.62570406,0 135.70056159,-1.62546059,0 135.70026978,-1.62491757,0 135.70008533,-1.62487517,0 135.69999169,-1.62509930,0 135.69993064,-1.62497490,0 135.69974559,-1.62502747,0 135.69967009,-1.62548725,0 135.70017776,-1.62560702,0 135.70048923,-1.62592033,0 135.70049282,-1.62611656,0 135.70257342,-1.62640360,0 135.70266598,-1.62699459,0 135.70246796,-1.62793046,0 135.70252002,-1.62871339,0 135.70291669,-1.62943250,0 135.70301491,-1.63035028,0 135.70324904,-1.63076526,0 135.70323217,-1.63164049,0 135.70304935,-1.63197432,0 135.70334820,-1.63217733,0 135.70319576,-1.63264899,0 135.70275575,-1.63297244,0 135.70219852,-1.63286055,0 135.70174875,-1.63258542,0 135.70157887,-1.63198312,0 135.70039747,-1.63141404,0 135.70007940,-1.63023275,0 135.70047518,-1.62982750,0 135.69993016,-1.62918526,0 135.69971156,-1.62937028,0 135.69938005,-1.62932067,0 135.69950652,-1.62964703,0 135.69902345,-1.63017798,0 135.69769764,-1.63072330,0 135.69732732,-1.63062678,0 135.69613569,-1.63097776,0 135.69588223,-1.63136930,0 135.69596731,-1.63183907,0 135.69492841,-1.63247004,0 135.69501043,-1.63288374,0 135.69485690,-1.63326723,0 135.69450857,-1.63344531,0 135.69386647,-1.63341639,0 135.69323623,-1.63380041,0 135.69267116,-1.63443569,0 135.69138876,-1.63331984,0 135.68944695,-1.63257253,0 135.68888596,-1.63174060,0 135.68896140,-1.63096372,0 135.68916434,-1.63070292,0 135.69026500,-1.63015396,0 135.69078535,-1.62966486,0 135.69100985,-1.62984405,0 135.69141832,-1.62978756,0 135.69235583,-1.62892817,0 135.69274581,-1.62885585,0 135.69270002,-1.62819421,0 135.69293773,-1.62783464,0 135.69234780,-1.62634705,0 135.69238832,-1.62531785,0 135.69222011,-1.62423177,0 135.69186034,-1.62320045,0 135.69096352,-1.62146332,0 135.68942683,-1.62056435,0 135.68927660,-1.61985056,0 135.68891962,-1.61971628,0 135.68770603,-1.61995706,0 135.68648128,-1.61985259,0 135.68483780,-1.62030799,0 135.68099779,-1.62022819,0 135.67953828,-1.62043687,0 135.67918756,-1.62028470,0 135.67909049,-1.61973084,0 135.67826946,-1.61955456,0 135.67810141,-1.61921199,0 135.67793382,-1.61918730,0 135.67731382,-1.61971481,0 135.67612439,-1.61989282,0 135.67394580,-1.62177712,0 135.67123334,-1.62301422,0 135.66697642,-1.62291619,0 135.66507713,-1.62262752,0 135.66411588,-1.62328769,0 135.66354824,-1.62344856,0 135.66186367,-1.62294282,0 135.65939655,-1.62308837,0 135.65734235,-1.62233596,0 135.65560532,-1.62131432,0 135.65549795,-1.62100040,0 135.65563151,-1.62050187,0 135.65543461,-1.62012779,0 135.65425915,-1.61908559,0 135.65383561,-1.61894758,0 135.65350248,-1.61922835,0 135.65317944,-1.61993215,0 135.65133067,-1.62084730,0 135.65090681,-1.62128633,0 135.64864064,-1.62237735,0 135.64770336,-1.62308979,0 135.64663278,-1.62346825,0 135.64442039,-1.62470800,0 135.64231442,-1.62546292,0 135.64150048,-1.62635246,0 135.64073905,-1.62631915,0 135.64007380,-1.62657956,0 135.63838939,-1.62618554,0 135.63548163,-1.62619407,0 135.63425320,-1.62597463,0 135.63318827,-1.62625753,0 135.63316490,-1.62586519,0 135.63116607,-1.62591470,0 135.62998214,-1.62493560,0 135.62953307,-1.62479637,0 135.62615408,-1.62567600,0 135.62387754,-1.62583784,0 135.62153305,-1.62509445,0 135.62103021,-1.62457496,0 135.62108110,-1.62415804,0 135.62013216,-1.62359091,0 135.61972197,-1.62314163,0 135.61953792,-1.62242101,0 135.61874064,-1.62146833,0 135.61752483,-1.62084225,0 135.61478206,-1.62070190,0 135.61447918,-1.62051670,0 135.61406178,-1.62075896,0 135.61306240,-1.62093593,0 135.61130859,-1.62081769,0 135.61094449,-1.62165569,0 135.60974601,-1.62175230,0 135.60789555,-1.62093008,0 135.60700013,-1.62014003,0 135.60408506,-1.62001732,0 135.60263335,-1.62017994,0 135.60059161,-1.62151945,0 135.59781309,-1.62122195,0 135.59693691,-1.62069410,0 135.59544450,-1.61906194,0 135.59373845,-1.61605380,0 135.59233377,-1.61583605,0 135.59191057,-1.61530148,0 135.59157448,-1.61515652,0 135.59079075,-1.61509954,0 135.58756274,-1.61424986,0 135.58749619,-1.61316864,0 135.58714102,-1.61267046,0 135.58675048,-1.61272572,0 135.58527324,-1.61372292,0 135.58325034,-1.61387292,0 135.58170404,-1.61361561,0 135.58074882,-1.61299706,0 135.58016691,-1.61218504,0 135.58012043,-1.61182363,0 135.58066640,-1.61104102,0 135.58061119,-1.61071026,0 135.58026855,-1.61059605,0 135.57995560,-1.61062459,0 135.57939976,-1.61108062,0 135.57862386,-1.61124326,0 135.57844112,-1.61149453,0 135.57843343,-1.61190308,0 135.57806022,-1.61213047,0 135.57702487,-1.61246916,0 135.57555238,-1.61267281,0 135.57512130,-1.61290317,0 135.57443903,-1.61392319,0 135.57381151,-1.61428292,0 135.57296180,-1.61425162,0 135.57218390,-1.61482125,0 135.57170359,-1.61492307,0 135.57107730,-1.61471689,0 135.57050737,-1.61425591,0 135.57004889,-1.61429902,0 135.56995183,-1.61383966,0 135.56963382,-1.61363536,0 135.56750523,-1.61288118,0 135.56741402,-1.61236622,0 135.56701890,-1.61210122,0 135.56696980,-1.61155355,0 135.56645401,-1.61077293,0 135.56646701,-1.61106560,0 135.56596373,-1.61129529,0 135.56273003,-1.61104898,0 135.56098878,-1.61179356,0 135.56020817,-1.61247982,0 135.55981622,-1.61320944,0 135.55856565,-1.61425980,0 135.55589436,-1.61457985,0 135.55471486,-1.61428976,0 135.55443365,-1.61387751,0 135.55378328,-1.61365864,0 135.55368891,-1.61346624,0 135.55389436,-1.61325311,0 135.55386669,-1.61300298,0 135.55343481,-1.61298092,0 135.55298789,-1.61258889,0 135.55222517,-1.61294125,0 135.55148659,-1.61278896,0 135.55141451,-1.61241999,0 135.55155898,-1.61203485,0 135.55127955,-1.61191374,0 135.55073336,-1.61199353,0 135.55054251,-1.61154919,0 135.55013052,-1.61134330,0 135.55028543,-1.61105783,0 135.55009713,-1.61102107,0 135.54915662,-1.61214175,0 135.54898035,-1.61289500,0 135.54720621,-1.61349430,0 135.54637133,-1.61409892,0 135.54561352,-1.61417962,0 135.54502842,-1.61383899,0 135.54457895,-1.61379182,0 135.54296408,-1.61261062,0 135.54284847,-1.61241047,0 135.54299485,-1.61209043,0 135.54282521,-1.61183045,0 135.54183261,-1.61184514,0 135.54114441,-1.61131295,0 135.53832615,-1.61137989,0 135.53682269,-1.61119016,0 135.53491222,-1.61130920,0 135.53410287,-1.61095084,0 135.53250128,-1.61077549,0 135.53182570,-1.61017483,0 135.53092120,-1.60976850,0 135.52972499,-1.60889045,0 135.52935207,-1.60808515,0 135.52894762,-1.60763107,0 135.52862385,-1.60752537,0 135.52737722,-1.60784907,0 135.52690743,-1.60814028,0 135.52707524,-1.60899612,0 135.52688674,-1.60957706,0 135.52522440,-1.61099414,0 135.52479949,-1.61114834,0 135.52398225,-1.61099843,0 135.52293526,-1.61041209,0 135.52186322,-1.60948865,0 135.52076410,-1.60929546,0 135.52008283,-1.60841636,0 135.51887764,-1.60792588,0 135.51698888,-1.60821037,0 135.51198396,-1.60838161,0 135.51108331,-1.60832778,0 135.51041132,-1.60808633,0 135.50922604,-1.60822130,0 135.50848502,-1.60778369,0 135.50752116,-1.60754588,0 135.50580615,-1.60781767,0 135.50491165,-1.60775388,0 135.50436112,-1.60754443,0 135.50360573,-1.60766779,0 135.50334733,-1.60716907,0 135.50302722,-1.60705562,0 135.50226427,-1.60715071,0 135.50191558,-1.60747935,0 135.50141618,-1.60745974,0 135.50083033,-1.60770009,0 135.50025774,-1.60881431,0 135.49971723,-1.60907865,0 135.49931281,-1.60908632,0 135.49791095,-1.60857385,0 135.49662523,-1.60871970,0 135.49498154,-1.60839494,0 135.49177305,-1.60644012,0 135.48966217,-1.60548244,0 135.48914929,-1.60500196,0 135.48899535,-1.60450560,0 135.48629034,-1.60375885,0 135.48483616,-1.60264799,0 135.48196169,-1.60174264,0 135.48104597,-1.60096198,0 135.48078937,-1.60046613,0 135.48011679,-1.59999594,0 135.47861036,-1.59968479,0 135.47625755,-1.59964672,0 135.47544282,-1.59949444,0 135.47427022,-1.59903758,0 135.47379814,-1.59868732,0 135.47301511,-1.59851582,0 135.47076766,-1.59881677,0 135.46991971,-1.59974858,0 135.46729555,-1.60054521,0 135.46584351,-1.60141821,0 135.46544101,-1.60143313,0 135.46341292,-1.60072673,0 135.45894348,-1.60168094,0 135.45745894,-1.60165523,0 135.45464238,-1.60122466,0 135.45432676,-1.60072959,0 135.45420288,-1.59932559,0 135.45371583,-1.59918536,0 135.45296548,-1.60006551,0 135.45112533,-1.60001047,0 135.44942939,-1.60049339,0 135.44884990,-1.60048712,0 135.44812280,-1.60100206,0 135.44773277,-1.60103897,0 135.44735700,-1.60169044,0 135.44674540,-1.60199135,0 135.44158939,-1.60292448,0 135.44027516,-1.60267649,0 135.43869711,-1.60290235,0 135.43817094,-1.60282187,0 135.43771409,-1.60223558,0 135.43625215,-1.60142085,0 135.43584098,-1.60151222,0 135.43569630,-1.60187009,0 135.43612270,-1.60252492,0 135.43611420,-1.60279229,0 135.43494240,-1.60314909,0 135.43316096,-1.60282980,0 135.43210331,-1.60228299,0 135.42932859,-1.60225634,0 135.42842154,-1.60244291,0 135.42781767,-1.60216992,0 135.42620430,-1.60200983,0 135.42490516,-1.60212240,0 135.42386909,-1.60192723,0 135.42370988,-1.60205990,0 135.42334268,-1.60189923,0 135.42324846,-1.60149599,0 135.42302575,-1.60135012,0 135.42223280,-1.60143590,0 135.42104870,-1.60091010,0 135.42047807,-1.60134326,0 135.42018695,-1.60135518,0 135.41942974,-1.60108157,0 135.41909839,-1.60052414,0 135.41853501,-1.60038594,0 135.41778276,-1.60078552,0 135.41607895,-1.60107111,0 135.41524345,-1.60072049,0 135.41469396,-1.60088359,0 135.41346760,-1.60088128,0 135.41328200,-1.60076665,0 135.41321869,-1.60039671,0 135.41293799,-1.60034839,0 135.41083385,-1.60163259,0 135.41024155,-1.60150889,0 135.41066178,-1.60201871,0 135.41077489,-1.60336318,0 135.41192187,-1.60497346,0 135.41248312,-1.60514697,0 135.41311806,-1.60565512,0 135.41388380,-1.60577499,0 135.41443565,-1.60655932,0 135.41548693,-1.60745469,0 135.41577818,-1.60737629,0 135.41581232,-1.60678422,0 135.41624599,-1.60672271,0 135.41686718,-1.60686308,0 135.41739510,-1.60719234,0 135.41771626,-1.60768329,0 135.41803675,-1.60742625,0 135.41977330,-1.60730278,0 135.42067322,-1.60743121,0 135.42226322,-1.60840240,0 135.42508929,-1.60859262,0 135.42681930,-1.60932491,0 135.42829579,-1.60920010,0 135.43100944,-1.61014468,0 135.43212434,-1.61094121,0 135.43216381,-1.61122382,0 135.43188776,-1.61153410,0 135.43346086,-1.61162926,0 135.43411618,-1.61111687,0 135.43456934,-1.61105764,0 135.43498807,-1.61131912,0 135.43473944,-1.61142147,0 135.43474691,-1.61162395,0 135.43654537,-1.61215555,0 135.43729068,-1.61208397,0 135.43766904,-1.61143230,0 135.43947238,-1.61151636,0 135.44044074,-1.61102688,0 135.44092755,-1.61107310,0 135.44174210,-1.61032309,0 135.44221198,-1.61032631,0 135.44321266,-1.61077713,0 135.44351822,-1.61166595,0 135.44408558,-1.61177533,0 135.44440073,-1.61213687,0 135.44420829,-1.61262953,0 135.44444349,-1.61374339,0 135.44472528,-1.61388206,0 135.44511196,-1.61363401,0 135.44540141,-1.61384748,0 135.44523627,-1.61408983,0 135.44398730,-1.61456394,0 135.44292186,-1.61524913,0 135.44290922,-1.61561708,0 135.44371868,-1.61646326,0 135.44419456,-1.61924007,0 135.44377313,-1.61989324,0 135.44305903,-1.62030507,0 135.44232308,-1.62036200,0 135.44189034,-1.62081522,0 135.44230472,-1.62122189,0 135.44335552,-1.62135314,0 135.44397484,-1.62192362,0 135.44413482,-1.62284076,0 135.44434150,-1.62300091,0 135.44459079,-1.62290377,0 135.44438913,-1.62343190,0 135.44385888,-1.62377985,0 135.44277262,-1.62407438,0 135.44238429,-1.62400081,0 135.44240188,-1.62446130,0 135.44210656,-1.62501130,0 135.44230360,-1.62729468,0 135.44251195,-1.62739171,0 135.44240577,-1.62851077,0 135.44271464,-1.62947638,0 135.44341216,-1.62993682,0 135.44286471,-1.63044180,0 135.44271395,-1.63139721,0 135.44337311,-1.63220900,0 135.44369240,-1.63417672,0 135.44401437,-1.63467352,0 135.44397938,-1.63563612,0 135.44440457,-1.63621327,0 135.44480307,-1.63753098,0 135.44544073,-1.63809182,0 135.44588412,-1.63899290,0 135.44620389,-1.63885671,0 135.44725281,-1.64067296,0 135.44766310,-1.64085318,0 135.44786075,-1.64163619,0 135.44861035,-1.64241839,0 135.44916037,-1.64265191,0 135.45015087,-1.64268806,0 135.45015573,-1.64218993,0 135.45051806,-1.64210571,0 135.45050799,-1.64180489,0 135.45085035,-1.64172414,0 135.45103910,-1.64116367,0 135.45223529,-1.64063904,0 135.45303046,-1.63882778,0 135.45408575,-1.63861139,0 135.45434324,-1.63869666,0 135.45508883,-1.63823614,0 135.45532182,-1.63739404,0 135.45563346,-1.63697872,0 135.45573494,-1.63636709,0 135.45668211,-1.63543617,0 135.45668223,-1.63478422,0 135.45810795,-1.63431753,0 135.45867886,-1.63329098,0 135.45911999,-1.63302603,0 135.46042809,-1.63301527,0 135.46145455,-1.63343046,0 135.46327684,-1.63490940,0 135.46423061,-1.63508092,0 135.46529256,-1.63631297,0 135.46640135,-1.63717679,0 135.46782314,-1.63933176,0 135.46907519,-1.64187397,0 135.46956604,-1.64342070,0 135.46985658,-1.64508273,0 135.46977628,-1.64702836,0 135.46930854,-1.64838836,0 135.46883083,-1.64908719,0 135.46851764,-1.64892277,0 135.46828102,-1.64905094,0 135.46777732,-1.65026767,0 135.46672367,-1.65108992,0 135.46657176,-1.65248534,0 135.46667019,-1.65363310,0 135.46721016,-1.65382143,0 135.46751602,-1.65429585,0 135.46841146,-1.65463602,0 135.46945542,-1.65459995,0 135.47008236,-1.65595462,0 135.46991049,-1.65624514,0 135.47014640,-1.65648554,0 135.47016940,-1.65714881,0 135.47097907,-1.65728061,0 135.47134716,-1.65714242,0 135.47232106,-1.65715124,0 135.47325003,-1.65754637,0 135.47340167,-1.65875425,0 135.47365629,-1.65907113,0 135.47368289,-1.65943749,0 135.47430080,-1.65950030,0 135.47436385,-1.65906404,0 135.47455484,-1.65897292,0 135.47508357,-1.65924246,0 135.47556921,-1.65904132,0 135.47632824,-1.65925903,0 135.47666716,-1.65996295,0 135.47664291,-1.66028543,0 135.47615883,-1.66026855,0 135.47577697,-1.66048557,0 135.47596644,-1.66062641,0 135.47593564,-1.66105327,0 135.47399181,-1.66148213,0 135.47358213,-1.66232549,0 135.47205556,-1.66345567,0 135.47215206,-1.66403983,0 135.47200791,-1.66434881,0 135.47174276,-1.66432189,0 135.47173971,-1.66410388,0 135.47157590,-1.66405573,0 135.47115498,-1.66431001,0 135.47125766,-1.66468076,0 135.47114984,-1.66482957,0 135.47096324,-1.66485805,0 135.47050086,-1.66444448,0 135.47016853,-1.66499300,0 135.47015313,-1.66520644,0 135.47054348,-1.66544863,0 135.47033310,-1.66593643,0 135.47039646,-1.66626788,0 135.47065014,-1.66631108,0 135.47091203,-1.66605967,0 135.47117475,-1.66604949,0 135.47143373,-1.66629212,0 135.47146527,-1.66675590,0 135.47130656,-1.66685154,0 135.47103648,-1.66673186,0 135.47101174,-1.66691055,0 135.47141332,-1.66841676,0 135.47187697,-1.66852417,0 135.47244461,-1.66803977,0 135.47273950,-1.66799932,0 135.47395588,-1.66917800,0 135.47366401,-1.66942719,0 135.47362647,-1.66990743,0 135.47332998,-1.67015199,0 135.47328011,-1.67039802,0 135.47383342,-1.67043786,0 135.47374441,-1.67069794,0 135.47411107,-1.67075001,0 135.47428401,-1.67212250,0 135.47451886,-1.67272472,0 135.47444802,-1.67357619,0 135.47386202,-1.67408616,0 135.47379618,-1.67438095,0 135.47418326,-1.67501281,0 135.47444759,-1.67749828,0 135.47431695,-1.67891012,0 135.47412971,-1.67913906,0 135.47372401,-1.67909474,0 135.47358643,-1.67940498,0 135.47400492,-1.68037239,0 135.47461156,-1.68046412,0 135.47487816,-1.67999266,0 135.47538288,-1.68013273,0 135.47555571,-1.67991873,0 135.47580052,-1.67994810,0 135.47626806,-1.68026442,0 135.47686561,-1.68114660,0 135.47708848,-1.68118498,0 135.47751068,-1.68108088,0 135.47714048,-1.68081208,0 135.47733977,-1.68045844,0 135.47857572,-1.68037633,0 135.47912857,-1.68068847,0 135.47982497,-1.68057589,0 135.47987056,-1.68046443,0 135.47964056,-1.68041481,0 135.47973619,-1.68032009,0 135.48043051,-1.68057664,0 135.48090176,-1.68038541,0 135.48161832,-1.68049888,0 135.48200792,-1.67994593,0 135.48224061,-1.67985409,0 135.48246171,-1.67995115,0 135.48278864,-1.67984245,0 135.48371667,-1.68019000,0 135.48442289,-1.67997604,0 135.48564342,-1.67993639,0 135.48764451,-1.67906890,0 135.48789347,-1.67872347,0 135.48838953,-1.67852899,0 135.48972519,-1.67692376,0 135.49001408,-1.67613575,0 135.48993704,-1.67509942,0 135.49011307,-1.67478470,0 135.49146927,-1.67463242,0 135.49322038,-1.67480894,0 135.49397153,-1.67625064,0 135.49354973,-1.67728738,0 135.49358010,-1.67758474,0 135.49459932,-1.67827810,0 135.49468143,-1.67852410,0 135.49439861,-1.67889410,0 135.49473377,-1.67949666,0 135.49518197,-1.67959016,0 135.49534862,-1.67898345,0 135.49567419,-1.67891133,0 135.49671589,-1.67922923,0 135.49706179,-1.67943979,0 135.49699242,-1.67961887,0 135.49756206,-1.67990649,0 135.49791046,-1.67992629,0 135.49838146,-1.67969526,0 135.49907802,-1.67981374,0 135.50005042,-1.67949193,0 135.50076781,-1.67965596,0 135.50300920,-1.68120105,0 135.50485795,-1.68293612,0 135.50581828,-1.68325586,0 135.50634043,-1.68323690,0 135.50865457,-1.68480349,0 135.50930928,-1.68567426,0 135.51009004,-1.68548660,0 135.51148309,-1.68622645,0 135.51283735,-1.68610640,0 135.51340674,-1.68625127,0 135.51365355,-1.68599427,0 135.51449740,-1.68575585,0 135.51459646,-1.68537703,0 135.51408612,-1.68411757,0 135.51299379,-1.68233327,0 135.51253845,-1.68205972,0 135.50966370,-1.68124219,0 135.50890467,-1.68061110,0 135.50823386,-1.68042545,0 135.50758638,-1.67972304,0 135.50746349,-1.67800480,0 135.50756522,-1.67782773,0 135.50795999,-1.67787304,0 135.50809944,-1.67759789,0 135.50797711,-1.67699956,0 135.50745779,-1.67613137,0 135.50743882,-1.67540546,0 135.50767195,-1.67509744,0 135.50773768,-1.67445609,0 135.50805101,-1.67418442,0 135.50857782,-1.67413208,0 135.50927332,-1.67455475,0 135.50987620,-1.67454672,0 135.51032909,-1.67508770,0 135.51127691,-1.67570915,0 135.51191912,-1.67552958,0 135.51228501,-1.67515468,0 135.51265377,-1.67508546,0 135.51269707,-1.67458525,0 135.51328788,-1.67415021,0 135.51313819,-1.67370736,0 135.51277185,-1.67348368,0 135.51220517,-1.67371217,0 135.51125030,-1.67363172,0 135.51104315,-1.67289744,0 135.51019735,-1.67251363,0 135.50926545,-1.67157725,0 135.50914739,-1.67078586,0 135.50928411,-1.67000960,0 135.50999713,-1.66936328,0 135.51134260,-1.66971775,0 135.51256966,-1.66968893,0 135.51300778,-1.66943541,0 135.51402212,-1.66936169,0 135.51441349,-1.66877480,0 135.51477846,-1.66699841,0 135.51511249,-1.66675264,0 135.51508361,-1.66598801,0 135.51591411,-1.66535777,0 135.51629970,-1.66457068,0 135.51663632,-1.66433944,0 135.51788092,-1.66400945,0 135.51893573,-1.66295222,0 135.51945559,-1.66206637,0 135.52102715,-1.66174663,0 135.52156675,-1.66145735,0 135.52224612,-1.66173861,0 135.52226000,-1.66254080,0 135.52251619,-1.66313167,0 135.52430308,-1.66350293,0 135.52501394,-1.66388931,0 135.52521180,-1.66385153,0 135.52552819,-1.66401692,0 135.52576181,-1.66450004,0 135.52669395,-1.66501492,0 135.52720205,-1.66592996,0 135.52797072,-1.66664183,0 135.52845048,-1.66749509,0 135.52821466,-1.66813576,0 135.52701885,-1.66970599,0 135.52663874,-1.67003829,0 135.52605524,-1.66987723,0 135.52592079,-1.67004581,0 135.52606060,-1.67044809,0 135.52574462,-1.67085682,0 135.52592241,-1.67140012,0 135.52584050,-1.67171335,0 135.52551293,-1.67184018,0 135.52496424,-1.67176977,0 135.52465061,-1.67191125,0 135.52452828,-1.67232174,0 135.52399258,-1.67240683,0 135.52369220,-1.67267823,0 135.52352543,-1.67439229,0 135.52307567,-1.67513787,0 135.52304481,-1.67572430,0 135.52241647,-1.67600338,0 135.52188429,-1.67683050,0 135.52066933,-1.67740168,0 135.51981390,-1.67804194,0 135.51978344,-1.67844550,0 135.52022507,-1.67963332,0 135.51968445,-1.68192522,0 135.51982912,-1.68409529,0 135.51947488,-1.68485650,0 135.51902201,-1.68465113,0 135.51867175,-1.68471966,0 135.51832150,-1.68589226,0 135.51835957,-1.68616637,0 135.51870221,-1.68642526,0 135.51940272,-1.68618160,0 135.52055248,-1.68639480,0 135.52081898,-1.68624251,0 135.52128086,-1.68493355,0 135.52165064,-1.68462477,0 135.52328780,-1.68476528,0 135.52375552,-1.68497604,0 135.52422854,-1.68476973,0 135.52462477,-1.68491718,0 135.52467767,-1.68401763,0 135.52533183,-1.68313467,0 135.52555829,-1.68244894,0 135.52684515,-1.68076905,0 135.52690556,-1.68042181,0 135.52745276,-1.68031645,0 135.52779760,-1.67988717,0 135.52930272,-1.67981511,0 135.52987306,-1.67948411,0 135.53047774,-1.67946323,0 135.53085499,-1.67923144,0 135.53164634,-1.67934494,0 135.53284192,-1.67836174,0 135.53326832,-1.67833128,0 135.53364903,-1.67864347,0 135.53366426,-1.67955718,0 135.53386985,-1.67970946,0 135.53448660,-1.67970185,0 135.53527849,-1.67927545,0 135.53567443,-1.67867392,0 135.53572012,-1.67814854,0 135.53629453,-1.67766565,0 135.53766202,-1.67730639,0 135.53792071,-1.67747314,0 135.53887962,-1.67745730,0 135.54005983,-1.67684816,0 135.54126288,-1.67706136,0 135.54155080,-1.67661341,0 135.54151108,-1.67603307,0 135.54179778,-1.67571988,0 135.54191622,-1.67522127,0 135.54235541,-1.67527525,0 135.54246461,-1.67583748,0 135.54287745,-1.67618639,0 135.54229970,-1.67636206,0 135.54230604,-1.67678725,0 135.54475022,-1.67684816,0 135.54486799,-1.67660669,0 135.54460555,-1.67613242,0 135.54481114,-1.67571363,0 135.54589512,-1.67533424,0 135.54651535,-1.67469229,0 135.54601475,-1.67457681,0 135.54595141,-1.67440331,0 135.54585874,-1.67381194,0 135.54630479,-1.67367982,0 135.54593183,-1.67252537,0 135.54564550,-1.67223197,0 135.54478235,-1.67188129,0 135.54453816,-1.67050597,0 135.54484535,-1.66984031,0 135.54667143,-1.66824168,0 135.54754507,-1.66716006,0 135.54759459,-1.66646127,0 135.54829793,-1.66597734,0 135.54901205,-1.66514827,0 135.54966845,-1.66494218,0 135.55089521,-1.66514304,0 135.55140537,-1.66470738,0 135.55165522,-1.66411601,0 135.55229134,-1.66372999,0 135.55297775,-1.66277971,0 135.55418812,-1.66271606,0 135.55475157,-1.66251809,0 135.55519282,-1.66284215,0 135.55507907,-1.66402786,0 135.55549615,-1.66542764,0 135.55441261,-1.66680824,0 135.55527557,-1.66680148,0 135.55551264,-1.66743867,0 135.55584326,-1.66762313,0 135.55867123,-1.66780399,0 135.55937819,-1.66766427,0 135.56016139,-1.66836659,0 135.56053132,-1.66799846,0 135.56108764,-1.66803277,0 135.56168041,-1.66760089,0 135.56199174,-1.66761392,0 135.56203216,-1.66781266,0 135.56147592,-1.66865793,0 135.56170816,-1.66961352,0 135.56161726,-1.67038008,0 135.56111109,-1.67090674,0 135.56216501,-1.67165795,0 135.56242736,-1.67226420,0 135.56264471,-1.67231278,0 135.56325557,-1.67200348,0 135.56336373,-1.67263898,0 135.56366672,-1.67274203,0 135.56385594,-1.67264536,0 135.56418791,-1.67188949,0 135.56467688,-1.67159135,0 135.56537517,-1.67200214,0 135.56597065,-1.67191087,0 135.56619399,-1.67166871,0 135.56635384,-1.67106732,0 135.56675403,-1.67204736,0 135.56636428,-1.67287243,0 135.56684229,-1.67357267,0 135.56670357,-1.67412111,0 135.56710773,-1.67429577,0 135.56746478,-1.67478673,0 135.56976674,-1.67648124,0 135.57026986,-1.67661390,0 135.57083514,-1.67639635,0 135.57250638,-1.67506517,0 135.57409550,-1.67454903,0 135.57425648,-1.67432676,0 135.57419203,-1.67379276,0 135.57430058,-1.67367844,0 135.57480559,-1.67374273,0 135.57632157,-1.67581273,0 135.57654357,-1.67718343,0 135.57710334,-1.67731752,0 135.57661281,-1.67806407,0 135.57648914,-1.67880494,0 135.57673286,-1.67939870,0 135.57727681,-1.67973967,0 135.57714229,-1.68018594,0 135.57567280,-1.68007779,0 135.57517814,-1.68033405,0 135.57506764,-1.68057473,0 135.57568946,-1.68171344,0 135.57578606,-1.68280282,0 135.57642855,-1.68328854,0 135.57646843,-1.68451846,0 135.57686818,-1.68469740,0 135.57705853,-1.68427481,0 135.57738975,-1.68429004,0 135.57745651,-1.68454143,0 135.57713085,-1.68469074,0 135.57710873,-1.68489670,0 135.57812033,-1.68561146,0 135.57846717,-1.68618218,0 135.57844856,-1.68654060,0 135.57823494,-1.68641823,0 135.57804903,-1.68651193,0 135.57822733,-1.68684082,0 135.57774947,-1.68702893,0 135.57795321,-1.68729387,0 135.57917911,-1.68737762,0 135.57957886,-1.68710732,0 135.57986820,-1.68590807,0 135.57961383,-1.68505795,0 135.57971623,-1.68405286,0 135.57902798,-1.68356328,0 135.57896689,-1.68311575,0 135.57943656,-1.68225970,0 135.58002582,-1.68214218,0 135.58091967,-1.68108607,0 135.58139919,-1.68043211,0 135.58151501,-1.67996129,0 135.58194849,-1.67989096,0 135.58329091,-1.68023078,0 135.58391138,-1.68012122,0 135.58549225,-1.68122121,0 135.58556429,-1.68162612,0 135.58511121,-1.68197148,0 135.58529873,-1.68255394,0 135.58465832,-1.68301190,0 135.58451507,-1.68346519,0 135.58469418,-1.68356899,0 135.58547086,-1.68333897,0 135.58598753,-1.68366794,0 135.58837966,-1.68310707,0 135.58975603,-1.68363652,0 135.59021776,-1.68361865,0 135.59078468,-1.68334653,0 135.59149425,-1.68386234,0 135.59220229,-1.68378179,0 135.59321222,-1.68419105,0 135.59394308,-1.68371649,0 135.59420316,-1.68250731,0 135.59490249,-1.68217481,0 135.59514545,-1.68171430,0 135.59554249,-1.68152908,0 135.59575699,-1.68066075,0 135.59625060,-1.68044004,0 135.59785566,-1.68127569,0 135.59869657,-1.68120107,0 135.59972461,-1.68160243,0 135.60086617,-1.68249354,0 135.60155760,-1.68220727,0 135.60323186,-1.68288308,0 135.60405875,-1.68242073,0 135.60478877,-1.68279193,0 135.60500292,-1.68273482,0 135.60535033,-1.68221134,0 135.60617362,-1.68166406,0 135.60633801,-1.68138553,0 135.60692467,-1.68152217,0 135.60742430,-1.68022272,0 135.60770568,-1.68046409,0 135.60769938,-1.68128812,0 135.60853675,-1.68365733,0 135.60868533,-1.68385034,0 135.60926541,-1.68403536,0 135.60978325,-1.68464857,0 135.61009951,-1.68460559,0 135.61048357,-1.68430620,0 135.61115929,-1.68438487,0 135.61328425,-1.68402179,0 135.61371294,-1.68417464,0 135.61401847,-1.68402563,0 135.61463029,-1.68416819,0 135.61533662,-1.68410772,0 135.61582749,-1.68452302,0 135.61664418,-1.68460517,0 135.61788263,-1.68397594,0 135.61911059,-1.68426929,0 135.62011916,-1.68368375,0 135.62017380,-1.68382558,0 135.61983648,-1.68402925,0 135.61950812,-1.68462031,0 135.61962842,-1.68482659,0 135.62042183,-1.68486015,0 135.62069362,-1.68551262,0 135.62219597,-1.68591791,0 135.62296638,-1.68580195,0 135.62383585,-1.68590390,0 135.62432108,-1.68576144,0 135.62469506,-1.68742500,0 135.62534672,-1.68732501,0 135.62518033,-1.68762585,0 135.62463633,-1.68790967,0 135.62348277,-1.68824660,0 135.62344851,-1.68884052,0 135.62283556,-1.68879425,0 135.62236347,-1.68936590,0 135.62168133,-1.68862114,0 135.62113099,-1.68843432,0 135.62055508,-1.68842872,0 135.61934299,-1.68884055,0 135.61823800,-1.68880164,0 135.61756628,-1.68913269,0 135.61704725,-1.68989939,0 135.61639007,-1.69026248,0 135.61628638,-1.69066815,0 135.61610370,-1.69065608,0 135.61590049,-1.69027293,0 135.61566276,-1.69016019,0 135.61464050,-1.69017744,0 135.61415170,-1.69042864,0 135.61400661,-1.69131110,0 135.61365254,-1.69151668,0 135.61319539,-1.69148372,0 135.61314693,-1.69177332,0 135.61375028,-1.69243128,0 135.61407682,-1.69249142,0 135.61438232,-1.69282144,0 135.61544155,-1.69314452,0 135.61534050,-1.69340908,0 135.61588535,-1.69413373,0 135.61599374,-1.69461932,0 135.61587875,-1.69489474,0 135.61544833,-1.69516086,0 135.61336107,-1.69564627,0 135.61228746,-1.69620877,0 135.61220465,-1.69650858,0 135.61340579,-1.69715042,0 135.61397963,-1.69659251,0 135.61440327,-1.69665877,0 135.61453826,-1.69681831,0 135.61433919,-1.69728853,0 135.61463760,-1.69738750,0 135.61555018,-1.69715865,0 135.61656514,-1.69625377,0 135.61721940,-1.69612328,0 135.61913209,-1.69652869,0 135.62020804,-1.69627223,0 135.62143089,-1.69661298,0 135.62232915,-1.69648360,0 135.62395730,-1.69661434,0 135.62552490,-1.69604217,0 135.62779354,-1.69654035,0 135.62900964,-1.69627805,0 135.62983208,-1.69579731,0 135.63005269,-1.69550865,0 135.62991466,-1.69510286,0 135.62868570,-1.69424971,0 135.62918583,-1.69342567,0 135.62942721,-1.69207003,0 135.62997141,-1.69190430,0 135.63066509,-1.69217023,0 135.63131629,-1.69204472,0 135.63184928,-1.69218940,0 135.63146559,-1.69084897,0 135.63168155,-1.68979496,0 135.63231456,-1.68957076,0 135.63312145,-1.68995525,0 135.63355099,-1.68992969,0 135.63415845,-1.68933810,0 135.63439856,-1.68844883,0 135.63534216,-1.68790626,0 135.63584668,-1.68735497,0 135.63746646,-1.68719784,0 135.63864724,-1.68646585,0 135.63872761,-1.68590230,0 135.63923861,-1.68571105,0 135.63938709,-1.68522564,0 135.63980397,-1.68531130,0 135.64034078,-1.68503148,0 135.64018659,-1.68444898,0 135.64052729,-1.68329527,0 135.64103177,-1.68347816,0 135.64208825,-1.68501434,0 135.64273356,-1.68505432,0 135.64322910,-1.68484516,0 135.64393281,-1.68529988,0 135.64623422,-1.68427195,0 135.64714794,-1.68431193,0 135.64922663,-1.68475165,0 135.65038591,-1.68430051,0 135.65135102,-1.68473452,0 135.65156885,-1.68497914,0 135.65162294,-1.68542973,0 135.65180905,-1.68548730,0 135.65263423,-1.68545065,0 135.65324298,-1.68475720,0 135.65392862,-1.68518560,0 135.65437473,-1.68527980,0 135.65568440,-1.68503230,0 135.65572542,-1.68579671,0 135.65613659,-1.68621359,0 135.65618242,-1.68651371,0 135.65505905,-1.68683416,0 135.65359544,-1.68809793,0 135.65316479,-1.68881892,0 135.65201346,-1.68934306,0 135.65203059,-1.69009687,0 135.65133389,-1.69064510,0 135.65011750,-1.69060513,0 135.64956894,-1.68999453,0 135.64938554,-1.68998545,0 135.64915023,-1.69095325,0 135.64856548,-1.69109829,0 135.64769096,-1.69194536,0 135.64680420,-1.69227206,0 135.64642951,-1.69260538,0 135.64603549,-1.69391391,0 135.64611544,-1.69434792,0 135.64635529,-1.69435363,0 135.64659738,-1.69381789,0 135.64694463,-1.69421108,0 135.64748030,-1.69411378,0 135.64760784,-1.69389686,0 135.64754441,-1.69337531,0 135.64817701,-1.69298306,0 135.64847396,-1.69310299,0 135.64856076,-1.69340910,0 135.64920464,-1.69324170,0 135.64912498,-1.69365122,0 135.64927917,-1.69379969,0 135.64987781,-1.69348506,0 135.65017004,-1.69358840,0 135.64981027,-1.69417089,0 135.64979360,-1.69512303,0 135.64941623,-1.69518740,0 135.64931865,-1.69567485,0 135.64908019,-1.69579941,0 135.64943016,-1.69628664,0 135.64936424,-1.69704848,0 135.64956676,-1.69723930,0 135.65065176,-1.69622861,0 135.65089629,-1.69634976,0 135.65246643,-1.69617725,0 135.65354746,-1.69635167,0 135.65405832,-1.69620711,0 135.65478866,-1.69644044,0 135.65549887,-1.69642256,0 135.65579006,-1.69618227,0 135.65597870,-1.69545043,0 135.65619946,-1.69535681,0 135.65678153,-1.69544067,0 135.65692900,-1.69614976,0 135.65756541,-1.69641520,0 135.65781103,-1.69618375,0 135.65793089,-1.69549577,0 135.65825160,-1.69540974,0 135.65835349,-1.69551291,0 135.65825826,-1.69607749,0 135.65839703,-1.69624833,0 135.65929937,-1.69600620,0 135.65983487,-1.69641520,0 135.66011122,-1.69692108,0 135.65999498,-1.69745234,0 135.66048949,-1.69789473,0 135.66064714,-1.69858819,0 135.66095607,-1.69868335,0 135.66147866,-1.69839775,0 135.66219630,-1.69750731,0 135.66261021,-1.69726309,0 135.66278714,-1.69596864,0 135.66386432,-1.69545009,0 135.66403095,-1.69482500,0 135.66365855,-1.69394327,0 135.66355817,-1.69299793,0 135.66393566,-1.69351825,0 135.66423512,-1.69352891,0 135.66490971,-1.69283755,0 135.66540464,-1.69306598,0 135.66586435,-1.69211373,0 135.66631012,-1.69197317,0 135.66691380,-1.69277965,0 135.66681736,-1.69361762,0 135.66614289,-1.69412520,0 135.66626651,-1.69537969,0 135.66684987,-1.69589497,0 135.66678249,-1.69674071,0 135.66754201,-1.69692916,0 135.66849570,-1.69748310,0 135.66853605,-1.69782869,0 135.66827869,-1.69811128,0 135.66827869,-1.69838539,0 135.66888482,-1.69917673,0 135.66799959,-1.70070762,0 135.66829655,-1.70218479,0 135.66965189,-1.70273301,0 135.67055799,-1.70251220,0 135.67113667,-1.70258834,0 135.67115190,-1.70283961,0 135.67074835,-1.70328124,0 135.67055037,-1.70393607,0 135.67080926,-1.70518481,0 135.67131942,-1.70589294,0 135.67227120,-1.70650970,0 135.67286511,-1.70663152,0 135.67389304,-1.70636502,0 135.67421764,-1.70599942,0 135.67446850,-1.70535313,0 135.67527327,-1.70472439,0 135.67595651,-1.70494115,0 135.67611641,-1.70567974,0 135.67681692,-1.70538278,0 135.67722274,-1.70492914,0 135.67737058,-1.70404062,0 135.67800152,-1.70305187,0 135.67826904,-1.70297923,0 135.67840768,-1.70327066,0 135.67860329,-1.70332334,0 135.67856311,-1.70250191,0 135.67911343,-1.70158991,0 135.67961898,-1.70153757,0 135.68030426,-1.70181930,0 135.68143879,-1.70162133,0 135.68153777,-1.70203250,0 135.68108853,-1.70262641,0 135.68114183,-1.70312134,0 135.68153016,-1.70344114,0 135.68231443,-1.70370574,0 135.68304136,-1.70181532,0 135.68337314,-1.70144302,0 135.68444782,-1.70097981,0 135.68507604,-1.70119978,0 135.68613198,-1.70113689,0 135.68645563,-1.70090745,0 135.68687029,-1.70023423,0 135.68743742,-1.69984268,0 135.68797171,-1.69987234,0 135.68882143,-1.69931956,0 135.68947200,-1.69922949,0 135.69022675,-1.69881272,0 135.69044320,-1.69905397,0 135.69021133,-1.69969069,0 135.69041140,-1.70008469,0 135.68989537,-1.70107683,0 135.68994054,-1.70144682,0 135.69135430,-1.70217384,0 135.69255115,-1.70319603,0 135.69318798,-1.70337365,0 135.69341723,-1.70389574,0 135.69318414,-1.70446413,0 135.69319193,-1.70511439,0 135.69354944,-1.70606641,0 135.69386307,-1.70621358,0 135.69495759,-1.70618595,0 135.69562235,-1.70578051,0 135.69768762,-1.70342772,0 135.69710326,-1.70180407,0 135.69632279,-1.70128059,0 135.69541860,-1.70013845,0 135.69513306,-1.69942461,0 135.69562113,-1.69810686,0 135.69680283,-1.69624076,0 135.69744725,-1.69576013,0 135.69755543,-1.69534006,0 135.69833011,-1.69521059,0 135.69868988,-1.69585019,0 135.69897542,-1.69588445,0 135.69969496,-1.69639270,0 135.70144815,-1.69593014,0 135.70216787,-1.69547998,0 135.70367093,-1.69331079,0 135.70389809,-1.69326946,0 135.70433007,-1.69354694,0 135.70530667,-1.69336565,0 135.70591871,-1.69261447,0 135.70648958,-1.69238747,0 135.70695354,-1.69136431,0 135.70813756,-1.69122818,0 135.70882284,-1.69091944,0 135.70935837,-1.69019290,0 135.70954022,-1.68915724,0 135.70978007,-1.68916295,0 135.70996281,-1.68953414,0 135.71022551,-1.68968833,0 135.71156752,-1.69012235,0 135.71266398,-1.69003098,0 135.71369952,-1.68947323,0 135.71381754,-1.68964836,0 135.71355485,-1.69106461,0 135.71389749,-1.69155573,0 135.71407452,-1.69157287,0 135.71445143,-1.69124736,0 135.71473697,-1.69137870,0 135.71461133,-1.69268074,0 135.71481692,-1.69312047,0 135.71505105,-1.69325753,0 135.71511958,-1.69407987,0 135.71590195,-1.69439396,0 135.71705246,-1.69449539,0 135.71958624,-1.69538263,0 135.72020485,-1.69539669,0 135.72127572,-1.69610146,0 135.72178398,-1.69623851,0 135.72228038,-1.69545643,0 135.72226549,-1.69481911,0 135.72245274,-1.69430782,0 135.72346838,-1.69322611,0 135.72410460,-1.69294093,0 135.72421674,-1.69190980,0 135.72509619,-1.69155002,0 135.72575863,-1.69051639,0 135.72683795,-1.69021943,0 135.72747184,-1.68948846,0 135.72872820,-1.68962552,0 135.72937351,-1.68944848,0 135.73076327,-1.68824290,0 135.73248605,-1.68768689,0 135.73270856,-1.68804365,0 135.73293699,-1.68977971,0 135.73347950,-1.69075053,0 135.73341669,-1.69131589,0 135.73405057,-1.69230955,0 135.73388496,-1.69334890,0 135.73421618,-1.69446819,0 135.73418763,-1.69514206,0 135.73340307,-1.69662972,0 135.73251154,-1.69686193,0 135.73159783,-1.69687906,0 135.73081546,-1.69723313,0 135.73010847,-1.69728549,0 135.72911938,-1.69798123,0 135.72899945,-1.69836385,0 135.72928499,-1.69902629,0 135.72973042,-1.69916335,0 135.73108386,-1.69840953,0 135.73180912,-1.69852946,0 135.73234860,-1.69720770,0 135.73335731,-1.69730817,0 135.73554795,-1.70048675,0 135.73615539,-1.70105321,0 135.73599708,-1.70201401,0 135.73432569,-1.70513336,0 135.73454964,-1.70706895,0 135.73567117,-1.70902645,0 135.73654603,-1.70961305,0 135.73772859,-1.71075080,0 135.73790438,-1.71177272,0 135.73871531,-1.71138720,0 135.73888547,-1.71087845,0 135.73938111,-1.71046375,0 135.73982881,-1.71045607,0 135.73989613,-1.71065452,0 135.73959386,-1.71128997,0 135.73956180,-1.71184074,0 135.74063055,-1.71260954,0 135.74127664,-1.71254090,0 135.74163530,-1.71339543,0 135.74224780,-1.71389139,0 135.74280364,-1.71410611,0 135.74380540,-1.71526765,0 135.74537816,-1.71612328,0 135.74562312,-1.71699834,0 135.74606763,-1.71733316,0 135.74685110,-1.71756616,0 135.74776979,-1.71733683,0 135.74828942,-1.71759807,0 135.74936897,-1.71738272,0 135.75043728,-1.71692706,0 135.75063703,-1.71707246,0 135.75075440,-1.71750924,0 135.75052735,-1.71855831,0 135.75118654,-1.72072729,0 135.75130060,-1.72159770,0 135.75163324,-1.72159757,0 135.75223394,-1.72119335,0 135.75250805,-1.72120858,0 135.75540192,-1.72263580,0 135.75694282,-1.72312849,0 135.75742311,-1.72301431,0 135.75740866,-1.72284352,0 135.75707426,-1.72269077,0 135.75710173,-1.72143312,0 135.75726471,-1.72096915,0 135.75765315,-1.72051938,0 135.75840404,-1.71994816,0 135.75843542,-1.71951536,0 135.75816372,-1.71877194,0 135.75864987,-1.71734522,0 135.75902684,-1.71693771,0 135.76019495,-1.71658352,0 135.76084695,-1.71605095,0 135.76094785,-1.71560203,0 135.76149608,-1.71478730,0 135.76137425,-1.71417816,0 135.76092501,-1.71369846,0 135.76055952,-1.71365278,0 135.76002652,-1.71248018,0 135.75959251,-1.71019589,0 135.76006215,-1.70879659,0 135.76015434,-1.70797441,0 135.76077895,-1.70682644,0 135.76132437,-1.70648774,0 135.76229519,-1.70708927,0 135.76257468,-1.70762187,0 135.76255408,-1.70788115,0 135.76304937,-1.70815733,0 135.76335068,-1.70876678,0 135.76381801,-1.70884195,0 135.76427681,-1.70928218,0 135.76472214,-1.71020994,0 135.76578253,-1.71100301,0 135.76617848,-1.71155885,0 135.76833332,-1.71188626,0 135.76897924,-1.71292548,0 135.76937518,-1.71280365,0 135.77017468,-1.71198893,0 135.77018230,-1.71271990,0 135.77047164,-1.71315391,0 135.77198688,-1.71361077,0 135.77279399,-1.71433412,0 135.77286252,-1.71507271,0 135.77248942,-1.71603211,0 135.77181936,-1.71673262,0 135.77113408,-1.71705242,0 135.77112647,-1.71735699,0 135.77155287,-1.71762349,0 135.77188789,-1.71757019,0 135.77322039,-1.71624531,0 135.77449198,-1.71648896,0 135.77600722,-1.71753973,0 135.77635747,-1.71715902,0 135.77728641,-1.71723516,0 135.77766713,-1.71700673,0 135.77785047,-1.71665637,0 135.77822487,-1.71715331,0 135.77958593,-1.71679353,0 135.78042350,-1.71689252,0 135.78099457,-1.71638998,0 135.78156564,-1.71614632,0 135.78270308,-1.71661908,0 135.78328456,-1.71599975,0 135.78436959,-1.71575990,0 135.78519765,-1.71606256,0 135.78526617,-1.71629099,0 135.78517480,-1.71672501,0 135.78480932,-1.71711333,0 135.78508914,-1.71769012,0 135.78485500,-1.71888365,0 135.78510627,-1.71973455,0 135.78572303,-1.71996869,0 135.78766397,-1.71927440,0 135.78964724,-1.71918951,0 135.79023024,-1.71935081,0 135.79000537,-1.71985692,0 135.78853219,-1.72073277,0 135.78752261,-1.72245733,0 135.78732351,-1.72317642,0 135.78746158,-1.72423832,0 135.78793532,-1.72504225,0 135.78856959,-1.72555302,0 135.78976253,-1.72615166,0 135.79138797,-1.72639671,0 135.79407263,-1.72484376,0 135.79606038,-1.72387142,0 135.79638482,-1.72385138,0 135.79679155,-1.72434722,0 135.79710436,-1.72553126,0 135.79802102,-1.72564567,0 135.79838344,-1.72553786,0 135.79847506,-1.72535165,0 135.79890283,-1.72541642,0 135.79971816,-1.72593335,0 135.80141740,-1.72757228,0 135.80163011,-1.72844905,0 135.80206335,-1.72911314,0 135.80266472,-1.72936518,0 135.80293210,-1.72902222,0 135.80414223,-1.72870695,0 135.80517711,-1.72950470,0 135.80508573,-1.73021282,0 135.80519233,-1.73062399,0 135.80596899,-1.73104278,0 135.80629640,-1.73105801,0 135.80651722,-1.73073059,0 135.80670413,-1.72978053,0 135.80722154,-1.72944080,0 135.80713266,-1.72909690,0 135.80724721,-1.72892732,0 135.80758652,-1.72898308,0 135.80818658,-1.72978422,0 135.80838360,-1.72961575,0 135.80820202,-1.72908969,0 135.80840260,-1.72899407,0 135.80854921,-1.72935021,0 135.80892612,-1.72959291,0 135.80967517,-1.72951558,0 135.81011109,-1.72911892,0 135.81034523,-1.72909037,0 135.81046332,-1.72932766,0 135.81017778,-1.72965888,0 135.81028057,-1.72990444,0 135.81062322,-1.73017856,0 135.81108578,-1.73016143,0 135.81267992,-1.72845581,0 135.81336489,-1.72834175,0 135.81450650,-1.72728894,0 135.81438657,-1.72803133,0 135.81473492,-1.72843108,0 135.81488911,-1.72892220,0 135.81535168,-1.72920774,0 135.81559153,-1.72932766,0 135.81598388,-1.72918795,0 135.81650904,-1.72928367,0 135.81711752,-1.72885135,0 135.81742775,-1.72889929,0 135.81743956,-1.72904330,0 135.81673588,-1.72972786,0 135.81623113,-1.73091461,0 135.81542402,-1.73150090,0 135.81511183,-1.73211005,0 135.81512706,-1.73274965,0 135.81451792,-1.73338924,0 135.81409913,-1.73456946,0 135.81437325,-1.73467606,0 135.81470827,-1.73456184,0 135.81513477,-1.73388819,0 135.81569052,-1.73351107,0 135.81611692,-1.73397554,0 135.81684027,-1.73381564,0 135.81725906,-1.73393747,0 135.81804523,-1.73495398,0 135.81867912,-1.73515385,0 135.81986695,-1.73490829,0 135.82050654,-1.73446286,0 135.82132318,-1.73452568,0 135.82143168,-1.73476553,0 135.82133460,-1.73499966,0 135.82150021,-1.73523951,0 135.82189425,-1.73566211,0 135.82247103,-1.73591909,0 135.82217407,-1.73626744,0 135.82257382,-1.73637594,0 135.82254527,-1.73738103,0 135.82292788,-1.73778649,0 135.82268232,-1.73819195,0 135.82289933,-1.73844322,0 135.82287649,-1.73898003,0 135.82317344,-1.73959107,0 135.82278512,-1.74057331,0 135.82256484,-1.74244389,0 135.82126854,-1.74396489,0 135.81977542,-1.74427165,0 135.81881047,-1.74478781,0 135.81998687,-1.74551307,0 135.81990121,-1.74647247,0 135.82027241,-1.74712920,0 135.82055223,-1.74720915,0 135.82079779,-1.74702070,0 135.82113472,-1.74705497,0 135.82240821,-1.74817426,0 135.82354464,-1.75024154,0 135.82384731,-1.74919077,0 135.82437259,-1.74862794,0 135.82585779,-1.74793208,0 135.82695322,-1.74792960,0 135.82736534,-1.74850445,0 135.82811725,-1.74848541,0 135.82840859,-1.74831578,0 135.82959424,-1.74677163,0 135.83071775,-1.74620707,0 135.83163314,-1.74623682,0 135.83190408,-1.74591226,0 135.83207128,-1.74598872,0 135.83192470,-1.74652363,0 135.83238727,-1.74729457,0 135.83284413,-1.74860232,0 135.83359794,-1.74933329,0 135.83496851,-1.74959028,0 135.83536255,-1.74983013,0 135.83545582,-1.75216009,0 135.83630676,-1.75253345,0 135.83670076,-1.75316899,0 135.83728325,-1.75314995,0 135.83841016,-1.75268167,0 135.83876359,-1.75230857,0 135.83887781,-1.75173750,0 135.83962017,-1.75075389,0 135.84024948,-1.74944501,0 135.84015811,-1.74887394,0 135.84026661,-1.74864551,0 135.84060640,-1.74855382,0 135.84125252,-1.74892829,0 135.84208045,-1.74883375,0 135.84391481,-1.74755351,0 135.84533962,-1.74619942,0 135.84556805,-1.74624225,0 135.84585427,-1.74675519,0 135.84636034,-1.74716232,0 135.84701805,-1.74900167,0 135.84755539,-1.74941113,0 135.84765252,-1.75031010,0 135.84821905,-1.75067594,0 135.84902154,-1.75200319,0 135.85014923,-1.75298419,0 135.85069379,-1.75305902,0 135.85176846,-1.75269053,0 135.85281516,-1.75349616,0 135.85330483,-1.75526556,0 135.85317905,-1.75634164,0 135.85339706,-1.75716103,0 135.85339464,-1.75816209,0 135.85423411,-1.75853377,0 135.85535952,-1.75785054,0 135.85576084,-1.75786863,0 135.85675928,-1.75947848,0 135.85758970,-1.76012472,0 135.85765587,-1.76130088,0 135.85747389,-1.76309847,0 135.85664949,-1.76478999,0 135.85716916,-1.76542959,0 135.85782078,-1.76739963,0 135.85809876,-1.76742843,0 135.85913370,-1.76690717,0 135.86044929,-1.76601666,0 135.86214982,-1.76598909,0 135.86278603,-1.76550845,0 135.86319845,-1.76541137,0 135.86351429,-1.76625026,0 135.86389828,-1.76672651,0 135.86407973,-1.76771946,0 135.86429199,-1.76798189,0 135.86467364,-1.76796502,0 135.86490104,-1.76702268,0 135.86656897,-1.76374245,0 135.86515374,-1.76190602,0 135.86503151,-1.76136344,0 135.86540271,-1.76077809,0 135.86532656,-1.76032600,0 135.86552644,-1.76030696,0 135.86590239,-1.76074478,0 135.86624028,-1.76066388,0 135.86662099,-1.76079713,0 135.86730589,-1.76060368,0 135.86909610,-1.76071646,0 135.86922650,-1.76043615,0 135.86891127,-1.75936016,0 135.86909234,-1.75899995,0 135.86975511,-1.75867551,0 135.87026777,-1.75879948,0 135.87092189,-1.75864294,0 135.87180221,-1.75869554,0 135.87200809,-1.75762293,0 135.87172731,-1.75725173,0 135.87078550,-1.75691095,0 135.86992844,-1.75610959,0 135.86881734,-1.75577535,0 135.86771596,-1.75492235,0 135.86703410,-1.75399824,0 135.86624071,-1.75354341,0 135.86488818,-1.75217354,0 135.86176611,-1.75366679,0 135.86153557,-1.75417403,0 135.86171497,-1.75466298,0 135.86153791,-1.75476031,0 135.86116192,-1.75430555,0 135.86107761,-1.75355855,0 135.86088160,-1.75328635,0 135.86016471,-1.75321097,0 135.85943009,-1.75367131,0 135.85855424,-1.75377113,0 135.85843952,-1.75353716,0 135.85855199,-1.75277713,0 135.85837985,-1.75162690,0 135.85844584,-1.75063432,0 135.85747618,-1.75003934,0 135.85690076,-1.74910954,0 135.85647531,-1.74910097,0 135.85654575,-1.74938038,0 135.85620591,-1.74938053,0 135.85609091,-1.74886620,0 135.85548035,-1.74838015,0 135.85465901,-1.74729763,0 135.85340405,-1.74657224,0 135.85227474,-1.74548292,0 135.85193591,-1.74541629,0 135.85181931,-1.74498994,0 135.85141433,-1.74477098,0 135.85151712,-1.74426844,0 135.85109670,-1.74428899,0 135.85105677,-1.74401209,0 135.85131867,-1.74387218,0 135.85121822,-1.74304984,0 135.85107619,-1.74253091,0 135.85078806,-1.74243150,0 135.85062011,-1.74173251,0 135.85207850,-1.74203870,0 135.85361273,-1.74187530,0 135.85371267,-1.74150411,0 135.85357942,-1.74129947,0 135.85401572,-1.74095721,0 135.85414547,-1.74105681,0 135.85513581,-1.73981980,0 135.85618662,-1.73938758,0 135.85635464,-1.73872419,0 135.85693658,-1.73852537,0 135.85737821,-1.73867766,0 135.85767898,-1.73954569,0 135.85788075,-1.73966752,0 135.85840233,-1.73961802,0 135.85853178,-1.73889086,0 135.85891249,-1.73873857,0 135.85908762,-1.73897842,0 135.85906097,-1.73953427,0 135.86027925,-1.73993021,0 135.86046961,-1.73975889,0 135.86064093,-1.73896320,0 135.86107469,-1.73840581,0 135.86138570,-1.73892220,0 135.86181145,-1.73904967,0 135.86165792,-1.73953840,0 135.86199197,-1.73991175,0 135.86282247,-1.73995262,0 135.86345835,-1.74060003,0 135.86478529,-1.74069748,0 135.86507494,-1.74084431,0 135.86533513,-1.74071067,0 135.86556356,-1.74023478,0 135.86610036,-1.74000635,0 135.86851790,-1.74015102,0 135.86962577,-1.73980838,0 135.86962197,-1.74095052,0 135.87028137,-1.74330341,0 135.87087623,-1.74363503,0 135.87117575,-1.74407604,0 135.87145647,-1.74420907,0 135.87318699,-1.74414964,0 135.87368770,-1.74433659,0 135.87418755,-1.74559508,0 135.87531811,-1.74613670,0 135.87573025,-1.74734262,0 135.87611017,-1.74770347,0 135.87656906,-1.74781579,0 135.87736350,-1.74710771,0 135.87760906,-1.74754458,0 135.87860527,-1.74791176,0 135.87980486,-1.74787909,0 135.87993561,-1.74815484,0 135.87979009,-1.74880705,0 135.87984442,-1.75022419,0 135.88010833,-1.75037271,0 135.88070193,-1.75000760,0 135.88081927,-1.74947680,0 135.88151219,-1.74942980,0 135.88254528,-1.74899075,0 135.88264874,-1.74989955,0 135.88230861,-1.75054800,0 135.88204048,-1.75223693,0 135.88226053,-1.75258591,0 135.88289886,-1.75255265,0 135.88327706,-1.75274406,0 135.88349462,-1.75332328,0 135.88399065,-1.75326098,0 135.88525311,-1.75406395,0 135.88529567,-1.75564598,0 135.88478377,-1.75717260,0 135.88564542,-1.75750229,0 135.88592921,-1.75783333,0 135.88566253,-1.75936615,0 135.88515360,-1.75972489,0 135.88449536,-1.76105462,0 135.88465061,-1.76123457,0 135.88520241,-1.76123765,0 135.88622635,-1.76171389,0 135.88661340,-1.76348883,0 135.88699961,-1.76351461,0 135.88761615,-1.76297390,0 135.88853901,-1.76286951,0 135.88916370,-1.76245723,0 135.89010134,-1.76243851,0 135.89064666,-1.76145351,0 135.89111197,-1.76204506,0 135.89171346,-1.76236953,0 135.89229629,-1.76240344,0 135.89223069,-1.76284239,0 135.89170709,-1.76378466,0 135.89106688,-1.76431194,0 135.89147910,-1.76532410,0 135.89152029,-1.76611019,0 135.89110075,-1.76670662,0 135.89103921,-1.76737425,0 135.89055679,-1.76845495,0 135.89126233,-1.76941956,0 135.89195078,-1.76998877,0 135.89257254,-1.76983179,0 135.89301273,-1.77012639,0 135.89295565,-1.77107048,0 135.89316642,-1.77172432,0 135.89529161,-1.77185898,0 135.89526551,-1.77217850,0 135.89497082,-1.77236653,0 135.89518920,-1.77276762,0 135.89539113,-1.77449623,0 135.89507545,-1.77513641,0 135.89455251,-1.77552157,0 135.89529245,-1.77567346,0 135.89556678,-1.77595023,0 135.89584395,-1.77597204,0 135.89600240,-1.77626162,0 135.89727788,-1.77679083,0 135.89766175,-1.77717401,0 135.89739974,-1.77761418,0 135.89727640,-1.77856589,0 135.89806958,-1.77995537,0 135.89827925,-1.78110964,0 135.89828790,-1.78264421,0 135.89886740,-1.78320470,0 135.89888176,-1.78395994,0 135.89844547,-1.78506574,0 135.89838266,-1.78564824,0 135.89925072,-1.78784130,0 135.89976624,-1.78773267,0 135.90034713,-1.78783090,0 135.90208546,-1.78657973,0 135.90305997,-1.78675601,0 135.90406428,-1.78611722,0 135.90512148,-1.78624533,0 135.90535516,-1.78613874,0 135.90586130,-1.78554021,0 135.90749997,-1.78200858,0 135.90845351,-1.78074405,0 135.91097517,-1.77906963,0 135.91169890,-1.77836995,0 135.91288957,-1.77829454,0 135.91319603,-1.77810162,0 135.91325578,-1.77784866,0 135.91219965,-1.77655994,0 135.91198125,-1.77484582,0 135.91159887,-1.77402670,0 135.90932533,-1.77237207,0 135.90717284,-1.77173484,0 135.90625044,-1.77092187,0 135.90599364,-1.77044473,0 135.90580196,-1.76948096,0 135.90578894,-1.76767229,0 135.90530780,-1.76729684,0 135.90507392,-1.76605475,0 135.90437281,-1.76571433,0 135.90415465,-1.76501291,0 135.90309347,-1.76498964,0 135.90270171,-1.76472779,0 135.90182797,-1.76357422,0 135.90076197,-1.76273094,0 135.89990537,-1.76156215,0 135.89973645,-1.76127807,0 135.89964534,-1.76026636,0 135.89989823,-1.75923544,0 135.89973547,-1.75876716,0 135.89939050,-1.75843583,0 135.89984778,-1.75759552,0 135.89947564,-1.75731379,0 135.89928147,-1.75693117,0 135.89944137,-1.75606314,0 135.89966980,-1.75593180,0 135.90019759,-1.75636937,0 135.90070523,-1.75878896,0 135.90087459,-1.75895216,0 135.90132940,-1.75898930,0 135.90216401,-1.75848106,0 135.90315328,-1.75733234,0 135.90375629,-1.75689421,0 135.90498980,-1.75709543,0 135.90537456,-1.75738191,0 135.90565436,-1.75737138,0 135.90687751,-1.75584510,0 135.90840226,-1.75517695,0 135.91021827,-1.75482288,0 135.91044099,-1.75443455,0 135.91072081,-1.75436032,0 135.91213707,-1.75507986,0 135.91344358,-1.75699583,0 135.91348238,-1.75819657,0 135.91370433,-1.75872096,0 135.91400332,-1.75908401,0 135.91566027,-1.76026189,0 135.91551189,-1.76126680,0 135.91508082,-1.76216267,0 135.91508680,-1.76244861,0 135.91536766,-1.76285021,0 135.91537966,-1.76330522,0 135.91597716,-1.76411717,0 135.91662506,-1.76579699,0 135.91656073,-1.76622978,0 135.91610623,-1.76703076,0 135.91593208,-1.76809286,0 135.91730526,-1.76813454,0 135.91780276,-1.76795448,0 135.91829321,-1.76840294,0 135.91979034,-1.76858219,0 135.92030787,-1.76818734,0 135.92098711,-1.76793453,0 135.92153225,-1.76630154,0 135.92265048,-1.76636993,0 135.92319299,-1.76602158,0 135.92343671,-1.76548583,0 135.92365556,-1.76539340,0 135.92482054,-1.76634138,0 135.92603657,-1.76760255,0 135.92677577,-1.76861886,0 135.92807312,-1.77112352,0 135.92951423,-1.77318547,0 135.92995099,-1.77441896,0 135.93041071,-1.77510279,0 135.93209954,-1.77683015,0 135.93323008,-1.77760313,0 135.93460065,-1.77908791,0 135.93528594,-1.77996355,0 135.93591412,-1.78129605,0 135.93684968,-1.78163261,0 135.93673659,-1.78236404,0 135.93693684,-1.78298929,0 135.93747653,-1.78339237,0 135.93869932,-1.78496032,0 135.93920103,-1.78599990,0 135.93893882,-1.78852912,0 135.93907285,-1.78995551,0 135.93893008,-1.79087874,0 135.93914899,-1.79124993,0 135.93950115,-1.79135463,0 135.94171881,-1.79041236,0 135.94271819,-1.78910842,0 135.94317504,-1.78880385,0 135.94404117,-1.78738569,0 135.94506909,-1.78619596,0 135.94554499,-1.78592946,0 135.94764843,-1.78601512,0 135.94844793,-1.78648149,0 135.94865732,-1.78714774,0 135.94895237,-1.78729051,0 135.94912369,-1.78762363,0 135.94916177,-1.78815663,0 135.94898093,-1.78854687,0 135.94953296,-1.78868963,0 135.94960910,-1.78888951,0 135.94942827,-1.78958431,0 135.94968525,-1.78978419,0 135.94961862,-1.79016490,0 135.95089401,-1.79042188,0 135.95232169,-1.78888951,0 135.95302601,-1.78868963,0 135.95334962,-1.78903228,0 135.95353997,-1.79005069,0 135.95394924,-1.79065031,0 135.95338769,-1.79125945,0 135.95385406,-1.79197329,0 135.95443465,-1.79217316,0 135.95463453,-1.79259195,0 135.95540547,-1.79237304,0 135.95521511,-1.79310591,0 135.95727097,-1.79281086,0 135.95742325,-1.79309640,0 135.95706158,-1.79364843,0 135.95596702,-1.79366747,0 135.95502476,-1.79402914,0 135.95501524,-1.79439082,0 135.95571956,-1.79458118,0 135.95585281,-1.79475250,0 135.95564342,-1.79497141,0 135.95510090,-1.79504755,0 135.95499620,-1.79567573,0 135.95422526,-1.79559959,0 135.95397780,-1.79518080,0 135.95379696,-1.79515225,0 135.95373985,-1.79548537,0 135.95351142,-1.79570428,0 135.95372081,-1.79624680,0 135.95429188,-1.79637053,0 135.95463453,-1.79671318,0 135.95622401,-1.79693209,0 135.95693784,-1.79667510,0 135.95670942,-1.79622777,0 135.95686170,-1.79599934,0 135.95793722,-1.79580898,0 135.95818468,-1.79588512,0 135.95829890,-1.79633246,0 135.95875575,-1.79614211,0 135.95942200,-1.79647523,0 135.95986934,-1.79714148,0 135.96038330,-1.79689401,0 135.96041186,-1.79659896,0 135.96064980,-1.79652282,0 135.96102100,-1.79717003,0 135.96130653,-1.79697968,0 135.96150641,-1.79714148,0 135.96212507,-1.79694160,0 135.96259144,-1.79657041,0 135.96275325,-1.79622777,0 135.96300071,-1.79623728,0 135.96563715,-1.79732232,0 135.96768094,-1.79888963,0 135.96978693,-1.80138882,0 135.97032945,-1.80169577,0 135.97055788,-1.80215976,0 135.97035800,-1.80258093,0 135.97041229,-1.80280486,0 135.97100485,-1.80397615,0 135.97191610,-1.80499304,0 135.97222003,-1.80560858,0 135.97271407,-1.80762634,0 135.97593995,-1.81490555,0 135.97715651,-1.81628028,0 135.97800847,-1.81677969,0 135.98025630,-1.81734975,0 135.98257529,-1.81827682,0 135.98427886,-1.81863294,0 135.98554565,-1.81927768,0 135.98743855,-1.81975271,0 135.99254907,-1.82044019,0 135.99560104,-1.82060512,0 135.99999999,-1.82040422,0 136.00120634,-1.82016536,0 136.00236845,-1.81954872,0 136.00453379,-1.81983797,0 136.00694130,-1.81981238,0 136.00992751,-1.82012757,0 136.01173146,-1.82054592,0 136.01419626,-1.82151225,0 136.01612372,-1.82261630,0 136.01693282,-1.82330880,0 136.01741793,-1.82323984,0 136.01790991,-1.82261425,0 136.01926536,-1.82185984,0 136.02057170,-1.82178507,0 136.02100397,-1.82156275,0 136.02134413,-1.82090464,0 136.02167069,-1.81929724,0 136.02223881,-1.81889677,0 136.02320233,-1.81898444,0 136.02357664,-1.81869692,0 136.02410499,-1.81865994,0 136.02643777,-1.81936679,0 136.03108442,-1.82180594,0 136.03239523,-1.82297441,0 136.03309656,-1.82337402,0 136.03425306,-1.82353526,0 136.03483823,-1.82341634,0 136.03519970,-1.82380616,0 136.03518540,-1.82438725,0 136.03615127,-1.82670481,0 136.03669041,-1.82727629,0 136.03801504,-1.82943559,0 136.03881269,-1.82994086,0 136.04043494,-1.83053660,0 136.04489637,-1.83054387,0 136.04780105,-1.83086490,0 136.04806083,-1.83081152,0 136.04824593,-1.83055728,0 136.04874879,-1.83078698,0 136.05028446,-1.83279525,0 136.05122589,-1.83461258,0 136.05312000,-1.83660857,0 136.05433994,-1.83732686,0 136.05674335,-1.83793323,0 136.05990018,-1.83953162,0 136.06131516,-1.84064435,0 136.06224182,-1.84173069,0 136.06419351,-1.84338049,0 136.06421896,-1.84437883,0 136.06511269,-1.84605361,0 136.06550466,-1.84645613,0 136.06697736,-1.84701001,0 136.06780224,-1.84778362,0 136.06861327,-1.84770490,0 136.06914934,-1.84800276,0 136.06913121,-1.84859070,0 136.06942829,-1.84900378,0 136.07002974,-1.84937262,0 136.07095391,-1.84959889,0 136.07487812,-1.84936091,0 136.07612351,-1.84860893,0 136.07817969,-1.84830352,0 136.07946098,-1.84774778,0 136.08089612,-1.84739083,0 136.08344226,-1.84588450,0 136.08600570,-1.84517794,0 136.08771358,-1.84427242,0 136.09181504,-1.84416450,0 136.09340919,-1.84389827,0 136.09719727,-1.84367471,0 136.09917591,-1.84393356,0 136.09957327,-1.84323618,0 136.09998426,-1.84315784,0 136.10084718,-1.84342870,0 136.10090397,-1.84380972,0 136.10428695,-1.84422599,0 136.10577493,-1.84470172,0 136.10758063,-1.84554383,0 136.10907813,-1.84641070,0 136.11188011,-1.84845770,0 136.11338973,-1.84983623,0 136.11443675,-1.85035297,0 136.11506493,-1.85118102,0 136.11633080,-1.85227557,0 136.11774896,-1.85322736,0 136.11934796,-1.85278954,0 136.12046154,-1.85287520,0 136.12209861,-1.85257063,0 136.12837280,-1.85310707,0 136.12976960,-1.85267707,0 136.13256570,-1.85246391,0 136.13305351,-1.85219325,0 136.13544687,-1.85272655,0 136.13725052,-1.85280729,0 136.13832336,-1.85277194,0 136.13903802,-1.85233665,0 136.14261321,-1.85247895,0 136.14707158,-1.85330377,0 136.15013252,-1.85478284,0 136.15267141,-1.85718345,0 136.15328871,-1.85744613,0 136.15369159,-1.85732171,0 136.15450692,-1.85774099,0 136.15550629,-1.85886029,0 136.15667699,-1.85979684,0 136.15706532,-1.86043644,0 136.15752217,-1.86060777,0 136.15835594,-1.86130447,0 136.15864147,-1.86173277,0 136.15872713,-1.86252656,0 136.15888132,-1.86267504,0 136.15979368,-1.86285674,0 136.16114847,-1.86391426,0 136.16191371,-1.86361160,0 136.16234201,-1.86410843,0 136.16295877,-1.86393711,0 136.16342133,-1.86400564,0 136.16399811,-1.86485653,0 136.16496322,-1.86517633,0 136.16634988,-1.86616869,0 136.16643088,-1.86643269,0 136.16685059,-1.86657177,0 136.16813549,-1.86789442,0 136.16879795,-1.86884949,0 136.17024563,-1.87000188,0 136.17089094,-1.87108691,0 136.17159907,-1.87129821,0 136.17213582,-1.87165163,0 136.17208448,-1.87250317,0 136.17169044,-1.87280583,0 136.17118218,-1.87383947,0 136.17135922,-1.87424493,0 136.17171899,-1.87435344,0 136.17201024,-1.87430204,0 136.17295246,-1.87347397,0 136.17442839,-1.87327265,0 136.17464089,-1.87251220,0 136.17632710,-1.87297198,0 136.17682290,-1.87265029,0 136.17743477,-1.87173632,0 136.17753389,-1.87090729,0 136.17812448,-1.87024844,0 136.17831758,-1.86893157,0 136.17860896,-1.86832456,0 136.17927603,-1.86830429,0 136.18051728,-1.86789701,0 136.18075523,-1.86743539,0 136.18067433,-1.86685004,0 136.18080282,-1.86655975,0 136.18165467,-1.86655975,0 136.18136913,-1.86743539,0 136.18141525,-1.86816932,0 136.18079406,-1.86956853,0 136.18134134,-1.87008249,0 136.18237876,-1.87018579,0 136.18339940,-1.86961903,0 136.18409335,-1.86887946,0 136.18504309,-1.86906769,0 136.18646264,-1.86862189,0 136.18703502,-1.86817929,0 136.18753613,-1.86697286,0 136.18772052,-1.86579619,0 136.18837780,-1.86532109,0 136.18882129,-1.86423191,0 136.18882684,-1.86322508,0 136.18798257,-1.86222900,0 136.18834229,-1.86151502,0 136.18911667,-1.86187364,0 136.18969906,-1.86163864,0 136.19085363,-1.86217320,0 136.19088948,-1.86239870,0 136.19042485,-1.86337296,0 136.19050564,-1.86381216,0 136.19078453,-1.86418074,0 136.19187756,-1.86386564,0 136.19303885,-1.86240293,0 136.19324472,-1.86192902,0 136.19304491,-1.86158253,0 136.19229627,-1.86108835,0 136.19199846,-1.86069442,0 136.19320057,-1.85993720,0 136.19317943,-1.85900303,0 136.19385754,-1.85881782,0 136.19364675,-1.85957845,0 136.19426147,-1.86055412,0 136.19379982,-1.86130528,0 136.19431786,-1.86218852,0 136.19406622,-1.86293151,0 136.19147458,-1.86568725,0 136.19099022,-1.86573731,0 136.18967526,-1.86548957,0 136.18944839,-1.86623562,0 136.18869757,-1.86695219,0 136.18869714,-1.86845476,0 136.18801440,-1.86991320,0 136.18709315,-1.87083163,0 136.18572012,-1.87090559,0 136.18525285,-1.87109047,0 136.18442970,-1.87243681,0 136.18496040,-1.87324138,0 136.18556216,-1.87373783,0 136.18653442,-1.87353041,0 136.18693526,-1.87360614,0 136.18884525,-1.87475879,0 136.18923886,-1.87471620,0 136.19041485,-1.87385265,0 136.19082106,-1.87346920,0 136.19103558,-1.87285122,0 136.19218616,-1.87205430,0 136.19276909,-1.87143021,0 136.19251389,-1.86946220,0 136.19362760,-1.86739681,0 136.19433111,-1.86711708,0 136.19492042,-1.86648368,0 136.19498205,-1.86451004,0 136.19575885,-1.86292844,0 136.19584280,-1.86209122,0 136.19616838,-1.86169746,0 136.19653016,-1.86161910,0 136.19685728,-1.86109567,0 136.19669398,-1.85997617,0 136.19600550,-1.85922245,0 136.19608376,-1.85857840,0 136.19635081,-1.85816059,0 136.19633232,-1.85723828,0 136.19548193,-1.85698482,0 136.19540161,-1.85591124,0 136.19554712,-1.85585396,0 136.19590205,-1.85619404,0 136.19626693,-1.85621108,0 136.19646681,-1.85592832,0 136.19646919,-1.85521139,0 136.19681597,-1.85471718,0 136.19778797,-1.85461745,0 136.19819094,-1.85482660,0 136.19797402,-1.85586402,0 136.19834220,-1.85636306,0 136.19879044,-1.85647983,0 136.19908987,-1.85581957,0 136.20003910,-1.85559032,0 136.20004466,-1.85675740,0 136.20027425,-1.85690261,0 136.20070644,-1.85680907,0 136.20135351,-1.85719852,0 136.20128023,-1.85750487,0 136.20081952,-1.85769648,0 136.20048054,-1.85755447,0 136.20023464,-1.85715490,0 136.19952454,-1.85718349,0 136.19922060,-1.85805654,0 136.19849102,-1.85824780,0 136.19808142,-1.85891344,0 136.19734904,-1.85915648,0 136.19739611,-1.86020127,0 136.19800696,-1.86138964,0 136.19866370,-1.86172203,0 136.19908748,-1.86155532,0 136.20053677,-1.85993262,0 136.20085191,-1.86014367,0 136.20079774,-1.86108691,0 136.20111981,-1.86150291,0 136.20142839,-1.86140360,0 136.20163160,-1.86085510,0 136.20208132,-1.86084895,0 136.20260565,-1.86106796,0 136.20308588,-1.86088601,0 136.20356546,-1.86096587,0 136.20414157,-1.86083517,0 136.20429707,-1.86123850,0 136.20407786,-1.86163956,0 136.20333040,-1.86200378,0 136.20328132,-1.86232620,0 136.20386517,-1.86302016,0 136.20515515,-1.86297794,0 136.20591355,-1.86378348,0 136.20585571,-1.86409223,0 136.20435467,-1.86418504,0 136.20369983,-1.86467775,0 136.20344274,-1.86468628,0 136.20295085,-1.86460952,0 136.20258739,-1.86397768,0 136.20227520,-1.86396246,0 136.20208632,-1.86416249,0 136.20119612,-1.86367380,0 136.20053915,-1.86378733,0 136.20053915,-1.86416043,0 136.20094271,-1.86489140,0 136.20181835,-1.86461728,0 136.20206200,-1.86472388,0 136.20207843,-1.86620366,0 136.20140113,-1.86542841,0 136.19988859,-1.86524261,0 136.20010640,-1.86599044,0 136.19972103,-1.86603779,0 136.19919606,-1.86579651,0 136.19805526,-1.86474074,0 136.19762492,-1.86465821,0 136.19737594,-1.86478938,0 136.19722972,-1.86505165,0 136.19729291,-1.86538920,0 136.19873870,-1.86710873,0 136.19925046,-1.86797408,0 136.19804238,-1.86992791,0 136.19870006,-1.86971451,0 136.19989865,-1.86970227,0 136.20127640,-1.87012389,0 136.20203022,-1.86987833,0 136.20227007,-1.86966704,0 136.20236715,-1.86883327,0 136.20269837,-1.86834786,0 136.20258416,-1.86775966,0 136.20228149,-1.86725712,0 136.20229862,-1.86702869,0 136.20264697,-1.86673745,0 136.20275548,-1.86577805,0 136.20358924,-1.86563528,0 136.20394604,-1.86612880,0 136.20450815,-1.86615854,0 136.20521679,-1.86686879,0 136.20524534,-1.86713719,0 136.20492966,-1.86772719,0 136.20492555,-1.86835929,0 136.20559484,-1.86929601,0 136.20548398,-1.86966775,0 136.20502594,-1.87006238,0 136.20473893,-1.87080444,0 136.20423333,-1.87142808,0 136.20446708,-1.87166059,0 136.20491983,-1.87174002,0 136.20521679,-1.87212835,0 136.20513684,-1.87345324,0 136.20453500,-1.87403055,0 136.20429804,-1.87478127,0 136.20371301,-1.87524143,0 136.20482846,-1.87568041,0 136.20560512,-1.87632001,0 136.20587352,-1.87695961,0 136.20584823,-1.87762282,0 136.20749152,-1.87927073,0 136.20845037,-1.87978418,0 136.20887987,-1.87966951,0 136.20971163,-1.87906550,0 136.21084662,-1.87885220,0 136.21164766,-1.87803773,0 136.21222928,-1.87698564,0 136.21221108,-1.87660073,0 136.21186747,-1.87591750,0 136.21190827,-1.87554352,0 136.21308640,-1.87470009,0 136.21579318,-1.87416551,0 136.21667972,-1.87423766,0 136.21826105,-1.87493449,0 136.21925826,-1.87561148,0 136.22188385,-1.87814759,0 136.22419024,-1.88108278,0 136.22450824,-1.88194014,0 136.22513523,-1.88260033,0 136.22649716,-1.88468940,0 136.22663487,-1.88691688,0 136.22481206,-1.88865808,0 136.22465418,-1.88895564,0 136.22501191,-1.88923962,0 136.22457167,-1.88931650,0 136.22427694,-1.88968615,0 136.22419528,-1.89175910,0 136.22430337,-1.89237133,0 136.22401997,-1.89294713,0 136.22418728,-1.89355787,0 136.22393598,-1.89487444,0 136.22368205,-1.89534232,0 136.22255300,-1.89602815,0 136.22231521,-1.89658677,0 136.22185836,-1.89674667,0 136.22207917,-1.89722637,0 136.22159186,-1.89752333,0 136.22159947,-1.89779744,0 136.22228476,-1.89799541,0 136.22197257,-1.89882537,0 136.22150810,-1.89925177,0 136.22148526,-1.89963248,0 136.22248273,-1.89955634,0 136.22266547,-1.89969339,0 136.22271116,-1.90009695,0 136.22209880,-1.90043739,0 136.22190579,-1.90112176,0 136.22160709,-1.90154366,0 136.22177460,-1.90162742,0 136.22268831,-1.90114011,0 136.22288628,-1.90117056,0 136.22306903,-1.90140661,0 136.22305380,-1.90172641,0 136.22273400,-1.90249545,0 136.22322131,-1.90270103,0 136.22348020,-1.90306652,0 136.22346497,-1.90352337,0 136.22318324,-1.90391932,0 136.22318226,-1.90417754,0 136.22350970,-1.90542171,0 136.22305132,-1.90643536,0 136.22284821,-1.90750612,0 136.22297670,-1.90829134,0 136.22325748,-1.90810098,0 136.22344983,-1.90719841,0 136.22406838,-1.90653895,0 136.22451539,-1.90521699,0 136.22543300,-1.90451648,0 136.22573114,-1.90448401,0 136.22686376,-1.90468389,0 136.22739676,-1.90496942,0 136.22753953,-1.90555953,0 136.22740628,-1.90609253,0 136.22821529,-1.90646372,0 136.22830095,-1.90686347,0 136.22802494,-1.90762490,0 136.22868167,-1.90802465,0 136.22897672,-1.90951895,0 136.22978574,-1.90937618,0 136.23013938,-1.90880586,0 136.23086603,-1.90605779,0 136.23046608,-1.90556524,0 136.23036204,-1.90630953,0 136.22997943,-1.90629240,0 136.22965392,-1.90577273,0 136.22989948,-1.90425939,0 136.22855897,-1.90163808,0 136.22853930,-1.90107573,0 136.22904639,-1.89968285,0 136.23066943,-1.89826866,0 136.23083391,-1.89777107,0 136.23152031,-1.89720402,0 136.23195986,-1.89720370,0 136.23230352,-1.89757656,0 136.23230374,-1.89789438,0 136.23212542,-1.89823998,0 136.23178216,-1.89843368,0 136.23175606,-1.89949557,0 136.23144708,-1.89967369,0 136.23082747,-1.89955662,0 136.23063045,-1.90001348,0 136.23079320,-1.90024762,0 136.23150990,-1.90018766,0 136.23137855,-1.90085581,0 136.23149847,-1.90111850,0 136.23206954,-1.90101000,0 136.23246929,-1.90048461,0 136.23269772,-1.89974793,0 136.23350864,-1.89881138,0 136.23360001,-1.89832026,0 136.23321740,-1.89706961,0 136.23231511,-1.89641859,0 136.23244039,-1.89562392,0 136.23202242,-1.89494415,0 136.23248209,-1.89510879,0 136.23276863,-1.89558945,0 136.23381359,-1.89573661,0 136.23418077,-1.89486582,0 136.23465799,-1.89427080,0 136.23471766,-1.89376105,0 136.23530796,-1.89315655,0 136.23576748,-1.89300059,0 136.23755582,-1.89302682,0 136.23755874,-1.89281032,0 136.23712202,-1.89262197,0 136.23696767,-1.89224496,0 136.23696465,-1.89175043,0 136.23718659,-1.89140684,0 136.23859071,-1.89041760,0 136.24045686,-1.89000082,0 136.24126990,-1.88844173,0</coordinates></LinearRing></outerBoundaryIs></Polygon><Polygon><tessellate>1</tessellate><altitudeMode>clampToGround</altitudeMode><outerBoundaryIs><LinearRing><coordinates>136.20935948,-1.30700475,0 136.20858398,-1.30631826,0 136.20809879,-1.30609832,0 136.20698830,-1.30600552,0 136.20549278,-1.30630061,0 136.20496267,-1.30660720,0 136.20438016,-1.30708752,0 136.20414056,-1.30790234,0 136.20428101,-1.30859955,0 136.20506509,-1.30933055,0 136.20573104,-1.30964421,0 136.20627923,-1.31034852,0 136.20858963,-1.31254533,0 136.20914140,-1.31277864,0 136.20985284,-1.31276298,0 136.21056200,-1.31261977,0 136.21101234,-1.31231933,0 136.21091457,-1.31184213,0 136.21122575,-1.31114973,0 136.21124614,-1.31064897,0 136.21079042,-1.30925046,0 136.20935948,-1.30700475,0</coordinates></LinearRing></outerBoundaryIs></Polygon><Polygon><tessellate>1</tessellate><altitudeMode>clampToGround</altitudeMode><outerBoundaryIs><LinearRing><coordinates>136.21602484,-1.30781963,0 136.21667579,-1.30858898,0 136.21721806,-1.30885292,0 136.21768029,-1.30882398,0 136.21825084,-1.30854226,0 136.21893522,-1.30766313,0 136.21920321,-1.30717479,0 136.21931673,-1.30590537,0 136.21907118,-1.30557810,0 136.21839189,-1.30518211,0 136.21727909,-1.30522861,0 136.21636620,-1.30563111,0 136.21612093,-1.30589544,0 136.21595557,-1.30616548,0 136.21602484,-1.30781963,0</coordinates></LinearRing></outerBoundaryIs></Polygon><Polygon><tessellate>1</tessellate><altitudeMode>clampToGround</altitudeMode><outerBoundaryIs><LinearRing><coordinates>136.31515869,-1.28666074,0 136.31505199,-1.28631427,0 136.31592081,-1.28538911,0 136.32020788,-1.28316183,0 136.32316978,-1.28133427,0 136.32372711,-1.28063484,0 136.32389961,-1.28015456,0 136.32391829,-1.27949597,0 136.32375994,-1.27912436,0 136.32133289,-1.27722079,0 136.32069996,-1.27716369,0 136.32053815,-1.27689719,0 136.31981004,-1.27665448,0 136.31902291,-1.27712990,0 136.31782366,-1.27889308,0 136.31723118,-1.27936421,0 136.31694564,-1.27987817,0 136.31623180,-1.28173415,0 136.31565360,-1.28271211,0 136.31571784,-1.28301192,0 136.31548941,-1.28370435,0 136.31407601,-1.28484649,0 136.31361202,-1.28559602,0 136.31327651,-1.28558174,0 136.31357633,-1.28658112,0 136.31410891,-1.28710162,0 136.31432951,-1.28699812,0 136.31438065,-1.28656542,0 136.31471763,-1.28659304,0 136.31462567,-1.28697373,0 136.31493262,-1.28693804,0 136.31515869,-1.28666074,0</coordinates></LinearRing></outerBoundaryIs></Polygon><Polygon><tessellate>1</tessellate><altitudeMode>clampToGround</altitudeMode><outerBoundaryIs><LinearRing><coordinates>136.31581960,-1.25568639,0 136.31633148,-1.25588211,0 136.31663177,-1.25538419,0 136.31657818,-1.25472945,0 136.31709063,-1.25246626,0 136.31705994,-1.25195701,0 136.31614733,-1.25279603,0 136.31611706,-1.25311768,0 136.31469544,-1.25549621,0 136.31401839,-1.25572629,0 136.31395773,-1.25615517,0 136.31409862,-1.25640016,0 136.31395806,-1.25679844,0 136.31410682,-1.25758714,0 136.31461291,-1.25782429,0 136.31467697,-1.25659897,0 136.31581960,-1.25568639,0</coordinates></LinearRing></outerBoundaryIs></Polygon><Polygon><tessellate>1</tessellate><altitudeMode>clampToGround</altitudeMode><outerBoundaryIs><LinearRing><coordinates>136.31713798,-1.25173489,0 136.31748959,-1.25116228,0 136.31772880,-1.25023745,0 136.31713798,-1.25173489,0</coordinates></LinearRing></outerBoundaryIs></Polygon><Polygon><tessellate>1</tessellate><altitudeMode>clampToGround</altitudeMode><outerBoundaryIs><LinearRing><coordinates>136.31788547,-1.24972413,0 136.31778848,-1.24977587,0 136.31788746,-1.24989452,0 136.31788547,-1.24972413,0</coordinates></LinearRing></outerBoundaryIs></Polygon><Polygon><tessellate>1</tessellate><altitudeMode>clampToGround</altitudeMode><outerBoundaryIs><LinearRing><coordinates>136.31804892,-1.24945602,0 136.31800527,-1.24966281,0 136.31818786,-1.24962059,0 136.31804892,-1.24945602,0</coordinates></LinearRing></outerBoundaryIs></Polygon><Polygon><tessellate>1</tessellate><altitudeMode>clampToGround</altitudeMode><outerBoundaryIs><LinearRing><coordinates>136.31833788,-1.24912849,0 136.31829405,-1.24896961,0 136.31812292,-1.24909988,0 136.31818195,-1.24921664,0 136.31833788,-1.24912849,0</coordinates></LinearRing></outerBoundaryIs></Polygon><Polygon><tessellate>1</tessellate><altitudeMode>clampToGround</altitudeMode><outerBoundaryIs><LinearRing><coordinates>136.23082510,-1.23239722,0 136.23053132,-1.23161899,0 136.22993184,-1.23098746,0 136.22852876,-1.23076750,0 136.22704449,-1.23007909,0 136.22483505,-1.22992054,0 136.22079281,-1.22910112,0 136.21869185,-1.22898940,0 136.21532202,-1.22932606,0 136.21256258,-1.23013459,0 136.21159193,-1.23023999,0 136.20847000,-1.23130889,0 136.20703181,-1.23163700,0 136.20683281,-1.23181815,0 136.20486578,-1.23224149,0 136.20029283,-1.23399656,0 136.19938005,-1.23392242,0 136.19827611,-1.23470562,0 136.19697608,-1.23694876,0 136.19658846,-1.23729819,0 136.19633669,-1.23718233,0 136.19599861,-1.23742238,0 136.19538771,-1.23848702,0 136.19398585,-1.23997573,0 136.19319882,-1.24107889,0 136.19213226,-1.24203282,0 136.19170445,-1.24281802,0 136.19041537,-1.24363836,0 136.19012238,-1.24412449,0 136.18959373,-1.24451148,0 136.18861338,-1.24471883,0 136.18827988,-1.24520359,0 136.18799231,-1.24625011,0 136.18806020,-1.24789081,0 136.18872780,-1.24860211,0 136.18882394,-1.24894349,0 136.18949850,-1.24941753,0 136.18988301,-1.24999556,0 136.19173049,-1.25153240,0 136.19233419,-1.25243363,0 136.19334183,-1.25311214,0 136.19363973,-1.25377708,0 136.19429048,-1.25418267,0 136.19458367,-1.25473011,0 136.19575954,-1.25536521,0 136.19649047,-1.25549305,0 136.19686227,-1.25571975,0 136.19899065,-1.25781440,0 136.20019717,-1.25843735,0 136.20062231,-1.25857125,0 136.20183385,-1.25836511,0 136.20246642,-1.25811849,0 136.20291027,-1.25774532,0 136.20485431,-1.25704527,0 136.20737985,-1.25536706,0 136.20743920,-1.25514053,0 136.21406540,-1.24988046,0 136.22001424,-1.24541156,0 136.22040956,-1.24467618,0 136.22349620,-1.24213529,0 136.22395767,-1.24161121,0 136.22382756,-1.24131769,0 136.22411486,-1.24105502,0 136.22447861,-1.24103277,0 136.22576036,-1.24031229,0 136.22731762,-1.23848044,0 136.22847404,-1.23613429,0 136.22894814,-1.23631798,0 136.22997468,-1.23492178,0 136.22981359,-1.23436949,0 136.23072450,-1.23304701,0 136.23082510,-1.23239722,0</coordinates></LinearRing></outerBoundaryIs></Polygon><Polygon><tessellate>1</tessellate><altitudeMode>clampToGround</altitudeMode><outerBoundaryIs><LinearRing><coordinates>136.34019379,-1.23037874,0 136.34035755,-1.22939503,0 136.33999351,-1.22853128,0 136.33998042,-1.22712442,0 136.34102718,-1.22582663,0 136.34113846,-1.22397973,0 136.34102187,-1.22385838,0 136.34181637,-1.22322663,0 136.34130955,-1.22325161,0 136.33978550,-1.22246996,0 136.33848632,-1.22234147,0 136.33833641,-1.22214873,0 136.33812940,-1.22220227,0 136.33735488,-1.22189889,0 136.33686352,-1.22119457,0 136.33706697,-1.22055211,0 136.33721806,-1.22055925,0 136.33729540,-1.22019401,0 136.33747921,-1.22013339,0 136.33735412,-1.21987874,0 136.33657217,-1.21950581,0 136.33288851,-1.21869025,0 136.32950587,-1.21843517,0 136.32805155,-1.21816867,0 136.32765047,-1.21792237,0 136.32685171,-1.21819080,0 136.32621520,-1.21779843,0 136.32618546,-1.21766756,0 136.32647695,-1.21752182,0 136.32637188,-1.21717252,0 136.32603377,-1.21758428,0 136.32592219,-1.21738379,0 136.32469054,-1.21744138,0 136.32409749,-1.21767648,0 136.32328687,-1.21761055,0 136.32305944,-1.21739987,0 136.32258305,-1.21754581,0 136.32227936,-1.21744575,0 136.32219689,-1.21759320,0 136.32218770,-1.21745829,0 136.32151577,-1.21750397,0 136.32137592,-1.21771064,0 136.32124808,-1.21750992,0 136.32081283,-1.21757307,0 136.32064564,-1.21797520,0 136.32045921,-1.21793700,0 136.32020065,-1.21818601,0 136.31972820,-1.21808099,0 136.31858384,-1.21817915,0 136.31853677,-1.21799213,0 136.31881923,-1.21798337,0 136.31871072,-1.21779676,0 136.31741715,-1.21798879,0 136.31711886,-1.21823405,0 136.31744702,-1.21833153,0 136.31723359,-1.21870056,0 136.31617601,-1.21868959,0 136.31477262,-1.21947906,0 136.31452610,-1.21943728,0 136.31412608,-1.21985462,0 136.31185517,-1.22032670,0 136.31077918,-1.22159080,0 136.31012506,-1.22201614,0 136.30958872,-1.22207551,0 136.30746803,-1.22289048,0 136.30718879,-1.22328882,0 136.30607604,-1.22372626,0 136.30454724,-1.22469589,0 136.30402453,-1.22513978,0 136.30392959,-1.22549210,0 136.30316120,-1.22582316,0 136.29901210,-1.22846583,0 136.29801967,-1.22880484,0 136.29655366,-1.22973792,0 136.29574832,-1.23057013,0 136.29462941,-1.23123985,0 136.29270157,-1.23317062,0 136.29205920,-1.23399922,0 136.29190256,-1.23498576,0 136.29334474,-1.23768452,0 136.29514354,-1.24029217,0 136.29690870,-1.24215795,0 136.29809330,-1.24321514,0 136.29858316,-1.24332977,0 136.29980094,-1.24415240,0 136.30113742,-1.24459687,0 136.30190766,-1.24432366,0 136.30224007,-1.24336624,0 136.30250633,-1.24328474,0 136.30301488,-1.24273407,0 136.30377561,-1.24246087,0 136.30445580,-1.24250433,0 136.30528304,-1.24212580,0 136.30559139,-1.24059883,0 136.30669404,-1.23937300,0 136.30760676,-1.23874554,0 136.30920285,-1.23525556,0 136.30990169,-1.23487231,0 136.30986285,-1.23467115,0 136.31200345,-1.23340707,0 136.31257396,-1.23314641,0 136.31669385,-1.23289165,0 136.31732893,-1.23242420,0 136.32176961,-1.23081878,0 136.32338666,-1.22975696,0 136.32496220,-1.22997108,0 136.32867775,-1.22832275,0 136.33115039,-1.22809943,0 136.33291144,-1.22747060,0 136.33322722,-1.22754702,0 136.33353150,-1.22742051,0 136.33436740,-1.22814210,0 136.33667216,-1.23127713,0 136.33764303,-1.23287045,0 136.33774309,-1.23327723,0 136.33799986,-1.23322923,0 136.33857075,-1.23375064,0 136.34237244,-1.23626562,0 136.34306497,-1.23660222,0 136.34370407,-1.23657892,0 136.34412156,-1.23521236,0 136.34155412,-1.23331593,0 136.34082125,-1.23218568,0 136.34019379,-1.23037874,0</coordinates></LinearRing></outerBoundaryIs></Polygon><Polygon><tessellate>1</tessellate><altitudeMode>clampToGround</altitudeMode><outerBoundaryIs><LinearRing><coordinates>136.35265105,-1.22271758,0 136.35312218,-1.22285559,0 136.35472831,-1.22217745,0 136.35512093,-1.22116380,0 136.35495912,-1.22079974,0 136.35431667,-1.22049517,0 136.35340771,-1.22067601,0 136.35284140,-1.22116617,0 136.35257014,-1.22188953,0 136.35265105,-1.22271758,0</coordinates></LinearRing></outerBoundaryIs></Polygon><Polygon><tessellate>1</tessellate><altitudeMode>clampToGround</altitudeMode><outerBoundaryIs><LinearRing><coordinates>136.33019610,-1.21737911,0 136.33056492,-1.21732557,0 136.33062143,-1.21720362,0 136.33016041,-1.21716793,0 136.33019610,-1.21737911,0</coordinates></LinearRing></outerBoundaryIs></Polygon><Polygon><tessellate>1</tessellate><altitudeMode>clampToGround</altitudeMode><outerBoundaryIs><LinearRing><coordinates>136.33107650,-1.21721849,0 136.33132932,-1.21733747,0 136.33138881,-1.21716198,0 136.33124307,-1.21709357,0 136.33107650,-1.21721849,0</coordinates></LinearRing></outerBoundaryIs></Polygon><Polygon><tessellate>1</tessellate><altitudeMode>clampToGround</altitudeMode><outerBoundaryIs><LinearRing><coordinates>136.15956030,-1.19006123,0 136.15971721,-1.19001968,0 136.15971714,-1.18985694,0 136.15965056,-1.18983782,0 136.15956030,-1.19006123,0</coordinates></LinearRing></outerBoundaryIs></Polygon><Polygon><tessellate>1</tessellate><altitudeMode>clampToGround</altitudeMode><outerBoundaryIs><LinearRing><coordinates>136.20410556,-1.17450400,0 136.20376810,-1.17478139,0 136.20397621,-1.17512338,0 136.20438571,-1.17474146,0 136.20410556,-1.17450400,0</coordinates></LinearRing></outerBoundaryIs></Polygon><Polygon><tessellate>1</tessellate><altitudeMode>clampToGround</altitudeMode><outerBoundaryIs><LinearRing><coordinates>136.20779012,-1.17470523,0 136.20793698,-1.17436368,0 136.20824702,-1.17422289,0 136.20846747,-1.17376953,0 136.20825852,-1.17347324,0 136.20709386,-1.17395939,0 136.20712025,-1.17440352,0 136.20779012,-1.17470523,0</coordinates></LinearRing></outerBoundaryIs></Polygon><Polygon><tessellate>1</tessellate><altitudeMode>clampToGround</altitudeMode><outerBoundaryIs><LinearRing><coordinates>135.93160845,-1.15500522,0 135.93178676,-1.15490463,0 135.93175819,-1.15478976,0 135.93151565,-1.15481138,0 135.93160845,-1.15500522,0</coordinates></LinearRing></outerBoundaryIs></Polygon><Polygon><tessellate>1</tessellate><altitudeMode>clampToGround</altitudeMode><outerBoundaryIs><LinearRing><coordinates>136.28200574,-1.15283774,0 136.28215041,-1.15286820,0 136.28216374,-1.15279586,0 136.28200574,-1.15283774,0</coordinates></LinearRing></outerBoundaryIs></Polygon><Polygon><tessellate>1</tessellate><altitudeMode>clampToGround</altitudeMode><outerBoundaryIs><LinearRing><coordinates>136.28259585,-1.15250081,0 136.28245117,-1.15256553,0 136.28251590,-1.15261693,0 136.28259585,-1.15250081,0</coordinates></LinearRing></outerBoundaryIs></Polygon><Polygon><tessellate>1</tessellate><altitudeMode>clampToGround</altitudeMode><outerBoundaryIs><LinearRing><coordinates>136.28343348,-1.15212429,0 136.28390342,-1.15198747,0 136.28397183,-1.15176142,0 136.28350783,-1.15160378,0 136.28335614,-1.15180603,0 136.28343348,-1.15212429,0</coordinates></LinearRing></outerBoundaryIs></Polygon><Polygon><tessellate>1</tessellate><altitudeMode>clampToGround</altitudeMode><outerBoundaryIs><LinearRing><coordinates>136.28458157,-1.15149075,0 136.28437931,-1.15145506,0 136.28416813,-1.15169301,0 136.28431388,-1.15172870,0 136.28458157,-1.15149075,0</coordinates></LinearRing></outerBoundaryIs></Polygon><Polygon><tessellate>1</tessellate><altitudeMode>clampToGround</altitudeMode><outerBoundaryIs><LinearRing><coordinates>136.28530433,-1.15117250,0 136.28519428,-1.15103866,0 136.28467972,-1.15146993,0 136.28473326,-1.15147886,0 136.28530433,-1.15117250,0</coordinates></LinearRing></outerBoundaryIs></Polygon><Polygon><tessellate>1</tessellate><altitudeMode>clampToGround</altitudeMode><outerBoundaryIs><LinearRing><coordinates>135.98140801,-1.14758858,0 135.98110394,-1.14799048,0 135.98141313,-1.14818185,0 135.98156162,-1.14781680,0 135.98140801,-1.14758858,0</coordinates></LinearRing></outerBoundaryIs></Polygon><Polygon><tessellate>1</tessellate><altitudeMode>clampToGround</altitudeMode><outerBoundaryIs><LinearRing><coordinates>135.98355430,-1.14636248,0 135.98330608,-1.14635861,0 135.98320157,-1.14668655,0 135.98339895,-1.14673195,0 135.98355430,-1.14636248,0</coordinates></LinearRing></outerBoundaryIs></Polygon><Polygon><tessellate>1</tessellate><altitudeMode>clampToGround</altitudeMode><outerBoundaryIs><LinearRing><coordinates>135.98241872,-1.14578871,0 135.98218511,-1.14576424,0 135.98213764,-1.14601556,0 135.98255376,-1.14599747,0 135.98241872,-1.14578871,0</coordinates></LinearRing></outerBoundaryIs></Polygon><Polygon><tessellate>1</tessellate><altitudeMode>clampToGround</altitudeMode><outerBoundaryIs><LinearRing><coordinates>136.32184432,-1.13602419,0 136.32243867,-1.13569692,0 136.32354274,-1.13470231,0 136.32557004,-1.13375052,0 136.32664913,-1.13301349,0 136.33147467,-1.12867335,0 136.33305631,-1.12651575,0 136.33364635,-1.12616226,0 136.33457875,-1.12599499,0 136.33615138,-1.12414610,0 136.33837343,-1.12241634,0 136.34361944,-1.11842501,0 136.34746822,-1.11620616,0 136.34809412,-1.11551316,0 136.34938129,-1.11466106,0 136.34991361,-1.11411998,0 136.35054119,-1.11391388,0 136.35175798,-1.11281250,0 136.35295120,-1.11215624,0 136.35345552,-1.11147876,0 136.35306077,-1.11103525,0 136.35238075,-1.11069928,0 136.35166812,-1.11061025,0 136.35071745,-1.11108336,0 136.34953288,-1.11098279,0 136.34932487,-1.11080651,0 136.34934393,-1.11024490,0 136.34813415,-1.10927598,0 136.34788259,-1.10934639,0 136.34725829,-1.11009425,0 136.34727799,-1.11027363,0 136.34775027,-1.11101183,0 136.34829001,-1.11111505,0 136.34869431,-1.11136414,0 136.34887201,-1.11167918,0 136.34738122,-1.11122599,0 136.34693909,-1.10998453,0 136.34828413,-1.10844830,0 136.34814843,-1.10803212,0 136.34743086,-1.10734342,0 136.34737703,-1.10711768,0 136.34786060,-1.10699988,0 136.34821360,-1.10747240,0 136.34877908,-1.10766968,0 136.34926961,-1.10744134,0 136.34957315,-1.10705554,0 136.34973680,-1.10727416,0 136.35003350,-1.10723875,0 136.35020617,-1.10676599,0 136.35080415,-1.10649528,0 136.35098662,-1.10701726,0 136.35130434,-1.10697949,0 136.35156145,-1.10722394,0 136.35149611,-1.10740034,0 136.35178123,-1.10758834,0 136.35160952,-1.10839547,0 136.35202124,-1.10916885,0 136.35244084,-1.10926946,0 136.35263560,-1.10900784,0 136.35287549,-1.10896334,0 136.35316748,-1.10936319,0 136.35343874,-1.11122229,0 136.35399026,-1.11103699,0 136.35471393,-1.11040488,0 136.35535519,-1.10891488,0 136.35712893,-1.10251420,0 136.35722257,-1.10170379,0 136.35855882,-1.09739880,0 136.35916455,-1.09747736,0 136.35936895,-1.09780795,0 136.35990006,-1.09783834,0 136.36008284,-1.09751591,0 136.36013994,-1.09660240,0 136.36060632,-1.09658337,0 136.36060973,-1.09614327,0 136.36115189,-1.09634135,0 136.36133919,-1.09563158,0 136.36166280,-1.09559351,0 136.36171039,-1.09541267,0 136.36135155,-1.09500930,0 136.36170641,-1.09483728,0 136.36175176,-1.09452070,0 136.36196457,-1.09442111,0 136.36202162,-1.09390553,0 136.36246787,-1.09378733,0 136.36420558,-1.09233337,0 136.36733370,-1.09045513,0 136.36791658,-1.09026725,0 136.36843492,-1.09037470,0 136.36862021,-1.09002044,0 136.37005127,-1.08960578,0 136.36985180,-1.09013235,0 136.36964736,-1.09018031,0 136.36975047,-1.09049744,0 136.37076412,-1.09005486,0 136.37120302,-1.08975952,0 136.37123007,-1.08953816,0 136.37148045,-1.08953541,0 136.37146760,-1.08991317,0 136.37181381,-1.08999883,0 136.37194231,-1.08999169,0 136.37198658,-1.08967669,0 136.37295177,-1.08953266,0 136.37385525,-1.08959925,0 136.37414736,-1.08986895,0 136.37401294,-1.08994438,0 136.37400363,-1.09039120,0 136.37418923,-1.09039596,0 136.37535993,-1.09033409,0 136.37556837,-1.09005889,0 136.37603795,-1.08996200,0 136.37959698,-1.09016985,0 136.38099611,-1.08934893,0 136.38222797,-1.08789632,0 136.38402401,-1.08497596,0 136.38543050,-1.08249829,0 136.38630416,-1.08007392,0 136.38696737,-1.07721032,0 136.38692343,-1.07648135,0 136.38654217,-1.07539852,0 136.38631793,-1.07375532,0 136.38546004,-1.07244758,0 136.38430933,-1.07141168,0 136.38303827,-1.07083126,0 136.37802798,-1.07000013,0 136.37569029,-1.06920806,0 136.37321032,-1.06765108,0 136.37029654,-1.06619444,0 136.36368926,-1.06398664,0 136.36148918,-1.06348461,0 136.36051770,-1.06347418,0 136.35951861,-1.06367664,0 136.35704424,-1.06540907,0 136.35594896,-1.06599922,0 136.35473758,-1.06644200,0 136.35346145,-1.06668953,0 136.34880929,-1.06653980,0 136.34669150,-1.06612938,0 136.34493128,-1.06610178,0 136.34426164,-1.06681656,0 136.34334993,-1.06736486,0 136.34308522,-1.06782218,0 136.34051856,-1.07022838,0 136.33813002,-1.07219178,0 136.33153410,-1.07606553,0 136.32984808,-1.07613696,0 136.32833526,-1.07554876,0 136.32625558,-1.07509265,0 136.32422487,-1.07439116,0 136.32348407,-1.07402068,0 136.32234013,-1.07303987,0 136.32055500,-1.07213015,0 136.31971026,-1.07113107,0 136.31936577,-1.07103940,0 136.31899778,-1.07022854,0 136.31621730,-1.06755177,0 136.31535344,-1.06563524,0 136.31436866,-1.06448696,0 136.31426278,-1.06358048,0 136.31400863,-1.06347362,0 136.31393231,-1.06281136,0 136.31350010,-1.06269009,0 136.31316735,-1.06293553,0 136.31299488,-1.06268432,0 136.31315979,-1.06250870,0 136.31307791,-1.06224754,0 136.31276877,-1.06211605,0 136.31257272,-1.06234348,0 136.31232893,-1.06212222,0 136.31202585,-1.06225397,0 136.31163347,-1.06203876,0 136.31152047,-1.06188325,0 136.31164523,-1.06174560,0 136.31091076,-1.06046933,0 136.31040577,-1.06040926,0 136.30951149,-1.06118273,0 136.30746802,-1.06065631,0 136.30398325,-1.06003638,0 136.30291675,-1.06002510,0 136.30132138,-1.05951221,0 136.29965583,-1.05846160,0 136.29872419,-1.05734472,0 136.29568249,-1.05455757,0 136.29492384,-1.05343834,0 136.29324711,-1.05000207,0 136.29202501,-1.04523294,0 136.29178706,-1.04326275,0 136.29152879,-1.04260550,0 136.29157019,-1.04211489,0 136.29234655,-1.04063246,0 136.29192550,-1.03885407,0 136.29194774,-1.03578501,0 136.29149344,-1.03364259,0 136.29153295,-1.03223008,0 136.29114650,-1.03197297,0 136.29100693,-1.03137635,0 136.29032750,-1.03048980,0 136.28932078,-1.02956261,0 136.28857177,-1.02933557,0 136.28717286,-1.02846974,0 136.28597488,-1.02834222,0 136.28332197,-1.02697135,0 136.28173051,-1.02518836,0 136.28073728,-1.02363460,0 136.27909549,-1.02267732,0 136.27844828,-1.02245841,0 136.27733733,-1.02240180,0 136.27660257,-1.02212927,0 136.27632133,-1.02177958,0 136.27566815,-1.02150529,0 136.27389917,-1.02175486,0 136.27259052,-1.02153394,0 136.27205420,-1.02174603,0 136.27062057,-1.02181121,0 136.26953656,-1.02217062,0 136.26764627,-1.02181240,0 136.26625701,-1.02132972,0 136.26589990,-1.02105041,0 136.26486840,-1.02079700,0 136.26402252,-1.02083024,0 136.26124756,-1.01988364,0 136.25963481,-1.01913941,0 136.25802674,-1.01783076,0 136.25713221,-1.01739637,0 136.25626794,-1.01720762,0 136.25567593,-1.01720067,0 136.25437802,-1.01781144,0 136.25375054,-1.01829272,0 136.25336559,-1.01883852,0 136.25320179,-1.01950628,0 136.25275974,-1.01994441,0 136.25226762,-1.02002358,0 136.25079154,-1.02101494,0 136.25009283,-1.02176906,0 136.24975804,-1.02293229,0 136.24913771,-1.02347100,0 136.24849617,-1.02449793,0 136.24786627,-1.02499920,0 136.24737681,-1.02571890,0 136.24702741,-1.02599186,0 136.24556539,-1.02644475,0 136.24502348,-1.02690445,0 136.24271243,-1.02675028,0 136.24090585,-1.02771784,0 136.24086486,-1.02746159,0 136.24055199,-1.02749321,0 136.24032581,-1.02792867,0 136.23977422,-1.02793846,0 136.23953657,-1.02822573,0 136.23880428,-1.02822602,0 136.23650330,-1.02954797,0 136.23442997,-1.02931903,0 136.23363118,-1.02952037,0 136.23222473,-1.02893666,0 136.23057809,-1.02879402,0 136.22950347,-1.02890931,0 136.22767768,-1.02938866,0 136.22753104,-1.02919491,0 136.22625101,-1.02907331,0 136.22615582,-1.02886274,0 136.22577543,-1.02891075,0 136.22577538,-1.02877673,0 136.22471027,-1.02892074,0 136.22324191,-1.02875838,0 136.22305607,-1.02897679,0 136.22232613,-1.02891964,0 136.22101859,-1.02925040,0 136.22020484,-1.02912931,0 136.21990589,-1.02928434,0 136.21655237,-1.02967027,0 136.21414205,-1.03032186,0 136.21247773,-1.03029857,0 136.20875000,-1.03120463,0 136.20850280,-1.03139140,0 136.20781332,-1.03144431,0 136.20707486,-1.03184725,0 136.20653011,-1.03329238,0 136.20570289,-1.03377134,0 136.20227363,-1.03514407,0 136.19940850,-1.03697253,0 136.19794812,-1.03816213,0 136.19776577,-1.03816059,0 136.19653410,-1.03990974,0 136.19622409,-1.03993994,0 136.19561271,-1.04075949,0 136.19500044,-1.04212424,0 136.19439425,-1.04238773,0 136.19300968,-1.04343530,0 136.18973487,-1.04489706,0 136.18680455,-1.04467617,0 136.18662324,-1.04448304,0 136.18523266,-1.04405704,0 136.18482886,-1.04421592,0 136.18405876,-1.04488393,0 136.18243247,-1.04492044,0 136.18084460,-1.04564841,0 136.17758243,-1.04579821,0 136.17485736,-1.04531543,0 136.17312697,-1.04453406,0 136.17256749,-1.04445748,0 136.17187521,-1.04366105,0 136.17012869,-1.04260457,0 136.16958617,-1.04174797,0 136.16914359,-1.04162899,0 136.16832030,-1.04046782,0 136.16754460,-1.03989199,0 136.16742086,-1.03933043,0 136.16721623,-1.03917815,0 136.16672130,-1.03925905,0 136.16568214,-1.03880955,0 136.16517465,-1.03801221,0 136.16483201,-1.03771716,0 136.16439419,-1.03765053,0 136.16407534,-1.03733169,0 136.16395493,-1.03691697,0 136.16311260,-1.03615316,0 136.16221740,-1.03561382,0 136.16183436,-1.03558688,0 136.16116922,-1.03486630,0 136.16063932,-1.03480080,0 136.16046341,-1.03407292,0 136.16094253,-1.03368328,0 136.16116349,-1.03300953,0 136.16031435,-1.03160601,0 136.16025725,-1.03112060,0 136.15983608,-1.03033538,0 136.15894378,-1.02904333,0 136.15841554,-1.02573826,0 136.15860828,-1.02543131,0 136.15839923,-1.02515982,0 136.15845861,-1.02499825,0 136.15920770,-1.02431900,0 136.15881054,-1.02223331,0 136.15883265,-1.02177995,0 136.15911679,-1.02147688,0 136.15921504,-1.02104068,0 136.15886407,-1.01993237,0 136.15817966,-1.01934446,0 136.15763270,-1.01698660,0 136.15773978,-1.01578497,0 136.15760201,-1.01547130,0 136.15829895,-1.01445247,0 136.15837033,-1.01335792,0 136.15797059,-1.00975542,0 136.15862732,-1.00754252,0 136.15745147,-1.00643686,0 136.15674987,-1.00611703,0 136.15583343,-1.00427631,0 136.15478348,-1.00291003,0 136.15444693,-1.00129488,0 136.15376211,-0.99935621,0 136.15306408,-0.99794970,0 136.15166267,-0.99594653,0 136.14991462,-0.99452314,0 136.14753065,-0.99335725,0 136.14574130,-0.99190881,0 136.14483088,-0.99161443,0 136.14398974,-0.99154416,0 136.13911319,-0.99142760,0 136.13618831,-0.99025590,0 136.13457686,-0.98874642,0 136.13385164,-0.98834805,0 136.13299520,-0.98690638,0 136.13147890,-0.98523758,0 136.12843478,-0.98300687,0 136.12804244,-0.98292922,0 136.12676422,-0.98218773,0 136.12481412,-0.98088404,0 136.12396374,-0.97973554,0 136.12222158,-0.97812663,0 136.12111573,-0.97737311,0 136.12080646,-0.97682276,0 136.12009307,-0.97652383,0 136.12003355,-0.97629649,0 136.11739410,-0.97546570,0 136.11650843,-0.97546600,0 136.11616360,-0.97522080,0 136.11579507,-0.97523289,0 136.11575932,-0.97499357,0 136.11510545,-0.97492199,0 136.11477247,-0.97458105,0 136.11389259,-0.97412063,0 136.11402928,-0.97403682,0 136.11354173,-0.97362413,0 136.11212621,-0.97291828,0 136.11122009,-0.97219341,0 136.10946514,-0.97143291,0 136.10894414,-0.97052123,0 136.10902959,-0.97007605,0 136.10751709,-0.96907135,0 136.10710335,-0.96899251,0 136.10594743,-0.96780102,0 136.10576911,-0.96780826,0 136.10418524,-0.96668870,0 136.10414952,-0.96651639,0 136.10358595,-0.96630118,0 136.10324323,-0.96523148,0 136.10195871,-0.96337947,0 136.10056740,-0.96216650,0 136.09881182,-0.95940279,0 136.09876891,-0.95907970,0 136.09859773,-0.95908694,0 136.09799124,-0.95850555,0 136.09810454,-0.95769083,0 136.09741449,-0.95635833,0 136.09693944,-0.95590108,0 136.09640116,-0.95405862,0 136.09585253,-0.95328904,0 136.09538297,-0.95116997,0 136.09538265,-0.95014323,0 136.09457104,-0.94848231,0 136.09439326,-0.94744344,0 136.09461473,-0.94472422,0 136.09515579,-0.94326370,0 136.09517624,-0.94258229,0 136.09538303,-0.94238118,0 136.09524019,-0.94182119,0 136.09526856,-0.94128268,0 136.09539486,-0.94127558,0 136.09532691,-0.94070726,0 136.09650032,-0.93685821,0 136.09735045,-0.93593846,0 136.09785675,-0.93509538,0 136.09799758,-0.93205795,0 136.09760492,-0.93091645,0 136.09643452,-0.92894951,0 136.09645868,-0.92868816,0 136.09609363,-0.92852857,0 136.09487180,-0.92692524,0 136.09473139,-0.92531503,0 136.09409098,-0.92222834,0 136.09259237,-0.91990248,0 136.09130015,-0.91728055,0 136.09044130,-0.91649928,0 136.08963581,-0.91599748,0 136.08922684,-0.91592102,0 136.08807214,-0.91512912,0 136.08743844,-0.91450471,0 136.08671573,-0.91442983,0 136.08537864,-0.91505102,0 136.08478426,-0.91515650,0 136.08435978,-0.91490473,0 136.07939258,-0.91359836,0 136.07774352,-0.91299693,0 136.07664368,-0.91238098,0 136.07476037,-0.91030590,0 136.07390419,-0.90958371,0 136.07323779,-0.90870455,0 136.07198643,-0.90699925,0 136.07064731,-0.90444756,0 136.06987131,-0.90095079,0 136.06975714,-0.89980426,0 136.07027052,-0.89837836,0 136.07028479,-0.89745152,0 136.07002809,-0.89651042,0 136.06930079,-0.89562636,0 136.06693518,-0.89426403,0 136.06426687,-0.89078861,0 136.06354598,-0.89021879,0 136.06124889,-0.88913527,0 136.06105664,-0.88782998,0 136.06034040,-0.88703656,0 136.05618126,-0.88831741,0 136.05475079,-0.88897200,0 136.05402612,-0.88908067,0 136.05305064,-0.88958752,0 136.05267514,-0.89017161,0 136.05237795,-0.89018438,0 136.05082565,-0.89123958,0 136.04974612,-0.89269488,0 136.04986103,-0.89368587,0 136.04942883,-0.89557197,0 136.04931956,-0.89592621,0 136.04878884,-0.89650260,0 136.04826587,-0.89774388,0 136.04827786,-0.89807595,0 136.04858407,-0.89840795,0 136.04860922,-0.89869774,0 136.04817923,-0.89919588,0 136.04789516,-0.89897418,0 136.04620074,-0.89928401,0 136.04507730,-0.89927236,0 136.04319285,-0.89868055,0 136.04061858,-0.89700593,0 136.03961372,-0.89591723,0 136.03908442,-0.89496003,0 136.03902487,-0.89455916,0 136.03920150,-0.89398452,0 136.03891659,-0.89379508,0 136.03894754,-0.89362863,0 136.03942292,-0.89341648,0 136.04037150,-0.89357487,0 136.04048234,-0.89333007,0 136.04039315,-0.89307309,0 136.04082044,-0.89277525,0 136.04110474,-0.89182769,0 136.04220529,-0.89093354,0 136.04255526,-0.88986322,0 136.04354968,-0.88952371,0 136.04404342,-0.88878608,0 136.04429226,-0.88752465,0 136.04470485,-0.88696352,0 136.04476175,-0.88636249,0 136.04518160,-0.88624397,0 136.04515582,-0.88600575,0 136.04561770,-0.88543672,0 136.04568961,-0.88484608,0 136.04592119,-0.88477684,0 136.04586371,-0.88433649,0 136.04620873,-0.88406880,0 136.04567981,-0.88316380,0 136.04498935,-0.88246523,0 136.04482393,-0.88199623,0 136.04484411,-0.88117180,0 136.04493994,-0.88034494,0 136.04527241,-0.88001729,0 136.04596645,-0.87852034,0 136.04631810,-0.87687626,0 136.04651024,-0.87555963,0 136.04639717,-0.87215004,0 136.04659280,-0.87025444,0 136.04702123,-0.86936759,0 136.04782755,-0.86840795,0 136.04831413,-0.86748605,0 136.04884623,-0.86567885,0 136.04893913,-0.86454083,0 136.04953980,-0.86318244,0 136.04986266,-0.86137296,0 136.05025248,-0.86098992,0 136.05044120,-0.86048706,0 136.05092992,-0.86018316,0 136.05133525,-0.85856888,0 136.05104036,-0.85809970,0 136.05081069,-0.85722499,0 136.05077912,-0.85634196,0 136.05034199,-0.85610982,0 136.05012075,-0.85563667,0 136.04964516,-0.85540704,0 136.04925525,-0.85546937,0 136.04944841,-0.85604298,0 136.04893530,-0.85640709,0 136.04799872,-0.85631621,0 136.04664513,-0.85585227,0 136.04510693,-0.85522891,0 136.04467262,-0.85490666,0 136.04315016,-0.85488650,0 136.04203747,-0.85526627,0 136.04145213,-0.85571522,0 136.03929020,-0.85813373,0 136.03904314,-0.85866055,0 136.03812115,-0.85943309,0 136.03663529,-0.85966455,0 136.03602609,-0.85953453,0 136.03522465,-0.85903537,0 136.03470727,-0.85847466,0 136.03483984,-0.85774270,0 136.03571262,-0.85658247,0 136.03732379,-0.85245596,0 136.03731200,-0.85213776,0 136.03794634,-0.85034974,0 136.03853803,-0.84906434,0 136.03848087,-0.84871253,0 136.03871608,-0.84806626,0 136.03848455,-0.84690680,0 136.03763813,-0.84472061,0 136.03708867,-0.84382325,0 136.03558866,-0.84250878,0 136.03058232,-0.83927996,0 136.02927029,-0.83713883,0 136.02840314,-0.83669179,0 136.02803522,-0.83668860,0 136.02779889,-0.83644664,0 136.02690079,-0.83623606,0 136.02621382,-0.83580203,0 136.02424725,-0.83550129,0 136.02385213,-0.83559297,0 136.02343290,-0.83533370,0 136.02181896,-0.83485588,0 136.01852862,-0.83424664,0 136.01333031,-0.83274353,0 136.01259533,-0.83227583,0 136.01229487,-0.83184711,0 136.01177150,-0.83163340,0 136.00973653,-0.83156934,0 136.00605529,-0.82910051,0 136.00361678,-0.82652935,0 136.00196495,-0.82548054,0 136.00145174,-0.82496175,0 136.00168505,-0.82414643,0 136.00112917,-0.82367986,0 136.00124205,-0.82345545,0 136.00100719,-0.82317428,0 136.00071002,-0.82330600,0 136.00043954,-0.82322529,0 136.00038608,-0.82338386,0 135.99999367,-0.82295614,0 135.99973244,-0.82320077,0 135.99988383,-0.82347075,0 135.99917950,-0.82362351,0 135.99879014,-0.82353385,0 135.99650037,-0.82187889,0 135.99303353,-0.82084102,0 135.98805871,-0.81755372,0 135.98515482,-0.81621245,0 135.98457568,-0.81536184,0 135.98382539,-0.81502518,0 135.98330429,-0.81456000,0 135.98148709,-0.81443231,0 135.98042542,-0.81400340,0 135.97975734,-0.81394865,0 135.97880136,-0.81415887,0 135.97852098,-0.81459376,0 135.97845036,-0.81505133,0 135.97816350,-0.81505703,0 135.97807733,-0.81474264,0 135.97770218,-0.81482019,0 135.97732125,-0.81445967,0 135.97754341,-0.81417275,0 135.97759037,-0.81373063,0 135.97682958,-0.81362547,0 135.97383924,-0.81224297,0 135.97333907,-0.81227474,0 135.97299501,-0.81212418,0 135.97134226,-0.81107193,0 135.97044509,-0.81003289,0 135.96905190,-0.80885212,0 135.96647200,-0.80745424,0 135.96498323,-0.80593717,0 135.96267004,-0.80399739,0 135.96168231,-0.80272597,0 135.96154607,-0.80214745,0 135.96071933,-0.80059770,0 135.95966440,-0.79946240,0 135.95877580,-0.79898800,0 135.95672575,-0.79838642,0 135.95475202,-0.79823130,0 135.95281945,-0.79766944,0 135.95146172,-0.79693350,0 135.94863064,-0.79621244,0 135.94718382,-0.79534235,0 135.94500913,-0.79351462,0 135.94332148,-0.79037003,0 135.94262576,-0.78832205,0 135.94175229,-0.78762381,0 135.93781121,-0.78688410,0 135.93719041,-0.78614739,0 135.93599999,-0.78618237,0 135.93561504,-0.78723079,0 135.93511108,-0.78767609,0 135.93516820,-0.78791063,0 135.93394511,-0.78814882,0 135.93364187,-0.78846147,0 135.93245513,-0.78888010,0 135.93040212,-0.79001189,0 135.92953194,-0.79020596,0 135.92673433,-0.79013597,0 135.92556602,-0.79046590,0 135.92496729,-0.79045097,0 135.92435338,-0.79016404,0 135.92401900,-0.78930992,0 135.92156353,-0.78625136,0 135.92098565,-0.78576322,0 135.91945159,-0.78362381,0 135.91872605,-0.78063828,0 135.91901964,-0.77991789,0 135.91882883,-0.77888594,0 135.91828410,-0.77739822,0 135.91766675,-0.77625713,0 135.91772429,-0.77565606,0 135.91568271,-0.77325043,0 135.91291371,-0.77085568,0 135.91258515,-0.77079409,0 135.91101434,-0.76783520,0 135.91096663,-0.76516984,0 135.91071727,-0.76368247,0 135.91024396,-0.76226145,0 135.90896794,-0.76017567,0 135.90924035,-0.75953013,0 135.90906216,-0.75788131,0 135.90847419,-0.75685850,0 135.90793524,-0.75655869,0 135.90714225,-0.75669500,0 135.90641464,-0.75648692,0 135.90363617,-0.75349064,0 135.90274662,-0.75202124,0 135.90189521,-0.75098265,0 135.89620244,-0.74556667,0 135.89394222,-0.74366180,0 135.89344631,-0.74163101,0 135.89173119,-0.73932540,0 135.89114661,-0.73808082,0 135.89050396,-0.73748746,0 135.89009687,-0.73651772,0 135.89025653,-0.73601766,0 135.89083644,-0.73566732,0 135.89074925,-0.73538529,0 135.89013482,-0.73475554,0 135.88963373,-0.73503902,0 135.88911654,-0.73481175,0 135.88846841,-0.73369292,0 135.88843312,-0.73292852,0 135.88816695,-0.73247604,0 135.88777265,-0.73218517,0 135.88758669,-0.73162104,0 135.88700134,-0.73097859,0 135.88594749,-0.73058788,0 135.88541241,-0.73003749,0 135.88533905,-0.72971604,0 135.88497839,-0.72954691,0 135.88430060,-0.72874523,0 135.88321859,-0.72784789,0 135.88324233,-0.72763845,0 135.88281760,-0.72750393,0 135.88268958,-0.72791980,0 135.88238649,-0.72822503,0 135.88148885,-0.72787216,0 135.88121538,-0.72765082,0 135.88101908,-0.72692683,0 135.87920563,-0.72441403,0 135.87936649,-0.72434919,0 135.87922697,-0.72418247,0 135.87847880,-0.72384571,0 135.87776111,-0.72391766,0 135.87744008,-0.72364247,0 135.87740433,-0.72321165,0 135.87594174,-0.72150657,0 135.87597142,-0.72127919,0 135.87519822,-0.71972070,0 135.87410641,-0.71855022,0 135.87317568,-0.71644300,0 135.87250943,-0.71570536,0 135.87193241,-0.71531870,0 135.86922665,-0.71188926,0 135.86890304,-0.71118494,0 135.86794174,-0.70989052,0 135.86734211,-0.70861512,0 135.86522915,-0.70651168,0 135.86432647,-0.70621483,0 135.86340735,-0.70528128,0 135.86111828,-0.70422039,0 135.85868212,-0.70351844,0 135.85621325,-0.70144846,0 135.85524841,-0.70081759,0 135.85366012,-0.70016649,0 135.85186240,-0.69957871,0 135.85056660,-0.69975846,0 135.85038236,-0.69990210,0 135.84912509,-0.69946776,0 135.84750824,-0.69919280,0 135.84715154,-0.69895950,0 135.84637882,-0.69905538,0 135.84565350,-0.69831951,0 135.84455937,-0.69774389,0 135.84163495,-0.69665076,0 135.84114645,-0.69612741,0 135.84066596,-0.69611240,0 135.84052917,-0.69569954,0 135.83968521,-0.69632200,0 135.83682588,-0.69525142,0 135.83554179,-0.69442589,0 135.83495333,-0.69446788,0 135.83425187,-0.69421668,0 135.83359333,-0.69438758,0 135.83182220,-0.69309427,0 135.82783209,-0.69088456,0 135.82595886,-0.69022713,0 135.82428506,-0.68991094,0 135.82151331,-0.68993144,0 135.82024884,-0.68958408,0 135.81772084,-0.68789081,0 135.81423162,-0.68635159,0 135.81142643,-0.68533760,0 135.80835209,-0.68533813,0 135.80677573,-0.68557246,0 135.80497115,-0.68608548,0 135.80274094,-0.68742590,0 135.80177104,-0.68853906,0 135.80080839,-0.69042054,0 135.80075141,-0.69095192,0 135.79944656,-0.69389618,0 135.79940394,-0.69496610,0 135.79914014,-0.69574165,0 135.79779249,-0.69867157,0 135.79701298,-0.69974559,0 135.79448338,-0.70247068,0 135.79338492,-0.70267911,0 135.79303547,-0.70312436,0 135.79187287,-0.70367747,0 135.79128090,-0.70412277,0 135.79066046,-0.70497737,0 135.79022537,-0.70509951,0 135.78868483,-0.70639229,0 135.78844239,-0.70689497,0 135.78844964,-0.70759149,0 135.78820009,-0.70821625,0 135.78834287,-0.70889120,0 135.78822171,-0.70952312,0 135.78879643,-0.71058527,0 135.78778435,-0.71070055,0 135.78703027,-0.71252459,0 135.78657895,-0.71275186,0 135.78584389,-0.71271304,0 135.78541204,-0.71366726,0 135.78443204,-0.71413477,0 135.78414210,-0.71536807,0 135.78287195,-0.71588756,0 135.78256895,-0.71615374,0 135.78189237,-0.71769941,0 135.78050219,-0.71800013,0 135.78045726,-0.71830062,0 135.78074359,-0.71890152,0 135.78057606,-0.71956013,0 135.78066620,-0.72065501,0 135.78024430,-0.72226038,0 135.78047991,-0.72266552,0 135.78026462,-0.72279884,0 135.77982600,-0.72242113,0 135.77820765,-0.72193381,0 135.77789395,-0.72214996,0 135.77760232,-0.72275397,0 135.77650145,-0.72272092,0 135.77610523,-0.72324738,0 135.77508141,-0.72315890,0 135.77458876,-0.72345536,0 135.77420087,-0.72396314,0 135.77346798,-0.72370439,0 135.76917545,-0.72460560,0 135.76567764,-0.72691844,0 135.76520651,-0.72746095,0 135.76490670,-0.72800347,0 135.76476393,-0.72963102,0 135.76433563,-0.73077316,0 135.76395016,-0.73123002,0 135.76310434,-0.73116063,0 135.76295271,-0.73127158,0 135.76307927,-0.73301461,0 135.76417858,-0.73290040,0 135.76433563,-0.73417103,0 135.76424997,-0.73498481,0 135.76323632,-0.73629827,0 135.76320776,-0.73662664,0 135.76357896,-0.73778305,0 135.76476393,-0.73833985,0 135.76490941,-0.73849499,0 135.76487815,-0.73898230,0 135.76470682,-0.73908224,0 135.76403582,-0.73883953,0 135.76306500,-0.73911079,0 135.76256531,-0.73852545,0 135.76168015,-0.73811142,0 135.76156594,-0.73784016,0 135.76180864,-0.73658381,0 135.76124934,-0.73546154,0 135.76086241,-0.73516239,0 135.76045235,-0.73522751,0 135.75976706,-0.73562726,0 135.75893901,-0.73631255,0 135.75855354,-0.73699783,0 135.75821090,-0.73728337,0 135.75708638,-0.73749097,0 135.75477020,-0.73846834,0 135.75401353,-0.73845406,0 135.75341390,-0.73929639,0 135.75197195,-0.73956765,0 135.75047289,-0.74018155,0 135.74995893,-0.74003878,0 135.74984471,-0.73979608,0 135.75001603,-0.73938205,0 135.74971622,-0.73928211,0 135.74858913,-0.74011672,0 135.74784485,-0.74143814,0 135.74764954,-0.74150656,0 135.74713146,-0.74130147,0 135.74668989,-0.74151099,0 135.74557766,-0.74317396,0 135.74476242,-0.74344767,0 135.74310638,-0.74335391,0 135.74261383,-0.74345658,0 135.74209176,-0.74471764,0 135.74078827,-0.74535903,0 135.74077136,-0.74582068,0 135.74110271,-0.74664988,0 135.74106458,-0.74716710,0 135.74022405,-0.74850515,0 135.73960837,-0.74866342,0 135.73921768,-0.74849250,0 135.73895452,-0.74911235,0 135.73800509,-0.74967261,0 135.73722394,-0.75062168,0 135.73639253,-0.75099653,0 135.73488752,-0.75127511,0 135.73414879,-0.75198480,0 135.73313096,-0.75228380,0 135.73300792,-0.75283524,0 135.73209924,-0.75298500,0 135.73224378,-0.75398948,0 135.73145197,-0.75511674,0 135.73180562,-0.75671582,0 135.73175290,-0.75745721,0 135.73048491,-0.75877397,0 135.73051138,-0.75906986,0 135.73102991,-0.75917283,0 135.73117196,-0.75938891,0 135.73071971,-0.76065899,0 135.73036310,-0.76112449,0 135.73052538,-0.76387539,0 135.73040466,-0.76423637,0 135.72963999,-0.76499319,0 135.72965670,-0.76615348,0 135.72932321,-0.76658906,0 135.72921440,-0.76767623,0 135.72841536,-0.76886990,0 135.72836610,-0.77052556,0 135.72739421,-0.77405600,0 135.72771280,-0.77477406,0 135.72878420,-0.77506575,0 135.72925250,-0.77501197,0 135.72967888,-0.77447565,0 135.72985971,-0.77447565,0 135.72961225,-0.77502768,0 135.72972647,-0.77622693,0 135.72965984,-0.77639825,0 135.72921009,-0.77594570,0 135.72844414,-0.77604807,0 135.72787049,-0.77631259,0 135.72748025,-0.77876820,0 135.72721402,-0.77847737,0 135.72647327,-0.77898205,0 135.72564529,-0.78042820,0 135.72454550,-0.78158780,0 135.72423502,-0.78221315,0 135.72404108,-0.78324232,0 135.72371119,-0.78358422,0 135.72376829,-0.78425999,0 135.72285084,-0.78517705,0 135.72302570,-0.78610845,0 135.72295928,-0.78669656,0 135.72318771,-0.78691547,0 135.72364456,-0.78688692,0 135.72370167,-0.78707727,0 135.72326385,-0.78782918,0 135.72346372,-0.78831459,0 135.72351156,-0.78941724,0 135.72290367,-0.79136490,0 135.72294901,-0.79166451,0 135.72355890,-0.79217884,0 135.72338758,-0.79251196,0 135.72357794,-0.79295930,0 135.72358746,-0.79360651,0 135.72313060,-0.79351134,0 135.72261100,-0.79367074,0 135.72187424,-0.79467251,0 135.72110330,-0.79636669,0 135.72055126,-0.79712812,0 135.71974065,-0.79700258,0 135.71738182,-0.79797521,0 135.71639544,-0.79804893,0 135.71550259,-0.79859622,0 135.71523585,-0.79884541,0 135.71521175,-0.79912686,0 135.71481200,-0.79914590,0 135.71422190,-0.79973601,0 135.71356517,-0.80002154,0 135.71257531,-0.80005961,0 135.71231833,-0.80027852,0 135.71214701,-0.80010720,0 135.71097631,-0.79996443,0 135.71021006,-0.79958236,0 135.70941510,-0.79969557,0 135.70907753,-0.79990656,0 135.70869203,-0.80064020,0 135.70850856,-0.80244695,0 135.70863807,-0.80305269,0 135.70910309,-0.80377793,0 135.71023392,-0.80468529,0 135.71041476,-0.80560852,0 135.71104084,-0.80592189,0 135.71451714,-0.80623166,0 135.71556858,-0.80598908,0 135.71624527,-0.80605622,0 135.71734375,-0.80520877,0 135.71817180,-0.80508503,0 135.71908552,-0.80460914,0 135.72016103,-0.80438071,0 135.72067500,-0.80376205,0 135.72018959,-0.80341941,0 135.72021814,-0.80293400,0 135.72037042,-0.80279123,0 135.72117944,-0.80268654,0 135.72151257,-0.80212499,0 135.72185521,-0.80216306,0 135.72214209,-0.80256179,0 135.72258860,-0.80280271,0 135.72372095,-0.80280251,0 135.72407287,-0.80247715,0 135.72375878,-0.80176331,0 135.72409190,-0.80137308,0 135.72444406,-0.80121127,0 135.72587174,-0.80125886,0 135.72759447,-0.80101140,0 135.72927913,-0.80160150,0 135.72962177,-0.80156343,0 135.72985971,-0.80131597,0 135.73011670,-0.80138259,0 135.73011670,-0.80209643,0 135.73033673,-0.80248962,0 135.73087812,-0.80281979,0 135.73103041,-0.80373350,0 135.72953611,-0.80349555,0 135.72943094,-0.80383355,0 135.73025009,-0.80467724,0 135.73097487,-0.80513305,0 135.73126836,-0.80507552,0 135.73147775,-0.80455204,0 135.73175377,-0.80458059,0 135.73202027,-0.80513262,0 135.73199171,-0.80555141,0 135.73232484,-0.80583694,0 135.73290542,-0.80589405,0 135.73499318,-0.80563387,0 135.73591306,-0.80578936,0 135.73617005,-0.80617959,0 135.73635088,-0.80620814,0 135.73696003,-0.80533250,0 135.73696954,-0.80437120,0 135.73747399,-0.80449493,0 135.73792133,-0.80411421,0 135.73818783,-0.80415229,0 135.73855902,-0.80390482,0 135.73865420,-0.80336230,0 135.73853047,-0.80270557,0 135.73930142,-0.80242004,0 135.73938708,-0.80258184,0 135.74002477,-0.80255329,0 135.74041500,-0.80272461,0 135.74049115,-0.80286738,0 135.73987805,-0.80344444,0 135.73989152,-0.80410470,0 135.74017706,-0.80434264,0 135.74090041,-0.80423795,0 135.74097656,-0.80459962,0 135.74070054,-0.80469480,0 135.74004381,-0.80446637,0 135.73971068,-0.80460914,0 135.73921576,-0.80432361,0 135.73887992,-0.80435514,0 135.73887311,-0.80492323,0 135.73774049,-0.80612248,0 135.73775001,-0.80660789,0 135.73715990,-0.80741056,0 135.73630330,-0.80696322,0 135.73611635,-0.80707487,0 135.73613197,-0.80729635,0 135.73766435,-0.80811488,0 135.73810185,-0.80787558,0 135.73845389,-0.80857444,0 135.73904443,-0.80863836,0 135.73993297,-0.80911033,0 135.74111249,-0.80985690,0 135.74139314,-0.81026376,0 135.74155965,-0.81063234,0 135.74164070,-0.81172858,0 135.74144126,-0.81337539,0 135.74184098,-0.81475401,0 135.74166511,-0.81518488,0 135.74171754,-0.81583592,0 135.74203625,-0.81630500,0 135.74322530,-0.81716646,0 135.74336463,-0.81841516,0 135.74353585,-0.81853577,0 135.74341040,-0.81904131,0 135.74374158,-0.82012122,0 135.74434671,-0.82129300,0 135.74505442,-0.82174669,0 135.74520295,-0.82257962,0 135.74547125,-0.82301041,0 135.74557988,-0.82414207,0 135.74594518,-0.82451540,0 135.74639598,-0.82434872,0 135.74669276,-0.82449802,0 135.74795993,-0.82605455,0 135.74816550,-0.82670939,0 135.74804002,-0.82708281,0 135.74822840,-0.82741596,0 135.74877869,-0.82748276,0 135.74970861,-0.82797213,0 135.75008170,-0.82857772,0 135.75021968,-0.82895109,0 135.75005334,-0.82953036,0 135.75009150,-0.83014789,0 135.75040172,-0.83143630,0 135.75098587,-0.83181843,0 135.75197076,-0.83438892,0 135.75192801,-0.83466180,0 135.75244174,-0.83533190,0 135.75271587,-0.83648691,0 135.75292460,-0.83658735,0 135.75439651,-0.83648521,0 135.75499583,-0.83709306,0 135.75511953,-0.83737548,0 135.75501506,-0.83818931,0 135.75515793,-0.83922330,0 135.75489181,-0.84026215,0 135.75468794,-0.84049852,0 135.75419321,-0.84269415,0 135.75427895,-0.84343613,0 135.75480696,-0.84412059,0 135.75583417,-0.84413475,0 135.75574867,-0.84466135,0 135.75661912,-0.84559467,0 135.75807001,-0.84782039,0 135.75839360,-0.84890221,0 135.75883596,-0.84937605,0 135.75943996,-0.84955784,0 135.76001550,-0.85013218,0 135.76041973,-0.85015604,0 135.76053872,-0.85067302,0 135.76041033,-0.85071134,0 135.76034384,-0.85117571,0 135.76045809,-0.85178843,0 135.76007775,-0.85230552,0 135.76002079,-0.85286083,0 135.76061542,-0.85378463,0 135.76056319,-0.85417239,0 135.76083922,-0.85523029,0 135.76072528,-0.85620210,0 135.76147204,-0.85688172,0 135.76153397,-0.85742265,0 135.76192405,-0.85806404,0 135.76230455,-0.85831768,0 135.76239783,-0.85873061,0 135.76353648,-0.85948070,0 135.76396451,-0.85957157,0 135.76405968,-0.85987793,0 135.76467326,-0.86041396,0 135.76639059,-0.86320449,0 135.76634784,-0.86343428,0 135.76669037,-0.86408047,0 135.76656933,-0.86439499,0 135.76680943,-0.86494213,0 135.76660525,-0.86647883,0 135.76582129,-0.86817206,0 135.76578035,-0.86912876,0 135.76605036,-0.86973234,0 135.76625398,-0.86970062,0 135.76682013,-0.87086377,0 135.76709614,-0.87173497,0 135.76699491,-0.87218941,0 135.76743407,-0.87314231,0 135.76760547,-0.87412363,0 135.76796690,-0.87414749,0 135.76829024,-0.87391764,0 135.76873731,-0.87414254,0 135.76889897,-0.87398932,0 135.76995959,-0.87456356,0 135.77034002,-0.87446774,0 135.77035423,-0.87418051,0 135.77053967,-0.87402728,0 135.77088222,-0.87474528,0 135.77157183,-0.87499885,0 135.77204263,-0.87495088,0 135.77213785,-0.87546308,0 135.77294636,-0.87577408,0 135.77400088,-0.87559043,0 135.77419362,-0.87598305,0 135.77336382,-0.87702494,0 135.77275342,-0.87812801,0 135.77200210,-0.87798139,0 135.77141725,-0.87845065,0 135.77089892,-0.87857522,0 135.77040904,-0.87835033,0 135.76944365,-0.87834575,0 135.76875885,-0.87840812,0 135.76853062,-0.87860444,0 135.76782227,-0.87976306,0 135.76760845,-0.88062957,0 135.76783674,-0.88076356,0 135.76786533,-0.88101728,0 135.76752310,-0.88186945,0 135.76750431,-0.88298485,0 135.76491293,-0.88513001,0 135.76493200,-0.88540287,0 135.76539338,-0.88580010,0 135.76569297,-0.88569951,0 135.76633980,-0.88600575,0 135.76688206,-0.88661360,0 135.76718184,-0.88746086,0 135.76741026,-0.88817409,0 135.76716305,-0.88856190,0 135.76717266,-0.88903582,0 135.76682097,-0.89015129,0 135.76684702,-0.89347233,0 135.76694216,-0.89362550,0 135.76765554,-0.89375939,0 135.76813594,-0.89416619,0 135.76869237,-0.89426182,0 135.76922990,-0.89494147,0 135.76943452,-0.89554460,0 135.76917603,-0.89764825,0 135.76928015,-0.89784279,0 135.77003438,-0.89863694,0 135.77085715,-0.89885697,0 135.77111406,-0.89934042,0 135.77108570,-0.90018295,0 135.77125227,-0.90075258,0 135.77159467,-0.90128547,0 135.77237044,-0.90177027,0 135.77281045,-0.90184198,0 135.77234536,-0.90193687,0 135.77232552,-0.90254005,0 135.77346853,-0.90362121,0 135.77397813,-0.90377831,0 135.77494080,-0.90327622,0 135.77538594,-0.90333931,0 135.77550582,-0.90350013,0 135.77518633,-0.90389657,0 135.77498874,-0.90384054,0 135.77406793,-0.90452871,0 135.77388106,-0.90500732,0 135.77397108,-0.90530424,0 135.77364020,-0.90583855,0 135.77374869,-0.90610852,0 135.77415957,-0.90609694,0 135.77423547,-0.90650487,0 135.77507269,-0.90626334,0 135.77552360,-0.90661366,0 135.77586613,-0.90715931,0 135.77573748,-0.90749703,0 135.77586634,-0.90815885,0 135.77604898,-0.90829094,0 135.77598624,-0.90844605,0 135.77616318,-0.90855516,0 135.77628564,-0.90908696,0 135.77656851,-0.90927314,0 135.77660852,-0.90961719,0 135.77687676,-0.90964646,0 135.77717377,-0.91086424,0 135.77695140,-0.91100782,0 135.77693920,-0.91146906,0 135.77708261,-0.91154785,0 135.77702573,-0.91242103,0 135.77678900,-0.91284769,0 135.77684325,-0.91308169,0 135.77731122,-0.91315052,0 135.77706033,-0.91410416,0 135.77657384,-0.91485432,0 135.77625038,-0.91605173,0 135.77631347,-0.91749359,0 135.77629067,-0.91763721,0 135.77607557,-0.91765697,0 135.77607562,-0.91792536,0 135.77627366,-0.91811400,0 135.77648532,-0.92049793,0 135.77625721,-0.92123902,0 135.77594911,-0.92154929,0 135.77596067,-0.92223289,0 135.77630888,-0.92265790,0 135.77730197,-0.92315171,0 135.77881461,-0.92470814,0 135.77884351,-0.92528713,0 135.77941448,-0.92659867,0 135.78032774,-0.92741227,0 135.78017562,-0.92768996,0 135.78038497,-0.92813032,0 135.78012829,-0.92872398,0 135.78020453,-0.92938458,0 135.78058510,-0.92991107,0 135.78054711,-0.93016001,0 135.78097325,-0.93106141,0 135.78135579,-0.93113640,0 135.78165073,-0.93152887,0 135.78206976,-0.93393189,0 135.78198421,-0.93419042,0 135.78238373,-0.93436266,0 135.78282123,-0.93426682,0 135.78310664,-0.93458270,0 135.78307470,-0.93529958,0 135.78224262,-0.93605134,0 135.78244246,-0.93653479,0 135.78266676,-0.93661080,0 135.78298459,-0.93642935,0 135.78385966,-0.93652968,0 135.78430204,-0.93700829,0 135.78588103,-0.93748664,0 135.78647082,-0.93785511,0 135.78698697,-0.93786338,0 135.78722908,-0.93716069,0 135.78772496,-0.93730356,0 135.78836714,-0.93897429,0 135.78841896,-0.93947544,0 135.78855907,-0.93954180,0 135.78851857,-0.94088665,0 135.78820915,-0.94118993,0 135.78761156,-0.94256999,0 135.78794258,-0.94267906,0 135.78753030,-0.94319658,0 135.78752054,-0.94343350,0 135.78770883,-0.94366716,0 135.78771360,-0.94399715,0 135.78803994,-0.94418409,0 135.78754930,-0.94482759,0 135.78743922,-0.94594827,0 135.78802162,-0.94729809,0 135.78826702,-0.94731527,0 135.78838126,-0.94778629,0 135.78814304,-0.94835230,0 135.78801073,-0.94963610,0 135.78821056,-0.95000370,0 135.78800907,-0.95042877,0 135.78804545,-0.95065123,0 135.78838196,-0.95087683,0 135.78934158,-0.95471967,0 135.78896514,-0.95563888,0 135.78906699,-0.95598448,0 135.78885309,-0.95646802,0 135.78898628,-0.95657810,0 135.78878186,-0.95691803,0 135.78905296,-0.95701370,0 135.78902913,-0.95677914,0 135.78946178,-0.95629076,0 135.78975196,-0.95661622,0 135.78979486,-0.95707098,0 135.78964749,-0.95731037,0 135.78972366,-0.95765502,0 135.78944796,-0.95821996,0 135.78925292,-0.95799022,0 135.78874888,-0.95828714,0 135.78787898,-0.95997239,0 135.78770800,-0.96098250,0 135.78777043,-0.96363453,0 135.78754360,-0.96527863,0 135.78774321,-0.96563873,0 135.78834643,-0.96604230,0 135.79021548,-0.96628121,0 135.79049616,-0.96669762,0 135.79181851,-0.96780313,0 135.79168541,-0.96805687,0 135.79191849,-0.96830096,0 135.79189002,-0.96854032,0 135.79230376,-0.96853543,0 135.79294598,-0.96936823,0 135.79291287,-0.97014375,0 135.79408495,-0.97270072,0 135.79422984,-0.97404107,0 135.79396355,-0.97417134,0 135.79343873,-0.97504463,0 135.79358353,-0.97604796,0 135.79272415,-0.97798597,0 135.79286141,-0.97924207,0 135.79325742,-0.98065894,0 135.79357715,-0.98124864,0 135.79360025,-0.98240519,0 135.79347856,-0.98265797,0 135.79358520,-0.98311751,0 135.79382868,-0.98308681,0 135.79364613,-0.98338557,0 135.79398101,-0.98369952,0 135.79379083,-0.98392168,0 135.79401159,-0.98429694,0 135.79428553,-0.98431985,0 135.79445298,-0.98454959,0 135.79459010,-0.98521592,0 135.79485648,-0.98544563,0 135.79563274,-0.98595862,0 135.79653827,-0.98612691,0 135.79643180,-0.98637969,0 135.79685805,-0.98693872,0 135.79622646,-0.98681632,0 135.79624935,-0.98708439,0 135.79790086,-0.98843203,0 135.79838044,-0.98928209,0 135.79828171,-0.99005571,0 135.79969009,-0.99288931,0 135.79962170,-0.99331059,0 135.79972065,-0.99343311,0 135.80021525,-0.99343299,0 135.80056545,-0.99416820,0 135.80058866,-0.99573835,0 135.80042144,-0.99651964,0 135.80016281,-0.99685671,0 135.80005647,-0.99761501,0 135.80237783,-0.99992754,0 135.80293552,-1.00069567,0 135.80323523,-1.00137524,0 135.80318408,-1.00197949,0 135.80336765,-1.00250848,0 135.80438637,-1.00302760,0 135.80529586,-1.00292394,0 135.80543860,-1.00318527,0 135.80566618,-1.00293073,0 135.80585813,-1.00329398,0 135.80611494,-1.00329392,0 135.80687982,-1.00392849,0 135.80673441,-1.00439670,0 135.80779248,-1.00599723,0 135.80820187,-1.00760558,0 135.80849679,-1.00784485,0 135.80901994,-1.00794046,0 135.81046093,-1.00793532,0 135.81213008,-1.00743226,0 135.81260072,-1.00671408,0 135.81291934,-1.00667571,0 135.81294777,-1.00624487,0 135.81309042,-1.00614430,0 135.81322370,-1.00664212,0 135.81351854,-1.00658460,0 135.81374629,-1.00443995,0 135.81315667,-1.00356609,0 135.81379366,-1.00368358,0 135.81368960,-1.00326157,0 135.81420009,-1.00323139,0 135.81443413,-1.00344962,0 135.81465210,-1.00333123,0 135.81519664,-1.00375159,0 135.81539478,-1.00371274,0 135.81576874,-1.00408638,0 135.81558938,-1.00418807,0 135.81557923,-1.00450158,0 135.81610794,-1.00492878,0 135.81642095,-1.00574079,0 135.81606597,-1.00595424,0 135.81570070,-1.00583083,0 135.81496737,-1.00588846,0 135.81477342,-1.00619009,0 135.81431122,-1.00644583,0 135.81404885,-1.00704907,0 135.81426874,-1.00775271,0 135.81399975,-1.00822915,0 135.81444009,-1.00831849,0 135.81448297,-1.00862581,0 135.81474841,-1.00891584,0 135.81497669,-1.00891291,0 135.81584372,-1.01104963,0 135.81669496,-1.01091059,0 135.81688524,-1.01112117,0 135.81673784,-1.01124088,0 135.81689485,-1.01148977,0 135.81726587,-1.01178168,0 135.81774145,-1.01183422,0 135.81777477,-1.01194910,0 135.81729929,-1.01231304,0 135.81769886,-1.01266718,0 135.81767037,-1.01282037,0 135.81698569,-1.01342850,0 135.81696672,-1.01364871,0 135.81759480,-1.01491711,0 135.81748550,-1.01524266,0 135.81766633,-1.01568781,0 135.81803729,-1.01572601,0 135.81885180,-1.01675501,0 135.81878587,-1.01774231,0 135.81954532,-1.01848029,0 135.82067765,-1.02077298,0 135.82057505,-1.02126990,0 135.82080612,-1.02164163,0 135.82066944,-1.02215452,0 135.82081502,-1.02235267,0 135.82185993,-1.02273168,0 135.82195853,-1.02315202,0 135.82259179,-1.02361118,0 135.82252634,-1.02378961,0 135.82286132,-1.02445588,0 135.82262170,-1.02472785,0 135.82305938,-1.02531367,0 135.82300169,-1.02556260,0 135.82333343,-1.02579996,0 135.82353143,-1.02639350,0 135.82419769,-1.02648755,0 135.82357105,-1.02714517,0 135.82393644,-1.02811880,0 135.82413836,-1.02824751,0 135.82430746,-1.02887625,0 135.82418125,-1.02929601,0 135.82489563,-1.02996660,0 135.82478726,-1.03052593,0 135.82504688,-1.03115716,0 135.82549976,-1.03166638,0 135.82573941,-1.03148250,0 135.82622642,-1.03155896,0 135.82640542,-1.03128543,0 135.82689985,-1.03163538,0 135.82928505,-1.03103659,0 135.82928868,-1.03164307,0 135.82880383,-1.03179635,0 135.82834517,-1.03245938,0 135.82666002,-1.03360105,0 135.82610046,-1.03341257,0 135.82563632,-1.03289236,0 135.82534621,-1.03287807,0 135.82474710,-1.03333300,0 135.82462825,-1.03350536,0 135.82484233,-1.03379253,0 135.82474733,-1.03421381,0 135.82413853,-1.03396983,0 135.82376765,-1.03424279,0 135.82343969,-1.03499923,0 135.82323824,-1.03606679,0 135.82255367,-1.03707225,0 135.82256392,-1.03992531,0 135.82274475,-1.04035610,0 135.82261166,-1.04060506,0 135.82270716,-1.04209859,0 135.82259310,-1.04242414,0 135.82275485,-1.04262515,0 135.82254623,-1.04506659,0 135.82286017,-1.04529629,0 135.82208095,-1.04807297,0 135.82225225,-1.04841760,0 135.82203394,-1.05018886,0 135.82183428,-1.05049528,0 135.82161579,-1.05154848,0 135.82168255,-1.05225695,0 135.82138825,-1.05439204,0 135.82132412,-1.05465439,0 135.82090190,-1.05502215,0 135.82100472,-1.05536679,0 135.82209486,-1.05578584,0 135.82242598,-1.05622233,0 135.82273484,-1.05882448,0 135.82323742,-1.06020875,0 135.82312903,-1.06037537,0 135.82263826,-1.06049614,0 135.82241006,-1.06078342,0 135.82289520,-1.06096711,0 135.82291259,-1.06199536,0 135.82315817,-1.06267314,0 135.82328978,-1.06401156,0 135.82314160,-1.06473540,0 135.82276517,-1.06560865,0 135.82244552,-1.06538471,0 135.82202337,-1.06602245,0 135.82233164,-1.06638427,0 135.82241743,-1.06709656,0 135.82242895,-1.06748143,0 135.82204684,-1.06845235,0 135.82257791,-1.06967002,0 135.82238943,-1.07132421,0 135.82297296,-1.07226698,0 135.82313863,-1.07289882,0 135.82265171,-1.07359956,0 135.82299546,-1.07392367,0 135.82298474,-1.07415164,0 135.82246713,-1.07440508,0 135.82147939,-1.07450812,0 135.82092516,-1.07604163,0 135.82111402,-1.07805213,0 135.82075499,-1.07995364,0 135.82049254,-1.08022945,0 135.82020759,-1.08171159,0 135.82024807,-1.08369916,0 135.82050521,-1.08489967,0 135.82019149,-1.08549144,0 135.81967518,-1.08732559,0 135.81933298,-1.08815288,0 135.81834395,-1.08887312,0 135.81756779,-1.08882738,0 135.81625903,-1.08902688,0 135.81595439,-1.08914915,0 135.81586612,-1.08951061,0 135.81558843,-1.08968302,0 135.81448509,-1.08979055,0 135.81233084,-1.09046997,0 135.81182976,-1.09107037,0 135.81032083,-1.09129624,0 135.80882740,-1.09099506,0 135.80810463,-1.09143087,0 135.80702990,-1.09179498,0 135.80339186,-1.09261455,0 135.80310148,-1.09219501,0 135.80173673,-1.09228469,0 135.80172748,-1.09329476,0 135.80187975,-1.09358673,0 135.80246482,-1.09395517,0 135.80275486,-1.09368223,0 135.80302593,-1.09364865,0 135.80354442,-1.09399318,0 135.80372523,-1.09432822,0 135.80314090,-1.09672670,0 135.80208553,-1.09838809,0 135.80350321,-1.09997701,0 135.80365557,-1.10062801,0 135.80405050,-1.10132681,0 135.80511131,-1.10223606,0 135.80610095,-1.10376765,0 135.80628660,-1.10439470,0 135.80601560,-1.10470593,0 135.80608225,-1.10496920,0 135.80714137,-1.10646436,0 135.80754971,-1.10771338,0 135.80744344,-1.10868614,0 135.80755765,-1.10893886,0 135.81084595,-1.11266802,0 135.81073945,-1.11370767,0 135.81114533,-1.11447334,0 135.81200302,-1.11517407,0 135.81225031,-1.11513188,0 135.81252786,-1.11439268,0 135.81294632,-1.11419342,0 135.81321254,-1.11377975,0 135.81478016,-1.11404356,0 135.81519875,-1.11430768,0 135.81579629,-1.11502749,0 135.81653452,-1.11542173,0 135.81759187,-1.11687670,0 135.81790580,-1.11702597,0 135.81830454,-1.11808080,0 135.81857848,-1.11978012,0 135.81846562,-1.12011525,0 135.81877819,-1.12144059,0 135.81870038,-1.12168449,0 135.82034498,-1.12510771,0 135.82090438,-1.12547520,0 135.82175504,-1.12657789,0 135.82233685,-1.12780591,0 135.82257772,-1.12961072,0 135.82309161,-1.13049521,0 135.82324010,-1.13088579,0 135.82306330,-1.13129370,0 135.82353722,-1.13212651,0 135.82454188,-1.13287300,0 135.82567806,-1.13452132,0 135.82713380,-1.13601446,0 135.82814411,-1.13652542,0 135.82822408,-1.13679538,0 135.82947981,-1.13737521,0 135.83037013,-1.13739219,0 135.83131762,-1.13778253,0 135.83279653,-1.13882232,0 135.83511811,-1.14119600,0 135.83642177,-1.14307213,0 135.83730652,-1.14356972,0 135.83995160,-1.14627839,0 135.84243474,-1.14812544,0 135.84284295,-1.14893747,0 135.84304374,-1.14896778,0 135.84417601,-1.15018334,0 135.84463285,-1.15109273,0 135.84521313,-1.15131276,0 135.84566985,-1.15180090,0 135.84623139,-1.15294961,0 135.84682118,-1.15316006,0 135.84747769,-1.15378218,0 135.84821985,-1.15458617,0 135.84827776,-1.15501682,0 135.84852125,-1.15535774,0 135.84978295,-1.15638869,0 135.85023498,-1.15708356,0 135.85083748,-1.15739982,0 135.85160584,-1.15832627,0 135.85224851,-1.15880951,0 135.85265960,-1.15964510,0 135.85470207,-1.16242650,0 135.85590839,-1.16465107,0 135.85780800,-1.16657683,0 135.85819613,-1.16672224,0 135.85878205,-1.16667610,0 135.85959639,-1.16708179,0 135.86364496,-1.16814516,0 135.86611882,-1.16922451,0 135.86699370,-1.16996701,0 135.87322536,-1.17305187,0 135.87463323,-1.17342481,0 135.87749637,-1.17363453,0 135.87983316,-1.17416067,0 135.88070340,-1.17387557,0 135.88206225,-1.17427454,0 135.88316539,-1.17416775,0 135.88394158,-1.17422494,0 135.88430690,-1.17443737,0 135.88588772,-1.17428751,0 135.88650415,-1.17448837,0 135.88710216,-1.17434457,0 135.88739239,-1.17470350,0 135.88868594,-1.17452597,0 135.88889511,-1.17424826,0 135.89044081,-1.17432914,0 135.89095930,-1.17462576,0 135.89075009,-1.17478859,0 135.89079297,-1.17505185,0 135.89109731,-1.17492730,0 135.89147792,-1.17535800,0 135.89239102,-1.17523803,0 135.89245768,-1.17548214,0 135.89279540,-1.17564000,0 135.89334228,-1.17550101,0 135.89372772,-1.17614233,0 135.89499762,-1.17639084,0 135.89666392,-1.17743882,0 135.89750105,-1.17774491,0 135.90329389,-1.17819300,0 135.90565137,-1.17800536,0 135.90645970,-1.17749769,0 135.90673063,-1.17699018,0 135.90684166,-1.17621307,0 135.90711170,-1.17589513,0 135.90707704,-1.17461991,0 135.90666163,-1.17246784,0 135.90667716,-1.17108745,0 135.90688167,-1.17034244,0 135.90783992,-1.16867628,0 135.90799189,-1.16797925,0 135.90763811,-1.16816701,0 135.90746706,-1.16794497,0 135.90752561,-1.16761730,0 135.90825479,-1.16650071,0 135.90891806,-1.16594521,0 135.90924126,-1.16531563,0 135.91069392,-1.16452053,0 135.91235802,-1.16312460,0 135.91285380,-1.16141570,0 135.91288856,-1.16066663,0 135.91332420,-1.15978666,0 135.91473169,-1.15903944,0 135.91597524,-1.15869916,0 135.91910462,-1.15879628,0 135.91985356,-1.15845616,0 135.91999153,-1.15861169,0 135.92030778,-1.15859005,0 135.92067627,-1.15829553,0 135.92078334,-1.15850373,0 135.92191050,-1.15858952,0 135.92272607,-1.15840017,0 135.92397849,-1.15739797,0 135.92624791,-1.15721723,0 135.92815091,-1.15631763,0 135.92841329,-1.15589534,0 135.92974939,-1.15482270,0 135.93050812,-1.15389762,0 135.93105882,-1.15379979,0 135.93128413,-1.15346942,0 135.93146788,-1.15409388,0 135.93194357,-1.15432797,0 135.93196079,-1.15463241,0 135.93232034,-1.15467250,0 135.93254851,-1.15432777,0 135.93300505,-1.15427305,0 135.93306770,-1.15387667,0 135.93291926,-1.15370439,0 135.93330142,-1.15307527,0 135.93324711,-1.15276223,0 135.93301877,-1.15259859,0 135.93301006,-1.15212182,0 135.93384883,-1.15165051,0 135.93459883,-1.15022569,0 135.93526640,-1.14977167,0 135.93546604,-1.14943269,0 135.93619382,-1.14943304,0 135.93665585,-1.14916806,0 135.93680134,-1.14935866,0 135.93704041,-1.14936581,0 135.93716257,-1.14917400,0 135.93766603,-1.14929985,0 135.93855899,-1.14875098,0 135.93873592,-1.14879687,0 135.93872742,-1.14896059,0 135.93903271,-1.14887719,0 135.93948052,-1.14830836,0 135.93991386,-1.14712491,0 135.94023056,-1.14700130,0 135.94053857,-1.14649570,0 135.94095514,-1.14636345,0 135.94075237,-1.14584366,0 135.94098533,-1.14554923,0 135.94086064,-1.14536111,0 135.94039835,-1.14527510,0 135.94017302,-1.14554515,0 135.93974784,-1.14550508,0 135.93962507,-1.14530982,0 135.93877471,-1.14521819,0 135.93796726,-1.14549131,0 135.93776762,-1.14579869,0 135.93805921,-1.14600858,0 135.93792139,-1.14629823,0 135.93778289,-1.14634640,0 135.93771432,-1.14598664,0 135.93757172,-1.14594651,0 135.93741257,-1.14646594,0 135.93718432,-1.14653782,0 135.93731026,-1.14625774,0 135.93700343,-1.14600893,0 135.93731957,-1.14565938,0 135.93730999,-1.14543201,0 135.93710301,-1.14512332,0 135.93645616,-1.14492009,0 135.93660353,-1.14475968,0 135.93636807,-1.14458743,0 135.93642032,-1.14440791,0 135.93672211,-1.14377354,0 135.93694803,-1.14383331,0 135.93812229,-1.14253089,0 135.93869761,-1.14212621,0 135.94204267,-1.14143493,0 135.94311176,-1.14139629,0 135.94313080,-1.14156915,0 135.94353006,-1.14160182,0 135.94407402,-1.14126081,0 135.94420350,-1.14166287,0 135.94461821,-1.14165507,0 135.94458025,-1.14193464,0 135.94428353,-1.14207260,0 135.94434069,-1.14234830,0 135.94403642,-1.14263561,0 135.94392388,-1.14333526,0 135.94471413,-1.14414038,0 135.94456603,-1.14498675,0 135.94426178,-1.14534299,0 135.94404515,-1.14608599,0 135.94494462,-1.14702958,0 135.94643097,-1.14754367,0 135.94681143,-1.14754355,0 135.94717997,-1.14742375,0 135.94778033,-1.14690964,0 135.94942611,-1.14659660,0 135.94977121,-1.14634832,0 135.95155174,-1.14625199,0 135.95290255,-1.14674937,0 135.95330597,-1.14713984,0 135.95386653,-1.14711904,0 135.95554748,-1.14846005,0 135.95685251,-1.14905339,0 135.95964506,-1.14891842,0 135.96160822,-1.14852855,0 135.96282808,-1.14868262,0 135.96432093,-1.14844775,0 135.96672126,-1.14771931,0 135.96743898,-1.14726932,0 135.97026368,-1.14660490,0 135.97070596,-1.14657890,0 135.97104558,-1.14676260,0 135.97203851,-1.14655892,0 135.97290164,-1.14690134,0 135.97414050,-1.14687443,0 135.97546843,-1.14721863,0 135.97694456,-1.14705728,0 135.97797951,-1.14736328,0 135.98003709,-1.14574387,0 135.98020056,-1.14537076,0 135.98078441,-1.14490337,0 135.98344011,-1.14380436,0 135.98421622,-1.14371792,0 135.98500003,-1.14392061,0 135.98569243,-1.14381698,0 135.98649529,-1.14410391,0 135.98676554,-1.14446379,0 135.98718792,-1.14467426,0 135.98833695,-1.14479257,0 135.98909402,-1.14467743,0 135.98930318,-1.14441312,0 135.98991945,-1.14418314,0 135.99032277,-1.14429789,0 135.99041016,-1.14397235,0 135.99078674,-1.14374246,0 135.99160472,-1.14372685,0 135.99230083,-1.14337813,0 135.99369698,-1.14299853,0 135.99477366,-1.14294454,0 135.99723917,-1.14336875,0 135.99851255,-1.14279086,0 135.99879209,-1.14251887,0 135.99979167,-1.14233375,0 136.00087314,-1.14238220,0 136.00167788,-1.14259158,0 136.00307063,-1.14339814,0 136.00393810,-1.14349548,0 136.00502515,-1.14319641,0 136.00712761,-1.14376912,0 136.00893075,-1.14358579,0 136.00978217,-1.14402108,0 136.01252235,-1.14404745,0 136.01425508,-1.14453168,0 136.01851865,-1.14518700,0 136.01983413,-1.14642614,0 136.02127006,-1.14723666,0 136.02259118,-1.14719598,0 136.02360684,-1.14677342,0 136.02590035,-1.14672626,0 136.02681617,-1.14638703,0 136.02691593,-1.14609404,0 136.02782330,-1.14604489,0 136.02893624,-1.14636329,0 136.02955730,-1.14680203,0 136.03078837,-1.14711222,0 136.03162185,-1.14792183,0 136.03232084,-1.14766597,0 136.03275116,-1.14694306,0 136.03352467,-1.14680966,0 136.03377579,-1.14700305,0 136.03390433,-1.14738116,0 136.03410884,-1.14742656,0 136.03442494,-1.14702435,0 136.03538326,-1.14715325,0 136.03645813,-1.14777364,0 136.03760428,-1.14813559,0 136.03825358,-1.14856376,0 136.03854860,-1.14900882,0 136.03926215,-1.14958297,0 136.04026632,-1.15158345,0 136.04080147,-1.15197338,0 136.04103229,-1.15242564,0 136.04160497,-1.15295260,0 136.04226170,-1.15329525,0 136.04243302,-1.15319531,0 136.04306707,-1.15365215,0 136.04333246,-1.15404478,0 136.04323252,-1.15419468,0 136.04374792,-1.15537074,0 136.04483202,-1.15551781,0 136.04586688,-1.15607409,0 136.04891113,-1.15659450,0 136.04943053,-1.15681832,0 136.04971322,-1.15737252,0 136.04991598,-1.15853850,0 136.04932693,-1.15974940,0 136.04906348,-1.16090614,0 136.04903479,-1.16479726,0 136.04929583,-1.16813773,0 136.04991832,-1.16963388,0 136.05023043,-1.16999803,0 136.04990983,-1.17042487,0 136.05320345,-1.17449833,0 136.05343638,-1.17432785,0 136.05366519,-1.17469513,0 136.05427167,-1.17504433,0 136.05452630,-1.17558274,0 136.05555616,-1.17626685,0 136.05601002,-1.17688756,0 136.05586801,-1.17720731,0 136.05643327,-1.17747712,0 136.05648403,-1.17764028,0 136.05690022,-1.17781483,0 136.05718782,-1.17749880,0 136.05740194,-1.17780267,0 136.05884322,-1.17861108,0 136.05936653,-1.17910151,0 136.06036365,-1.17932393,0 136.06116570,-1.17994972,0 136.06228725,-1.18036860,0 136.06260111,-1.18032828,0 136.06316906,-1.18066696,0 136.06385962,-1.18074711,0 136.06473119,-1.18139996,0 136.06610107,-1.18184271,0 136.06661243,-1.18217998,0 136.06764448,-1.18235429,0 136.06846734,-1.18270819,0 136.06874307,-1.18244481,0 136.06920438,-1.18247814,0 136.06962731,-1.18285118,0 136.06965693,-1.18308195,0 136.07102118,-1.18345502,0 136.07105093,-1.18372866,0 136.07153458,-1.18349434,0 136.07340947,-1.18402781,0 136.07406617,-1.18456303,0 136.07402126,-1.18553258,0 136.07727957,-1.18603358,0 136.07734128,-1.18576072,0 136.07708923,-1.18574885,0 136.07711766,-1.18547360,0 136.07773497,-1.18541177,0 136.07813431,-1.18504400,0 136.07874782,-1.18512130,0 136.07910436,-1.18478514,0 136.07926709,-1.18501196,0 136.07998054,-1.18526442,0 136.08004321,-1.18499442,0 136.08025944,-1.18497193,0 136.08022305,-1.18518391,0 136.08072250,-1.18546804,0 136.08101068,-1.18543059,0 136.08095835,-1.18564821,0 136.08112253,-1.18582667,0 136.08123431,-1.18572804,0 136.08153884,-1.18615125,0 136.08236075,-1.18649270,0 136.08303411,-1.18638330,0 136.08329084,-1.18619364,0 136.08392458,-1.18692863,0 136.08427056,-1.18646199,0 136.08450653,-1.18658376,0 136.08459892,-1.18691884,0 136.08429070,-1.18694518,0 136.08408735,-1.18727607,0 136.08496639,-1.18775535,0 136.08538286,-1.18745362,0 136.08558935,-1.18701556,0 136.08656131,-1.18744167,0 136.08706156,-1.18734781,0 136.08811868,-1.18758759,0 136.08819076,-1.18785746,0 136.08842480,-1.18800959,0 136.08987739,-1.18857192,0 136.09015713,-1.18884465,0 136.09054805,-1.18886173,0 136.09109036,-1.18927508,0 136.09140734,-1.18933335,0 136.09208245,-1.18883527,0 136.09327482,-1.18956316,0 136.09389541,-1.18951266,0 136.09537149,-1.18994909,0 136.09593381,-1.19045720,0 136.09838792,-1.19094733,0 136.09886170,-1.19126880,0 136.09986137,-1.19135456,0 136.10112091,-1.19197823,0 136.10117424,-1.19213138,0 136.10190849,-1.19209279,0 136.10374245,-1.19255540,0 136.10383755,-1.19272846,0 136.10477353,-1.19270816,0 136.10712501,-1.19344243,0 136.11164624,-1.19398866,0 136.11196975,-1.19430205,0 136.11309687,-1.19440211,0 136.11346315,-1.19464130,0 136.11457551,-1.19469397,0 136.11510632,-1.19488618,0 136.11550004,-1.19478263,0 136.11871861,-1.19559061,0 136.11904970,-1.19584320,0 136.12096342,-1.19599176,0 136.12241689,-1.19638558,0 136.12412897,-1.19652655,0 136.12453744,-1.19678638,0 136.12569839,-1.19682304,0 136.13018836,-1.19848213,0 136.13463059,-1.19970086,0 136.14177839,-1.20006643,0 136.14454026,-1.19958766,0 136.14466204,-1.19973973,0 136.14497971,-1.19974917,0 136.14776722,-1.19878264,0 136.14820007,-1.19900264,0 136.14989460,-1.19816643,0 136.14985211,-1.19766596,0 136.15080858,-1.19714421,0 136.15093994,-1.19739689,0 136.15131081,-1.19725314,0 136.15119943,-1.19701481,0 136.15231103,-1.19641698,0 136.15315340,-1.19566609,0 136.15532148,-1.19456236,0 136.15814424,-1.19054639,0 136.15845060,-1.18981259,0 136.15907428,-1.18936182,0 136.15935540,-1.18879628,0 136.15993915,-1.18832272,0 136.15992074,-1.18775181,0 136.16013358,-1.18725009,0 136.16120870,-1.18641678,0 136.16152897,-1.18595241,0 136.16181593,-1.18598595,0 136.16248546,-1.18550297,0 136.16315731,-1.18573403,0 136.16381545,-1.18568780,0 136.16533302,-1.18474517,0 136.16566405,-1.18484842,0 136.16622704,-1.18470650,0 136.16680161,-1.18495516,0 136.16706783,-1.18474444,0 136.16714402,-1.18498182,0 136.16738752,-1.18502001,0 136.16817455,-1.18387091,0 136.16973782,-1.18305462,0 136.16985557,-1.18261038,0 136.17060133,-1.18283216,0 136.17222551,-1.18213455,0 136.17359502,-1.18194251,0 136.17370498,-1.18173515,0 136.17418067,-1.18180496,0 136.17450813,-1.18207997,0 136.17499712,-1.18180831,0 136.17560207,-1.18186959,0 136.17556192,-1.18200294,0 136.17620489,-1.18209074,0 136.17679090,-1.18240448,0 136.17808432,-1.18223161,0 136.17837731,-1.18234254,0 136.17907278,-1.18196486,0 136.17934443,-1.18156975,0 136.17922269,-1.18112253,0 136.18166349,-1.18064241,0 136.18263911,-1.18014802,0 136.18487023,-1.17979670,0 136.18489247,-1.17967839,0 136.18642610,-1.17933143,0 136.18704928,-1.17900624,0 136.18724392,-1.17904868,0 136.18738678,-1.17948661,0 136.18791874,-1.18004250,0 136.18819576,-1.18002967,0 136.18820668,-1.17982389,0 136.18936518,-1.17979206,0 136.18989583,-1.17915788,0 136.19017575,-1.17983839,0 136.19077164,-1.18016014,0 136.19020437,-1.17973678,0 136.19026136,-1.17955008,0 136.19071442,-1.17978801,0 136.19057652,-1.17942081,0 136.19100788,-1.17949193,0 136.19070698,-1.17925138,0 136.19075336,-1.17908797,0 136.19208996,-1.17882383,0 136.19241615,-1.17848134,0 136.19295395,-1.17837663,0 136.19324025,-1.17853638,0 136.19337062,-1.17816751,0 136.19363169,-1.17817689,0 136.19366324,-1.17839849,0 136.19384244,-1.17821796,0 136.19706057,-1.17743188,0 136.19720828,-1.17727786,0 136.19761963,-1.17738371,0 136.19773271,-1.17702750,0 136.19808193,-1.17722205,0 136.19859773,-1.17715534,0 136.20116877,-1.17651789,0 136.20129762,-1.17628040,0 136.20156351,-1.17635417,0 136.20188261,-1.17616934,0 136.20247290,-1.17613839,0 136.20360200,-1.17541394,0 136.20360845,-1.17423254,0 136.20431462,-1.17379222,0 136.20470616,-1.17390878,0 136.20480594,-1.17426000,0 136.20508529,-1.17445242,0 136.20552749,-1.17434214,0 136.20596981,-1.17448554,0 136.20627878,-1.17417429,0 136.20597210,-1.17385492,0 136.20597192,-1.17343228,0 136.20616875,-1.17373155,0 136.20678967,-1.17336069,0 136.20681027,-1.17372634,0 136.20701836,-1.17384176,0 136.20714128,-1.17338134,0 136.20735737,-1.17327542,0 136.20786163,-1.17327226,0 136.20973801,-1.17276841,0 136.21042968,-1.17280079,0 136.21109316,-1.17245191,0 136.21313393,-1.17217346,0 136.21789050,-1.17188820,0 136.22062940,-1.17140597,0 136.22244118,-1.17134056,0 136.22358051,-1.17095479,0 136.22499185,-1.17081156,0 136.22582822,-1.17082242,0 136.22611941,-1.17096465,0 136.22626752,-1.17128248,0 136.22628749,-1.17095043,0 136.22699038,-1.17077442,0 136.23157007,-1.17095314,0 136.23185709,-1.17111237,0 136.23197859,-1.17094507,0 136.23270105,-1.17087094,0 136.23471230,-1.17117722,0 136.23555851,-1.17155180,0 136.23657471,-1.17151987,0 136.23895149,-1.17085922,0 136.24058291,-1.17103874,0 136.24138373,-1.17057119,0 136.24252159,-1.17051385,0 136.24377519,-1.16977168,0 136.24536527,-1.16926485,0 136.24729994,-1.16805707,0 136.24782868,-1.16830964,0 136.24826829,-1.16826542,0 136.25165038,-1.16602971,0 136.25278942,-1.16486436,0 136.25328858,-1.16467084,0 136.25528106,-1.16447013,0 136.25600519,-1.16342483,0 136.25767557,-1.16296084,0 136.25843224,-1.16255395,0 136.25973214,-1.16140752,0 136.26191980,-1.16083541,0 136.26198858,-1.16105346,0 136.26249862,-1.16080446,0 136.26266033,-1.16085704,0 136.26270748,-1.16118950,0 136.26303298,-1.16110354,0 136.26322382,-1.16101936,0 136.26324301,-1.16060216,0 136.26482004,-1.15981814,0 136.26681921,-1.16003420,0 136.26762544,-1.16054855,0 136.26848060,-1.16044055,0 136.26895651,-1.15998447,0 136.26958581,-1.15994865,0 136.26995029,-1.15972080,0 136.27004424,-1.15947611,0 136.27156093,-1.15892499,0 136.27376011,-1.15773959,0 136.27407500,-1.15784174,0 136.27433736,-1.15834818,0 136.27454421,-1.15833133,0 136.27435479,-1.15743757,0 136.27539237,-1.15672428,0 136.27986545,-1.15295754,0 136.27981273,-1.15280757,0 136.27895573,-1.15261566,0 136.27907913,-1.15207953,0 136.27925839,-1.15217996,0 136.27966580,-1.15199276,0 136.28227553,-1.15018200,0 136.28303610,-1.15022002,0 136.28314198,-1.15063032,0 136.28336550,-1.15067808,0 136.28351285,-1.15053443,0 136.28366031,-1.15063966,0 136.28530121,-1.14983964,0 136.28659865,-1.14973531,0 136.28785149,-1.14920296,0 136.28860256,-1.14916494,0 136.28937264,-1.14825243,0 136.29030670,-1.14771756,0 136.29200557,-1.14724322,0 136.29360338,-1.14723771,0 136.29395078,-1.14709970,0 136.29495492,-1.14610033,0 136.29572586,-1.14559588,0 136.29745335,-1.14494867,0 136.29947589,-1.14383032,0 136.30250733,-1.14251210,0 136.30408729,-1.14241217,0 136.30466788,-1.14205525,0 136.30604796,-1.14176971,0 136.30776593,-1.14191248,0 136.30963194,-1.14170123,0 136.31131815,-1.14105997,0 136.31157893,-1.14072241,0 136.31297429,-1.14094429,0 136.31346194,-1.14064975,0 136.31470315,-1.14044690,0 136.31515918,-1.13984966,0 136.31550022,-1.13978793,0 136.31770585,-1.13826397,0 136.31865481,-1.13726141,0 136.31967374,-1.13690569,0 136.32088250,-1.13620613,0 136.32184432,-1.13602419,0</coordinates></LinearRing></outerBoundaryIs></Polygon><Polygon><tessellate>1</tessellate><altitudeMode>clampToGround</altitudeMode><outerBoundaryIs><LinearRing><coordinates>138.54563737,-3.30242860,0 138.54606568,-3.30042985,0 138.54720782,-3.29871664,0 138.54727920,-3.29671789,0 138.54762335,-3.29590445,0 138.54566753,-3.29264218,0 138.54495369,-3.29038170,0 138.54495369,-3.28812121,0 138.54459677,-3.28395715,0 138.54507267,-3.28193461,0 138.54495369,-3.28026899,0 138.54531061,-3.27681877,0 138.54519164,-3.27551007,0 138.54364499,-3.27372547,0 138.53567379,-3.27063217,0 138.53341331,-3.26920449,0 138.52960617,-3.26813374,0 138.52472827,-3.26789579,0 138.52330060,-3.26825271,0 138.52139703,-3.26753887,0 138.51913654,-3.26349379,0 138.51901757,-3.25837795,0 138.51683069,-3.25413749,0 138.51200628,-3.26046953,0 138.50989560,-3.26393707,0 138.50733264,-3.27464122,0 138.50356357,-3.27931486,0 138.50190518,-3.28233011,0 138.50084984,-3.28504384,0 138.49331171,-3.29288350,0 138.49089951,-3.29514494,0 138.48803502,-3.29725561,0 138.48547205,-3.29816019,0 138.47808468,-3.29469265,0 138.47249258,-3.29143853,0 138.47267115,-3.29173111,0 138.47269550,-3.29273272,0 138.47343740,-3.29370411,0 138.47323994,-3.29432361,0 138.47374556,-3.29490217,0 138.47386433,-3.29563747,0 138.47553792,-3.29521651,0 138.47592020,-3.29540886,0 138.47602748,-3.29583930,0 138.47594206,-3.29684643,0 138.47608964,-3.29761403,0 138.47581125,-3.29819087,0 138.47572529,-3.30025507,0 138.47546460,-3.30077774,0 138.47559490,-3.30154419,0 138.47540269,-3.30230923,0 138.47527618,-3.30251718,0 138.47472936,-3.30264464,0 138.47365057,-3.30323420,0 138.47315252,-3.30305112,0 138.47255440,-3.30196690,0 138.47226770,-3.29964453,0 138.46738714,-3.29920224,0 138.46675818,-3.29881451,0 138.46472448,-3.29813950,0 138.46509188,-3.29916833,0 138.46598989,-3.29933536,0 138.46661203,-3.30049917,0 138.46648967,-3.30086277,0 138.46552553,-3.30197959,0 138.46581242,-3.30290983,0 138.46700888,-3.30472197,0 138.46708547,-3.30529270,0 138.46751741,-3.30579110,0 138.46812117,-3.30714253,0 138.46904871,-3.30860857,0 138.46935611,-3.30958265,0 138.47037131,-3.31038897,0 138.47054382,-3.31101358,0 138.47049263,-3.31175007,0 138.47084593,-3.31217733,0 138.47204675,-3.31279599,0 138.47278907,-3.31363881,0 138.47333567,-3.31399708,0 138.47518084,-3.31324186,0 138.47680356,-3.31291330,0 138.47756166,-3.31085365,0 138.47750631,-3.30975452,0 138.47773732,-3.30951879,0 138.47893767,-3.30924390,0 138.47973009,-3.30882931,0 138.47995462,-3.30732846,0 138.48089239,-3.30794865,0 138.48172840,-3.30826165,0 138.48304048,-3.30929079,0 138.48336832,-3.30935999,0 138.48422779,-3.30916752,0 138.48585369,-3.30922538,0 138.48627108,-3.30937481,0 138.48758995,-3.30845440,0 138.48934874,-3.30780161,0 138.49029746,-3.30448251,0 138.49093476,-3.30360171,0 138.49152209,-3.30316199,0 138.49284184,-3.30287120,0 138.49435798,-3.30218871,0 138.49582613,-3.30116293,0 138.49841764,-3.30023804,0 138.49932107,-3.29928428,0 138.49956300,-3.29992379,0 138.50133006,-3.30212811,0 138.50285635,-3.30499210,0 138.50563742,-3.30842331,0 138.50619624,-3.31107464,0 138.50687228,-3.31217741,0 138.50922941,-3.31471229,0 138.51380942,-3.31845650,0 138.51476948,-3.31898425,0 138.51618541,-3.32007121,0 138.51791702,-3.32091936,0 138.51857747,-3.32147844,0 138.52238751,-3.32317344,0 138.52647785,-3.32402529,0 138.53926516,-3.32368455,0 138.54250167,-3.32394760,0 138.54344028,-3.32333087,0 138.54399554,-3.32063147,0 138.54371001,-3.31863273,0 138.54299617,-3.31663398,0 138.54506630,-3.31527769,0 138.54585152,-3.31342171,0 138.54520907,-3.31149434,0 138.54499492,-3.30742546,0 138.54413831,-3.30549810,0 138.54392416,-3.30349935,0 138.54428108,-3.30314243,0 138.54563737,-3.30242860,0</coordinates></LinearRing></outerBoundaryIs></Polygon><Polygon><tessellate>1</tessellate><altitudeMode>clampToGround</altitudeMode><outerBoundaryIs><LinearRing><coordinates>140.85918445,-3.97136881,0 140.86230949,-3.97084756,0 140.86459377,-3.97065721,0 140.86672735,-3.96995254,0 140.86859685,-3.96863046,0 140.86949080,-3.96834643,0 140.86988479,-3.96842489,0 140.87035217,-3.96907434,0 140.87110423,-3.96934370,0 140.87203887,-3.96927557,0 140.87338153,-3.96864409,0 140.87391935,-3.96862195,0 140.87431288,-3.96871920,0 140.87508518,-3.96946651,0 140.87707872,-3.96973593,0 140.87790358,-3.96904577,0 140.87866282,-3.96876843,0 140.87930168,-3.96827955,0 140.87984137,-3.96750267,0 140.88077669,-3.96554821,0 140.88144167,-3.96488651,0 140.88572935,-3.96326233,0 140.88655112,-3.96330086,0 140.88810099,-3.96370683,0 140.88849289,-3.96362251,0 140.88873283,-3.96331564,0 140.88932298,-3.96152299,0 140.88966674,-3.96110412,0 140.89018528,-3.96098421,0 140.89205786,-3.96120245,0 140.89269965,-3.96139644,0 140.89297528,-3.96169123,0 140.89375723,-3.96311167,0 140.89427436,-3.96659628,0 140.89403728,-3.96749004,0 140.89441879,-3.96762681,0 140.89626833,-3.96797635,0 140.89989801,-3.96796378,0 140.90534791,-3.96866674,0 140.90704177,-3.96794778,0 140.90722023,-3.96762655,0 140.90782995,-3.96739699,0 140.90833142,-3.96801247,0 140.90889439,-3.96810657,0 140.91063665,-3.96745992,0 140.91116249,-3.96745185,0 140.91159124,-3.96758188,0 140.91268327,-3.96850009,0 140.91317181,-3.96871714,0 140.91340323,-3.96905643,0 140.91468558,-3.96968482,0 140.91538623,-3.96961578,0 140.91611196,-3.96897504,0 140.91722547,-3.96903170,0 140.91806996,-3.96934590,0 140.91892698,-3.96945279,0 140.92007182,-3.96891260,0 140.92106647,-3.96901322,0 140.92177965,-3.96861121,0 140.92221761,-3.96795787,0 140.92328160,-3.96823331,0 140.92506619,-3.96925007,0 140.92603072,-3.96924686,0 140.92706494,-3.96955391,0 140.92938491,-3.96944684,0 140.93032309,-3.96917410,0 140.93729235,-3.96910135,0 140.94249743,-3.96865520,0 140.94829736,-3.96865520,0 140.94963581,-3.96895263,0 140.95246382,-3.96868266,0 140.95347101,-3.96834346,0 140.95444063,-3.96855712,0 140.95589196,-3.96848809,0 140.95784372,-3.96890283,0 140.95844428,-3.96842539,0 140.95949525,-3.96829351,0 140.96163469,-3.96829361,0 140.96224776,-3.96806747,0 140.96361150,-3.96794188,0 140.96428085,-3.96832514,0 140.96533810,-3.96746448,0 140.96628896,-3.96760273,0 140.96670809,-3.96742056,0 140.96760890,-3.96767189,0 140.96900394,-3.96712536,0 140.96957945,-3.96750862,0 140.97017376,-3.96725106,0 140.97073051,-3.96723851,0 140.97160004,-3.96751498,0 140.97212552,-3.96725742,0 140.97406085,-3.96687061,0 140.97505319,-3.96713186,0 140.97582544,-3.96715110,0 140.97657461,-3.96755875,0 140.97617773,-3.96824089,0 140.97609376,-3.96880808,0 140.97620822,-3.96945192,0 140.97642191,-3.96961289,0 140.97620787,-3.97068340,0 140.97641424,-3.97114582,0 140.97581128,-3.97231851,0 140.97591811,-3.97287804,0 140.97639127,-3.97344524,0 140.97607834,-3.97415805,0 140.97630729,-3.97475590,0 140.97616226,-3.97511615,0 140.97499453,-3.97635012,0 140.97452133,-3.97716257,0 140.97384206,-3.97747681,0 140.97342228,-3.97805931,0 140.97365122,-3.97871082,0 140.97333830,-3.97906339,0 140.97336117,-3.97969189,0 140.97358249,-3.98009047,0 140.97429225,-3.98061169,0 140.97469674,-3.98125554,0 140.97454408,-3.98153147,0 140.97368273,-3.98171361,0 140.97361390,-3.98239213,0 140.97406431,-3.98268115,0 140.97485254,-3.98250525,0 140.97527793,-3.98262464,0 140.97535300,-3.98292620,0 140.97512777,-3.98365497,0 140.97525288,-3.98395026,0 140.97559069,-3.98410733,0 140.97608490,-3.98401310,0 140.97624757,-3.98315869,0 140.97646027,-3.98281944,0 140.97664169,-3.98273148,0 140.97685439,-3.98287599,0 140.97700452,-3.98319640,0 140.97682309,-3.98364874,0 140.97687938,-3.98398800,0 140.97773641,-3.98467910,0 140.97729848,-3.98542671,0 140.97729221,-3.98579110,0 140.97836821,-3.98600474,0 140.97846205,-3.98614296,0 140.97778641,-3.98659529,0 140.97772384,-3.98689056,0 140.97968818,-3.98685919,0 140.97884362,-3.98750000,0 140.97874352,-3.98783926,0 140.97904379,-3.98815339,0 140.98015731,-3.98871885,0 140.98057020,-3.98869372,0 140.98105817,-3.98826024,0 140.98119580,-3.98836705,0 140.98139637,-3.98947263,0 140.98065776,-3.98980574,0 140.98078286,-3.99045913,0 140.98204652,-3.99116908,0 140.98270340,-3.99082356,0 140.98348144,-3.99105874,0 140.98321724,-3.99173770,0 140.98374185,-3.99228113,0 140.98389824,-3.99236909,0 140.98430227,-3.99201636,0 140.98466771,-3.99238795,0 140.98505558,-3.99241309,0 140.98528704,-3.99261413,0 140.98509935,-3.99313558,0 140.98526201,-3.99336804,0 140.98628796,-3.99409055,0 140.98724511,-3.99419109,0 140.98764548,-3.99442983,0 140.98790194,-3.99662872,0 140.98838410,-3.99787680,0 140.98830855,-3.99846952,0 140.98701983,-3.99848206,0 140.98659442,-3.99887158,0 140.98581868,-3.99921082,0 140.98440397,-4.00084896,0 140.98466085,-4.00160929,0 140.98541341,-4.00246524,0 140.98564006,-4.00376129,0 140.98538013,-4.00440778,0 140.98529850,-4.00550046,0 140.98505669,-4.00633211,0 140.98349187,-4.00805044,0 140.98466284,-4.00925271,0 140.98570990,-4.00984344,0 140.98619980,-4.00994601,0 140.98659649,-4.00962352,0 140.98716060,-4.00784149,0 140.98755563,-4.00721520,0 140.98814723,-4.00705568,0 140.99059663,-4.00808859,0 140.99173633,-4.00585543,0 140.99230885,-4.00570352,0 140.99294715,-4.00598633,0 140.99427189,-4.00772088,0 140.99527732,-4.00833020,0 140.99630926,-4.00961531,0 140.99558727,-4.01200524,0 140.99527013,-4.01552609,0 140.99571517,-4.01707976,0 140.99610895,-4.01755351,0 140.99695474,-4.01804801,0 140.99998870,-4.01924486,0 141.00123879,-4.01955231,0 141.00031778,-3.92116333,0 141.00471944,-3.23245556,0 141.00228889,-3.01987500,0 141.00313889,-2.68129444,0 141.00131837,-2.60442529,0 141.00057598,-2.60433962,0 140.99909680,-2.60461705,0 140.99647609,-2.60449583,0 140.99465580,-2.60517398,0 140.99116238,-2.60474445,0 140.99017545,-2.60504237,0 140.98941105,-2.60504222,0 140.98852561,-2.60543358,0 140.98787137,-2.60542326,0 140.98635981,-2.60589368,0 140.98193996,-2.60635768,0 140.98076808,-2.60682762,0 140.97762719,-2.60719644,0 140.97629231,-2.60764140,0 140.97494435,-2.60780320,0 140.97244446,-2.60786681,0 140.97109914,-2.60764140,0 140.96951828,-2.60764607,0 140.96741692,-2.60724879,0 140.96503486,-2.60707117,0 140.96297837,-2.60712856,0 140.96143853,-2.60678479,0 140.96071279,-2.60764140,0 140.95970450,-2.60808755,0 140.95905312,-2.60886087,0 140.95890440,-2.60952712,0 140.95819056,-2.60987809,0 140.95805969,-2.61021122,0 140.95768493,-2.61028260,0 140.95694665,-2.60993815,0 140.95559548,-2.61032580,0 140.95528762,-2.61077039,0 140.95490096,-2.61071090,0 140.95464546,-2.61084999,0 140.95402056,-2.61165079,0 140.95394917,-2.61196607,0 140.95368148,-2.61178761,0 140.95336621,-2.61215642,0 140.95282488,-2.61209694,0 140.95126038,-2.61259663,0 140.94860134,-2.61273939,0 140.94831580,-2.61295354,0 140.94728073,-2.61309631,0 140.94685838,-2.61378041,0 140.94582912,-2.61352529,0 140.94475256,-2.61403620,0 140.94152244,-2.61432768,0 140.94077291,-2.61410758,0 140.93947509,-2.61409577,0 140.93854037,-2.61448900,0 140.93814360,-2.61494039,0 140.93751215,-2.61477466,0 140.93662856,-2.61490047,0 140.93580578,-2.61470840,0 140.93501951,-2.61512483,0 140.93375688,-2.61411205,0 140.93163881,-2.61307622,0 140.93063575,-2.61283108,0 140.93013439,-2.61215353,0 140.92949458,-2.61212258,0 140.92760479,-2.61113151,0 140.92608172,-2.61074213,0 140.92583786,-2.61097544,0 140.92572507,-2.61185212,0 140.92406712,-2.61316702,0 140.92344365,-2.61394384,0 140.92283096,-2.61424228,0 140.92262818,-2.61446973,0 140.92257655,-2.61508823,0 140.92211340,-2.61534118,0 140.92196579,-2.61565078,0 140.92189035,-2.61606454,0 140.92220439,-2.61654564,0 140.92211397,-2.61683593,0 140.92227668,-2.61742074,0 140.92223619,-2.61978141,0 140.92240940,-2.62155183,0 140.92187523,-2.62210465,0 140.92004899,-2.62261624,0 140.91934705,-2.62298505,0 140.91707467,-2.62328844,0 140.91636678,-2.62357397,0 140.91143653,-2.62388687,0 140.91098920,-2.62409626,0 140.91027536,-2.62306834,0 140.91138894,-2.62243064,0 140.91136991,-2.62218318,0 140.90768254,-2.62020148,0 140.90542681,-2.61961138,0 140.90144835,-2.61892609,0 140.89490959,-2.61707963,0 140.89043620,-2.61611833,0 140.88237459,-2.61531883,0 140.87811060,-2.61461451,0 140.87077234,-2.61396729,0 140.86901154,-2.61364369,0 140.86759338,-2.61351044,0 140.86708893,-2.61370079,0 140.86580402,-2.61346285,0 140.86525199,-2.61309165,0 140.86433828,-2.61318683,0 140.86291060,-2.61286322,0 140.86238712,-2.61307262,0 140.85153678,-2.61130230,0 140.84623534,-2.61067412,0 140.84584511,-2.61079785,0 140.84169533,-2.61019823,0 140.81980428,-2.60773311,0 140.81474079,-2.60697168,0 140.81357961,-2.60694312,0 140.81225663,-2.60657193,0 140.80900153,-2.60601989,0 140.80423349,-2.60474430,0 140.80232040,-2.60404474,0 140.80206342,-2.60382345,0 140.80194288,-2.60315403,0 140.80169936,-2.60305965,0 140.80161370,-2.60265276,0 140.80179097,-2.60241256,0 140.80161370,-2.60235771,0 140.80160894,-2.60206741,0 140.80094269,-2.60196271,0 140.80097125,-2.60173429,0 140.80019554,-2.60149158,0 140.80000043,-2.60115846,0 140.80014236,-2.60102986,0 140.79981419,-2.60078203,0 140.79830800,-2.60102116,0 140.79811883,-2.60069993,0 140.79738357,-2.60025736,0 140.79697312,-2.59884039,0 140.79656734,-2.59848545,0 140.79580242,-2.59822649,0 140.79347531,-2.59698084,0 140.79314488,-2.59707065,0 140.79298972,-2.59689564,0 140.79262663,-2.59687494,0 140.79184589,-2.59624842,0 140.79141568,-2.59611615,0 140.78971179,-2.59621177,0 140.78949745,-2.59576565,0 140.78901013,-2.59567428,0 140.78789928,-2.59603952,0 140.78758519,-2.59630126,0 140.78793426,-2.59748552,0 140.78817815,-2.59793762,0 140.78852318,-2.59817556,0 140.78849343,-2.59844920,0 140.78794616,-2.59993042,0 140.78686945,-2.60154845,0 140.78607233,-2.60214926,0 140.78592621,-2.60197946,0 140.78458398,-2.60193630,0 140.78358460,-2.60160437,0 140.78337045,-2.60169360,0 140.78313132,-2.60232178,0 140.78326338,-2.60276792,0 140.78270301,-2.60331044,0 140.78200702,-2.60456323,0 140.78234609,-2.60493085,0 140.78320627,-2.60540556,0 140.78319128,-2.60594950,0 140.78256382,-2.60627287,0 140.78248529,-2.60591952,0 140.78227828,-2.60579460,0 140.78221800,-2.60644415,0 140.78185038,-2.60603369,0 140.78153053,-2.60628477,0 140.78135208,-2.60673806,0 140.78037769,-2.60705928,0 140.77982517,-2.60704215,0 140.77976450,-2.60740621,0 140.77935761,-2.60781666,0 140.77943256,-2.60809149,0 140.77909706,-2.60852693,0 140.77914346,-2.60872681,0 140.77938616,-2.60884459,0 140.77963244,-2.60843413,0 140.78001434,-2.60825568,0 140.78022124,-2.60863085,0 140.77958961,-2.60883745,0 140.77975736,-2.60894096,0 140.78062110,-2.60869112,0 140.78077985,-2.60922724,0 140.78050332,-2.60947277,0 140.78048772,-2.60977419,0 140.78087612,-2.60995255,0 140.78224152,-2.60933714,0 140.78293987,-2.60922043,0 140.78310526,-2.60852336,0 140.78377270,-2.60823783,0 140.78421885,-2.60782380,0 140.78470069,-2.60778454,0 140.78536456,-2.60811291,0 140.78637877,-2.60914432,0 140.78723493,-2.61083034,0 140.78743412,-2.61091663,0 140.78781834,-2.61073261,0 140.78826449,-2.61123825,0 140.78864663,-2.61307286,0 140.78869160,-2.61455314,0 140.78860237,-2.61468877,0 140.78762798,-2.61471018,0 140.78752091,-2.61509565,0 140.78768866,-2.61527411,0 140.78864163,-2.61525270,0 140.78857429,-2.61594227,0 140.78757844,-2.61962979,0 140.78682539,-2.61949480,0 140.78679446,-2.61959950,0 140.78738875,-2.61988350,0 140.78613527,-2.62174355,0 140.78411035,-2.62372326,0 140.78210565,-2.62512667,0 140.78138824,-2.62542291,0 140.78104560,-2.62626524,0 140.78031392,-2.62677920,0 140.78005456,-2.62645679,0 140.77950014,-2.62643299,0 140.77537463,-2.62833236,0 140.77299390,-2.62873389,0 140.77074293,-2.62890045,0 140.76909761,-2.62872735,0 140.76717501,-2.62795640,0 140.76497044,-2.62859886,0 140.76279323,-2.62878327,0 140.76065112,-2.62846918,0 140.75672501,-2.62754119,0 140.74798763,-2.62462873,0 140.74741656,-2.62420042,0 140.74209133,-2.62195897,0 140.73603798,-2.61846116,0 140.72852304,-2.61332331,0 140.72591040,-2.61119607,0 140.72294083,-2.60847635,0 140.72006406,-2.60518556,0 140.71850789,-2.60315826,0 140.71353244,-2.59821611,0 140.71329925,-2.59770215,0 140.71322983,-2.59688286,0 140.71223708,-2.59650369,0 140.71160508,-2.59553684,0 140.71140044,-2.59560347,0 140.71097214,-2.59501812,0 140.71057715,-2.59482776,0 140.71043914,-2.59510854,0 140.71115774,-2.59617454,0 140.71165742,-2.59765932,0 140.71201652,-2.59826609,0 140.71188420,-2.59856427,0 140.71123572,-2.59883702,0 140.71073895,-2.60062889,0 140.71103050,-2.60127469,0 140.71196078,-2.60118395,0 140.71193344,-2.60193759,0 140.71146707,-2.60185669,0 140.71108635,-2.60221361,0 140.71150523,-2.60320408,0 140.71247393,-2.60395725,0 140.71268826,-2.60387797,0 140.71268720,-2.60339017,0 140.71292365,-2.60348842,0 140.71309272,-2.60335011,0 140.71322220,-2.60396198,0 140.71475699,-2.60431573,0 140.71535540,-2.60415969,0 140.71613597,-2.60494954,0 140.71746988,-2.60578578,0 140.71925404,-2.60624567,0 140.72074704,-2.60683220,0 140.72071849,-2.60701066,0 140.72121462,-2.60757807,0 140.72101831,-2.60772203,0 140.72042226,-2.60687256,0 140.71980122,-2.60728658,0 140.72087554,-2.60881777,0 140.72149035,-2.60839813,0 140.72123908,-2.60802693,0 140.72145228,-2.60785942,0 140.72187134,-2.60824560,0 140.72281322,-2.60970980,0 140.72318141,-2.61169262,0 140.72375241,-2.61252831,0 140.72485853,-2.61335673,0 140.72649927,-2.61344440,0 140.72788261,-2.61391792,0 140.72863566,-2.61474044,0 140.72894591,-2.61492481,0 140.72922552,-2.61487136,0 140.72953955,-2.61529333,0 140.72985657,-2.61535048,0 140.72993593,-2.61572860,0 140.73120501,-2.61732011,0 140.73225463,-2.61786154,0 140.73305413,-2.61905365,0 140.73424828,-2.62310543,0 140.73545704,-2.62421836,0 140.73663532,-2.62561633,0 140.73727902,-2.62705918,0 140.73777107,-2.62749092,0 140.73695869,-2.62803660,0 140.73634890,-2.62881551,0 140.73528674,-2.63182866,0 140.73468792,-2.63276864,0 140.73405414,-2.63333793,0 140.73251559,-2.63360222,0 140.73058260,-2.63329157,0 140.72904688,-2.63377075,0 140.72694497,-2.63393521,0 140.72519473,-2.63349032,0 140.72236207,-2.63190339,0 140.72155577,-2.63097889,0 140.72140918,-2.63054109,0 140.71965291,-2.62942645,0 140.71929204,-2.62870433,0 140.71836363,-2.62882306,0 140.71778134,-2.62928122,0 140.71640314,-2.62934517,0 140.71570119,-2.62913157,0 140.71502824,-2.62935940,0 140.71432562,-2.63019099,0 140.71393605,-2.63028172,0 140.71291781,-2.63012794,0 140.71235938,-2.62962573,0 140.71149834,-2.62937043,0 140.71047126,-2.62812750,0 140.70943495,-2.62798109,0 140.70886061,-2.62768484,0 140.70798858,-2.62763558,0 140.70767449,-2.62739288,0 140.70746425,-2.62747776,0 140.70739253,-2.62802820,0 140.70644669,-2.62883126,0 140.70607906,-2.62837084,0 140.70592202,-2.62853859,0 140.70579710,-2.62827090,0 140.70533667,-2.62843151,0 140.70491551,-2.62797109,0 140.70297442,-2.62657023,0 140.70183750,-2.62617367,0 140.70147941,-2.62588485,0 140.70078300,-2.62586264,0 140.69994790,-2.62610045,0 140.69968059,-2.62599328,0 140.69950972,-2.62585084,0 140.69994789,-2.62546606,0 140.69907336,-2.62466098,0 140.69890374,-2.62481353,0 140.69863304,-2.62458008,0 140.69864798,-2.62432276,0 140.69827504,-2.62445588,0 140.69712281,-2.62236041,0 140.69708004,-2.62203423,0 140.69762044,-2.62104302,0 140.69815489,-2.62090948,0 140.69887562,-2.62098267,0 140.69992580,-2.62065332,0 140.70116970,-2.62056388,0 140.70169947,-2.61982795,0 140.70237909,-2.61927207,0 140.70457261,-2.61900809,0 140.70510855,-2.61914888,0 140.70580728,-2.61874341,0 140.70648105,-2.61851455,0 140.70701792,-2.61853728,0 140.70743102,-2.61828509,0 140.70648612,-2.61798839,0 140.70610382,-2.61731296,0 140.70493191,-2.61679801,0 140.70356393,-2.61678399,0 140.70244861,-2.61740455,0 140.70147462,-2.61850947,0 140.70057909,-2.61894641,0 140.70008568,-2.61890243,0 140.69916368,-2.61912782,0 140.69860949,-2.61893611,0 140.69778136,-2.61823983,0 140.69701872,-2.61796002,0 140.69113277,-2.61732960,0 140.69030938,-2.61670943,0 140.68989041,-2.61693253,0 140.68924185,-2.61675883,0 140.68904854,-2.61644760,0 140.68863464,-2.61630554,0 140.68833465,-2.61577420,0 140.68786013,-2.61575946,0 140.68762813,-2.61537041,0 140.68686789,-2.61491713,0 140.68701423,-2.61448525,0 140.68675011,-2.61401769,0 140.68603270,-2.61376785,0 140.68720696,-2.61337881,0 140.68628968,-2.61320035,0 140.68789939,-2.61320392,0 140.68745964,-2.61259165,0 140.68860408,-2.61141903,0 140.68850451,-2.61095631,0 140.68884248,-2.61053157,0 140.68906989,-2.60932254,0 140.68994069,-2.60893216,0 140.68965223,-2.60775056,0 140.68926075,-2.60732142,0 140.68901964,-2.60662413,0 140.68911259,-2.60631433,0 140.68978608,-2.60570845,0 140.69044833,-2.60542282,0 140.69348151,-2.60486968,0 140.69361642,-2.60449047,0 140.69392127,-2.60432819,0 140.69403459,-2.60388475,0 140.69410667,-2.60328495,0 140.69388350,-2.60281908,0 140.69379956,-2.60200625,0 140.69419802,-2.60114677,0 140.69350143,-2.60013139,0 140.69208373,-2.59981526,0 140.69156588,-2.59930334,0 140.69080240,-2.59901682,0 140.69045607,-2.59783263,0 140.69056975,-2.59741149,0 140.69119913,-2.59697914,0 140.69121545,-2.59649988,0 140.69092992,-2.59619055,0 140.69112503,-2.59576224,0 140.69013849,-2.59587028,0 140.68993807,-2.59576947,0 140.68960501,-2.59513745,0 140.68966696,-2.59487895,0 140.69024939,-2.59433457,0 140.69066953,-2.59332012,0 140.69100277,-2.59325318,0 140.69107900,-2.59298032,0 140.69183887,-2.59249286,0 140.69272593,-2.59280134,0 140.69361154,-2.59265061,0 140.69366397,-2.59235859,0 140.69323799,-2.59214070,0 140.69317137,-2.59193131,0 140.69347862,-2.59114255,0 140.69378335,-2.59081230,0 140.69455806,-2.59050643,0 140.69497069,-2.59015406,0 140.69531413,-2.59018522,0 140.69611714,-2.58957565,0 140.69699754,-2.58957089,0 140.69680243,-2.58892367,0 140.69616393,-2.58867484,0 140.69619599,-2.58815868,0 140.69796066,-2.58756828,0 140.69826719,-2.58797588,0 140.69964425,-2.58829126,0 140.69993484,-2.58808906,0 140.69968082,-2.58754393,0 140.70032942,-2.58751371,0 140.70081835,-2.58705817,0 140.70061628,-2.58606234,0 140.69916057,-2.58591478,0 140.69870474,-2.58566799,0 140.69832880,-2.58493911,0 140.69852071,-2.58463475,0 140.70012462,-2.58467191,0 140.70086932,-2.58427747,0 140.70126894,-2.58354952,0 140.70064309,-2.58284846,0 140.70055202,-2.58201706,0 140.70042828,-2.58184526,0 140.70024515,-2.58195681,0 140.70023069,-2.58146520,0 140.69982264,-2.58152924,0 140.70034573,-2.58111718,0 140.70021049,-2.58069135,0 140.69955787,-2.57997129,0 140.69968123,-2.57930223,0 140.70015527,-2.57856302,0 140.70003324,-2.57819385,0 140.69920394,-2.57755906,0 140.69741265,-2.57686512,0 140.69658090,-2.57686929,0 140.69626813,-2.57629645,0 140.69561387,-2.57593391,0 140.69540207,-2.57516006,0 140.69419581,-2.57477920,0 140.69423150,-2.57425572,0 140.69440996,-2.57405347,0 140.69531415,-2.57351214,0 140.69660767,-2.57319786,0 140.69687865,-2.57326825,0 140.69705116,-2.57353594,0 140.69680132,-2.57449367,0 140.69706900,-2.57489818,0 140.69833607,-2.57523725,0 140.69976969,-2.57521346,0 140.69980538,-2.57510043,0 140.70120332,-2.57534433,0 140.70194690,-2.57501120,0 140.70274402,-2.57283994,0 140.70301171,-2.57292323,0 140.70298791,-2.57374414,0 140.70318940,-2.57409064,0 140.70240495,-2.57532648,0 140.70175710,-2.57559728,0 140.70177205,-2.57652943,0 140.70202256,-2.57674690,0 140.70258747,-2.57676712,0 140.70287836,-2.57697816,0 140.70297640,-2.57843205,0 140.70318851,-2.57881171,0 140.70355712,-2.57902339,0 140.70414600,-2.57902702,0 140.70398181,-2.57858444,0 140.70426735,-2.57799195,0 140.70496691,-2.57785632,0 140.70492408,-2.57813472,0 140.70548801,-2.57799909,0 140.70535952,-2.57824893,0 140.70562364,-2.57844167,0 140.70518820,-2.57859872,0 140.70448002,-2.57961410,0 140.70466225,-2.58051490,0 140.70504543,-2.58111345,0 140.70499775,-2.58172375,0 140.70534881,-2.58188677,0 140.70558081,-2.58160719,0 140.70586635,-2.58166073,0 140.70600912,-2.58174995,0 140.70594963,-2.58201170,0 140.70639578,-2.58213067,0 140.70526931,-2.58236046,0 140.70516441,-2.58263630,0 140.70534287,-2.58307056,0 140.70485014,-2.58303020,0 140.70477180,-2.58333230,0 140.70420761,-2.58354040,0 140.70351981,-2.58429942,0 140.70336610,-2.58520660,0 140.70267121,-2.58544133,0 140.70154140,-2.58665417,0 140.70154042,-2.58689352,0 140.70210605,-2.58702201,0 140.70258846,-2.58651152,0 140.70360740,-2.58644047,0 140.70390546,-2.58692592,0 140.70479787,-2.58696360,0 140.70522907,-2.58734071,0 140.70671217,-2.58698560,0 140.70746011,-2.58659299,0 140.70766712,-2.58676431,0 140.70672381,-2.58724052,0 140.70667205,-2.58741229,0 140.70714017,-2.58780014,0 140.70722001,-2.58805491,0 140.70648881,-2.58813549,0 140.70638562,-2.58854138,0 140.70575304,-2.58875307,0 140.70577537,-2.58915470,0 140.70625258,-2.58947205,0 140.70712090,-2.58971084,0 140.70713947,-2.59021256,0 140.70804871,-2.59061901,0 140.70908819,-2.59168900,0 140.70942115,-2.59166885,0 140.70965360,-2.59118856,0 140.70994797,-2.59109838,0 140.71104343,-2.59126135,0 140.71188958,-2.59112688,0 140.71242232,-2.59126110,0 140.71298711,-2.59108589,0 140.71343278,-2.59120011,0 140.71366832,-2.59156483,0 140.71262096,-2.59200024,0 140.71241622,-2.59222521,0 140.71268742,-2.59281412,0 140.71284929,-2.59273277,0 140.71285618,-2.59301868,0 140.71302969,-2.59314862,0 140.71368763,-2.59302810,0 140.71416363,-2.59315986,0 140.71543040,-2.59406229,0 140.71568539,-2.59398713,0 140.71557226,-2.59359871,0 140.71595733,-2.59346890,0 140.71605367,-2.59326379,0 140.71597777,-2.59217011,0 140.71695513,-2.59171292,0 140.71691919,-2.59144059,0 140.71638479,-2.59067925,0 140.71508684,-2.58979925,0 140.71433010,-2.58858652,0 140.71354462,-2.58873954,0 140.71333524,-2.58842831,0 140.71346871,-2.58760970,0 140.71336881,-2.58729371,0 140.71325937,-2.58711176,0 140.71294517,-2.58718829,0 140.71180831,-2.58539538,0 140.71131338,-2.58441980,0 140.71127462,-2.58341470,0 140.71059017,-2.58288237,0 140.70908458,-2.57836513,0 140.70893554,-2.57435087,0 140.70905017,-2.57263461,0 140.70978971,-2.56999807,0 140.71118176,-2.56824857,0 140.71259460,-2.56775888,0 140.71296058,-2.56718292,0 140.71288970,-2.56673129,0 140.71306337,-2.56603043,0 140.71402889,-2.56529303,0 140.71398521,-2.56499934,0 140.71450195,-2.56427742,0 140.71449951,-2.56401571,0 140.71503635,-2.56348355,0 140.71534324,-2.56338476,0 140.71571203,-2.56357963,0 140.71593036,-2.56345220,0 140.71632781,-2.56387584,0 140.71674527,-2.56357754,0 140.71688108,-2.56335150,0 140.71678089,-2.56288219,0 140.71707688,-2.56222780,0 140.71689070,-2.56192639,0 140.71792797,-2.56088405,0 140.71770724,-2.56070786,0 140.71798188,-2.56054224,0 140.71777213,-2.55975451,0 140.71793767,-2.55851278,0 140.71847749,-2.55822326,0 140.71917527,-2.55816598,0 140.71984033,-2.55694252,0 140.71978628,-2.55633603,0 140.71948647,-2.55599577,0 140.71932807,-2.55537843,0 140.71922839,-2.55528442,0 140.71866865,-2.55554153,0 140.71802738,-2.55453145,0 140.71789592,-2.55409567,0 140.71816239,-2.55391013,0 140.71818003,-2.55370913,0 140.71777914,-2.55381692,0 140.71703137,-2.55348606,0 140.71654120,-2.55378911,0 140.71600910,-2.55367094,0 140.71577860,-2.55354836,0 140.71585058,-2.55325966,0 140.71552824,-2.55316269,0 140.71546929,-2.55292089,0 140.71546513,-2.55240917,0 140.71566941,-2.55210390,0 140.71589201,-2.55237179,0 140.71634701,-2.55214413,0 140.71648918,-2.55181241,0 140.71708367,-2.55146729,0 140.71724472,-2.55040440,0 140.71812667,-2.54996014,0 140.71845136,-2.54868049,0 140.71839873,-2.54793767,0 140.71826135,-2.54757162,0 140.71783091,-2.54733740,0 140.71645016,-2.54762250,0 140.71622537,-2.54745660,0 140.71549790,-2.54768624,0 140.71474048,-2.54741552,0 140.71450805,-2.54683145,0 140.71407554,-2.54653189,0 140.71409773,-2.54603975,0 140.71432422,-2.54593904,0 140.71383077,-2.54415616,0 140.71370342,-2.54418815,0 140.71386643,-2.54482065,0 140.71366247,-2.54494283,0 140.71348855,-2.54470735,0 140.71282047,-2.54524552,0 140.71261128,-2.54510481,0 140.71208774,-2.54545458,0 140.71056323,-2.54440150,0 140.70912816,-2.54462582,0 140.70757414,-2.54394683,0 140.70750562,-2.54408027,0 140.70738070,-2.54401484,0 140.70751551,-2.54393831,0 140.70709516,-2.54297977,0 140.70730368,-2.54230646,0 140.70712085,-2.54224075,0 140.70700783,-2.54191953,0 140.70750919,-2.54179004,0 140.70749848,-2.54148309,0 140.70728076,-2.54096913,0 140.70697024,-2.54104765,0 140.70703044,-2.53991538,0 140.70674728,-2.53957988,0 140.70646175,-2.53959178,0 140.70645699,-2.53901595,0 140.70689005,-2.53890411,0 140.70718748,-2.53829497,0 140.70757967,-2.53815008,0 140.70775618,-2.53759303,0 140.70787753,-2.53759779,0 140.70794415,-2.53787856,0 140.70882455,-2.53765727,0 140.70945987,-2.53789284,0 140.71063403,-2.53886435,0 140.71153544,-2.53928566,0 140.71226422,-2.53853275,0 140.71271266,-2.53832424,0 140.71329318,-2.53826936,0 140.71489694,-2.53769059,0 140.71520389,-2.53780956,0 140.71511109,-2.53757399,0 140.71687903,-2.53552052,0 140.71742868,-2.53549434,0 140.71814966,-2.53491851,0 140.71850386,-2.53510042,0 140.71871674,-2.53491780,0 140.71856051,-2.53467898,0 140.71931727,-2.53494716,0 140.71942762,-2.53466133,0 140.72020770,-2.53421474,0 140.72078406,-2.53441883,0 140.72117011,-2.53480022,0 140.72293516,-2.53538801,0 140.72513933,-2.53527638,0 140.72545833,-2.53457445,0 140.72534772,-2.53417346,0 140.72553881,-2.53407578,0 140.72532814,-2.53349649,0 140.72497084,-2.53357204,0 140.72499776,-2.53315684,0 140.72441269,-2.53242362,0 140.72455320,-2.53135611,0 140.72529254,-2.52988941,0 140.72515739,-2.52972634,0 140.72510345,-2.52891931,0 140.72378898,-2.52781953,0 140.72411857,-2.52730747,0 140.72397468,-2.52717988,0 140.72424744,-2.52670572,0 140.72496388,-2.52644735,0 140.72545935,-2.52638876,0 140.72592359,-2.52646199,0 140.72601028,-2.52660524,0 140.72643968,-2.52634593,0 140.72682040,-2.52662195,0 140.72694573,-2.52653565,0 140.72680720,-2.52588785,0 140.72686928,-2.52570057,0 140.72731307,-2.52550265,0 140.72715824,-2.52529028,0 140.72740476,-2.52487507,0 140.72738247,-2.52449065,0 140.72774316,-2.52337033,0 140.72842264,-2.52309649,0 140.72859714,-2.52265922,0 140.72849225,-2.52229128,0 140.72859165,-2.52174759,0 140.72892737,-2.52128265,0 140.73016380,-2.52060835,0 140.73051527,-2.51985876,0 140.73043528,-2.51956548,0 140.73022515,-2.51945553,0 140.73043848,-2.51941669,0 140.73059282,-2.51877311,0 140.73030914,-2.51863893,0 140.73067526,-2.51826945,0 140.73114434,-2.51812504,0 140.73126867,-2.51837030,0 140.73173344,-2.51854221,0 140.73241627,-2.51992649,0 140.73247770,-2.52074620,0 140.73290808,-2.52212836,0 140.73291811,-2.52399852,0 140.73316280,-2.52493801,0 140.73411123,-2.52617816,0 140.73520272,-2.52681993,0 140.73559715,-2.52754275,0 140.73568968,-2.52827024,0 140.73647940,-2.52957051,0 140.73756837,-2.53006757,0 140.73798762,-2.53046911,0 140.73838003,-2.53119211,0 140.73846893,-2.53222063,0 140.73788145,-2.53298703,0 140.73778150,-2.53415404,0 140.73738329,-2.53423773,0 140.73731784,-2.53440684,0 140.73848629,-2.53563999,0 140.73934166,-2.53610246,0 140.73981937,-2.53681144,0 140.74040639,-2.53683114,0 140.74102093,-2.53646101,0 140.74147473,-2.53662309,0 140.74178312,-2.53630431,0 140.74195353,-2.53633861,0 140.74207935,-2.53682712,0 140.74236720,-2.53707231,0 140.74282309,-2.53654877,0 140.74360690,-2.53688171,0 140.74388916,-2.53674281,0 140.74399715,-2.53702479,0 140.74516880,-2.53732041,0 140.74552787,-2.53791348,0 140.74629468,-2.53824512,0 140.74644548,-2.53808262,0 140.74624813,-2.53770378,0 140.74666955,-2.53695224,0 140.74688377,-2.53683978,0 140.74734548,-2.53696434,0 140.74758591,-2.53672980,0 140.74707666,-2.53628926,0 140.74700507,-2.53603169,0 140.74728163,-2.53480712,0 140.74744945,-2.53470303,0 140.74799421,-2.53483000,0 140.74814180,-2.53471753,0 140.74806805,-2.53456671,0 140.74832509,-2.53457394,0 140.74794197,-2.53423396,0 140.74766352,-2.53415970,0 140.74757781,-2.53429852,0 140.74731370,-2.53392266,0 140.74707569,-2.53396570,0 140.74673348,-2.53373045,0 140.74684780,-2.53336471,0 140.74610923,-2.53232283,0 140.74596071,-2.53236493,0 140.74488342,-2.53141029,0 140.74383826,-2.53028211,0 140.74310900,-2.53010822,0 140.74278254,-2.52975728,0 140.74214008,-2.52832366,0 140.74186644,-2.52647363,0 140.74209844,-2.52388002,0 140.74235423,-2.52282116,0 140.74166419,-2.52078672,0 140.74059938,-2.51914489,0 140.73977252,-2.51740193,0 140.73891591,-2.51480832,0 140.73777972,-2.51298803,0 140.73664947,-2.51181020,0 140.73468047,-2.51073349,0 140.73334797,-2.50978171,0 140.73259481,-2.50883626,0 140.73216813,-2.50765541,0 140.73242676,-2.50628929,0 140.73210303,-2.50520987,0 140.73192000,-2.50516671,0 140.73151984,-2.50449542,0 140.73082027,-2.50379189,0 140.72976855,-2.50200254,0 140.72968765,-2.50161706,0 140.73030377,-2.50109108,0 140.73011526,-2.50115710,0 140.72974475,-2.50073666,0 140.72825521,-2.49998475,0 140.72718445,-2.49879027,0 140.72681632,-2.49793512,0 140.72561639,-2.49806731,0 140.72476930,-2.49747720,0 140.72429420,-2.49745765,0 140.72391312,-2.49700784,0 140.72376596,-2.49713404,0 140.72337097,-2.49693417,0 140.72324490,-2.49666109,0 140.72210034,-2.49656416,0 140.72190403,-2.49605377,0 140.72139808,-2.49597681,0 140.72100817,-2.49610730,0 140.72075832,-2.49593598,0 140.72033002,-2.49537919,0 140.72012301,-2.49477600,0 140.72030637,-2.49392326,0 140.71998024,-2.49359816,0 140.71975895,-2.49284506,0 140.72020153,-2.49212052,0 140.72082302,-2.49163715,0 140.72079024,-2.49137001,0 140.72051032,-2.49154373,0 140.72043046,-2.49100226,0 140.71857755,-2.49264876,0 140.71803445,-2.49259808,0 140.71775663,-2.49239534,0 140.71787719,-2.49196565,0 140.71763546,-2.49218438,0 140.71762053,-2.49245367,0 140.71689289,-2.49279509,0 140.71486202,-2.49179572,0 140.71424098,-2.49111044,0 140.71357711,-2.48946504,0 140.71336296,-2.48959710,0 140.71275263,-2.48892252,0 140.71226365,-2.48886185,0 140.71200667,-2.48855489,0 140.71177110,-2.48760192,0 140.71204593,-2.48732709,0 140.71250635,-2.48752697,0 140.71270076,-2.48721040,0 140.71233928,-2.48655581,0 140.71165453,-2.48648281,0 140.71096344,-2.48703647,0 140.70981251,-2.48698248,0 140.70851865,-2.48670456,0 140.70776189,-2.48614230,0 140.70757424,-2.48546596,0 140.70679951,-2.48481081,0 140.70619014,-2.48489832,0 140.70562412,-2.48444653,0 140.70525563,-2.48460549,0 140.70520433,-2.48424367,0 140.70491456,-2.48438259,0 140.70441864,-2.48434198,0 140.70380318,-2.48377181,0 140.70173792,-2.48391677,0 140.70093037,-2.48415119,0 140.70072867,-2.48362836,0 140.70030117,-2.48411228,0 140.70002064,-2.48414525,0 140.69954605,-2.48377961,0 140.69937195,-2.48312668,0 140.69900887,-2.48261029,0 140.69870047,-2.48244553,0 140.69810477,-2.48139600,0 140.69752408,-2.48132884,0 140.69715677,-2.48145249,0 140.69621704,-2.48120224,0 140.69583632,-2.48090243,0 140.69562217,-2.48044081,0 140.69476557,-2.47982691,0 140.69466087,-2.47924038,0 140.69482148,-2.47890487,0 140.69454413,-2.47858776,0 140.69449669,-2.47835879,0 140.69471798,-2.47813036,0 140.69453854,-2.47797550,0 140.69428831,-2.47829155,0 140.69370790,-2.47822673,0 140.69304760,-2.47861577,0 140.69276920,-2.47858364,0 140.69184787,-2.47893300,0 140.69165918,-2.47923681,0 140.69135580,-2.47915828,0 140.69134944,-2.47976805,0 140.69072051,-2.48036437,0 140.68874633,-2.48057140,0 140.68813354,-2.48045837,0 140.68760761,-2.48007234,0 140.68732656,-2.47953141,0 140.68734246,-2.47855897,0 140.68680946,-2.47791550,0 140.68588977,-2.47753650,0 140.68551697,-2.47750072,0 140.68502428,-2.47772178,0 140.68481011,-2.47762550,0 140.68375007,-2.47807793,0 140.68202801,-2.47954822,0 140.68103994,-2.48003422,0 140.68103858,-2.48018662,0 140.68001618,-2.48050702,0 140.67854407,-2.48133279,0 140.67732352,-2.48156432,0 140.67594344,-2.48126093,0 140.67535523,-2.48048551,0 140.67444966,-2.48029246,0 140.67368890,-2.48042217,0 140.67336099,-2.48026521,0 140.67307619,-2.47978567,0 140.67255270,-2.47794754,0 140.67248189,-2.47663224,0 140.67218375,-2.47586665,0 140.67163066,-2.47531228,0 140.67094657,-2.47491372,0 140.66896567,-2.47471742,0 140.66875746,-2.47434860,0 140.66830537,-2.47471742,0 140.66768482,-2.47465192,0 140.66703864,-2.47480615,0 140.66635684,-2.47460850,0 140.66556179,-2.47389734,0 140.66413189,-2.47398177,0 140.66318166,-2.47376900,0 140.66313163,-2.47396886,0 140.66280248,-2.47400397,0 140.66270105,-2.47415905,0 140.66239981,-2.47396221,0 140.66253965,-2.47433040,0 140.66211116,-2.47476833,0 140.66195151,-2.47552470,0 140.66174443,-2.47566348,0 140.66107322,-2.47594337,0 140.65914785,-2.47600750,0 140.65908115,-2.47626600,0 140.65699254,-2.47716668,0 140.65637733,-2.47725947,0 140.65329592,-2.47655753,0 140.65226086,-2.47597457,0 140.65217678,-2.47514651,0 140.65139156,-2.47428039,0 140.65047309,-2.47361890,0 140.64885030,-2.47149166,0 140.64816025,-2.47033048,0 140.64812694,-2.46953098,0 140.64920246,-2.46882666,0 140.64931191,-2.46826511,0 140.64977644,-2.46803198,0 140.64969485,-2.46780266,0 140.64992978,-2.46725685,0 140.64959988,-2.46665347,0 140.64898989,-2.46640024,0 140.64872815,-2.46605522,0 140.64836231,-2.46599871,0 140.64801749,-2.46556680,0 140.64786520,-2.46565246,0 140.64769388,-2.46545259,0 140.64713709,-2.46582854,0 140.64689914,-2.46579047,0 140.64640185,-2.46503193,0 140.64557140,-2.46462930,0 140.64526683,-2.46396305,0 140.64499557,-2.46384407,0 140.64458154,-2.46327300,0 140.64359240,-2.46385229,0 140.64320547,-2.46460320,0 140.64234786,-2.46532507,0 140.64233164,-2.46586124,0 140.64214833,-2.46606466,0 140.64032990,-2.46678945,0 140.63961705,-2.46662553,0 140.63914719,-2.46688392,0 140.63887737,-2.46666123,0 140.63865023,-2.46700730,0 140.63879454,-2.46757440,0 140.63821138,-2.46789140,0 140.63683406,-2.46774142,0 140.63636098,-2.46800459,0 140.63606040,-2.46842939,0 140.63488824,-2.46868340,0 140.63448072,-2.46854864,0 140.63386804,-2.46802186,0 140.63300908,-2.46679031,0 140.63309783,-2.46641821,0 140.63191694,-2.46593590,0 140.63153329,-2.46556179,0 140.63105193,-2.46388452,0 140.63123634,-2.46242710,0 140.63195018,-2.46139799,0 140.63217622,-2.46049379,0 140.63253909,-2.45997031,0 140.63258073,-2.45960744,0 140.63236658,-2.45908991,0 140.63278894,-2.45831659,0 140.63273540,-2.45775741,0 140.63308042,-2.45751352,0 140.63326481,-2.45758379,0 140.63362779,-2.45722674,0 140.63322914,-2.45721608,0 140.63326483,-2.45672235,0 140.63303878,-2.45666881,0 140.63315775,-2.45649630,0 140.63302688,-2.45637732,0 140.63298524,-2.45530657,0 140.63313396,-2.45518759,0 140.63303878,-2.45491396,0 140.63316883,-2.45474439,0 140.63294338,-2.45460011,0 140.63269971,-2.45474144,0 140.63200371,-2.45472360,0 140.63173602,-2.45414063,0 140.63117090,-2.45373612,0 140.63123079,-2.45343770,0 140.63079019,-2.45352792,0 140.63082151,-2.45321019,0 140.63047491,-2.45319480,0 140.63022507,-2.45279624,0 140.62986220,-2.45269511,0 140.62948149,-2.45340895,0 140.62875575,-2.45405735,0 140.62752160,-2.45472294,0 140.62754999,-2.45532616,0 140.62723884,-2.45569323,0 140.62635249,-2.45564564,0 140.62590040,-2.45549098,0 140.62531743,-2.45458083,0 140.62446082,-2.45364689,0 140.62397963,-2.45350333,0 140.62337817,-2.45357551,0 140.62309263,-2.45307582,0 140.62298302,-2.45214418,0 140.62213571,-2.45105803,0 140.62107680,-2.45078491,0 140.62085778,-2.45105868,0 140.62053471,-2.45100569,0 140.62021348,-2.45089267,0 140.61971118,-2.45025055,0 140.61866684,-2.44966130,0 140.61749755,-2.44961894,0 140.61710976,-2.44917768,0 140.61726952,-2.44848242,0 140.61658803,-2.44657752,0 140.61570535,-2.44571794,0 140.61535818,-2.44472446,0 140.61478831,-2.44455735,0 140.61433622,-2.44418259,0 140.61348738,-2.44421368,0 140.61188537,-2.44248722,0 140.61166217,-2.44159411,0 140.61267862,-2.44069438,0 140.61294990,-2.44077345,0 140.61280949,-2.44049264,0 140.61329490,-2.43994655,0 140.61314857,-2.43967172,0 140.61245971,-2.43979665,0 140.61174944,-2.43962889,0 140.61042123,-2.44026135,0 140.60861284,-2.44042792,0 140.60793469,-2.44082648,0 140.60756703,-2.44071483,0 140.60774434,-2.44151652,0 140.60754803,-2.44192698,0 140.60665991,-2.44286855,0 140.60667953,-2.44322378,0 140.60634045,-2.44348552,0 140.60604897,-2.44412798,0 140.60510908,-2.44455033,0 140.60486519,-2.44453249,0 140.60475358,-2.44434176,0 140.60435107,-2.44478656,0 140.60472265,-2.44560197,0 140.60432774,-2.44645348,0 140.60461932,-2.44691327,0 140.60324264,-2.44758308,0 140.60291672,-2.44824235,0 140.60233842,-2.44846978,0 140.60189196,-2.44889391,0 140.60123012,-2.44895595,0 140.60111760,-2.44865218,0 140.60084678,-2.44891302,0 140.60085848,-2.44932496,0 140.60112023,-2.44936761,0 140.60109401,-2.44986993,0 140.60048530,-2.45081514,0 140.60010848,-2.45080035,0 140.59986481,-2.45101661,0 140.59989898,-2.45151126,0 140.60022646,-2.45183040,0 140.60016044,-2.45234023,0 140.60035761,-2.45282411,0 140.59998174,-2.45418715,0 140.59936308,-2.45457738,0 140.59726916,-2.45528170,0 140.59542269,-2.45537688,0 140.59410923,-2.45527218,0 140.58956922,-2.45360656,0 140.58810347,-2.45343524,0 140.58710410,-2.45373029,0 140.58553365,-2.45368270,0 140.58453428,-2.45315922,0 140.58380141,-2.45298790,0 140.58336359,-2.45259767,0 140.58355607,-2.45209549,0 140.58277348,-2.45077976,0 140.58264975,-2.44966617,0 140.58180266,-2.44865728,0 140.58106423,-2.44820756,0 140.58083818,-2.44766029,0 140.58058239,-2.44770788,0 140.58049316,-2.44748778,0 140.58018978,-2.44741044,0 140.57982096,-2.44663117,0 140.57897031,-2.44619097,0 140.57764971,-2.44678584,0 140.57630531,-2.44769003,0 140.57497876,-2.44821351,0 140.57466943,-2.44867156,0 140.57352729,-2.44927832,0 140.57273017,-2.45001001,0 140.57077306,-2.45066436,0 140.57013656,-2.45109861,0 140.56954169,-2.45116404,0 140.56898252,-2.45095584,0 140.56874457,-2.45059297,0 140.56842335,-2.45050969,0 140.56776305,-2.45085471,0 140.56792943,-2.45097420,0 140.56770951,-2.45115810,0 140.56623424,-2.45082497,0 140.56456267,-2.45115810,0 140.56354545,-2.45091420,0 140.56267100,-2.45091420,0 140.56239736,-2.45030744,0 140.56054138,-2.45026580,0 140.56001195,-2.44988508,0 140.55979780,-2.44919504,0 140.56051315,-2.44839032,0 140.56051847,-2.44794854,0 140.56096727,-2.44745701,0 140.56089389,-2.44723522,0 140.56047370,-2.44710683,0 140.56060533,-2.44642682,0 140.55994801,-2.44626232,0 140.55983731,-2.44606792,0 140.56001025,-2.44545187,0 140.56025531,-2.44534211,0 140.55982362,-2.44451207,0 140.55994749,-2.44343997,0 140.56031820,-2.44294930,0 140.55980314,-2.44176109,0 140.56009402,-2.44054106,0 140.55975099,-2.43997784,0 140.55911319,-2.43962814,0 140.55885796,-2.43910975,0 140.55851566,-2.43919890,0 140.55845385,-2.43949867,0 140.55821597,-2.43958027,0 140.55668077,-2.43928614,0 140.55535947,-2.43944069,0 140.55451960,-2.43969339,0 140.55421715,-2.44013685,0 140.55389713,-2.44018238,0 140.55393077,-2.44139996,0 140.55349384,-2.44239440,0 140.55323557,-2.44370022,0 140.55232362,-2.44466600,0 140.55175749,-2.44485339,0 140.55175767,-2.44522053,0 140.55148769,-2.44556566,0 140.55069476,-2.44560747,0 140.55016308,-2.44586503,0 140.54937278,-2.44581325,0 140.54893502,-2.44539819,0 140.54802027,-2.44530254,0 140.54743439,-2.44475974,0 140.54680911,-2.44444708,0 140.54654762,-2.44506246,0 140.54602007,-2.44558724,0 140.54589805,-2.44636048,0 140.54549340,-2.44649328,0 140.54560829,-2.44681641,0 140.54490687,-2.44718287,0 140.54496850,-2.44773205,0 140.54470947,-2.44814165,0 140.54371009,-2.44824872,0 140.54062631,-2.44764196,0 140.53913439,-2.44675680,0 140.53869239,-2.44596147,0 140.53808936,-2.44539949,0 140.53772575,-2.44432292,0 140.53819191,-2.44246466,0 140.53794186,-2.44129369,0 140.53823721,-2.44072429,0 140.53814842,-2.44005764,0 140.53833296,-2.43970966,0 140.53886197,-2.43947110,0 140.53900217,-2.43899139,0 140.53873152,-2.43868897,0 140.53805717,-2.43867037,0 140.53807978,-2.43892889,0 140.53789240,-2.43908906,0 140.53708090,-2.43926998,0 140.53716096,-2.43967984,0 140.53693374,-2.43976625,0 140.53628071,-2.43982738,0 140.53603567,-2.43952632,0 140.53542473,-2.43932255,0 140.53381090,-2.43980008,0 140.53289954,-2.43945524,0 140.53253398,-2.43893506,0 140.53172403,-2.43853336,0 140.52987161,-2.43817202,0 140.52962975,-2.43772899,0 140.52980125,-2.43669378,0 140.52955820,-2.43605887,0 140.52982990,-2.43428094,0 140.52889094,-2.43259922,0 140.52893400,-2.43183623,0 140.52848521,-2.43108448,0 140.52862838,-2.43032712,0 140.52832387,-2.43022025,0 140.52812566,-2.42933551,0 140.52783209,-2.42906050,0 140.52790969,-2.42890172,0 140.52750112,-2.42886964,0 140.52756810,-2.42856355,0 140.52715097,-2.42866302,0 140.52675374,-2.42808140,0 140.52601524,-2.42812657,0 140.52537023,-2.42775145,0 140.52320275,-2.42858383,0 140.52215778,-2.42836476,0 140.52175327,-2.42908336,0 140.52013885,-2.42982137,0 140.51961652,-2.43075374,0 140.51906448,-2.43128674,0 140.51908721,-2.43152473,0 140.51872954,-2.43174093,0 140.51702802,-2.43139210,0 140.51613883,-2.43071597,0 140.51537169,-2.43094728,0 140.51459982,-2.43020550,0 140.51440610,-2.43019968,0 140.51414510,-2.43049839,0 140.51393147,-2.43047168,0 140.51343920,-2.43000592,0 140.51292740,-2.42998095,0 140.51273274,-2.42970267,0 140.51240837,-2.42992768,0 140.51191594,-2.43076125,0 140.51131952,-2.43088338,0 140.51136665,-2.43154481,0 140.51060273,-2.43224514,0 140.51015907,-2.43244681,0 140.50979943,-2.43224982,0 140.50957405,-2.43231215,0 140.50934443,-2.43163291,0 140.50903369,-2.43162228,0 140.50891385,-2.43180199,0 140.50912922,-2.43225305,0 140.50878185,-2.43228412,0 140.50860493,-2.43253324,0 140.50833817,-2.43230417,0 140.50850830,-2.43293033,0 140.50786244,-2.43340085,0 140.50757155,-2.43382640,0 140.50729621,-2.43467763,0 140.50722147,-2.43557723,0 140.50683434,-2.43623723,0 140.50508099,-2.43808970,0 140.50446547,-2.43838417,0 140.50402682,-2.43816446,0 140.50376794,-2.43822337,0 140.50367055,-2.43876743,0 140.50279011,-2.43898532,0 140.50261453,-2.43956402,0 140.50232036,-2.43952477,0 140.50240071,-2.43996198,0 140.50204354,-2.43994967,0 140.50187363,-2.44013719,0 140.50143255,-2.44132524,0 140.50152677,-2.44169058,0 140.50207548,-2.44219775,0 140.50181373,-2.44275931,0 140.50090002,-2.44351122,0 140.49957228,-2.44405849,0 140.49749739,-2.44422029,0 140.49627911,-2.44349694,0 140.49545106,-2.44344935,0 140.49475551,-2.44252938,0 140.49505726,-2.44191460,0 140.49467530,-2.44127694,0 140.49380375,-2.44138169,0 140.49284615,-2.44080333,0 140.49259289,-2.44098885,0 140.49167889,-2.44073717,0 140.49137219,-2.44039975,0 140.49133241,-2.43999727,0 140.49104154,-2.43972306,0 140.49034814,-2.43981997,0 140.48943320,-2.43950242,0 140.48877377,-2.44002758,0 140.48860973,-2.43966352,0 140.48825007,-2.43967272,0 140.48803497,-2.43945631,0 140.48775808,-2.43957577,0 140.48753996,-2.43991868,0 140.48732584,-2.43992719,0 140.48695810,-2.43965839,0 140.48675611,-2.43902368,0 140.48631508,-2.43864771,0 140.48607038,-2.43799481,0 140.48609604,-2.43758769,0 140.48682429,-2.43607462,0 140.48654520,-2.43559679,0 140.48643937,-2.43499559,0 140.48584134,-2.43434699,0 140.48571329,-2.43376263,0 140.48635476,-2.43207863,0 140.48657490,-2.43201785,0 140.48699658,-2.43220204,0 140.48747175,-2.43189027,0 140.48758101,-2.43203834,0 140.48779279,-2.43200565,0 140.48802862,-2.43174058,0 140.48811836,-2.43119106,0 140.48791693,-2.43065919,0 140.48815234,-2.42992254,0 140.48765075,-2.42843686,0 140.48726229,-2.42861222,0 140.48674656,-2.42916260,0 140.48679891,-2.42943862,0 140.48647268,-2.43023145,0 140.48620734,-2.43031704,0 140.48592974,-2.43083836,0 140.48544510,-2.43083390,0 140.48539122,-2.43129150,0 140.48518421,-2.43133790,0 140.48509141,-2.43162701,0 140.48480230,-2.43157704,0 140.48455592,-2.43101516,0 140.48374717,-2.43069220,0 140.48298199,-2.43063379,0 140.48239237,-2.43086364,0 140.48198200,-2.43084335,0 140.48108618,-2.43007080,0 140.48050007,-2.42986631,0 140.47989175,-2.42941994,0 140.47909395,-2.42910009,0 140.47871102,-2.42922240,0 140.47846308,-2.42898425,0 140.47804471,-2.42943265,0 140.47793066,-2.42990774,0 140.47756567,-2.43012853,0 140.47726362,-2.42998807,0 140.47677974,-2.43003928,0 140.47598132,-2.42924631,0 140.47616152,-2.42974406,0 140.47598261,-2.43008248,0 140.47549497,-2.43053784,0 140.47510877,-2.43061608,0 140.47442468,-2.43049116,0 140.47349669,-2.42997958,0 140.47278880,-2.42999148,0 140.47244021,-2.42950607,0 140.47210827,-2.42948822,0 140.47221346,-2.42924527,0 140.47193338,-2.42927407,0 140.47190016,-2.42975623,0 140.47170496,-2.42984514,0 140.47029732,-2.42972423,0 140.46916967,-2.42937262,0 140.46856865,-2.42984400,0 140.46821429,-2.42971665,0 140.46799300,-2.42983800,0 140.46783595,-2.42957745,0 140.46752900,-2.42965597,0 140.46739684,-2.42944404,0 140.46734694,-2.42993615,0 140.46781454,-2.43051615,0 140.46768472,-2.43093186,0 140.46774749,-2.43158134,0 140.46518360,-2.43254019,0 140.46401012,-2.43254042,0 140.46274271,-2.43210324,0 140.46045486,-2.43194343,0 140.45948164,-2.43144206,0 140.45764829,-2.43100592,0 140.45745011,-2.43069203,0 140.45682024,-2.43048720,0 140.45592681,-2.42965324,0 140.45595513,-2.42931638,0 140.45545249,-2.42892511,0 140.45552212,-2.42856444,0 140.45538200,-2.42838900,0 140.45505439,-2.42835186,0 140.45507503,-2.42851653,0 140.45476103,-2.42880713,0 140.45462272,-2.42863261,0 140.45427831,-2.42865485,0 140.45397536,-2.42835363,0 140.45375856,-2.42800092,0 140.45376376,-2.42757771,0 140.45320221,-2.42777787,0 140.45302117,-2.42765345,0 140.45279438,-2.42783444,0 140.45235297,-2.42775690,0 140.45175778,-2.42680882,0 140.45141513,-2.42673267,0 140.45072985,-2.42569999,0 140.45011119,-2.42557150,0 140.44999221,-2.42526217,0 140.44914989,-2.42448170,0 140.44863592,-2.42424376,0 140.44837894,-2.42390587,0 140.44813624,-2.42401057,0 140.44776519,-2.42351819,0 140.44718501,-2.42326732,0 140.44682667,-2.42328681,0 140.44679422,-2.42300168,0 140.44617080,-2.42257814,0 140.44569967,-2.42169773,0 140.44536654,-2.42197375,0 140.44522378,-2.42191665,0 140.44519046,-2.42169298,0 140.44497155,-2.42158352,0 140.44503818,-2.42128371,0 140.44484782,-2.42123612,0 140.44483790,-2.42078944,0 140.44454725,-2.42060387,0 140.44425771,-2.42081258,0 140.44351056,-2.42049849,0 140.44274438,-2.41990838,0 140.44229704,-2.41942297,0 140.44232559,-2.41882810,0 140.44192108,-2.41838077,0 140.44180211,-2.41782873,0 140.44157732,-2.41767627,0 140.44138333,-2.41824752,0 140.44149270,-2.41896000,0 140.44134676,-2.41906218,0 140.44122429,-2.41893655,0 140.44104544,-2.41915647,0 140.44074087,-2.41898039,0 140.44071708,-2.41917551,0 140.44021263,-2.41897087,0 140.43944168,-2.41910412,0 140.43873261,-2.41888521,0 140.43832810,-2.41901846,0 140.43635314,-2.41827512,0 140.43512058,-2.41700449,0 140.43527287,-2.41624306,0 140.43573712,-2.41558502,0 140.43571078,-2.41535230,0 140.43555365,-2.41516754,0 140.43525859,-2.41519610,0 140.43486836,-2.41483918,0 140.43515393,-2.41430188,0 140.43479698,-2.41440136,0 140.43422115,-2.41415865,0 140.43421163,-2.41371607,0 140.43385947,-2.41329253,0 140.43404031,-2.41299747,0 140.43387375,-2.41262152,0 140.43407838,-2.41247875,0 140.43330268,-2.41197431,0 140.43251269,-2.41219322,0 140.43257932,-2.41281188,0 140.43238896,-2.41308789,0 140.43148953,-2.41308313,0 140.43133724,-2.41358758,0 140.43093273,-2.41401112,0 140.42998571,-2.41447750,0 140.42962403,-2.41492484,0 140.42908175,-2.41500226,0 140.42834864,-2.41567675,0 140.42814876,-2.41618119,0 140.42699710,-2.41660950,0 140.42616905,-2.41636203,0 140.42621783,-2.41582784,0 140.42590255,-2.41591112,0 140.42448380,-2.41572969,0 140.42390975,-2.41553933,0 140.42316022,-2.41487011,0 140.42245233,-2.41458457,0 140.42208947,-2.41468273,0 140.42178425,-2.41457446,0 140.42151839,-2.41478385,0 140.42122691,-2.41454293,0 140.42088784,-2.41458160,0 140.42035246,-2.41417709,0 140.41941438,-2.41397915,0 140.41718183,-2.41420981,0 140.41697362,-2.41442991,0 140.41668511,-2.41437935,0 140.41632522,-2.41485524,0 140.41567682,-2.41493554,0 140.41548944,-2.41468273,0 140.41502247,-2.41456078,0 140.41482021,-2.41467083,0 140.41470719,-2.41447452,0 140.41428186,-2.41446560,0 140.41406176,-2.41429012,0 140.41398145,-2.41451616,0 140.41350556,-2.41456375,0 140.41266680,-2.41390345,0 140.41244075,-2.41229137,0 140.41221173,-2.41182440,0 140.41225039,-2.41120277,0 140.41170312,-2.41096482,0 140.41141407,-2.41055212,0 140.41097738,-2.41071795,0 140.41084056,-2.41028965,0 140.41050446,-2.41028072,0 140.41028436,-2.41008144,0 140.41010293,-2.41022124,0 140.41017431,-2.41050082,0 140.40980550,-2.41048595,0 140.40899053,-2.41003980,0 140.40869195,-2.40965487,0 140.40797731,-2.40961388,0 140.40767294,-2.40885337,0 140.40691315,-2.40854438,0 140.40680193,-2.40827513,0 140.40607543,-2.40800831,0 140.40571477,-2.40753001,0 140.40542616,-2.40752145,0 140.40506025,-2.40721606,0 140.40387673,-2.40765222,0 140.40305240,-2.40767143,0 140.40291784,-2.40745396,0 140.40276165,-2.40763052,0 140.40264233,-2.40748994,0 140.40203170,-2.40769787,0 140.40199853,-2.40746315,0 140.40177502,-2.40747499,0 140.40135133,-2.40694311,0 140.40073425,-2.40653333,0 140.39971716,-2.40739139,0 140.39937920,-2.40699686,0 140.39843222,-2.40677502,0 140.39787057,-2.40717654,0 140.39683187,-2.40753382,0 140.39585494,-2.40718682,0 140.39459917,-2.40727827,0 140.39447153,-2.40689340,0 140.39419665,-2.40697925,0 140.39389716,-2.40673062,0 140.39322470,-2.40540763,0 140.39292244,-2.40520180,0 140.39273928,-2.40467638,0 140.39288711,-2.40385724,0 140.39133647,-2.40231177,0 140.39106457,-2.40184458,0 140.38993816,-2.40133021,0 140.38875070,-2.40126006,0 140.38811289,-2.40086668,0 140.38794406,-2.40097169,0 140.38731606,-2.40088706,0 140.38683102,-2.40055177,0 140.38640082,-2.39995099,0 140.38569535,-2.39986728,0 140.38509733,-2.39946944,0 140.38467361,-2.39957693,0 140.38397937,-2.40008370,0 140.38325785,-2.40019796,0 140.38130074,-2.39981129,0 140.38015265,-2.39984104,0 140.37967081,-2.40010278,0 140.37807658,-2.40003734,0 140.37511942,-2.39948659,0 140.37287150,-2.39953171,0 140.37225284,-2.39903797,0 140.37171592,-2.39829931,0 140.37103953,-2.39897901,0 140.37121778,-2.39954955,0 140.37096794,-2.40023365,0 140.37017676,-2.40028124,0 140.36988609,-2.40056777,0 140.37010497,-2.40090734,0 140.37010701,-2.40162372,0 140.36998046,-2.40272018,0 140.36977821,-2.40314849,0 140.36939154,-2.40362438,0 140.36839812,-2.40420735,0 140.36779493,-2.40393910,0 140.36733436,-2.40407749,0 140.36722658,-2.40385768,0 140.36650530,-2.40352945,0 140.36622785,-2.40309176,0 140.36572999,-2.40279404,0 140.36509277,-2.40307606,0 140.36357214,-2.40311834,0 140.36268997,-2.40246391,0 140.36215900,-2.40250563,0 140.36173263,-2.40277868,0 140.36103330,-2.40229196,0 140.36079818,-2.40229020,0 140.36072131,-2.40192995,0 140.36017917,-2.40206551,0 140.35917803,-2.40272649,0 140.35678332,-2.40254629,0 140.35551137,-2.40185088,0 140.35431525,-2.40061383,0 140.35335471,-2.40040797,0 140.35323999,-2.40012542,0 140.35329290,-2.39986467,0 140.35349003,-2.39979023,0 140.35342075,-2.39934339,0 140.35312119,-2.39960148,0 140.35296593,-2.39950821,0 140.35311380,-2.39907649,0 140.35298777,-2.39866810,0 140.35277968,-2.39882812,0 140.35288305,-2.39918913,0 140.35275977,-2.39922813,0 140.35214235,-2.39879639,0 140.35201394,-2.39824175,0 140.35161992,-2.39833354,0 140.35108761,-2.39803986,0 140.35099312,-2.39736727,0 140.35104891,-2.39674363,0 140.35126903,-2.39647033,0 140.35118811,-2.39623681,0 140.35081691,-2.39624752,0 140.35113457,-2.39636887,0 140.35084970,-2.39657812,0 140.35084546,-2.39703988,0 140.35032436,-2.39718621,0 140.34872180,-2.39618327,0 140.34823995,-2.39548014,0 140.34802937,-2.39549323,0 140.34815191,-2.39586561,0 140.34778310,-2.39598577,0 140.34763914,-2.39626060,0 140.34708255,-2.39635256,0 140.34707274,-2.39679801,0 140.34697161,-2.39675935,0 140.34672177,-2.39734826,0 140.34560064,-2.39726650,0 140.34536885,-2.39704702,0 140.34498455,-2.39715462,0 140.34462478,-2.39697144,0 140.34432446,-2.39705381,0 140.34426497,-2.39733339,0 140.34396754,-2.39754457,0 140.34405677,-2.39807995,0 140.34382180,-2.39888599,0 140.34353718,-2.39928761,0 140.34371175,-2.40038440,0 140.34304788,-2.40030587,0 140.34328821,-2.40061045,0 140.34321243,-2.40123151,0 140.34349470,-2.40222511,0 140.34404389,-2.40331525,0 140.34530460,-2.40496268,0 140.34549793,-2.40558729,0 140.34584890,-2.40591149,0 140.34603034,-2.40664912,0 140.34718735,-2.40826418,0 140.34798744,-2.40860325,0 140.34894230,-2.40950440,0 140.34936158,-2.40946581,0 140.35000999,-2.40912079,0 140.35002039,-2.40864868,0 140.35025348,-2.40839005,0 140.35020034,-2.40809464,0 140.35054596,-2.40755499,0 140.35019439,-2.40693168,0 140.35028362,-2.40624759,0 140.34992374,-2.40578007,0 140.34996754,-2.40559355,0 140.35026046,-2.40538549,0 140.35069352,-2.40544260,0 140.35100999,-2.40516182,0 140.35173270,-2.40550991,0 140.35191632,-2.40546709,0 140.35195346,-2.40521762,0 140.35218137,-2.40525956,0 140.35230255,-2.40437135,0 140.35308594,-2.40431349,0 140.35285702,-2.40321691,0 140.35373212,-2.40305676,0 140.35355084,-2.40266591,0 140.35365395,-2.40249784,0 140.35470211,-2.40250849,0 140.35515921,-2.40269342,0 140.35598599,-2.40322126,0 140.35587782,-2.40379690,0 140.35632776,-2.40422151,0 140.35635299,-2.40489278,0 140.35692734,-2.40499736,0 140.35712350,-2.40602436,0 140.35764364,-2.40620581,0 140.35832940,-2.40719459,0 140.35836735,-2.40760524,0 140.35790821,-2.40809914,0 140.35783352,-2.40897426,0 140.35737301,-2.40980947,0 140.35758222,-2.41014366,0 140.35826981,-2.40998611,0 140.35849758,-2.40939755,0 140.35914713,-2.40895136,0 140.36006608,-2.40898596,0 140.36092376,-2.40982691,0 140.36110279,-2.41103597,0 140.36031059,-2.41181942,0 140.36061437,-2.41396822,0 140.36027879,-2.41452361,0 140.36030718,-2.41499697,0 140.36047580,-2.41530106,0 140.36084032,-2.41513380,0 140.36140821,-2.41517880,0 140.36220979,-2.41486031,0 140.36289718,-2.41536041,0 140.36321492,-2.41597123,0 140.36268610,-2.41788904,0 140.36265908,-2.41877970,0 140.36413905,-2.41895211,0 140.36465485,-2.41943244,0 140.36526394,-2.41958596,0 140.36650510,-2.42037485,0 140.36689896,-2.42115690,0 140.36707247,-2.42240047,0 140.36731048,-2.42266528,0 140.36760852,-2.42263797,0 140.36783618,-2.42238203,0 140.36835367,-2.42242098,0 140.36874508,-2.42205425,0 140.36950302,-2.42219877,0 140.36984327,-2.42185723,0 140.37008993,-2.42200389,0 140.37028968,-2.42253185,0 140.37092751,-2.42173042,0 140.37168648,-2.42137816,0 140.37195010,-2.42139895,0 140.37186656,-2.42166694,0 140.37115867,-2.42239547,0 140.37119525,-2.42263647,0 140.37166929,-2.42296240,0 140.37128559,-2.42348263,0 140.37101966,-2.42441315,0 140.37136597,-2.42464006,0 140.37226353,-2.42412421,0 140.37264987,-2.42435313,0 140.37283623,-2.42481229,0 140.37241640,-2.42611422,0 140.37147078,-2.42734476,0 140.37136348,-2.42772318,0 140.37148581,-2.42793303,0 140.37218043,-2.42814041,0 140.37324691,-2.43036251,0 140.37352350,-2.43128475,0 140.37421155,-2.43130003,0 140.37391650,-2.43176165,0 140.37387971,-2.43309225,0 140.37270504,-2.43727520,0 140.37085483,-2.44021563,0 140.36910383,-2.44193351,0 140.36866881,-2.44193545,0 140.36840426,-2.44210598,0 140.36808981,-2.44185056,0 140.36773818,-2.44187476,0 140.36746220,-2.44207469,0 140.36732241,-2.44260087,0 140.36740245,-2.44298934,0 140.36768699,-2.44322644,0 140.36750118,-2.44383773,0 140.36751809,-2.44430372,0 140.36774253,-2.44476249,0 140.36769162,-2.44689271,0 140.36796183,-2.44703671,0 140.36846185,-2.44663734,0 140.36880774,-2.44662138,0 140.36972288,-2.44748254,0 140.37126352,-2.44836650,0 140.37160476,-2.44886145,0 140.37209403,-2.44915591,0 140.37231770,-2.45074211,0 140.37180425,-2.45221949,0 140.37128621,-2.45238394,0 140.36999877,-2.45229611,0 140.37003933,-2.45309473,0 140.36969939,-2.45369443,0 140.37067017,-2.45526990,0 140.37164427,-2.45561399,0 140.37181560,-2.45592960,0 140.37159218,-2.45631205,0 140.37162121,-2.45688846,0 140.37122503,-2.45778076,0 140.37055403,-2.45861595,0 140.37020781,-2.45863379,0 140.36900955,-2.45936084,0 140.36917959,-2.46027057,0 140.36959474,-2.46044569,0 140.36955435,-2.46085948,0 140.36915976,-2.46091183,0 140.36910741,-2.46114264,0 140.36874801,-2.46127880,0 140.36812698,-2.46141800,0 140.36802704,-2.46128594,0 140.36770224,-2.46133591,0 140.36751664,-2.46141086,0 140.36751664,-2.46159646,0 140.36699197,-2.46166428,0 140.36663862,-2.46191769,0 140.36608288,-2.46012049,0 140.36538941,-2.45871969,0 140.36538639,-2.45785239,0 140.36565353,-2.45747048,0 140.36535014,-2.45741337,0 140.36514670,-2.45717780,0 140.36468536,-2.45627889,0 140.36429441,-2.45589022,0 140.36442822,-2.45468980,0 140.36397909,-2.45473430,0 140.36357143,-2.45559144,0 140.36288129,-2.45604611,0 140.36279117,-2.45668509,0 140.36251489,-2.45704504,0 140.36181106,-2.45706684,0 140.36076928,-2.45670425,0 140.36114647,-2.45677591,0 140.36185436,-2.45649038,0 140.36246410,-2.45671940,0 140.36258902,-2.45633869,0 140.36151826,-2.45561592,0 140.36089960,-2.45549993,0 140.36084011,-2.45531849,0 140.36024822,-2.45502403,0 140.36016197,-2.45515490,0 140.35991123,-2.45502558,0 140.36024674,-2.45340517,0 140.35958501,-2.45183195,0 140.36067956,-2.45058570,0 140.36007875,-2.45002653,0 140.35941039,-2.45059536,0 140.35941224,-2.45007909,0 140.35916436,-2.44975893,0 140.35779128,-2.44948690,0 140.35593347,-2.44818637,0 140.35558676,-2.44754146,0 140.35591850,-2.44673674,0 140.35586139,-2.44615139,0 140.35571505,-2.44599435,0 140.35517702,-2.44593300,0 140.35496195,-2.44619065,0 140.35475851,-2.44615139,0 140.35436590,-2.44669391,0 140.35448831,-2.44763724,0 140.35432664,-2.44818226,0 140.35405181,-2.44850706,0 140.35343791,-2.44848207,0 140.35315237,-2.44858558,0 140.35303459,-2.44881758,0 140.35303816,-2.44929228,0 140.35352357,-2.44961351,0 140.35338437,-2.44969203,0 140.35333708,-2.45027443,0 140.35297179,-2.45028889,0 140.35303102,-2.45082703,0 140.35336652,-2.45117324,0 140.35299533,-2.45127675,0 140.35206377,-2.45108401,0 140.35223866,-2.45146949,0 140.35317052,-2.45195548,0 140.35348431,-2.45243317,0 140.35348788,-2.45275797,0 140.35305957,-2.45306849,0 140.35271336,-2.45383943,0 140.35308456,-2.45431770,0 140.35297034,-2.45446047,0 140.35270622,-2.45441050,0 140.35300960,-2.45490305,0 140.35289896,-2.45544200,0 140.35204592,-2.45567043,0 140.35219583,-2.45637356,0 140.35157122,-2.45688752,0 140.35177466,-2.45824738,0 140.35135707,-2.45824024,0 140.35130353,-2.45859359,0 140.35100729,-2.45837944,0 140.35073960,-2.45839372,0 140.35076815,-2.45875778,0 140.35053259,-2.45936811,0 140.35023991,-2.45960011,0 140.34993296,-2.45960367,0 140.34992225,-2.45983924,0 140.35017567,-2.46016404,0 140.34986158,-2.46007124,0 140.34953178,-2.46070620,0 140.34776860,-2.46252292,0 140.34705065,-2.46262382,0 140.34674782,-2.46241584,0 140.34542365,-2.46297263,0 140.34431689,-2.46250147,0 140.34319695,-2.46230301,0 140.34297601,-2.46202919,0 140.34224430,-2.46269049,0 140.34180992,-2.46287320,0 140.34045450,-2.46289566,0 140.34007854,-2.46266247,0 140.33916007,-2.46351432,0 140.33920766,-2.46375702,0 140.33893164,-2.46382365,0 140.33866990,-2.46431858,0 140.33824264,-2.46434996,0 140.33786564,-2.46487537,0 140.33713277,-2.46468501,0 140.33686151,-2.46527512,0 140.33649507,-2.46528464,0 140.33646652,-2.46478495,0 140.33618574,-2.46476116,0 140.33575572,-2.46500200,0 140.33544218,-2.46416186,0 140.33451978,-2.46403327,0 140.33364577,-2.46299814,0 140.33341812,-2.46223906,0 140.33477743,-2.46147843,0 140.33467030,-2.46125133,0 140.33391669,-2.46078270,0 140.33437831,-2.46032584,0 140.33434023,-2.45953110,0 140.33414834,-2.45909392,0 140.33425065,-2.45873224,0 140.33615517,-2.45818972,0 140.33686724,-2.45742008,0 140.33732587,-2.45731408,0 140.33791598,-2.45682391,0 140.33831573,-2.45629567,0 140.33942284,-2.45608185,0 140.33968339,-2.45588555,0 140.33955463,-2.45485388,0 140.33921982,-2.45421965,0 140.33927817,-2.45223950,0 140.33888318,-2.45156849,0 140.33903784,-2.45129247,0 140.33840015,-2.45107356,0 140.33780084,-2.45049599,0 140.33755814,-2.44984877,0 140.33679671,-2.44882085,0 140.33650793,-2.44879533,0 140.33647310,-2.44861621,0 140.33557605,-2.44883750,0 140.33509777,-2.44878396,0 140.33458738,-2.44838778,0 140.33463378,-2.44802016,0 140.33447445,-2.44785221,0 140.33411506,-2.44835923,0 140.33403178,-2.44894458,0 140.33366296,-2.44952517,0 140.33304668,-2.44940619,0 140.33231843,-2.44962563,0 140.33115007,-2.45063370,0 140.33062826,-2.45039154,0 140.33032387,-2.45045999,0 140.33004957,-2.45151410,0 140.32972031,-2.45155167,0 140.32958468,-2.45174203,0 140.32860280,-2.45146118,0 140.32794385,-2.45087769,0 140.32759882,-2.44950653,0 140.32718242,-2.44891464,0 140.32743923,-2.44806475,0 140.32823235,-2.44747804,0 140.32799143,-2.44715978,0 140.32701586,-2.44694861,0 140.32736683,-2.44641918,0 140.32701883,-2.44629426,0 140.32719431,-2.44615446,0 140.32688988,-2.44572858,0 140.32703073,-2.44522350,0 140.32691886,-2.44486212,0 140.32727462,-2.44431633,0 140.32679576,-2.44402484,0 140.32707832,-2.44372741,0 140.32626335,-2.44289163,0 140.32593896,-2.44333764,0 140.32610838,-2.44384589,0 140.32593515,-2.44420947,0 140.32602081,-2.44439983,0 140.32587995,-2.44460161,0 140.32566675,-2.44461112,0 140.32497766,-2.44558765,0 140.32494133,-2.44643585,0 140.32441309,-2.44671782,0 140.32454515,-2.44724963,0 140.32425962,-2.44730674,0 140.32372781,-2.44795633,0 140.32338516,-2.44804199,0 140.32245646,-2.44769007,0 140.32181686,-2.44705808,0 140.32154275,-2.44703905,0 140.32134287,-2.44726938,0 140.32111433,-2.44678230,0 140.32071029,-2.44755491,0 140.32031500,-2.44757122,0 140.32005591,-2.44783964,0 140.32001614,-2.44814800,0 140.31970967,-2.44838976,0 140.31961830,-2.44871146,0 140.31886913,-2.44854703,0 140.31851803,-2.44887517,0 140.31821917,-2.44881044,0 140.31677098,-2.44782462,0 140.31576597,-2.44676514,0 140.31518150,-2.44576490,0 140.31503397,-2.44438957,0 140.31592151,-2.44301662,0 140.31640692,-2.44105118,0 140.31614280,-2.44098932,0 140.31571212,-2.44124392,0 140.31552414,-2.44080372,0 140.31510773,-2.44075276,0 140.31511963,-2.44041964,0 140.31530404,-2.44039584,0 140.31548092,-2.44011758,0 140.31538423,-2.43979764,0 140.31520339,-2.44000133,0 140.31524146,-2.44031542,0 140.31493689,-2.44034016,0 140.31491214,-2.44079131,0 140.31457711,-2.44066758,0 140.31458282,-2.44087506,0 140.31430871,-2.44063712,0 140.31400006,-2.44075115,0 140.31397924,-2.44102181,0 140.31304233,-2.44050131,0 140.31328194,-2.44021660,0 140.31309730,-2.43999769,0 140.31291212,-2.44046498,0 140.31262140,-2.44028133,0 140.31249577,-2.44071915,0 140.31231112,-2.44069250,0 140.31226368,-2.44048785,0 140.31218358,-2.44060874,0 140.31184638,-2.44054175,0 140.31142382,-2.44115587,0 140.31060479,-2.44102336,0 140.30945125,-2.44176739,0 140.30947980,-2.44193158,0 140.30842808,-2.44160559,0 140.30856609,-2.44123202,0 140.30850232,-2.44088458,0 140.30821869,-2.44058004,0 140.30828293,-2.44023502,0 140.30769996,-2.44028737,0 140.30777849,-2.44092507,0 140.30733353,-2.44146520,0 140.30712651,-2.44145093,0 140.30732163,-2.44182926,0 140.30661969,-2.44217190,0 140.30667918,-2.44228374,0 140.30645075,-2.44252882,0 140.30672552,-2.44317937,0 140.30639817,-2.44411227,0 140.30653775,-2.44512744,0 140.30608788,-2.44535185,0 140.30593406,-2.44573561,0 140.30561675,-2.44575636,0 140.30543591,-2.44559932,0 140.30488387,-2.44581823,0 140.30316590,-2.44440007,0 140.30275079,-2.44434224,0 140.30231405,-2.44450001,0 140.30140986,-2.44418116,0 140.30112432,-2.44390038,0 140.30015691,-2.44390271,0 140.29994230,-2.44319924,0 140.29937983,-2.44278655,0 140.29940659,-2.44243637,0 140.29886576,-2.44193952,0 140.29881592,-2.44167740,0 140.29854382,-2.44161968,0 140.29826787,-2.44085354,0 140.29794614,-2.44080119,0 140.29762835,-2.44114790,0 140.29679466,-2.44108992,0 140.29570990,-2.44034256,0 140.29466263,-2.44031882,0 140.29433731,-2.44004159,0 140.29431946,-2.43949194,0 140.29399608,-2.43916778,0 140.29440512,-2.43675080,0 140.29449078,-2.43514109,0 140.29536167,-2.43475205,0 140.29586173,-2.43425302,0 140.29606704,-2.43339410,0 140.29635979,-2.43309569,0 140.29623979,-2.43295625,0 140.29634924,-2.43257316,0 140.29616840,-2.43268737,0 140.29535463,-2.43137867,0 140.29542125,-2.43079808,0 140.29648011,-2.42971067,0 140.29645526,-2.42957466,0 140.29603753,-2.42949889,0 140.29593759,-2.42898017,0 140.29613985,-2.42857804,0 140.29595849,-2.42829039,0 140.29627067,-2.42778214,0 140.29617169,-2.42737477,0 140.29576051,-2.42691411,0 140.29547498,-2.42593948,0 140.29500289,-2.42681893,0 140.29495531,-2.42719393,0 140.29517422,-2.42752135,0 140.29498386,-2.42767934,0 140.29474401,-2.42760320,0 140.29473639,-2.42814762,0 140.29434616,-2.42793061,0 140.29383410,-2.42802008,0 140.29364860,-2.42826421,0 140.29368429,-2.42860686,0 140.29347588,-2.42870984,0 140.29345943,-2.42913153,0 140.29315605,-2.42935996,0 140.29289907,-2.42916008,0 140.29268492,-2.42923147,0 140.29241864,-2.42897177,0 140.29220079,-2.42805849,0 140.29193410,-2.42797706,0 140.29184937,-2.42718807,0 140.29135700,-2.42706506,0 140.29103372,-2.42762490,0 140.29088904,-2.42723277,0 140.29037889,-2.42689583,0 140.29042077,-2.42708429,0 140.29023678,-2.42695638,0 140.28992584,-2.42623720,0 140.29008383,-2.42594024,0 140.28946327,-2.42606778,0 140.28951657,-2.42523402,0 140.28892837,-2.42567184,0 140.28905400,-2.42599545,0 140.28882938,-2.42620103,0 140.28890743,-2.42675497,0 140.28855717,-2.42679875,0 140.28832684,-2.42724609,0 140.28809841,-2.42735650,0 140.28749688,-2.42749736,0 140.28720945,-2.42740218,0 140.28694104,-2.42774483,0 140.28680208,-2.42840917,0 140.28641013,-2.42826538,0 140.28629002,-2.42862427,0 140.28576464,-2.42867186,0 140.28563519,-2.42843963,0 140.28569040,-2.42774102,0 140.28527923,-2.42724799,0 140.28544103,-2.42708238,0 140.28553621,-2.42636474,0 140.28524742,-2.42626754,0 140.28518214,-2.42598402,0 140.28487757,-2.42602781,0 140.28462630,-2.42634380,0 140.28424178,-2.42637997,0 140.28422655,-2.42671880,0 140.28394483,-2.42717947,0 140.28370498,-2.42716424,0 140.28352414,-2.42678352,0 140.28302731,-2.42689203,0 140.28286931,-2.42710332,0 140.28230585,-2.42707287,0 140.28180902,-2.42674926,0 140.28190991,-2.42631525,0 140.28164531,-2.42692439,0 140.28097875,-2.42712109,0 140.28067001,-2.42644294,0 140.28020007,-2.42610387,0 140.27996320,-2.42503458,0 140.27993654,-2.42457031,0 140.28023398,-2.42444836,0 140.28068607,-2.42393083,0 140.28007039,-2.42426693,0 140.27979080,-2.42405277,0 140.27995249,-2.42378144,0 140.27973429,-2.42393380,0 140.27951419,-2.42369586,0 140.27890445,-2.42424611,0 140.27845236,-2.42412713,0 140.27836015,-2.42425800,0 140.27819061,-2.42394867,0 140.27803298,-2.42419852,0 140.27786344,-2.42416580,0 140.27739947,-2.42335808,0 140.27708714,-2.42331931,0 140.27708238,-2.42311229,0 140.27674450,-2.42286245,0 140.27679685,-2.42265068,0 140.27652321,-2.42254598,0 140.27656604,-2.42215099,0 140.27616867,-2.42210816,0 140.27534537,-2.42235087,0 140.27501939,-2.42274586,0 140.27467675,-2.42287078,0 140.27469877,-2.42304441,0 140.27409862,-2.42359349,0 140.27342812,-2.42394260,0 140.27217097,-2.42383406,0 140.27057317,-2.42257057,0 140.27037270,-2.42219711,0 140.27067454,-2.42176479,0 140.27067836,-2.42130882,0 140.27034117,-2.42070388,0 140.27005563,-2.42066819,0 140.27029834,-2.42020420,0 140.26999139,-2.42011497,0 140.27033403,-2.41984014,0 140.27021268,-2.41977946,0 140.27040185,-2.41951891,0 140.27019483,-2.41936900,0 140.27040185,-2.41884790,0 140.26979865,-2.41844458,0 140.27011700,-2.41762061,0 140.27002717,-2.41751711,0 140.26985315,-2.41778895,0 140.26956469,-2.41751435,0 140.26942046,-2.41681211,0 140.26956392,-2.41653352,0 140.26942829,-2.41644072,0 140.26960064,-2.41599162,0 140.26948540,-2.41586608,0 140.26918110,-2.41610163,0 140.26900996,-2.41681182,0 140.26857972,-2.41711942,0 140.26859222,-2.41763835,0 140.26839807,-2.41807955,0 140.26878795,-2.41864739,0 140.26949740,-2.41891348,0 140.26970012,-2.41952777,0 140.26957407,-2.41998572,0 140.26730200,-2.42179713,0 140.26625028,-2.42291071,0 140.26554120,-2.42292023,0 140.26482927,-2.42263327,0 140.26376060,-2.42194550,0 140.26371021,-2.42179118,0 140.26392195,-2.42163593,0 140.26377490,-2.42139842,0 140.26296781,-2.42127007,0 140.26301778,-2.42103094,0 140.26246889,-2.42062220,0 140.26246065,-2.42029887,0 140.26169100,-2.42015145,0 140.26137392,-2.41974201,0 140.26132852,-2.41857771,0 140.26107630,-2.41786388,0 140.26068131,-2.41744033,0 140.26059625,-2.41666106,0 140.26026312,-2.41615840,0 140.25924888,-2.41553676,0 140.25895581,-2.41465395,0 140.25924914,-2.41416509,0 140.25822007,-2.41319206,0 140.25850275,-2.41234180,0 140.25820546,-2.41206566,0 140.25833896,-2.41178073,0 140.25817258,-2.41155076,0 140.25843867,-2.41123708,0 140.25801512,-2.41130132,0 140.25786752,-2.41095620,0 140.25718105,-2.41078976,0 140.25687302,-2.41027955,0 140.25646228,-2.41005378,0 140.25646735,-2.40976545,0 140.25629248,-2.40968637,0 140.25634692,-2.40924309,0 140.25540942,-2.40801529,0 140.25529488,-2.40668842,0 140.25493713,-2.40665758,0 140.25485738,-2.40642105,0 140.25441480,-2.40625924,0 140.25412216,-2.40538558,0 140.25384821,-2.40537567,0 140.25377155,-2.40512407,0 140.25345964,-2.40495758,0 140.25348681,-2.40398924,0 140.25325244,-2.40383814,0 140.25314369,-2.40340783,0 140.25279423,-2.40298242,0 140.25295678,-2.40168156,0 140.25318891,-2.40159818,0 140.25361649,-2.40175056,0 140.25390203,-2.40158103,0 140.25339639,-2.40098021,0 140.25285804,-2.40092965,0 140.25272419,-2.40078688,0 140.25252789,-2.40095939,0 140.25252789,-2.40137580,0 140.25194492,-2.40134605,0 140.25095686,-2.40004599,0 140.24987256,-2.39965986,0 140.24958848,-2.39928509,0 140.24923304,-2.39933288,0 140.24865186,-2.39996420,0 140.24792079,-2.39968911,0 140.24790521,-2.40005654,0 140.24761242,-2.40018168,0 140.24696503,-2.39997753,0 140.24581558,-2.40022974,0 140.24553480,-2.39987758,0 140.24561094,-2.39965391,0 140.24510650,-2.39971578,0 140.24533969,-2.39998704,0 140.24525716,-2.40129717,0 140.24570032,-2.40218990,0 140.24572040,-2.40339442,0 140.24535872,-2.40410826,0 140.24480193,-2.40472216,0 140.24408333,-2.40506956,0 140.24311251,-2.40526468,0 140.24201320,-2.40478879,0 140.24105928,-2.40415135,0 140.24066934,-2.40412555,0 140.24013229,-2.40438674,0 140.23962547,-2.40404478,0 140.23955832,-2.40384215,0 140.23909236,-2.40388945,0 140.23911255,-2.40410666,0 140.23888481,-2.40405634,0 140.23867755,-2.40442480,0 140.23774285,-2.40421755,0 140.23750177,-2.40385211,0 140.23719857,-2.40380375,0 140.23683235,-2.40347704,0 140.23652016,-2.40389045,0 140.23613073,-2.40408934,0 140.23562494,-2.40368949,0 140.23527875,-2.40361604,0 140.23448659,-2.40360093,0 140.23409589,-2.40394593,0 140.23375382,-2.40394275,0 140.23290673,-2.40276867,0 140.23236607,-2.40273769,0 140.23206983,-2.40343725,0 140.23247074,-2.40405178,0 140.23206417,-2.40416320,0 140.23137741,-2.40484580,0 140.23053993,-2.40483749,0 140.22992804,-2.40540590,0 140.22960837,-2.40537750,0 140.22911787,-2.40564455,0 140.22888329,-2.40616596,0 140.22895511,-2.40673268,0 140.22800744,-2.40700649,0 140.22867127,-2.40723455,0 140.22844829,-2.40744026,0 140.22848997,-2.40769219,0 140.22798704,-2.40780201,0 140.22775765,-2.40842719,0 140.22727424,-2.40844835,0 140.22671922,-2.40898907,0 140.22746847,-2.40957292,0 140.22764234,-2.41005201,0 140.22835501,-2.41085401,0 140.22939534,-2.41087536,0 140.22978181,-2.41108813,0 140.22966419,-2.41197609,0 140.23013241,-2.41251960,0 140.22940245,-2.41251861,0 140.22892311,-2.41284757,0 140.22886065,-2.41304685,0 140.22908075,-2.41333536,0 140.22861676,-2.41373392,0 140.22897665,-2.41411463,0 140.22820562,-2.41436026,0 140.22786713,-2.41473296,0 140.22765252,-2.41513782,0 140.22764880,-2.41578119,0 140.22803561,-2.41619821,0 140.22878973,-2.41662472,0 140.22932039,-2.41666054,0 140.22969725,-2.41650760,0 140.22978945,-2.41612285,0 140.23125728,-2.41618536,0 140.23157461,-2.41682461,0 140.23255235,-2.41742735,0 140.23210430,-2.41854465,0 140.23159062,-2.41844678,0 140.23115138,-2.41861529,0 140.23038652,-2.41966318,0 140.23032153,-2.41866174,0 140.22976253,-2.41847804,0 140.22950025,-2.41812876,0 140.22715845,-2.41833545,0 140.22611798,-2.41771622,0 140.22587255,-2.41719827,0 140.22523575,-2.41669398,0 140.22489723,-2.41661430,0 140.22489463,-2.41595608,0 140.22467192,-2.41568806,0 140.22485050,-2.41509439,0 140.22448301,-2.41499960,0 140.22449385,-2.41457659,0 140.22409835,-2.41441481,0 140.22386658,-2.41395092,0 140.22413881,-2.41344878,0 140.22444814,-2.41372480,0 140.22678001,-2.41300144,0 140.22758565,-2.41235987,0 140.22810365,-2.41159275,0 140.22801733,-2.41140720,0 140.22746054,-2.41146431,0 140.22600906,-2.41223050,0 140.22437200,-2.41269211,0 140.22127394,-2.41253983,0 140.22059817,-2.41232567,0 140.22054106,-2.41172605,0 140.21981842,-2.41189646,0 140.21910083,-2.41164641,0 140.21850993,-2.41164619,0 140.21558146,-2.41093701,0 140.21347664,-2.41015775,0 140.20991651,-2.40854342,0 140.20707358,-2.40659318,0 140.20493556,-2.40419315,0 140.20321818,-2.40192243,0 140.20273798,-2.40027102,0 140.20270175,-2.39904624,0 140.20218748,-2.39870439,0 140.20163430,-2.39856764,0 140.20063892,-2.39775925,0 140.20010763,-2.39660429,0 140.19956900,-2.39621122,0 140.19955162,-2.39427911,0 140.19834467,-2.39303492,0 140.19806328,-2.39200093,0 140.19756655,-2.39114352,0 140.19754305,-2.39076524,0 140.19710319,-2.39097602,0 140.19584239,-2.38976566,0 140.19405153,-2.38895468,0 140.19381607,-2.38856062,0 140.19349413,-2.38866854,0 140.19271898,-2.38827487,0 140.19144037,-2.38713712,0 140.19038169,-2.38486453,0 140.19044332,-2.38194157,0 140.19012545,-2.38124276,0 140.18951397,-2.38081525,0 140.18845772,-2.38054036,0 140.18754142,-2.37976205,0 140.18534297,-2.37939439,0 140.18386686,-2.37890058,0 140.18333880,-2.37856997,0 140.18281667,-2.37857049,0 140.18188456,-2.37819730,0 140.18131252,-2.37774209,0 140.18054819,-2.37766920,0 140.17949977,-2.37594681,0 140.17943201,-2.37551583,0 140.17915340,-2.37533811,0 140.17861914,-2.37531823,0 140.17809456,-2.37499534,0 140.17755735,-2.37495179,0 140.17612238,-2.37528711,0 140.17534874,-2.37583303,0 140.17493816,-2.37590612,0 140.17356715,-2.37558138,0 140.17348801,-2.37493221,0 140.17307285,-2.37556477,0 140.17217506,-2.37607268,0 140.17006986,-2.37563957,0 140.16854215,-2.37572122,0 140.16761104,-2.37544212,0 140.16700222,-2.37503950,0 140.16655130,-2.37440357,0 140.16677330,-2.37319263,0 140.16663209,-2.37320690,0 140.16657823,-2.37345898,0 140.16622669,-2.37358591,0 140.16601809,-2.37393902,0 140.16533281,-2.37391047,0 140.16328647,-2.37239713,0 140.16202060,-2.37070295,0 140.16204915,-2.36976069,0 140.16257201,-2.36859001,0 140.16240882,-2.36793312,0 140.16227348,-2.36773381,0 140.16206382,-2.36773043,0 140.16243923,-2.36727269,0 140.16220385,-2.36698657,0 140.16228497,-2.36659285,0 140.16154877,-2.36759805,0 140.16125533,-2.36730342,0 140.16137282,-2.36719703,0 140.16125700,-2.36662334,0 140.16096201,-2.36651067,0 140.16109693,-2.36769552,0 140.16053269,-2.36818584,0 140.15979694,-2.36771652,0 140.15991713,-2.36846598,0 140.15946852,-2.37075028,0 140.15967013,-2.37123352,0 140.15941235,-2.37145943,0 140.15941451,-2.37182084,0 140.15909305,-2.37244548,0 140.15849468,-2.37252081,0 140.15715340,-2.37228894,0 140.15587205,-2.37156603,0 140.15365184,-2.37096763,0 140.15302651,-2.37060674,0 140.15209141,-2.36948687,0 140.15212219,-2.36872562,0 140.15177454,-2.36637873,0 140.15228913,-2.36582562,0 140.15336233,-2.36575208,0 140.15349952,-2.36495825,0 140.15455277,-2.36460634,0 140.15511291,-2.36485805,0 140.15587739,-2.36420819,0 140.15630253,-2.36403615,0 140.15619511,-2.36381271,0 140.15631901,-2.36353275,0 140.15604546,-2.36338898,0 140.15566231,-2.36346055,0 140.15537368,-2.36300119,0 140.15538915,-2.36128166,0 140.15558900,-2.36072433,0 140.15615932,-2.36003579,0 140.15658501,-2.36042140,0 140.15715286,-2.36023151,0 140.15707333,-2.35956483,0 140.15733801,-2.35863393,0 140.15768637,-2.35873593,0 140.15795194,-2.35847658,0 140.15768106,-2.35797115,0 140.15768128,-2.35759059,0 140.15727767,-2.35736985,0 140.15696664,-2.35686624,0 140.15704459,-2.35591477,0 140.15665017,-2.35495714,0 140.15673403,-2.35430270,0 140.15653261,-2.35399553,0 140.15674300,-2.35350973,0 140.15657503,-2.35334159,0 140.15666316,-2.35303992,0 140.15642167,-2.35317670,0 140.15632884,-2.35389449,0 140.15573209,-2.35428641,0 140.15522176,-2.35536555,0 140.15437992,-2.35532914,0 140.15260151,-2.35602170,0 140.15196389,-2.35542483,0 140.15179970,-2.35551406,0 140.15207196,-2.35584118,0 140.15154986,-2.35635639,0 140.15170934,-2.35700294,0 140.15109284,-2.35754820,0 140.15070001,-2.35861219,0 140.15044736,-2.35882306,0 140.15064657,-2.35721959,0 140.15055189,-2.35707152,0 140.15022704,-2.35699446,0 140.14981854,-2.35767695,0 140.14939760,-2.35796387,0 140.14819855,-2.35803899,0 140.14805102,-2.35784387,0 140.14836987,-2.35751550,0 140.14858402,-2.35643999,0 140.14830800,-2.35621156,0 140.14799867,-2.35643523,0 140.14783963,-2.35713407,0 140.14713890,-2.35758114,0 140.14629498,-2.35628770,0 140.14607726,-2.35512980,0 140.14649820,-2.35480124,0 140.14739057,-2.35470006,0 140.14800392,-2.35445187,0 140.14827108,-2.35453306,0 140.14857422,-2.35492219,0 140.14883871,-2.35482594,0 140.14879621,-2.35408684,0 140.15039548,-2.35083633,0 140.15016572,-2.34965155,0 140.15121313,-2.34892218,0 140.15072233,-2.34764131,0 140.15069092,-2.34680364,0 140.15090699,-2.34611792,0 140.15115552,-2.34580465,0 140.15170204,-2.34589500,0 140.15223254,-2.34529071,0 140.15387074,-2.34408944,0 140.15407811,-2.34327304,0 140.15478042,-2.34219870,0 140.15508473,-2.34016890,0 140.15547803,-2.33932700,0 140.15493173,-2.33733731,0 140.15518241,-2.33629190,0 140.15515976,-2.33543616,0 140.15536325,-2.33488812,0 140.15530682,-2.33362574,0 140.15499186,-2.33262977,0 140.15451890,-2.33220934,0 140.15424290,-2.33097228,0 140.15429918,-2.32994397,0 140.15477045,-2.32885752,0 140.15480341,-2.32653683,0 140.15459881,-2.32649823,0 140.15438464,-2.32694037,0 140.15410865,-2.32690060,0 140.15352420,-2.32635037,0 140.15236869,-2.32446937,0 140.15183505,-2.32396391,0 140.15106497,-2.32364614,0 140.14987832,-2.32348685,0 140.14661150,-2.32504537,0 140.14436946,-2.32575356,0 140.14375144,-2.32579722,0 140.14346531,-2.32569145,0 140.14344723,-2.32524734,0 140.14321999,-2.32493710,0 140.14327812,-2.32366266,0 140.14316563,-2.32337906,0 140.14285572,-2.32325063,0 140.14317295,-2.32307509,0 140.14331557,-2.32331692,0 140.14326264,-2.32272903,0 140.14278314,-2.32239032,0 140.14274732,-2.32259614,0 140.14235022,-2.32270372,0 140.14230424,-2.32325902,0 140.14184056,-2.32293067,0 140.14138627,-2.32298329,0 140.14114081,-2.32325575,0 140.14108084,-2.32377713,0 140.14028856,-2.32394934,0 140.13991440,-2.32447832,0 140.13999426,-2.32585244,0 140.13947997,-2.32652609,0 140.13939199,-2.32709858,0 140.13948594,-2.32753854,0 140.14003659,-2.32816645,0 140.13992873,-2.32875998,0 140.14016004,-2.32941564,0 140.14099953,-2.33001790,0 140.14164403,-2.33007331,0 140.14218649,-2.33033305,0 140.14277304,-2.33012158,0 140.14302855,-2.33019438,0 140.14416627,-2.33168921,0 140.14445574,-2.33308356,0 140.14556852,-2.33361830,0 140.14532644,-2.33393226,0 140.14547519,-2.33427390,0 140.14617550,-2.33469991,0 140.14650669,-2.33465193,0 140.14684345,-2.33436763,0 140.14699514,-2.33520446,0 140.14725236,-2.33544155,0 140.14759611,-2.33526532,0 140.14759776,-2.33576825,0 140.14802366,-2.33651497,0 140.14790430,-2.33715635,0 140.14837445,-2.33765063,0 140.14834162,-2.33798475,0 140.14795476,-2.33860221,0 140.14764164,-2.33868322,0 140.14690452,-2.33931161,0 140.14619442,-2.33941719,0 140.14629901,-2.33969723,0 140.14683107,-2.34002181,0 140.14718396,-2.34079799,0 140.14707471,-2.34113390,0 140.14656453,-2.34132016,0 140.14606030,-2.34096562,0 140.14543690,-2.34094130,0 140.14416821,-2.34148386,0 140.14382089,-2.34183767,0 140.14388076,-2.34216248,0 140.14441513,-2.34225218,0 140.14476932,-2.34260758,0 140.14507813,-2.34265481,0 140.14534626,-2.34343550,0 140.14524102,-2.34370708,0 140.14422169,-2.34423824,0 140.14341840,-2.34431756,0 140.14295049,-2.34464965,0 140.14325951,-2.34515725,0 140.14447512,-2.34566609,0 140.14421065,-2.34622053,0 140.14440787,-2.34767727,0 140.14390330,-2.34933100,0 140.14345325,-2.34875848,0 140.14169967,-2.34803185,0 140.14049689,-2.34721752,0 140.13996147,-2.34729497,0 140.13942953,-2.34712510,0 140.13903282,-2.34729449,0 140.13835951,-2.34812948,0 140.13840810,-2.34855058,0 140.13819955,-2.34871961,0 140.13769452,-2.34811931,0 140.13590527,-2.34798043,0 140.13537604,-2.34771919,0 140.13497602,-2.34726398,0 140.13432021,-2.34764837,0 140.13363795,-2.34761014,0 140.13306335,-2.34720427,0 140.13304380,-2.34630337,0 140.13265747,-2.34611663,0 140.13225177,-2.34541988,0 140.13168889,-2.34509379,0 140.13052974,-2.34490397,0 140.13059286,-2.34431132,0 140.12988064,-2.34384212,0 140.12960497,-2.34327785,0 140.12917892,-2.34301310,0 140.12856556,-2.34289293,0 140.12819160,-2.34324869,0 140.12798651,-2.34254807,0 140.12735275,-2.34199302,0 140.12679767,-2.34181021,0 140.12623828,-2.34195865,0 140.12599531,-2.34186239,0 140.12591068,-2.34083577,0 140.12502062,-2.34072220,0 140.12440042,-2.34037941,0 140.12337736,-2.34011030,0 140.12275137,-2.33970639,0 140.12174870,-2.33838594,0 140.12141489,-2.33842191,0 140.12152233,-2.33793534,0 140.12140357,-2.33701667,0 140.12083575,-2.33624839,0 140.11980368,-2.33598600,0 140.11918018,-2.33637798,0 140.11898061,-2.33586628,0 140.11839810,-2.33566201,0 140.11776912,-2.33594864,0 140.11731021,-2.33592746,0 140.11677739,-2.33565427,0 140.11650080,-2.33595715,0 140.11599025,-2.33605666,0 140.11578694,-2.33629132,0 140.11545449,-2.33618569,0 140.11459841,-2.33493501,0 140.11364763,-2.33240486,0 140.11218848,-2.33098187,0 140.11172857,-2.33025376,0 140.11128541,-2.32892992,0 140.11115431,-2.32732552,0 140.11128230,-2.32664540,0 140.11170514,-2.32575261,0 140.11207961,-2.32556229,0 140.11395071,-2.32525822,0 140.11465359,-2.32490674,0 140.11584599,-2.32319347,0 140.11628619,-2.32094944,0 140.11578159,-2.32042621,0 140.11396967,-2.31965332,0 140.11246548,-2.31935764,0 140.11140620,-2.31932977,0 140.10694069,-2.32034079,0 140.10577371,-2.32078947,0 140.10395090,-2.32109945,0 140.10150929,-2.32226985,0 140.09962670,-2.32382397,0 140.09768988,-2.32499961,0 140.09723389,-2.32482413,0 140.09689597,-2.32489572,0 140.09610380,-2.32523371,0 140.09532020,-2.32584729,0 140.09499989,-2.32578708,0 140.09465479,-2.32604342,0 140.09373156,-2.32595218,0 140.09258362,-2.32627155,0 140.09239226,-2.32645300,0 140.09198228,-2.32640404,0 140.09134824,-2.32680414,0 140.09093215,-2.32664852,0 140.08968288,-2.32692069,0 140.08931801,-2.32685982,0 140.08803333,-2.32743109,0 140.08766028,-2.32802618,0 140.08460322,-2.32944524,0 140.08430535,-2.32942910,0 140.08405132,-2.32972233,0 140.08367684,-2.32956931,0 140.08335900,-2.32966353,0 140.08324911,-2.33007687,0 140.08276108,-2.33038190,0 140.08177467,-2.33289431,0 140.08090277,-2.33463113,0 140.08048321,-2.33683461,0 140.07984744,-2.33896556,0 140.07941366,-2.34300697,0 140.07988581,-2.34497855,0 140.08048769,-2.34642805,0 140.08023909,-2.34706887,0 140.07994514,-2.34913023,0 140.07965438,-2.34975295,0 140.07898570,-2.35057393,0 140.07738138,-2.35217575,0 140.07637820,-2.35291966,0 140.06993847,-2.35630910,0 140.06673372,-2.35749133,0 140.06416347,-2.35818847,0 140.06030007,-2.35912371,0 140.05677107,-2.35958120,0 140.05104740,-2.35986737,0 140.04580254,-2.35969042,0 140.04389517,-2.35940770,0 140.03698333,-2.35887875,0 140.03622415,-2.35909124,0 140.03329990,-2.35890100,0 140.03157541,-2.35817611,0 140.03050236,-2.35807723,0 140.02422993,-2.35853953,0 140.02222136,-2.35904551,0 140.01723841,-2.35972649,0 140.01606024,-2.36029055,0 140.01591747,-2.36049280,0 140.01532261,-2.36062368,0 140.01522743,-2.36048091,0 140.01462067,-2.36045711,0 140.01394252,-2.36014778,0 140.01259931,-2.36002346,0 140.01080758,-2.36002346,0 140.00983676,-2.36033041,0 140.00804682,-2.35991210,0 140.00365390,-2.35977138,0 140.00215973,-2.36000502,0 140.00167432,-2.36044760,0 140.00157438,-2.36099011,0 140.00002297,-2.36102818,0 140.00002297,-2.36051422,0 139.99924251,-2.35979086,0 139.99764351,-2.35912461,0 139.99549248,-2.35901040,0 139.98975214,-2.35961284,0 139.98425946,-2.36092408,0 139.98282913,-2.36087496,0 139.98202880,-2.36142341,0 139.97643147,-2.36288345,0 139.97500339,-2.36304424,0 139.97382167,-2.36342886,0 139.96954679,-2.36427411,0 139.96336854,-2.36508666,0 139.96203960,-2.36548897,0 139.95252332,-2.36608751,0 139.94730529,-2.36620229,0 139.94301927,-2.36668638,0 139.93990505,-2.36758295,0 139.93730952,-2.36734824,0 139.92783062,-2.36858857,0 139.90852751,-2.37180350,0 139.88714118,-2.37462048,0 139.88092849,-2.37511330,0 139.87501765,-2.37532023,0 139.86238390,-2.37533593,0 139.83672531,-2.37503280,0 139.82639571,-2.37524167,0 139.82205930,-2.37567297,0 139.81946654,-2.37631295,0 139.81720610,-2.37646729,0 139.81527459,-2.37699969,0 139.81426041,-2.37762860,0 139.81229617,-2.37844152,0 139.81057825,-2.37854844,0 139.80934796,-2.37821630,0 139.80830883,-2.37764562,0 139.80459679,-2.37653424,0 139.80241881,-2.37556481,0 139.79769022,-2.37292078,0 139.79465526,-2.37209963,0 139.79410771,-2.37181810,0 139.79264919,-2.37056066,0 139.78842867,-2.36853034,0 139.78492605,-2.36749147,0 139.78342894,-2.36720109,0 139.77743904,-2.36523513,0 139.77509582,-2.36466306,0 139.77006084,-2.36378272,0 139.76500859,-2.36223807,0 139.75768565,-2.35929014,0 139.75413169,-2.35764007,0 139.75162549,-2.35677907,0 139.74925159,-2.35560939,0 139.74814645,-2.35482074,0 139.74581115,-2.35360100,0 139.73840080,-2.34993071,0 139.73701711,-2.34940364,0 139.72361757,-2.34236452,0 139.71448576,-2.33792788,0 139.71060134,-2.33562881,0 139.70749666,-2.33401202,0 139.70547842,-2.33276765,0 139.70067010,-2.32931327,0 139.69214282,-2.32174312,0 139.69124536,-2.32079270,0 139.68949369,-2.31946242,0 139.68023517,-2.31375712,0 139.67921965,-2.31288891,0 139.67627907,-2.31092765,0 139.67521982,-2.31000771,0 139.67395869,-2.30924456,0 139.66825312,-2.30484932,0 139.65944226,-2.29948274,0 139.65109941,-2.29501452,0 139.64651378,-2.29170897,0 139.64570815,-2.29187935,0 139.64378442,-2.29167463,0 139.64339267,-2.29100744,0 139.64238301,-2.29001671,0 139.64147542,-2.28877911,0 139.64096287,-2.28738299,0 139.63991753,-2.28691009,0 139.63811990,-2.28700792,0 139.63688301,-2.28682295,0 139.63526528,-2.28686640,0 139.62624063,-2.28573588,0 139.62402416,-2.28528193,0 139.61693770,-2.28329098,0 139.61559598,-2.28329351,0 139.61442761,-2.28384195,0 139.61425629,-2.28421315,0 139.61432767,-2.28455579,0 139.61781120,-2.28701139,0 139.61935309,-2.28888165,0 139.61988134,-2.28929567,0 139.61935309,-2.29143719,0 139.61918177,-2.29163706,0 139.61825378,-2.29060914,0 139.61768271,-2.29025222,0 139.61704026,-2.29019511,0 139.61644063,-2.29058058,0 139.61612655,-2.29060914,0 139.61564114,-2.29022366,0 139.61552692,-2.28968115,0 139.61457038,-2.28995241,0 139.61434195,-2.28982391,0 139.61444189,-2.28932423,0 139.61358528,-2.28892448,0 139.61449899,-2.28808215,0 139.61459893,-2.28768240,0 139.61148660,-2.28506975,0 139.61097263,-2.28384195,0 139.61105829,-2.28281402,0 139.61094816,-2.28259271,0 139.61058238,-2.28224273,0 139.60877530,-2.28124721,0 139.60303407,-2.27972325,0 139.60148127,-2.27906604,0 139.59607557,-2.27733391,0 139.58721016,-2.27397637,0 139.57581420,-2.26905947,0 139.57462312,-2.26831527,0 139.57183035,-2.26709207,0 139.56261657,-2.26154435,0 139.55981443,-2.26021106,0 139.55845699,-2.25932191,0 139.54634389,-2.25346975,0 139.53991449,-2.25057379,0 139.53269966,-2.24694837,0 139.52713105,-2.24354416,0 139.52415856,-2.24111889,0 139.51818189,-2.23668034,0 139.51654582,-2.23498305,0 139.51547495,-2.23470701,0 139.51319647,-2.23316987,0 139.51218350,-2.23280272,0 139.51081364,-2.23179558,0 139.50490359,-2.22882687,0 139.50055088,-2.22636370,0 139.49979898,-2.22612173,0 139.49253495,-2.22135622,0 139.47978645,-2.21258217,0 139.47884478,-2.21172335,0 139.47055327,-2.20541731,0 139.46531777,-2.20179961,0 139.46421745,-2.20078135,0 139.45957717,-2.19746146,0 139.45320391,-2.19317065,0 139.44837486,-2.19029133,0 139.44137726,-2.18638511,0 139.44027225,-2.18595911,0 139.43802590,-2.18459715,0 139.43063022,-2.18067567,0 139.42597280,-2.17857322,0 139.41718665,-2.17423903,0 139.41235544,-2.17212986,0 139.41139849,-2.17151868,0 139.40891368,-2.17034740,0 139.40161684,-2.16696006,0 139.40052048,-2.16661075,0 139.39861989,-2.16563103,0 139.39640596,-2.16475076,0 139.39238589,-2.16265254,0 139.38731080,-2.16027468,0 139.37831851,-2.15565728,0 139.37056002,-2.15113906,0 139.36583240,-2.14867039,0 139.36495970,-2.14804542,0 139.35958752,-2.14608437,0 139.35332357,-2.14439575,0 139.34734708,-2.14307853,0 139.33542622,-2.13984398,0 139.32822804,-2.13755881,0 139.32076804,-2.13558860,0 139.30406498,-2.13063139,0 139.29105728,-2.12609336,0 139.27977271,-2.12188514,0 139.27862873,-2.12160939,0 139.27259592,-2.11947975,0 139.27133650,-2.11880160,0 139.26045128,-2.11414007,0 139.25896078,-2.11326698,0 139.25303167,-2.11047098,0 139.25057515,-2.10956407,0 139.24791598,-2.10782861,0 139.24687104,-2.10737266,0 139.23581587,-2.10076857,0 139.22950455,-2.09679707,0 139.21697313,-2.08844083,0 139.20201966,-2.07927431,0 139.19278299,-2.07281905,0 139.19087618,-2.07171519,0 139.18813664,-2.06977006,0 139.18331318,-2.06710383,0 139.18105769,-2.06609680,0 139.17692672,-2.06439564,0 139.17090722,-2.06240556,0 139.16172242,-2.05851349,0 139.15152768,-2.05332833,0 139.14626749,-2.05016657,0 139.14220342,-2.04744498,0 139.13857796,-2.04476203,0 139.13272495,-2.03985670,0 139.13015878,-2.03735295,0 139.12939065,-2.03629167,0 139.12482394,-2.03151312,0 139.12475461,-2.03059163,0 139.12428369,-2.03066285,0 139.12406129,-2.03104008,0 139.12055346,-2.02988058,0 139.11784760,-2.02869486,0 139.11336655,-2.02789423,0 139.11136554,-2.02722467,0 139.10496169,-2.02557390,0 139.08764400,-2.02003585,0 139.08013864,-2.01744179,0 139.06954750,-2.01349546,0 139.05562250,-2.00877200,0 139.04649039,-2.00498093,0 139.04346116,-2.00355722,0 139.03643084,-1.99983645,0 139.02948826,-1.99581186,0 139.02264439,-1.99157159,0 139.01483469,-1.98635437,0 139.00530764,-1.97935014,0 139.00045928,-1.97611205,0 138.99710027,-1.97459457,0 138.99267282,-1.97309215,0 138.98977319,-1.97247877,0 138.98213187,-1.97159731,0 138.97594899,-1.97061454,0 138.96784321,-1.96985100,0 138.95974640,-1.96849962,0 138.95018220,-1.96547171,0 138.93650977,-1.96175899,0 138.92535240,-1.95970640,0 138.91746724,-1.95747344,0 138.91163600,-1.95679032,0 138.90637739,-1.95555300,0 138.90490212,-1.95533885,0 138.90399793,-1.95545782,0 138.90430726,-1.95607648,0 138.90040494,-1.95683791,0 138.89978628,-1.95624305,0 138.89866794,-1.95631443,0 138.89733544,-1.95614787,0 138.89647883,-1.95550541,0 138.89543187,-1.95545782,0 138.89445629,-1.95562439,0 138.89371866,-1.95664755,0 138.89231478,-1.95786108,0 138.89079192,-1.95876527,0 138.88910250,-1.95952670,0 138.88683012,-1.96032382,0 138.88436738,-1.96250103,0 138.88289211,-1.96342902,0 138.88094095,-1.96509464,0 138.87829706,-1.96850227,0 138.87539504,-1.96987454,0 138.87268345,-1.96981575,0 138.87142264,-1.96930904,0 138.87103881,-1.96951679,0 138.86271369,-1.96581270,0 138.85628099,-1.96106712,0 138.85586630,-1.96038104,0 138.85534593,-1.96015073,0 138.85518932,-1.95991371,0 138.85351289,-1.95971643,0 138.84646945,-1.95554564,0 138.84527255,-1.95499844,0 138.84183585,-1.95254002,0 138.83848445,-1.95050551,0 138.83130784,-1.94697296,0 138.82384750,-1.94362211,0 138.81667401,-1.93932298,0 138.80903113,-1.93530041,0 138.80480756,-1.93286235,0 138.80270595,-1.93152832,0 138.79699644,-1.92719207,0 138.79236354,-1.92326180,0 138.78877456,-1.91986437,0 138.78739714,-1.91791719,0 138.78728590,-1.91716501,0 138.78750097,-1.91555024,0 138.78733984,-1.91514627,0 138.78480750,-1.91169926,0 138.78384290,-1.90977345,0 138.78164009,-1.90733052,0 138.78047065,-1.90537685,0 138.77970712,-1.90456030,0 138.77822540,-1.90148043,0 138.77793387,-1.90036637,0 138.77735341,-1.89921537,0 138.77488548,-1.89642019,0 138.77470124,-1.89549547,0 138.77394260,-1.89479724,0 138.77330152,-1.89512770,0 138.77252031,-1.89441987,0 138.77099200,-1.89435592,0 138.77023533,-1.89409030,0 138.76663747,-1.89121530,0 138.76481469,-1.88947744,0 138.76168194,-1.88545930,0 138.75986281,-1.88381332,0 138.75787933,-1.88171436,0 138.75701961,-1.87992079,0 138.75636408,-1.87561484,0 138.75568351,-1.87429785,0 138.75395683,-1.87226342,0 138.75282721,-1.87157076,0 138.75187711,-1.87072748,0 138.74908188,-1.86768936,0 138.74784697,-1.86490424,0 138.74736935,-1.86323084,0 138.74708855,-1.86051165,0 138.74771812,-1.85825361,0 138.74850134,-1.85728869,0 138.74937298,-1.85659993,0 138.75066326,-1.85657982,0 138.75069719,-1.85686606,0 138.75099326,-1.85681261,0 138.75136838,-1.85769396,0 138.75131580,-1.85792172,0 138.75149178,-1.85786214,0 138.75149472,-1.85751461,0 138.75197684,-1.85723949,0 138.75264824,-1.85854539,0 138.75356795,-1.85809522,0 138.75275339,-1.85839914,0 138.75178603,-1.85643823,0 138.75364504,-1.85536638,0 138.75396370,-1.85356443,0 138.75386784,-1.85260124,0 138.75342246,-1.85134014,0 138.75232296,-1.85041153,0 138.75205655,-1.84923007,0 138.75164128,-1.84864831,0 138.75144236,-1.84721235,0 138.75107245,-1.84655300,0 138.75051330,-1.84624237,0 138.75008983,-1.84660800,0 138.74942035,-1.85109123,0 138.74847594,-1.85238741,0 138.74742281,-1.85301666,0 138.74388749,-1.85367167,0 138.73980380,-1.85372808,0 138.73777123,-1.85343031,0 138.73582146,-1.85231468,0 138.72980575,-1.84800746,0 138.72251836,-1.84367067,0 138.71610199,-1.83830269,0 138.69033399,-1.81182228,0 138.68853102,-1.80971210,0 138.68534928,-1.80666209,0 138.68414231,-1.80584146,0 138.68265722,-1.80372494,0 138.68096555,-1.80214393,0 138.67816361,-1.79994839,0 138.67532889,-1.79814132,0 138.66524222,-1.79259975,0 138.65753583,-1.78917618,0 138.64973466,-1.78662092,0 138.64550072,-1.78501264,0 138.63470493,-1.78177326,0 138.62884706,-1.78020028,0 138.61760951,-1.77769851,0 138.60923491,-1.77627566,0 138.60827117,-1.77592481,0 138.59141914,-1.77271291,0 138.58495933,-1.77127465,0 138.57960175,-1.77040751,0 138.56318569,-1.76719085,0 138.55945370,-1.76668374,0 138.55155572,-1.76492335,0 138.54697606,-1.76429383,0 138.54102972,-1.76270499,0 138.53637771,-1.76167917,0 138.53104980,-1.76082048,0 138.52150422,-1.75857808,0 138.51855112,-1.75805427,0 138.51747743,-1.75834962,0 138.51665567,-1.75836091,0 138.51531059,-1.75760303,0 138.51452036,-1.75734609,0 138.50885778,-1.75601826,0 138.50213472,-1.75481137,0 138.49530199,-1.75333690,0 138.49330094,-1.75308867,0 138.47761991,-1.74901486,0 138.47322335,-1.74829033,0 138.45794370,-1.74414092,0 138.45274971,-1.74298268,0 138.44598080,-1.74080881,0 138.43173600,-1.73676205,0 138.41973464,-1.73301456,0 138.41841681,-1.73275289,0 138.41696173,-1.73280742,0 138.41645343,-1.73266053,0 138.41613931,-1.73210412,0 138.41437756,-1.73163744,0 138.41453937,-1.73074288,0 138.41431902,-1.73069475,0 138.41410326,-1.73121217,0 138.41293843,-1.73099559,0 138.40447098,-1.72908135,0 138.39226697,-1.72576641,0 138.38928182,-1.72533762,0 138.38225355,-1.72271959,0 138.37730988,-1.72121595,0 138.37465339,-1.72060174,0 138.37232752,-1.71969105,0 138.34662628,-1.71140877,0 138.33906004,-1.70798349,0 138.33353790,-1.70583857,0 138.32873280,-1.70417899,0 138.31095777,-1.69719886,0 138.29616981,-1.69086840,0 138.26581260,-1.67692950,0 138.26071631,-1.67388918,0 138.25247412,-1.66963933,0 138.25130557,-1.66924707,0 138.24914123,-1.66817118,0 138.24055288,-1.66389220,0 138.23747157,-1.66213557,0 138.21155222,-1.64929232,0 138.19795196,-1.64201019,0 138.18643023,-1.63658181,0 138.17926281,-1.63286388,0 138.17611580,-1.63138423,0 138.17452213,-1.63080734,0 138.17332953,-1.62997537,0 138.16862541,-1.62948578,0 138.15840233,-1.62891307,0 138.14718022,-1.62764162,0 138.13479467,-1.62547664,0 138.12437462,-1.62313958,0 138.11243729,-1.61991402,0 138.09796080,-1.61515815,0 138.08541663,-1.61010597,0 138.07721196,-1.60629094,0 138.06643903,-1.60072055,0 138.05999597,-1.59699299,0 138.05286741,-1.59252225,0 138.04487404,-1.58708087,0 138.03373873,-1.57901419,0 138.02655793,-1.57369466,0 138.02202934,-1.57008900,0 138.01708094,-1.56545290,0 138.01329912,-1.56117425,0 138.01118280,-1.55829275,0 138.00786016,-1.55247448,0 138.00662356,-1.55059338,0 138.00434835,-1.54804809,0 138.00001738,-1.54269664,0 137.99643000,-1.53881754,0 137.99271804,-1.53539112,0 137.98919644,-1.53255956,0 137.98673419,-1.53134249,0 137.98437945,-1.53050451,0 137.98232495,-1.52999867,0 137.98010729,-1.52982259,0 137.97959333,-1.53022709,0 137.97886994,-1.53051941,0 137.97853212,-1.53087247,0 137.97734302,-1.53284438,0 137.97480746,-1.53535309,0 137.97333639,-1.53760036,0 137.97294633,-1.53796314,0 137.97264117,-1.53875871,0 137.97261853,-1.54102217,0 137.96628917,-1.54425824,0 137.96618447,-1.54408216,0 137.96581328,-1.54411071,0 137.96557057,-1.54391084,0 137.96565938,-1.54322707,0 137.96484124,-1.54287593,0 137.96440183,-1.54286335,0 137.96331159,-1.54328608,0 137.96305089,-1.54287635,0 137.96220538,-1.54240602,0 137.96183424,-1.54240848,0 137.96145970,-1.54271869,0 137.96124606,-1.54262874,0 137.96138591,-1.54241381,0 137.96115176,-1.54212663,0 137.96097047,-1.54224887,0 137.96069155,-1.54213194,0 137.96042390,-1.54243633,0 137.95991313,-1.54250432,0 137.95973518,-1.54199204,0 137.95954958,-1.54205867,0 137.95901420,-1.54141621,0 137.95927120,-1.53995663,0 137.95785538,-1.53904973,0 137.95761885,-1.53834901,0 137.95724893,-1.53791343,0 137.95686952,-1.53786407,0 137.95639362,-1.53844109,0 137.95379525,-1.53840302,0 137.95378628,-1.53810367,0 137.95231565,-1.53752429,0 137.95092459,-1.53615245,0 137.95013366,-1.53602396,0 137.94916284,-1.53449634,0 137.94943410,-1.53402521,0 137.94957775,-1.53315053,0 137.94955551,-1.53176526,0 137.94916783,-1.53045480,0 137.94922646,-1.52930751,0 137.94890340,-1.52817706,0 137.94924531,-1.52681849,0 137.94977982,-1.52643256,0 137.95005144,-1.52583058,0 137.94952775,-1.52327216,0 137.94960519,-1.52225398,0 137.94944454,-1.52163705,0 137.94974978,-1.52077696,0 137.95024944,-1.52015618,0 137.95168838,-1.52046419,0 137.95251901,-1.52095300,0 137.95295078,-1.52131695,0 137.95329169,-1.52212059,0 137.95473456,-1.52300708,0 137.95536521,-1.52383504,0 137.95567728,-1.52486812,0 137.95445471,-1.52608546,0 137.95480031,-1.52692258,0 137.95563165,-1.52690942,0 137.95627258,-1.52717806,0 137.95703276,-1.52709787,0 137.95844790,-1.52744888,0 137.95949768,-1.52749818,0 137.96102024,-1.53028972,0 137.96164855,-1.53107602,0 137.96281881,-1.53195455,0 137.96346277,-1.53225038,0 137.96506492,-1.53220412,0 137.96723557,-1.53262541,0 137.96806518,-1.53222134,0 137.96815504,-1.53138998,0 137.96759405,-1.52973718,0 137.96657470,-1.52769553,0 137.96538115,-1.52616799,0 137.96486719,-1.52506868,0 137.96442461,-1.52291289,0 137.96425329,-1.52089986,0 137.96441033,-1.51994332,0 137.96413907,-1.51797313,0 137.96363938,-1.51648834,0 137.96221171,-1.51436111,0 137.95888239,-1.51125343,0 137.95679151,-1.50995391,0 137.95281426,-1.50794132,0 137.95221387,-1.50754008,0 137.95102491,-1.50630425,0 137.95009216,-1.50470525,0 137.94939974,-1.50258515,0 137.94972097,-1.50090763,0 137.95013522,-1.50117862,0 137.94943436,-1.49885411,0 137.94854437,-1.49735542,0 137.94665032,-1.49482367,0 137.94320686,-1.48857293,0 137.94205320,-1.48695241,0 137.93905488,-1.48124423,0 137.93850998,-1.48056609,0 137.93657191,-1.47584524,0 137.93421625,-1.46881393,0 137.93348813,-1.46369571,0 137.93397354,-1.45847755,0 137.93378933,-1.45773104,0 137.93329916,-1.45780243,0 137.93138607,-1.45869711,0 137.92918031,-1.45886525,0 137.92406821,-1.46029957,0 137.91656815,-1.46469681,0 137.90925844,-1.46989355,0 137.90779270,-1.47054077,0 137.90674170,-1.47075674,0 137.90484216,-1.47255855,0 137.90326220,-1.47316769,0 137.90158706,-1.47450019,0 137.90014035,-1.47505223,0 137.89248800,-1.46871334,0 137.89249381,-1.46805333,0 137.89223207,-1.46733949,0 137.89097095,-1.46669703,0 137.88975743,-1.46643529,0 137.88102481,-1.46610217,0 137.87350571,-1.46562628,0 137.86875155,-1.46490292,0 137.86843746,-1.46500762,0 137.86805674,-1.46562628,0 137.86827000,-1.46622739,0 137.86810582,-1.46635588,0 137.86772035,-1.46612745,0 137.86714928,-1.46612745,0 137.86597144,-1.46704830,0 137.86480313,-1.46717679,0 137.86416543,-1.46679846,0 137.86260213,-1.46657717,0 137.86082467,-1.46610604,0 137.85891158,-1.46529226,0 137.85825485,-1.46544217,0 137.85711985,-1.46602037,0 137.85657733,-1.46582050,0 137.85662730,-1.46568487,0 137.85642513,-1.46547201,0 137.85527101,-1.46534223,0 137.85299386,-1.46604893,0 137.85225861,-1.46612031,0 137.84563276,-1.46583668,0 137.84313775,-1.46557553,0 137.83944673,-1.46545337,0 137.83817248,-1.46492059,0 137.83761822,-1.46434650,0 137.83703578,-1.46416403,0 137.83425862,-1.46449181,0 137.83118595,-1.46578924,0 137.83008332,-1.46579467,0 137.82625998,-1.46656840,0 137.82292630,-1.46673377,0 137.81961417,-1.46732022,0 137.81628174,-1.46907162,0 137.81330790,-1.46997240,0 137.80987652,-1.46953051,0 137.80791790,-1.47031286,0 137.80566559,-1.47056082,0 137.80238009,-1.47157868,0 137.79903263,-1.47218483,0 137.79621566,-1.47472018,0 137.79108214,-1.47801683,0 137.78699826,-1.47932214,0 137.78487472,-1.47964190,0 137.78302444,-1.48034323,0 137.78023089,-1.48070913,0 137.77992193,-1.48108612,0 137.77992806,-1.48169311,0 137.78006691,-1.48201772,0 137.78077381,-1.48245030,0 137.77679678,-1.48564023,0 137.77104359,-1.48094484,0 137.76617216,-1.47883150,0 137.76483966,-1.47864114,0 137.76263696,-1.47867836,0 137.75891628,-1.47842028,0 137.75288015,-1.47834976,0 137.74831158,-1.47849252,0 137.74684822,-1.47888514,0 137.74595592,-1.47945621,0 137.74492085,-1.48041989,0 137.74335041,-1.48238294,0 137.74202981,-1.48359647,0 137.74153012,-1.48548814,0 137.74145874,-1.48927148,0 137.74174427,-1.49130592,0 137.74220827,-1.49241237,0 137.74267673,-1.49305371,0 137.74272432,-1.49369617,0 137.74060771,-1.49681817,0 137.73888863,-1.49808865,0 137.73825093,-1.49816004,0 137.73800347,-1.49854075,0 137.73381800,-1.49766987,0 137.73394173,-1.49658484,0 137.73381202,-1.49581443,0 137.73362961,-1.49560142,0 137.73218873,-1.49558381,0 137.73041022,-1.49530596,0 137.72920886,-1.49542568,0 137.72692709,-1.49533913,0 137.72479932,-1.49565458,0 137.72257533,-1.49575353,0 137.72150161,-1.49557919,0 137.71844624,-1.49668024,0 137.71561454,-1.49708369,0 137.71347700,-1.49787383,0 137.71145080,-1.49805921,0 137.71011292,-1.49855219,0 137.70976608,-1.49889388,0 137.70831837,-1.49899764,0 137.70792989,-1.49889652,0 137.70759022,-1.49846177,0 137.70731361,-1.49842300,0 137.70647604,-1.49903453,0 137.70431209,-1.49955334,0 137.70260197,-1.50027790,0 137.70131024,-1.50062688,0 137.70045445,-1.50138209,0 137.68897919,-1.50403118,0 137.68743526,-1.50466378,0 137.68559939,-1.50516871,0 137.68338677,-1.50632290,0 137.68207153,-1.50653031,0 137.68050474,-1.50701472,0 137.67923439,-1.50766747,0 137.67720035,-1.50832234,0 137.67488620,-1.50990890,0 137.67294638,-1.51061649,0 137.67179876,-1.51081132,0 137.66968510,-1.51225493,0 137.66858680,-1.51318137,0 137.66777228,-1.51414907,0 137.66687571,-1.51461546,0 137.66592779,-1.51486345,0 137.66434602,-1.51484976,0 137.66148157,-1.51592544,0 137.66061266,-1.51607340,0 137.65916856,-1.51680530,0 137.65687187,-1.51739138,0 137.65596316,-1.51817701,0 137.65464684,-1.51856766,0 137.65275247,-1.51941167,0 137.65088778,-1.52052987,0 137.64961274,-1.52096866,0 137.64859565,-1.52155253,0 137.64796757,-1.52222923,0 137.64700400,-1.52270758,0 137.64629087,-1.52347780,0 137.64584243,-1.52429060,0 137.64541825,-1.52590773,0 137.64473079,-1.52744441,0 137.64460426,-1.52813994,0 137.64572971,-1.53014840,0 137.64484516,-1.53052908,0 137.64197355,-1.53098146,0 137.64011996,-1.53083815,0 137.63894736,-1.53036975,0 137.63724156,-1.53059170,0 137.63518241,-1.53222047,0 137.63304177,-1.53329109,0 137.63158755,-1.53352606,0 137.62546367,-1.53675959,0 137.62205216,-1.53894172,0 137.61963364,-1.54010106,0 137.61744272,-1.54197869,0 137.61496640,-1.54338570,0 137.61150080,-1.54566144,0 137.61001766,-1.54605514,0 137.60895546,-1.54660933,0 137.60507326,-1.54811055,0 137.60015799,-1.54969177,0 137.59525308,-1.55166353,0 137.59307049,-1.55307609,0 137.59109486,-1.55491980,0 137.59117535,-1.55621355,0 137.59102134,-1.55841537,0 137.58902344,-1.55883382,0 137.58884641,-1.55821872,0 137.58802570,-1.55688690,0 137.58678874,-1.55633040,0 137.58555116,-1.55626502,0 137.58400995,-1.55653512,0 137.58165893,-1.55647575,0 137.58060218,-1.55673561,0 137.57833190,-1.55769387,0 137.57699288,-1.55855216,0 137.57324425,-1.56048280,0 137.56291877,-1.56372617,0 137.55586763,-1.56641254,0 137.55155042,-1.56831995,0 137.54494658,-1.57054607,0 137.53812791,-1.57322978,0 137.53574264,-1.57435142,0 137.53523318,-1.57477841,0 137.53453141,-1.57632044,0 137.53446645,-1.57808003,0 137.53063904,-1.57965254,0 137.52982645,-1.57941604,0 137.52686997,-1.58040322,0 137.52296215,-1.58185081,0 137.51503900,-1.58527144,0 137.51106390,-1.58670416,0 137.50959607,-1.58749058,0 137.50889057,-1.58757482,0 137.50792228,-1.58809963,0 137.50377148,-1.58951347,0 137.50168093,-1.58997599,0 137.49093893,-1.59302358,0 137.48530594,-1.59507810,0 137.48105048,-1.59694076,0 137.47933692,-1.59799037,0 137.47816115,-1.59910940,0 137.47787190,-1.60427718,0 137.47838545,-1.60531926,0 137.47476267,-1.60823546,0 137.47393484,-1.60705543,0 137.47369983,-1.60697329,0 137.46970013,-1.60776526,0 137.46835315,-1.60817668,0 137.46665708,-1.60902152,0 137.46501776,-1.61073491,0 137.45952916,-1.61523365,0 137.45670962,-1.61714177,0 137.45038165,-1.62090724,0 137.44715613,-1.62321072,0 137.44679866,-1.62359019,0 137.44644433,-1.62461901,0 137.44631346,-1.62584444,0 137.44641513,-1.62666043,0 137.44380169,-1.62966408,0 137.44298845,-1.63003566,0 137.44280702,-1.62979069,0 137.44239056,-1.62966653,0 137.44075290,-1.62996889,0 137.43495215,-1.63269821,0 137.43265118,-1.63365685,0 137.43191006,-1.63382087,0 137.43109501,-1.63450013,0 137.42654014,-1.63677441,0 137.42517316,-1.63759514,0 137.42471186,-1.63805196,0 137.42368923,-1.63850353,0 137.42042816,-1.64131262,0 137.41790237,-1.64293979,0 137.41646187,-1.64407838,0 137.41273410,-1.64618780,0 137.40515716,-1.65126394,0 137.40461202,-1.65175069,0 137.40346703,-1.65336709,0 137.40331860,-1.65444648,0 137.40349794,-1.65542423,0 137.40160005,-1.65795703,0 137.40033150,-1.65792762,0 137.39910920,-1.65831884,0 137.39768028,-1.65836044,0 137.39377577,-1.65935702,0 137.39168014,-1.66052553,0 137.39147800,-1.66084296,0 137.39086972,-1.66108704,0 137.39059407,-1.66102896,0 137.38984558,-1.66138102,0 137.38594357,-1.66345230,0 137.38453373,-1.66395175,0 137.38295671,-1.66478774,0 137.38105955,-1.66529450,0 137.37913097,-1.66621672,0 137.37865914,-1.66658861,0 137.37801669,-1.66665880,0 137.37719936,-1.66708019,0 137.37193721,-1.67021235,0 137.36937456,-1.67207870,0 137.36861981,-1.67319945,0 137.36886170,-1.67408350,0 137.36721662,-1.67592109,0 137.36644170,-1.67584120,0 137.36511101,-1.67541422,0 137.36179215,-1.67580008,0 137.35932337,-1.67737684,0 137.35495567,-1.67902427,0 137.35438209,-1.67941054,0 137.35174141,-1.68039315,0 137.35126989,-1.68074847,0 137.35035886,-1.68091366,0 137.34695738,-1.68229284,0 137.34583461,-1.68255701,0 137.34466741,-1.68317390,0 137.34359929,-1.68335454,0 137.33752422,-1.68588343,0 137.33479863,-1.68728377,0 137.33426982,-1.68770658,0 137.33340057,-1.68800390,0 137.32933738,-1.69052059,0 137.32749727,-1.69202886,0 137.32719211,-1.69267763,0 137.32716703,-1.69350445,0 137.31061939,-1.70193686,0 137.30869138,-1.70116566,0 137.30751355,-1.70096935,0 137.30682351,-1.70108238,0 137.30513409,-1.70220072,0 137.30371831,-1.70337261,0 137.29845375,-1.70851224,0 137.29517275,-1.71070467,0 137.29100997,-1.71413063,0 137.28764811,-1.71634165,0 137.28666802,-1.71669499,0 137.28269670,-1.71870331,0 137.27953441,-1.72052565,0 137.27539826,-1.72318039,0 137.27095161,-1.72545154,0 137.26416965,-1.72860353,0 137.25053540,-1.73418958,0 137.24727216,-1.73599248,0 137.24570534,-1.73739824,0 137.24426187,-1.73924312,0 137.24331833,-1.74079249,0 137.24305345,-1.74151554,0 137.24312737,-1.74324728,0 137.24358437,-1.74410035,0 137.23645501,-1.75084361,0 137.23088945,-1.75066039,0 137.23064198,-1.75037485,0 137.23098462,-1.74995607,0 137.23058487,-1.74957536,0 137.22668256,-1.74849032,0 137.22239953,-1.74643447,0 137.22099089,-1.74637736,0 137.21901118,-1.74687824,0 137.21589884,-1.74697817,0 137.21277223,-1.74609301,0 137.21137311,-1.74585031,0 137.20783247,-1.74559333,0 137.20724712,-1.74620723,0 137.20600504,-1.74656415,0 137.20394919,-1.74684968,0 137.19942345,-1.74881988,0 137.19705351,-1.74936239,0 137.19484446,-1.75072917,0 137.18749874,-1.75398169,0 137.18618362,-1.75437450,0 137.18388143,-1.75564665,0 137.18034568,-1.75688915,0 137.17301857,-1.75991269,0 137.16643699,-1.76268238,0 137.16365302,-1.76403867,0 137.16273930,-1.76455263,0 137.16219679,-1.76508087,0 137.16163999,-1.76509515,0 137.15992678,-1.76598031,0 137.15547243,-1.76882139,0 137.15308821,-1.77171957,0 137.15283123,-1.77253335,0 137.15293152,-1.77335643,0 137.14223787,-1.77440360,0 137.14150975,-1.77373259,0 137.14035333,-1.77321863,0 137.13859729,-1.77301876,0 137.13642722,-1.77309014,0 137.13150174,-1.77378970,0 137.12607657,-1.77574562,0 137.12440619,-1.77617392,0 137.12357813,-1.77667361,0 137.12044317,-1.77925967,0 137.11295869,-1.78434382,0 137.11171762,-1.78533450,0 137.11141972,-1.78580631,0 137.11059460,-1.78609727,0 137.11012000,-1.78667377,0 137.10743201,-1.78886770,0 137.10470972,-1.79015384,0 137.10251474,-1.79161964,0 137.09963541,-1.79509644,0 137.09747390,-1.79885188,0 137.09678991,-1.80060346,0 137.09558471,-1.80299174,0 137.09528026,-1.80443308,0 137.09476697,-1.80581608,0 137.09431678,-1.80642063,0 137.09389593,-1.80782050,0 137.09359015,-1.81036499,0 137.09356171,-1.81468385,0 137.09316915,-1.81705033,0 137.09269508,-1.81845424,0 137.09220669,-1.82105747,0 137.09228303,-1.82373668,0 137.09213603,-1.82453931,0 137.09232053,-1.82515220,0 137.09170958,-1.82770908,0 137.09179044,-1.82890325,0 137.09154798,-1.83127667,0 137.09168394,-1.83206241,0 137.09150090,-1.83619699,0 137.09127227,-1.83773574,0 137.09134178,-1.83962616,0 137.09089713,-1.84224164,0 137.09012068,-1.84443071,0 137.08898590,-1.84959332,0 137.08844634,-1.85132088,0 137.08934573,-1.85358109,0 137.08998945,-1.85467099,0 137.09105521,-1.85534423,0 137.09130716,-1.85605720,0 137.09293112,-1.85661127,0 137.09505671,-1.85778420,0 137.09712156,-1.85857701,0 137.09903913,-1.85986201,0 137.10125810,-1.86262318,0 137.10233962,-1.86320081,0 137.10310371,-1.86396123,0 137.10337769,-1.86451453,0 137.10343904,-1.86566595,0 137.10429535,-1.86685900,0 137.10474818,-1.86711289,0 137.10505409,-1.86710604,0 137.10544877,-1.86684071,0 137.10621717,-1.86724010,0 137.10663920,-1.86888406,0 137.10661453,-1.87044412,0 137.10711411,-1.87126887,0 137.10772074,-1.87182352,0 137.10949422,-1.87315824,0 137.11246384,-1.87501540,0 137.11456195,-1.87523689,0 137.11618138,-1.87585318,0 137.11845396,-1.87745536,0 137.11993077,-1.87908786,0 137.12173966,-1.88033610,0 137.12175720,-1.88215130,0 137.12326603,-1.88602633,0 137.12370893,-1.88800930,0 137.12314267,-1.88951920,0 137.12236277,-1.89010188,0 137.12137895,-1.89056146,0 137.12115778,-1.89096464,0 137.12109876,-1.89156552,0 137.12144173,-1.89232243,0 137.12271820,-1.89403046,0 137.12333232,-1.89405016,0 137.12396940,-1.89355107,0 137.12413801,-1.89260556,0 137.12453860,-1.89253276,0 137.12522208,-1.89295162,0 137.12594841,-1.89308128,0 137.12638504,-1.89340770,0 137.12738337,-1.89491338,0 137.12820959,-1.89664969,0 137.12858056,-1.89705740,0 137.13033400,-1.89748663,0 137.13151134,-1.89742974,0 137.13298479,-1.89781282,0 137.13356158,-1.89764042,0 137.13386623,-1.89708571,0 137.13444981,-1.89663573,0 137.13597159,-1.89459539,0 137.13638541,-1.89442202,0 137.13788256,-1.89446025,0 137.13884439,-1.89483130,0 137.14062441,-1.89583707,0 137.14257883,-1.89760067,0 137.14356575,-1.89790647,0 137.14443517,-1.89889605,0 137.14606749,-1.90182251,0 137.14671343,-1.90346106,0 137.14714287,-1.90413821,0 137.14865540,-1.90900154,0 137.14875299,-1.90989001,0 137.14987621,-1.91393355,0 137.15041124,-1.91504400,0 137.15034288,-1.91561800,0 137.15117937,-1.91646765,0 137.15121188,-1.91735769,0 137.15150421,-1.91784860,0 137.15155324,-1.91851462,0 137.15226108,-1.92040715,0 137.15235006,-1.92113629,0 137.15328739,-1.92340161,0 137.15371027,-1.92391302,0 137.15421855,-1.92643419,0 137.15446313,-1.92722502,0 137.15479162,-1.92769652,0 137.15484773,-1.92846908,0 137.15630971,-1.93187382,0 137.15666137,-1.93182724,0 137.15697491,-1.93136129,0 137.15816118,-1.93060668,0 137.15904624,-1.93051420,0 137.15954772,-1.93069267,0 137.15999900,-1.93141247,0 137.16098219,-1.93191670,0 137.16167069,-1.93180745,0 137.16215541,-1.93141422,0 137.16643692,-1.93195435,0 137.16627098,-1.93283630,0 137.16597290,-1.93345703,0 137.16628767,-1.93352668,0 137.16642180,-1.93383859,0 137.16659780,-1.93387714,0 137.16710197,-1.93342610,0 137.16732878,-1.93290732,0 137.16853332,-1.93228278,0 137.16923266,-1.93229560,0 137.16975603,-1.93264941,0 137.17069096,-1.93383691,0 137.17113159,-1.93504425,0 137.17161380,-1.93584160,0 137.17173127,-1.93701342,0 137.17272780,-1.93752521,0 137.17311063,-1.93801331,0 137.17339862,-1.93885479,0 137.17437980,-1.93973041,0 137.17510948,-1.93985982,0 137.17566877,-1.93970678,0 137.17715709,-1.94008476,0 137.17734714,-1.93930334,0 137.17799379,-1.93820767,0 137.17801903,-1.93759951,0 137.17890618,-1.93698994,0 137.18305975,-1.93807063,0 137.18289942,-1.93887111,0 137.18346407,-1.93906426,0 137.18364474,-1.93953582,0 137.18418524,-1.94011890,0 137.18513733,-1.94015489,0 137.18603256,-1.94083012,0 137.18650355,-1.94223082,0 137.18720772,-1.94255104,0 137.18782372,-1.94362581,0 137.18844327,-1.94389792,0 137.18937328,-1.94403377,0 137.19021637,-1.94370846,0 137.19101162,-1.94439095,0 137.19196145,-1.94609526,0 137.19287379,-1.94936744,0 137.19310956,-1.95102056,0 137.19354946,-1.95188219,0 137.19344410,-1.95233409,0 137.19264660,-1.95307375,0 137.19304673,-1.95392773,0 137.19271564,-1.95465246,0 137.19295715,-1.95502410,0 137.19426846,-1.95563799,0 137.19452289,-1.95650419,0 137.19461756,-1.95774943,0 137.19414979,-1.95851309,0 137.19401060,-1.95937155,0 137.19323403,-1.95988491,0 137.19307233,-1.96019517,0 137.19694105,-1.96278885,0 137.19788646,-1.96379776,0 137.19897029,-1.96429221,0 137.19995878,-1.96429167,0 137.20094480,-1.96545836,0 137.20254964,-1.96614441,0 137.20352613,-1.96781080,0 137.20387052,-1.96944862,0 137.20164956,-1.97003106,0 137.20162210,-1.97045717,0 137.20446643,-1.97399107,0 137.20598065,-1.97510189,0 137.20827479,-1.97752162,0 137.20938292,-1.97808502,0 137.21159245,-1.97876638,0 137.21312251,-1.97897137,0 137.21404195,-1.97892820,0 137.21491378,-1.97868221,0 137.21552207,-1.97873556,0 137.21750021,-1.98318981,0 137.21607898,-1.98296963,0 137.21507854,-1.98360118,0 137.21478009,-1.98398248,0 137.21439376,-1.98563710,0 137.21358067,-1.98702495,0 137.21196056,-1.98830071,0 137.20829243,-1.98998185,0 137.20747044,-1.99088378,0 137.20682409,-1.99095737,0 137.20554066,-1.98938215,0 137.20440083,-1.98869906,0 137.20315761,-1.98821781,0 137.20080247,-1.98801307,0 137.19946249,-1.98813292,0 137.19807736,-1.98797581,0 137.19674684,-1.98805640,0 137.19498714,-1.98770308,0 137.19455582,-1.98782798,0 137.19423937,-1.98839453,0 137.19359137,-1.98842357,0 137.19276127,-1.98816405,0 137.19244116,-1.98821323,0 137.19218157,-1.98856626,0 137.19173256,-1.98852858,0 137.19117763,-1.98930206,0 137.19004291,-1.98961606,0 137.18998839,-1.99074866,0 137.18961141,-1.99122401,0 137.18955614,-1.99153414,0 137.19056813,-1.99215095,0 137.19234431,-1.99243311,0 137.19283321,-1.99274223,0 137.19294873,-1.99327874,0 137.19260219,-1.99509762,0 137.19255477,-1.99636381,0 137.19219621,-1.99705926,0 137.19031053,-1.99827467,0 137.19045268,-1.99887595,0 137.19035990,-1.99990318,0 137.18992291,-2.00046916,0 137.19134149,-2.00114640,0 137.19301643,-2.00155058,0 137.19326828,-2.00287220,0 137.19294370,-2.00397048,0 137.19468555,-2.00500639,0 137.19634650,-2.00671555,0 137.19844191,-2.00811124,0 137.19999332,-2.00892056,0 137.20019548,-2.00968322,0 137.20061967,-2.01029568,0 137.20191615,-2.01117021,0 137.20259039,-2.01238626,0 137.20340796,-2.01344314,0 137.20401033,-2.01370919,0 137.20578106,-2.01715081,0 137.20550016,-2.01749128,0 137.20535779,-2.01854097,0 137.20585763,-2.01969916,0 137.20591534,-2.02076690,0 137.20607575,-2.02107853,0 137.20687824,-2.02116768,0 137.20796587,-2.02088406,0 137.21112135,-2.01973644,0 137.21331043,-2.01962002,0 137.21435407,-2.01936811,0 137.21787634,-2.01768573,0 137.21998503,-2.01920331,0 137.21869271,-2.02060141,0 137.21764078,-2.02243206,0 137.21568691,-2.02380813,0 137.21469076,-2.02485953,0 137.21461565,-2.02603540,0 137.21440559,-2.02669056,0 137.21419028,-2.02695591,0 137.21318217,-2.02726565,0 137.21289048,-2.02822212,0 137.21193853,-2.02920396,0 137.21239666,-2.02939262,0 137.21303969,-2.02997296,0 137.21293317,-2.03031662,0 137.21231035,-2.03087031,0 137.21231160,-2.03178721,0 137.21307341,-2.03243934,0 137.21381173,-2.03386823,0 137.21449111,-2.03431457,0 137.21452652,-2.03476548,0 137.21502861,-2.03503580,0 137.21533586,-2.03552324,0 137.21556906,-2.03622716,0 137.21539426,-2.03771149,0 137.21644421,-2.03867136,0 137.21770989,-2.03857191,0 137.21806796,-2.03922362,0 137.22034209,-2.03957052,0 137.22108728,-2.03989278,0 137.22149146,-2.04036067,0 137.22203705,-2.04054569,0 137.22309503,-2.04024811,0 137.22380531,-2.04064304,0 137.22444680,-2.04150974,0 137.22668125,-2.04229529,0 137.22763201,-2.04234537,0 137.23121948,-2.04187781,0 137.23328009,-2.04867254,0 137.23280929,-2.04884070,0 137.23239377,-2.04975278,0 137.23045286,-2.05162025,0 137.23056664,-2.05259852,0 137.23029608,-2.05328481,0 137.22707486,-2.05457403,0 137.22696919,-2.05494321,0 137.22712958,-2.05535944,0 137.22839696,-2.05656231,0 137.22678412,-2.05820735,0 137.22656965,-2.05776842,0 137.22619241,-2.05763642,0 137.22448559,-2.05752441,0 137.22365029,-2.05767850,0 137.22160956,-2.05876370,0 137.22136142,-2.05983630,0 137.22076887,-2.06083631,0 137.21938283,-2.06048016,0 137.21780411,-2.06125336,0 137.21705909,-2.06145329,0 137.21639491,-2.06095651,0 137.21610227,-2.06092761,0 137.21503495,-2.06218101,0 137.21324342,-2.06259605,0 137.21228841,-2.06318658,0 137.21186526,-2.06372622,0 137.21100075,-2.06385674,0 137.20920196,-2.06375537,0 137.20770162,-2.06467801,0 137.20611763,-2.06506433,0 137.20526228,-2.06604003,0 137.20520381,-2.06726753,0 137.19877256,-2.06954843,0 137.19777238,-2.06913396,0 137.19715595,-2.06868381,0 137.19680567,-2.06833825,0 137.19637167,-2.06725509,0 137.19603518,-2.06728698,0 137.19560962,-2.06778637,0 137.19554761,-2.06908059,0 137.19383466,-2.07151152,0 137.19387583,-2.07247124,0 137.19309814,-2.07240887,0 137.19269045,-2.07260286,0 137.19225482,-2.07349736,0 137.19128214,-2.07434982,0 137.19032712,-2.07720517,0 137.18970210,-2.07779354,0 137.18876573,-2.07782053,0 137.18865818,-2.07818202,0 137.18825601,-2.07857596,0 137.18813981,-2.07933478,0 137.18874921,-2.07996648,0 137.18768362,-2.08123187,0 137.18630255,-2.08064422,0 137.18543042,-2.07981076,0 137.18427831,-2.07968943,0 137.18268480,-2.07914250,0 137.18211845,-2.07811424,0 137.18150811,-2.07795939,0 137.18108537,-2.07811383,0 137.18087505,-2.07844298,0 137.18084272,-2.07962969,0 137.17852554,-2.08173705,0 137.17629258,-2.07913470,0 137.17519364,-2.07882751,0 137.17546231,-2.07976717,0 137.17504204,-2.08137926,0 137.17475050,-2.08176982,0 137.17410104,-2.08179275,0 137.17394122,-2.08212400,0 137.17518580,-2.08359020,0 137.17537975,-2.08406322,0 137.17427309,-2.08597183,0 137.17393564,-2.08621429,0 137.17308735,-2.08640165,0 137.17276430,-2.08701163,0 137.17178809,-2.08779722,0 137.17128829,-2.08865553,0 137.17024770,-2.08874680,0 137.16996812,-2.08853032,0 137.16947762,-2.08851521,0 137.16881550,-2.08807123,0 137.16847619,-2.08747107,0 137.16769697,-2.08763585,0 137.16696383,-2.08757533,0 137.16714136,-2.08826679,0 137.16768872,-2.08905778,0 137.16775521,-2.08970315,0 137.16712844,-2.09019351,0 137.16633427,-2.09129000,0 137.16648678,-2.09216663,0 137.16625188,-2.09234753,0 137.16534524,-2.09241502,0 137.16496965,-2.09308887,0 137.16401483,-2.09312679,0 137.16349241,-2.09345335,0 137.16297798,-2.09353488,0 137.16224015,-2.09399606,0 137.16199824,-2.09434745,0 137.16056515,-2.09425394,0 137.16033281,-2.09530793,0 137.15944022,-2.09575380,0 137.15978352,-2.09692453,0 137.16077713,-2.09800173,0 137.16072746,-2.09933451,0 137.16153724,-2.10035100,0 137.16175569,-2.10093367,0 137.16149458,-2.10213636,0 137.16199608,-2.10356021,0 137.15798830,-2.10557501,0 137.15571659,-2.10420584,0 137.15470056,-2.10329102,0 137.15380691,-2.10311463,0 137.15273637,-2.10260032,0 137.15191045,-2.10259856,0 137.15101649,-2.10300298,0 137.15019400,-2.10293412,0 137.14944514,-2.10270620,0 137.14850306,-2.10207905,0 137.14834966,-2.10157932,0 137.14748479,-2.10099378,0 137.14626354,-2.10114477,0 137.14546449,-2.10077930,0 137.14430003,-2.10082515,0 137.14284947,-2.10043956,0 137.14233377,-2.09921528,0 137.14203941,-2.09903741,0 137.14097412,-2.09993009,0 137.13906932,-2.10054910,0 137.13863613,-2.10088053,0 137.13811451,-2.10081745,0 137.13701683,-2.10022543,0 137.13537153,-2.10024086,0 137.13477292,-2.10117812,0 137.13420946,-2.10142104,0 137.13339749,-2.10151329,0 137.13262857,-2.10217184,0 137.13201947,-2.10231376,0 137.13074442,-2.10192653,0 137.13040905,-2.10151347,0 137.12962589,-2.10151467,0 137.12923454,-2.10102720,0 137.12849647,-2.10111177,0 137.12823879,-2.10159648,0 137.12744335,-2.10207335,0 137.12705485,-2.10196871,0 137.12660679,-2.10150715,0 137.12622459,-2.10143245,0 137.12543610,-2.10143829,0 137.12469988,-2.10174626,0 137.12425271,-2.10149477,0 137.12392437,-2.10101699,0 137.12374844,-2.10103040,0 137.12363568,-2.10166463,0 137.12264605,-2.10246121,0 137.12253745,-2.10270935,0 137.12296319,-2.10576641,0 137.12339840,-2.10703069,0 137.12373186,-2.11005272,0 137.12359821,-2.11112801,0 137.12095969,-2.11147572,0 137.11984666,-2.11124392,0 137.11925468,-2.11070392,0 137.11894340,-2.11061938,0 137.11979134,-2.10916830,0 137.11971283,-2.10811844,0 137.11946000,-2.10767293,0 137.11883620,-2.10762818,0 137.11804960,-2.10850247,0 137.11745515,-2.10865594,0 137.11670185,-2.10828169,0 137.11526872,-2.10701536,0 137.11432930,-2.10674898,0 137.11423182,-2.10685218,0 137.11444180,-2.10760284,0 137.11420775,-2.10802546,0 137.11120260,-2.11037888,0 137.10986917,-2.11050433,0 137.10851669,-2.11121520,0 137.10670603,-2.11008729,0 137.10651537,-2.10897003,0 137.10463588,-2.10896948,0 137.10434045,-2.10912042,0 137.10432217,-2.10965364,0 137.10370792,-2.11037914,0 137.10297608,-2.11055717,0 137.10255440,-2.11083220,0 137.10204375,-2.11083574,0 137.10099160,-2.11033435,0 137.10041451,-2.11051769,0 137.09985130,-2.11034822,0 137.09868191,-2.11052154,0 137.09716011,-2.11024691,0 137.09601126,-2.10882745,0 137.09551947,-2.10857467,0 137.09425953,-2.10856024,0 137.09380658,-2.10871934,0 137.09169640,-2.10829289,0 137.09169566,-2.10773828,0 137.09206192,-2.10664130,0 137.09177971,-2.10565822,0 137.09189033,-2.10430507,0 137.09166263,-2.10348999,0 137.09096958,-2.10261884,0 137.08960962,-2.10229593,0 137.08910321,-2.10137721,0 137.08742184,-2.10180917,0 137.08697230,-2.10170346,0 137.08586121,-2.10102826,0 137.08544514,-2.10097071,0 137.08405873,-2.10120834,0 137.08367257,-2.10174598,0 137.08270195,-2.10137001,0 137.08188464,-2.10174179,0 137.08046657,-2.10169400,0 137.07980231,-2.10206231,0 137.07980388,-2.10265826,0 137.07964897,-2.10289901,0 137.07928753,-2.10296310,0 137.07827947,-2.10268212,0 137.07700761,-2.10289573,0 137.07660730,-2.10320804,0 137.07612821,-2.10403641,0 137.07464984,-2.10409284,0 137.07394276,-2.10360588,0 137.07307041,-2.10359187,0 137.07191999,-2.10305707,0 137.07058583,-2.10307607,0 137.06955796,-2.10266034,0 137.06839011,-2.10146746,0 137.06709934,-2.10094884,0 137.06650783,-2.10053477,0 137.06286336,-2.10067967,0 137.06210546,-2.10098635,0 137.06149988,-2.10096428,0 137.06114539,-2.10075370,0 137.06082966,-2.10008666,0 137.06021509,-2.09970501,0 137.05897063,-2.09922592,0 137.05781303,-2.09929426,0 137.05764376,-2.09956738,0 137.05817076,-2.10083905,0 137.05761813,-2.10111828,0 137.05701594,-2.10210308,0 137.05624484,-2.10245543,0 137.05525445,-2.10357254,0 137.05473014,-2.10361584,0 137.05275394,-2.10322793,0 137.05220182,-2.10283082,0 137.05151082,-2.10324027,0 137.05075496,-2.10274366,0 137.05045526,-2.10271404,0 137.04994146,-2.10333774,0 137.04937194,-2.10368902,0 137.04873133,-2.10405452,0 137.04812603,-2.10410485,0 137.04770601,-2.10501180,0 137.04720966,-2.10522404,0 137.04689508,-2.10571730,0 137.04612110,-2.10531322,0 137.04477439,-2.10533268,0 137.04383566,-2.10617682,0 137.04267961,-2.10662205,0 137.04219226,-2.10777228,0 137.04105114,-2.10847663,0 137.04071478,-2.10908794,0 137.04071656,-2.11045617,0 137.04041719,-2.11132881,0 137.04006622,-2.11400440,0 137.03855842,-2.11463574,0 137.03701772,-2.11458545,0 137.03569649,-2.11520472,0 137.03281278,-2.11503059,0 137.03280038,-2.11549833,0 137.03324007,-2.11608894,0 137.03320752,-2.11653030,0 137.03252097,-2.11715572,0 137.03120685,-2.11918917,0 137.02964086,-2.11859171,0 137.02864456,-2.11794648,0 137.02593304,-2.11670245,0 137.02505903,-2.11660597,0 137.02361385,-2.11700923,0 137.02187791,-2.11782509,0 137.02095121,-2.11870497,0 137.02034747,-2.11904204,0 137.01925820,-2.11934721,0 137.01766359,-2.11931111,0 137.01727991,-2.11961001,0 137.01593607,-2.11992773,0 137.01560404,-2.11966487,0 137.01534217,-2.11966521,0 137.01452250,-2.12031575,0 137.01401638,-2.12043928,0 137.01302092,-2.12015974,0 137.01227042,-2.12030114,0 137.01174712,-2.12063534,0 137.01026565,-2.12253301,0 137.00869529,-2.12318453,0 137.00670804,-2.12546903,0 137.00496329,-2.12855784,0 137.00468194,-2.12943871,0 137.00468275,-2.13006358,0 137.00505146,-2.13119923,0 137.00131930,-2.13187895,0 137.00058501,-2.13023536,0 137.00019537,-2.12987844,0 136.99796230,-2.13008732,0 136.99726223,-2.13043711,0 136.99580374,-2.13055371,0 136.99430635,-2.12987355,0 136.99380075,-2.12993185,0 136.99339237,-2.12965979,0 136.99238115,-2.12960149,0 136.99146716,-2.12876587,0 136.99111713,-2.12868814,0 136.99096155,-2.12874643,0 136.99082543,-2.12921283,0 136.98996978,-2.12958206,0 136.98956140,-2.12960149,0 136.98919192,-2.12923226,0 136.98880299,-2.12923226,0 136.98835572,-2.12965979,0 136.98695557,-2.13033995,0 136.98582767,-2.13072861,0 136.98506926,-2.13061201,0 136.98454420,-2.13102011,0 136.98314405,-2.13127274,0 136.98129663,-2.13216666,0 136.98044876,-2.13173114,0 136.98022059,-2.13176914,0 136.97946952,-2.13251019,0 136.97860280,-2.13262702,0 136.97774169,-2.13226944,0 136.97725326,-2.13302474,0 136.97684326,-2.13291073,0 136.97657230,-2.13241551,0 136.97640474,-2.13245826,0 136.97582361,-2.13165665,0 136.97509631,-2.13195592,0 136.97485745,-2.13193454,0 136.97459362,-2.13165309,0 136.97411588,-2.13184547,0 136.97362563,-2.13148344,0 136.97329945,-2.13155689,0 136.97286450,-2.13121131,0 136.97237607,-2.13143220,0 136.97160955,-2.13120418,0 136.97127442,-2.13127544,0 136.97037956,-2.13189535,0 136.97020843,-2.13250814,0 136.96939556,-2.13246183,0 136.96886792,-2.13143932,0 136.96796792,-2.13072315,0 136.96700326,-2.13055776,0 136.96671810,-2.13065552,0 136.96646854,-2.13049520,0 136.96583037,-2.13070896,0 136.96552376,-2.12995010,0 136.96408699,-2.12954039,0 136.96309586,-2.12903092,0 136.96248978,-2.12897391,0 136.96099745,-2.12795682,0 136.96037205,-2.12767708,0 136.96017240,-2.12775189,0 136.95970893,-2.12740275,0 136.95944497,-2.12685716,0 136.95826512,-2.12565965,0 136.95784324,-2.12577840,0 136.95754020,-2.12611093,0 136.95685093,-2.12566558,0 136.95594775,-2.12575465,0 136.95583485,-2.12600404,0 136.95551438,-2.12611439,0 136.95538434,-2.12647287,0 136.95502426,-2.12665813,0 136.95503268,-2.12698380,0 136.95461674,-2.12734007,0 136.95432125,-2.12828541,0 136.95171251,-2.12824858,0 136.95032612,-2.12739151,0 136.94981896,-2.12683173,0 136.94825498,-2.12564881,0 136.94521824,-2.12416253,0 136.94362791,-2.12365571,0 136.94288918,-2.12307144,0 136.94164136,-2.12431841,0 136.93964485,-2.12734674,0 136.93928834,-2.12777427,0 136.93882486,-2.12802366,0 136.93864660,-2.12855807,0 136.93918138,-2.12905685,0 136.93996572,-2.12944875,0 136.94003703,-2.13044632,0 136.94042920,-2.13137263,0 136.94199788,-2.13251270,0 136.94249701,-2.13258395,0 136.94285353,-2.13286897,0 136.94281788,-2.13326087,0 136.94196223,-2.13361714,0 136.94185528,-2.13415155,0 136.94214049,-2.13482847,0 136.94256832,-2.13522037,0 136.94338831,-2.13668108,0 136.94338831,-2.13732237,0 136.94310309,-2.13753614,0 136.94299614,-2.13785678,0 136.94317440,-2.13839119,0 136.94413700,-2.13967376,0 136.94331701,-2.14227454,0 136.94206919,-2.14498219,0 136.94071441,-2.14726232,0 136.94014398,-2.14758296,0 136.93946660,-2.14772547,0 136.93850399,-2.14783235,0 136.93764835,-2.14765421,0 136.93665009,-2.14861614,0 136.93529532,-2.14911492,0 136.93468923,-2.15007684,0 136.93447532,-2.15078938,0 136.93376228,-2.15143066,0 136.93202388,-2.15160911,0 136.93175373,-2.15128208,0 136.93149704,-2.15128208,0 136.93081252,-2.15148159,0 136.92971444,-2.15086881,0 136.92958609,-2.15098282,0 136.92962888,-2.15165260,0 136.92911334,-2.15179345,0 136.92893384,-2.15222835,0 136.92831355,-2.15244520,0 136.92730928,-2.15135941,0 136.92627537,-2.15100314,0 136.92559798,-2.15182256,0 136.92577624,-2.15228571,0 136.92541972,-2.15303387,0 136.92449277,-2.15356827,0 136.92413625,-2.15424518,0 136.92235365,-2.15638278,0 136.91989367,-2.16104988,0 136.91960845,-2.16197617,0 136.91871715,-2.16332998,0 136.91836064,-2.16500442,0 136.91803977,-2.16543194,0 136.91672981,-2.16540706,0 136.91590410,-2.16515441,0 136.91530810,-2.16524742,0 136.91535500,-2.16561007,0 136.91600761,-2.16571695,0 136.91661369,-2.16603759,0 136.91672065,-2.16635823,0 136.91657804,-2.16664324,0 136.91579369,-2.16628698,0 136.91554413,-2.16635823,0 136.91555451,-2.16660883,0 136.91604326,-2.16710639,0 136.91565109,-2.16724889,0 136.91533022,-2.16767641,0 136.91561543,-2.16885208,0 136.91561543,-2.16960024,0 136.91550848,-2.17002775,0 136.91443892,-2.17102062,0 136.91418936,-2.17259285,0 136.91390414,-2.17302037,0 136.91341185,-2.17332662,0 136.91288672,-2.17339906,0 136.91211019,-2.17405470,0 136.91163177,-2.17540838,0 136.91172524,-2.17712231,0 136.91150409,-2.17814610,0 136.90982109,-2.17848296,0 136.90848533,-2.17957549,0 136.90838550,-2.17986525,0 136.90824765,-2.17961349,0 136.90703842,-2.17912908,0 136.90683294,-2.17864979,0 136.90608001,-2.17865396,0 136.90500094,-2.17840695,0 136.90372222,-2.17731442,0 136.90333243,-2.17734292,0 136.90289510,-2.17782268,0 136.90273823,-2.17830245,0 136.90155541,-2.17841875,0 136.90001897,-2.17759908,0 136.89912530,-2.17754208,0 136.89857388,-2.17771308,0 136.89796542,-2.17735207,0 136.89747105,-2.17735207,0 136.89615905,-2.17647804,0 136.89566468,-2.17638304,0 136.89419389,-2.17635927,0 136.89382029,-2.17668705,0 136.89349704,-2.17647804,0 136.89275548,-2.17634504,0 136.89231815,-2.17661105,0 136.89119630,-2.17653504,0 136.89115827,-2.17634504,0 136.89142447,-2.17609803,0 136.89136743,-2.17583202,0 136.89112024,-2.17564201,0 136.89091109,-2.17507199,0 136.89030263,-2.17499599,0 136.88783076,-2.17522400,0 136.88634763,-2.17607903,0 136.88621453,-2.17672505,0 136.88503564,-2.17765608,0 136.88457930,-2.17826410,0 136.88347646,-2.17904313,0 136.88193630,-2.17911913,0 136.88079544,-2.17885312,0 136.88039613,-2.17832110,0 136.87993979,-2.17674405,0 136.87944542,-2.17628803,0 136.87893203,-2.17611703,0 136.87796229,-2.17685805,0 136.87714468,-2.17689605,0 136.87668833,-2.17670605,0 136.87607987,-2.17609803,0 136.87516718,-2.17625003,0 136.87505309,-2.17588902,0 136.87471084,-2.17594602,0 136.87347490,-2.17731407,0 136.87320870,-2.17720007,0 136.87309461,-2.17685805,0 136.87265728,-2.17689605,0 136.87237207,-2.17796009,0 136.87024246,-2.17889112,0 136.87022344,-2.17987915,0 136.87043260,-2.18052518,0 136.87016640,-2.18094319,0 136.86974808,-2.18092419,0 136.86950090,-2.18107619,0 136.86942484,-2.18198822,0 136.86816989,-2.18174121,0 136.86769727,-2.18189149,0 136.86737258,-2.18227593,0 136.86687691,-2.18227323,0 136.86628216,-2.18265439,0 136.86586915,-2.18347027,0 136.86548886,-2.18388828,0 136.86515040,-2.18401981,0 136.86495646,-2.18390728,0 136.86377757,-2.18398328,0 136.86343531,-2.18369827,0 136.86284586,-2.18354627,0 136.86257966,-2.18310926,0 136.86273178,-2.18240624,0 136.86235149,-2.18208323,0 136.86199022,-2.18217823,0 136.86192273,-2.18244288,0 136.86113600,-2.18334840,0 136.86088738,-2.18326126,0 136.86071625,-2.18257724,0 136.86024089,-2.18238723,0 136.85978455,-2.18244424,0 136.85984159,-2.18301425,0 136.85970849,-2.18312826,0 136.85855892,-2.18297456,0 136.85811924,-2.18326152,0 136.85753031,-2.18320367,0 136.85733642,-2.18353098,0 136.85666619,-2.18312826,0 136.85650769,-2.18352111,0 136.85575174,-2.18384287,0 136.85547510,-2.18412183,0 136.85437028,-2.18664936,0 136.85284176,-2.18873271,0 136.85228998,-2.18993923,0 136.84980270,-2.19190344,0 136.84915619,-2.19217572,0 136.84873017,-2.19271110,0 136.84860365,-2.19192421,0 136.84879379,-2.19111669,0 136.84850858,-2.19066543,0 136.84751032,-2.19068918,0 136.84724457,-2.19102915,0 136.84669348,-2.19128075,0 136.84660870,-2.19173647,0 136.84634994,-2.19178764,0 136.84584386,-2.19145207,0 136.84610675,-2.19094513,0 136.84586056,-2.19053539,0 136.84554552,-2.19042205,0 136.84475923,-2.19049521,0 136.84330591,-2.19133043,0 136.84276516,-2.19215834,0 136.84242318,-2.19308193,0 136.84263196,-2.19423596,0 136.84244636,-2.19464927,0 136.84203581,-2.19475168,0 136.84162739,-2.19514152,0 136.84026109,-2.19458427,0 136.83952428,-2.19458427,0 136.83911596,-2.19493948,0 136.83875827,-2.19495961,0 136.83796025,-2.19545306,0 136.83742560,-2.19606384,0 136.83590445,-2.19587162,0 136.83519334,-2.19502045,0 136.83547863,-2.19398811,0 136.83493536,-2.19328513,0 136.83527756,-2.19141845,0 136.83514970,-2.18919937,0 136.83446380,-2.18691575,0 136.83405214,-2.18455623,0 136.83424668,-2.18375144,0 136.83515075,-2.18178365,0 136.83659847,-2.18128143,0 136.83730431,-2.18030519,0 136.83732300,-2.17906562,0 136.83693730,-2.17750143,0 136.83683506,-2.17438543,0 136.83660286,-2.17381643,0 136.83611361,-2.17340301,0 136.83521296,-2.17314535,0 136.83459571,-2.17324961,0 136.83397890,-2.17371614,0 136.83351584,-2.17369083,0 136.83330977,-2.17345819,0 136.83287237,-2.17338110,0 136.83246095,-2.17351098,0 136.83153604,-2.17446953,0 136.83071325,-2.17478106,0 136.82986508,-2.17537725,0 136.82904344,-2.17664619,0 136.82865783,-2.17685367,0 136.82672869,-2.17698541,0 136.82051027,-2.17679920,0 136.81787087,-2.17652722,0 136.81550475,-2.17602828,0 136.81292646,-2.17501278,0 136.81085981,-2.17505207,0 136.80933663,-2.17414308,0 136.80862359,-2.17395308,0 136.80698360,-2.17309805,0 136.80602491,-2.17285000,0 136.80465825,-2.17287969,0 136.80311333,-2.17317657,0 136.80284594,-2.17359221,0 136.80335101,-2.17382972,0 136.80139813,-2.17623316,0 136.80149320,-2.17753945,0 136.80232508,-2.17889325,0 136.80353725,-2.17970078,0 136.80434536,-2.17998579,0 136.80928910,-2.18307338,0 136.81091800,-2.18375800,0 136.81281300,-2.18519400,0 136.81682354,-2.18969982,0 136.81732267,-2.19083985,0 136.81722760,-2.19444994,0 136.81653833,-2.19798876,0 136.81641949,-2.19931879,0 136.81679978,-2.20387887,0 136.81656210,-2.20511389,0 136.81664876,-2.20746608,0 136.81579311,-2.21046574,0 136.81356130,-2.21581667,0 136.81367879,-2.22062113,0 136.81343295,-2.22140271,0 136.81360408,-2.22183021,0 136.81304791,-2.22243584,0 136.81245609,-2.22379672,0 136.81211383,-2.22384659,0 136.81202827,-2.22340484,0 136.81216374,-2.22179458,0 136.81245609,-2.22104646,0 136.81216374,-2.22042658,0 136.81170027,-2.22017720,0 136.81111558,-2.22024133,0 136.81061645,-2.22101795,0 136.81046671,-2.22170908,0 136.80771917,-2.21889378,0 136.80681599,-2.21860878,0 136.80600788,-2.21860878,0 136.80472441,-2.21917879,0 136.80443919,-2.21960629,0 136.80434412,-2.22017629,0 136.80112600,-2.22016100,0 136.79676269,-2.21587793,0 136.79537940,-2.21323690,0 136.79508513,-2.21296612,0 136.79476618,-2.21297565,0 136.79433360,-2.21226314,0 136.79392955,-2.21220614,0 136.79354451,-2.21181189,0 136.79388201,-2.21279040,0 136.79337813,-2.21299940,0 136.79338764,-2.21327490,0 136.79363958,-2.21351715,0 136.79358729,-2.21375941,0 136.79342567,-2.21397316,0 136.79280770,-2.21403016,0 136.79277918,-2.21470467,0 136.79249872,-2.21482342,0 136.79245118,-2.21514642,0 136.79166869,-2.21546462,0 136.79177403,-2.21583945,0 136.79155299,-2.21621708,0 136.79123212,-2.21659471,0 136.79053334,-2.21691533,0 136.79069021,-2.21761359,0 136.78997004,-2.21791284,0 136.79021248,-2.21814797,0 136.79016256,-2.21851135,0 136.78964917,-2.21891747,0 136.78903596,-2.21896022,0 136.78862240,-2.21996485,0 136.78786658,-2.22015011,0 136.78781666,-2.22043511,0 136.78805368,-2.22089030,0 136.78793959,-2.22114680,0 136.78721771,-2.22151811,0 136.78599128,-2.22146824,0 136.78579876,-2.22209524,0 136.78528537,-2.22227337,0 136.78531390,-2.22296449,0 136.78495738,-2.22339912,0 136.78517248,-2.22434437,0 136.78435842,-2.22486687,0 136.78429489,-2.22557097,0 136.78366321,-2.22553781,0 136.78364538,-2.22596531,0 136.78309278,-2.22587625,0 136.78326510,-2.22626813,0 136.78277191,-2.22680844,0 136.78242133,-2.22686781,0 136.78246887,-2.22754469,0 136.78219554,-2.22784750,0 136.78164888,-2.22780000,0 136.78062091,-2.22728938,0 136.78133989,-2.22821563,0 136.78142902,-2.22867875,0 136.78086755,-2.22915923,0 136.78098337,-2.22987813,0 136.78084671,-2.23010969,0 136.78041294,-2.23055500,0 136.77997323,-2.23063813,0 136.77991381,-2.23130313,0 136.77973555,-2.23160594,0 136.77911759,-2.23162375,0 136.77820846,-2.23126156,0 136.77802426,-2.23134469,0 136.77794701,-2.23210469,0 136.77773310,-2.23224719,0 136.77660004,-2.23243893,0 136.77601587,-2.23288843,0 136.77529688,-2.23292406,0 136.77461950,-2.23239562,0 136.77359747,-2.23117844,0 136.77230806,-2.23009781,0 136.77155937,-2.23015125,0 136.77040662,-2.22997313,0 136.77016894,-2.23024625,0 136.77025807,-2.23079844,0 136.77009818,-2.23139260,0 136.76965793,-2.23161187,0 136.76935489,-2.23224719,0 136.76876069,-2.23246093,0 136.76861214,-2.23288843,0 136.76829722,-2.23282906,0 136.76844577,-2.23244906,0 136.76761863,-2.23154086,0 136.76708505,-2.23161781,0 136.76670476,-2.23140406,0 136.76652241,-2.23147194,0 136.76627242,-2.23115683,0 136.76612978,-2.23118306,0 136.76561144,-2.23153469,0 136.76541025,-2.23200656,0 136.76524897,-2.23200969,0 136.76470185,-2.23330725,0 136.76419843,-2.23356768,0 136.76371356,-2.23435143,0 136.76289357,-2.23475755,0 136.76123219,-2.23508530,0 136.76012698,-2.23497130,0 136.75987028,-2.23537030,0 136.75877220,-2.23615404,0 136.75843707,-2.23693067,0 136.75806629,-2.23717291,0 136.75756717,-2.23724416,0 136.75706091,-2.23777141,0 136.75616961,-2.23777854,0 136.75611257,-2.23809916,0 136.75593431,-2.23830578,0 136.75566335,-2.23815616,0 136.75534961,-2.23890428,0 136.75485762,-2.23931752,0 136.75487188,-2.23993739,0 136.75398771,-2.24143363,0 136.75377380,-2.24235987,0 136.75384510,-2.24310087,0 136.75423014,-2.24376348,0 136.75390800,-2.24560600,0 136.75281360,-2.24810630,0 136.75173620,-2.24988535,0 136.75122112,-2.25035403,0 136.75022286,-2.25180750,0 136.74953980,-2.25244662,0 136.74715679,-2.25308286,0 136.74670758,-2.25338923,0 136.74426898,-2.25301873,0 136.74439020,-2.25217087,0 136.74421907,-2.25147263,0 136.74374847,-2.25075302,0 136.74304969,-2.25026140,0 136.74160000,-2.24706000,0 136.74085353,-2.24706232,0 136.74009771,-2.24783181,0 136.73878571,-2.24855143,0 136.73839354,-2.24786744,0 136.73898536,-2.24709795,0 136.73901389,-2.24680582,0 136.73872867,-2.24652083,0 136.73671790,-2.24537372,0 136.73532034,-2.24488922,0 136.73317409,-2.24380623,0 136.73301010,-2.24385611,0 136.73025776,-2.24200363,0 136.72560875,-2.23775716,0 136.72340546,-2.23527767,0 136.72275659,-2.23477893,0 136.72150877,-2.23320431,0 136.72106669,-2.23312593,0 136.72048913,-2.23444405,0 136.71995435,-2.23423030,0 136.71995435,-2.23380993,0 136.71976600,-2.23351600,0 136.71778671,-2.23250606,0 136.71440690,-2.23030444,0 136.71385073,-2.23020469,0 136.71335161,-2.22952069,0 136.71301992,-2.22930336,0 136.71280970,-2.22935682,0 136.71281683,-2.22913594,0 136.71159040,-2.22875832,0 136.71098432,-2.22912882,0 136.71072049,-2.22895782,0 136.71026415,-2.22907894,0 136.71000032,-2.22890794,0 136.70805372,-2.22875832,0 136.70750994,-2.22836415,0 136.70698417,-2.22833794,0 136.70654208,-2.22796032,0 136.70598579,-2.22792042,0 136.70499479,-2.22825244,0 136.70463827,-2.22864432,0 136.70448140,-2.22928557,0 136.70418905,-2.22962044,0 136.70438514,-2.23038044,0 136.70399891,-2.23074856,0 136.70405239,-2.23108700,0 136.70385036,-2.23124731,0 136.70396920,-2.23160356,0 136.70358358,-2.23207977,0 136.70406427,-2.23228637,0 136.70409992,-2.23243481,0 136.70371369,-2.23264262,0 136.70366021,-2.23289793,0 136.70336311,-2.23290387,0 136.70311411,-2.23318223,0 136.70308384,-2.23384793,0 136.70262091,-2.23458278,0 136.70272138,-2.23504136,0 136.70253718,-2.23527292,0 136.70240645,-2.23514824,0 136.70207964,-2.23527292,0 136.70209747,-2.23582511,0 136.70179268,-2.23608714,0 136.70158646,-2.23664448,0 136.70133107,-2.23680185,0 136.70109327,-2.23746979,0 136.70058226,-2.23754697,0 136.70062386,-2.23778447,0 136.70040994,-2.23807541,0 136.69974444,-2.23844353,0 136.69969096,-2.23874040,0 136.69919184,-2.23869290,0 136.69893039,-2.23888290,0 136.69869271,-2.23969040,0 136.69815793,-2.23952415,0 136.69812228,-2.24002883,0 136.69772416,-2.24024852,0 136.69763503,-2.24053351,0 136.69721909,-2.24050977,0 136.69713591,-2.24081258,0 136.69655953,-2.24096101,0 136.69642881,-2.24122820,0 136.69582273,-2.24104414,0 136.69572765,-2.24159038,0 136.69524635,-2.24197631,0 136.69483635,-2.24195256,0 136.69484824,-2.24239194,0 136.69425998,-2.24258787,0 136.69387375,-2.24319943,0 136.69349346,-2.24316974,0 136.69333897,-2.24299755,0 136.69332115,-2.24338943,0 136.69310723,-2.24352599,0 136.69286361,-2.24343099,0 136.69271506,-2.24382286,0 136.69237043,-2.24403661,0 136.69181188,-2.24395942,0 136.69181782,-2.24484410,0 136.69133058,-2.24493316,0 136.69124739,-2.24540222,0 136.69097406,-2.24542003,0 136.69095029,-2.24568128,0 136.69068884,-2.24593658,0 136.68975001,-2.24637002,0 136.68924494,-2.24634429,0 136.68901320,-2.24673814,0 136.68876364,-2.24670845,0 136.68857349,-2.24691032,0 136.68800900,-2.24675001,0 136.68778915,-2.24711813,0 136.68719495,-2.24708845,0 136.68714147,-2.24736157,0 136.68748611,-2.24741500,0 136.68729002,-2.24768219,0 136.68660075,-2.24757531,0 136.68613728,-2.24719532,0 136.68557873,-2.24777125,0 136.68499047,-2.24770594,0 136.68482030,-2.24793502,0 136.68486569,-2.24824624,0 136.68446163,-2.24845405,0 136.68446758,-2.24906561,0 136.68423584,-2.24912498,0 136.68425366,-2.24948123,0 136.68367135,-2.24969497,0 136.68359380,-2.25174749,0 136.68342179,-2.25232524,0 136.68309498,-2.25245587,0 136.68273237,-2.25301442,0 136.68227401,-2.25332156,0 136.68220962,-2.25372647,0 136.68199571,-2.25396990,0 136.68104499,-2.25419552,0 136.68086079,-2.25462895,0 136.68045673,-2.25487833,0 136.68027253,-2.25525832,0 136.67969616,-2.25540675,0 136.67904254,-2.25605987,0 136.67834732,-2.25608955,0 136.67806211,-2.25586987,0 136.67768776,-2.25584018,0 136.67729559,-2.25648736,0 136.67701006,-2.25649537,0 136.67631516,-2.25703953,0 136.67609531,-2.25772233,0 136.67589328,-2.25768077,0 136.67564372,-2.25787671,0 136.67531691,-2.25778171,0 136.67519213,-2.25815576,0 136.67436619,-2.25820326,0 136.67440283,-2.25871116,0 136.67487315,-2.25877063,0 136.67497227,-2.25891575,0 136.67517430,-2.26001416,0 136.67486532,-2.26037040,0 136.67459198,-2.26037634,0 136.67479995,-2.26092258,0 136.67368286,-2.26171818,0 136.67233403,-2.26095226,0 136.67217359,-2.26105914,0 136.67115157,-2.26098789,0 136.67100896,-2.26069102,0 136.67010585,-2.26026582,0 136.66996911,-2.26035259,0 136.66953535,-2.25980041,0 136.66912535,-2.25977073,0 136.66856680,-2.25912355,0 136.66684362,-2.25919480,0 136.66695058,-2.25862481,0 136.66642769,-2.25822107,0 136.66623754,-2.25819139,0 136.66525117,-2.25898106,0 136.66506697,-2.25931355,0 136.66353393,-2.25999635,0 136.66315365,-2.25947980,0 136.66298727,-2.25760359,0 136.66271612,-2.25717932,0 136.66202750,-2.25773495,0 136.66217322,-2.25834576,0 136.66193554,-2.25845857,0 136.66170974,-2.25922449,0 136.66101341,-2.25972996,0 136.66107989,-2.26000229,0 136.66172163,-2.26001416,0 136.66170380,-2.26014478,0 136.66036685,-2.26037040,0 136.65961222,-2.26069696,0 136.65825744,-2.25973510,0 136.65836440,-2.25935511,0 136.65883382,-2.25910574,0 136.65909388,-2.25876495,0 136.65871597,-2.25806280,0 136.65780328,-2.25769944,0 136.65709876,-2.25788264,0 136.65667093,-2.25739578,0 136.65546471,-2.25735422,0 136.65527456,-2.25775796,0 136.65456152,-2.25729484,0 136.65403863,-2.25736609,0 136.65399109,-2.25698016,0 136.65435950,-2.25597674,0 136.65432384,-2.25494957,0 136.65406834,-2.25484864,0 136.65384254,-2.25506832,0 136.65312356,-2.25505645,0 136.65234516,-2.25544238,0 136.65255907,-2.25469427,0 136.65245212,-2.25395803,0 136.65126372,-2.25413021,0 136.65117459,-2.25328710,0 136.65078242,-2.25287742,0 136.64915043,-2.25235178,0 136.64740289,-2.25207079,0 136.64677157,-2.25111995,0 136.64705679,-2.25071621,0 136.64690230,-2.24969497,0 136.64639723,-2.24975435,0 136.64580897,-2.24831155,0 136.64506028,-2.24808000,0 136.64485231,-2.24772969,0 136.64492955,-2.24753375,0 136.64470376,-2.24747438,0 136.64474535,-2.24759906,0 136.64435912,-2.24767625,0 136.64431159,-2.24788406,0 136.64385405,-2.24749219,0 136.64331333,-2.24771188,0 136.64283797,-2.24733782,0 136.64263594,-2.24738532,0 136.64254681,-2.24763469,0 136.64243986,-2.24748625,0 136.64230913,-2.24758719,0 136.64223783,-2.24731407,0 136.64164957,-2.24712407,0 136.64127523,-2.24653627,0 136.64080581,-2.24631064,0 136.63917176,-2.24687470,0 136.63878800,-2.24663500,0 136.63820322,-2.24666689,0 136.63725844,-2.24715376,0 136.63668207,-2.24781875,0 136.63658700,-2.24912498,0 136.63591555,-2.24930904,0 136.63626019,-2.25019965,0 136.63571946,-2.25084683,0 136.63578483,-2.25113776,0 136.63529164,-2.25265774,0 136.63418643,-2.25368491,0 136.63344962,-2.25401147,0 136.63332484,-2.25401147,0 136.63267716,-2.25288930,0 136.63368136,-2.25205806,0 136.63385368,-2.25162463,0 136.63376455,-2.25127432,0 136.63311687,-2.25127432,0 136.63240977,-2.25092995,0 136.63213050,-2.25043121,0 136.63190470,-2.25043121,0 136.63147688,-2.24952872,0 136.62984878,-2.24890530,0 136.62946849,-2.24766438,0 136.62896342,-2.24768219,0 136.62803647,-2.24834124,0 136.62699068,-2.24783656,0 136.62636677,-2.24796718,0 136.62599836,-2.24822249,0 136.62554677,-2.24786031,0 136.62557648,-2.24724876,0 136.62541605,-2.24705282,0 136.62437026,-2.24771781,0 136.62346113,-2.24713001,0 136.62227273,-2.24805625,0 136.62230244,-2.24837093,0 136.62172607,-2.24854905,0 136.62158346,-2.24797906,0 136.62126259,-2.24767031,0 136.62089419,-2.24745657,0 136.62038318,-2.24744469,0 136.61987217,-2.24798500,0 136.61989594,-2.24819281,0 136.61935522,-2.24897061,0 136.61907000,-2.24892311,0 136.61855305,-2.24840062,0 136.61736465,-2.24864999,0 136.61663378,-2.24962966,0 136.61625944,-2.24985528,0 136.61581973,-2.24971278,0 136.61568306,-2.25020559,0 136.61441742,-2.25098339,0 136.61360337,-2.25092995,0 136.61274178,-2.25057965,0 136.61164251,-2.25060340,0 136.61088787,-2.25021153,0 136.61066208,-2.24935654,0 136.61028179,-2.24901217,0 136.61009165,-2.24901811,0 136.60801195,-2.25059746,0 136.60722166,-2.25174338,0 136.60546878,-2.25321585,0 136.60486269,-2.25334648,0 136.60383473,-2.25323960,0 136.60277111,-2.25374428,0 136.60033322,-2.25288614,0 136.60016852,-2.25129807,0 136.59972881,-2.25012247,0 136.59947331,-2.24855499,0 136.59919997,-2.24815718,0 136.59831462,-2.24786625,0 136.59762381,-2.24658963,0 136.59750056,-2.24603752,0 136.59682912,-2.24550909,0 136.59665680,-2.24479660,0 136.59671622,-2.24434535,0 136.59732825,-2.24346661,0 136.59743520,-2.24295599,0 136.59880780,-2.24014164,0 136.59968722,-2.23713729,0 136.59924157,-2.23711354,0 136.59666002,-2.23885331,0 136.59615939,-2.23882949,0 136.59610725,-2.23821836,0 136.59677564,-2.23792697,0 136.59862954,-2.23663260,0 136.59935447,-2.23644261,0 136.59947331,-2.23623479,0 136.60007939,-2.23615761,0 136.60019823,-2.23592605,0 136.59995461,-2.23557574,0 136.59997243,-2.23515417,0 136.59886722,-2.23461980,0 136.59807100,-2.23463168,0 136.59662709,-2.23527886,0 136.59564666,-2.23620511,0 136.59477913,-2.23677510,0 136.59327581,-2.23716698,0 136.59268161,-2.23713729,0 136.59215871,-2.23676917,0 136.59165364,-2.23678104,0 136.59094655,-2.23748760,0 136.59079205,-2.23793885,0 136.58982351,-2.23875822,0 136.58940163,-2.23987446,0 136.58845091,-2.24053351,0 136.58692976,-2.24036133,0 136.58626425,-2.23969633,0 136.58512339,-2.23916790,0 136.58470745,-2.23833072,0 136.58693570,-2.23784385,0 136.58741700,-2.23754104,0 136.58884308,-2.23608636,0 136.58895004,-2.23550449,0 136.58858757,-2.23518386,0 136.58778541,-2.23502949,0 136.58704860,-2.23518980,0 136.58647222,-2.23552824,0 136.58612759,-2.23605667,0 136.58435212,-2.23645567,0 136.58339665,-2.23682260,0 136.58269074,-2.23732848,0 136.58199909,-2.23753154,0 136.58206683,-2.23676560,0 136.58236274,-2.23645211,0 136.58195631,-2.23637017,0 136.58186718,-2.23620986,0 136.58256239,-2.23570755,0 136.58269787,-2.23531567,0 136.58089100,-2.23285700,0 136.57901200,-2.22897000,0 136.57846800,-2.22644400,0 136.57850600,-2.22554900,0 136.57796300,-2.22387800,0 136.57579400,-2.21937000,0 136.57634693,-2.21764039,0 136.57653707,-2.21621538,0 136.57701243,-2.21526537,0 136.57748779,-2.21536037,0 136.57772547,-2.21559787,0 136.57853358,-2.21488537,0 136.57934169,-2.21365036,0 136.58010227,-2.21175034,0 136.58024499,-2.21086316,0 136.58006058,-2.21068209,0 136.58010766,-2.21044249,0 136.57976952,-2.21013532,0 136.57972198,-2.20980281,0 136.58019734,-2.20923280,0 136.58019734,-2.20890030,0 136.57986459,-2.20856780,0 136.57967444,-2.20714278,0 136.58010227,-2.20605026,0 136.58081531,-2.20557525,0 136.58139158,-2.20450700,0 136.58277544,-2.20107064,0 136.58298404,-2.20009536,0 136.58394193,-2.19904079,0 136.58628184,-2.19780344,0 136.58694735,-2.19691873,0 136.58809415,-2.19607559,0 136.58916371,-2.19479900,0 136.59267563,-2.19200653,0 136.59276119,-2.19130351,0 136.59249499,-2.19093300,0 136.59273267,-2.19071449,0 136.59271365,-2.19026798,0 136.59237140,-2.18947946,0 136.59227632,-2.18746541,0 136.59292281,-2.18623987,0 136.59289429,-2.18595487,0 136.59261858,-2.18570786,0 136.59106891,-2.18573636,0 136.58921501,-2.18653438,0 136.58698070,-2.18850007,0 136.58630571,-2.18890240,0 136.58506977,-2.19023244,0 136.58288312,-2.19346252,0 136.58205124,-2.19541006,0 136.58164719,-2.19745261,0 136.58019734,-2.20184644,0 136.57942464,-2.20370882,0 136.57810927,-2.20518522,0 136.57467787,-2.20782452,0 136.57427911,-2.20738028,0 136.57572896,-2.20536150,0 136.57694113,-2.20291521,0 136.57697678,-2.20252333,0 136.57777301,-2.20084892,0 136.57783243,-2.20029079,0 136.57768982,-2.19980390,0 136.57688171,-2.19831950,0 136.57633504,-2.19782074,0 136.57533679,-2.19754761,0 136.57306695,-2.19657384,0 136.57164087,-2.19535069,0 136.57053566,-2.19505380,0 136.57007218,-2.19513693,0 136.56979885,-2.19583757,0 136.56976320,-2.19812950,0 136.56791328,-2.20340645,0 136.56667734,-2.20538248,0 136.56502891,-2.20747341,0 136.56415869,-2.20804543,0 136.56403747,-2.20870094,0 136.56045396,-2.20914661,0 136.55921733,-2.20953457,0 136.55913176,-2.20977682,0 136.55819768,-2.20972695,0 136.55740621,-2.21026133,0 136.55733491,-2.21051783,0 136.55689282,-2.21056058,0 136.55575841,-2.21151611,0 136.55458970,-2.21214948,0 136.55396729,-2.21274443,0 136.55301657,-2.21435945,0 136.55277889,-2.21521445,0 136.54973659,-2.21754197,0 136.54930877,-2.21801698,0 136.54664675,-2.21948948,0 136.54550589,-2.22100949,0 136.54488792,-2.22371700,0 136.54422242,-2.22390700,0 136.54396542,-2.22338806,0 136.54350908,-2.22316006,0 136.54282456,-2.22316006,0 136.54221610,-2.22224805,0 136.54107524,-2.22221005,0 136.54059988,-2.22154505,0 136.54006747,-2.22126005,0 136.53976324,-2.22082305,0 136.53862238,-2.22013904,0 136.53822308,-2.22006304,0 136.53660686,-2.22057605,0 136.53584628,-2.22091805,0 136.53554205,-2.22143105,0 136.53459133,-2.22150705,0 136.53442020,-2.22061405,0 136.53512374,-2.21953104,0 136.53523782,-2.21896104,0 136.53514275,-2.21803003,0 136.53457232,-2.21673802,0 136.53345047,-2.21605402,0 136.53276595,-2.21461000,0 136.53236665,-2.21449600,0 136.53191031,-2.21385000,0 136.53177720,-2.21261498,0 136.53187228,-2.21153114,0 136.53098146,-2.21115778,0 136.52890603,-2.21193098,0 136.52727080,-2.21219698,0 136.52651022,-2.21229198,0 136.52603486,-2.21217798,0 136.52590176,-2.21191197,0 136.52567163,-2.21129499,0 136.52630137,-2.20889688,0 136.52630137,-2.20775687,0 136.52613082,-2.20709657,0 136.52658509,-2.20513838,0 136.52656132,-2.20383211,0 136.52619292,-2.20241896,0 136.52569016,-2.20234536,0 136.52505206,-2.20193208,0 136.52508771,-2.20146895,0 136.52492133,-2.20118394,0 136.52465989,-2.20123144,0 136.52435090,-2.20218146,0 136.52369728,-2.20290585,0 136.52307931,-2.20415274,0 136.52231874,-2.20474650,0 136.52175542,-2.20493651,0 136.52130910,-2.20487120,0 136.52205779,-2.20460401,0 136.52229547,-2.20430713,0 136.52238460,-2.20374899,0 136.52212910,-2.20370149,0 136.52177852,-2.20317898,0 136.52134476,-2.20323836,0 136.52162403,-2.20295336,0 136.52135664,-2.20243678,0 136.52156461,-2.20157583,0 136.52139229,-2.20148083,0 136.52097635,-2.20164708,0 136.52095258,-2.20129083,0 136.52082780,-2.20126114,0 136.52097041,-2.20111270,0 136.52078027,-2.20111270,0 136.52050693,-2.20079800,0 136.52070302,-2.20051300,0 136.52061389,-2.20023987,0 136.52047128,-2.20029925,0 136.52063766,-2.19948579,0 136.52047128,-2.19947985,0 136.52042375,-2.19928985,0 136.52056635,-2.19876140,0 136.52031085,-2.19860109,0 136.52025737,-2.19797764,0 136.51987708,-2.19750857,0 136.51975824,-2.19687324,0 136.51880158,-2.19683761,0 136.51775579,-2.19611916,0 136.51783898,-2.19601228,0 136.51832622,-2.19625573,0 136.51969882,-2.19582822,0 136.51918781,-2.19479507,0 136.51944332,-2.19414193,0 136.51934825,-2.19371442,0 136.51923535,-2.19351254,0 136.51908680,-2.19392817,0 136.51903332,-2.19348879,0 136.51868224,-2.19316815,0 136.51798108,-2.19181437,0 136.51744631,-2.19175499,0 136.51672138,-2.19219438,0 136.51612718,-2.19234875,0 136.51308488,-2.19261001,0 136.51275213,-2.19246751,0 136.51212228,-2.19171936,0 136.51159938,-2.19173124,0 136.51100518,-2.19126810,0 136.51032780,-2.19117310,0 136.51011302,-2.19118726,0 136.50987077,-2.19161843,0 136.50997772,-2.19180250,0 136.50974480,-2.19183694,0 136.50928845,-2.19278696,0 136.50831396,-2.19322872,0 136.50800023,-2.19361348,0 136.50662644,-2.19449225,0 136.50563362,-2.19565008,0 136.50475421,-2.19701574,0 136.50294784,-2.19857139,0 136.50282900,-2.19902265,0 136.50336378,-2.20023392,0 136.50266965,-2.20092982,0 136.50208710,-2.20125045,0 136.50131464,-2.20126232,0 136.50028073,-2.20045481,0 136.49931813,-2.20046668,0 136.49890219,-2.20021730,0 136.49855755,-2.20058544,0 136.49708394,-2.20079919,0 136.49657293,-2.20002730,0 136.49596684,-2.20046668,0 136.49521815,-2.19992042,0 136.49486497,-2.19996596,0 136.49398732,-2.20072081,0 136.49360703,-2.20162333,0 136.49272761,-2.20149270,0 136.49253747,-2.20167083,0 136.49251370,-2.20222896,0 136.49147980,-2.20287022,0 136.49088560,-2.20315523,0 136.48998241,-2.20314335,0 136.48949517,-2.20370149,0 136.48866329,-2.20380836,0 136.48783141,-2.20424775,0 136.48713026,-2.20542339,0 136.48655039,-2.20556882,0 136.48626273,-2.20605752,0 136.48464650,-2.20590552,0 136.48432326,-2.20565852,0 136.48413311,-2.20565852,0 136.48390494,-2.20604802,0 136.48340106,-2.20615252,0 136.48319190,-2.20618103,0 136.48301004,-2.20598199,0 136.48235934,-2.20603497,0 136.48176582,-2.20578202,0 136.48155667,-2.20521201,0 136.48133302,-2.20511861,0 136.48118589,-2.20550652,0 136.48087215,-2.20558252,0 136.48066299,-2.20538301,0 136.48058979,-2.20498046,0 136.48041055,-2.20502357,0 136.48039679,-2.20530701,0 136.48007354,-2.20552552,0 136.47945277,-2.20537076,0 136.47924573,-2.20571196,0 136.47777212,-2.20662398,0 136.47460810,-2.20796349,0 136.47467346,-2.20891350,0 136.47435259,-2.20923413,0 136.47384752,-2.20855131,0 136.47315723,-2.20856737,0 136.47277134,-2.20888026,0 136.47272206,-2.20857829,0 136.47181417,-2.20799555,0 136.47053070,-2.20749679,0 136.46883367,-2.20773905,0 136.46801816,-2.20765110,0 136.46632071,-2.20828175,0 136.46518498,-2.20839233,0 136.46423151,-2.20887313,0 136.46298369,-2.20920089,0 136.46251614,-2.20993358,0 136.46141806,-2.21017583,0 136.46116137,-2.21093109,0 136.46049111,-2.21158660,0 136.45985493,-2.21166528,0 136.45960694,-2.21152960,0 136.45930747,-2.21168635,0 136.45822365,-2.21268386,0 136.45773878,-2.21346762,0 136.45725391,-2.21339637,0 136.45661218,-2.21292611,0 136.45642679,-2.21247011,0 136.45645531,-2.21157235,0 136.45500071,-2.21117334,0 136.45470123,-2.21100234,0 136.45451584,-2.21064609,0 136.45330368,-2.20996208,0 136.45286159,-2.20947757,0 136.44935344,-2.20779605,0 136.44816980,-2.20629978,0 136.44748991,-2.20585131,0 136.44482258,-2.20625822,0 136.44371737,-2.20602309,0 136.44339590,-2.20585438,0 136.44334659,-2.20562409,0 136.44243390,-2.20553859,0 136.44197755,-2.20526783,0 136.44075113,-2.20510395,0 136.44009513,-2.20539608,0 136.43965304,-2.20523221,0 136.43854783,-2.20535333,0 136.43805584,-2.20527496,0 136.43782766,-2.20494008,0 136.43752106,-2.20507545,0 136.43652280,-2.20488308,0 136.43608072,-2.20499708,0 136.43464751,-2.20488308,0 136.43431790,-2.20516348,0 136.43384300,-2.20524400,0 136.43293622,-2.20506833,0 136.43162422,-2.20533196,0 136.43069014,-2.20505408,0 136.43028371,-2.20484745,0 136.43006980,-2.20449119,0 136.42883624,-2.20395681,0 136.42783799,-2.20397819,0 136.42711782,-2.20425607,0 136.42609104,-2.20409219,0 136.42557765,-2.20424181,0 136.42498583,-2.20403519,0 136.42470774,-2.20434157,0 136.42421561,-2.20450311,0 136.42364125,-2.20319323,0 136.42235778,-2.20364924,0 136.42275708,-2.20477500,0 136.42278560,-2.20510276,0 136.42252891,-2.20533076,0 136.42127803,-2.20567396,0 136.42085733,-2.20596609,0 136.41987334,-2.20575946,0 136.41915962,-2.20647783,0 136.41869682,-2.20644347,0 136.41799804,-2.20689948,0 136.41749179,-2.20696361,0 136.41723509,-2.20726286,0 136.41570206,-2.20815350,0 136.41463012,-2.20952864,0 136.41325158,-2.21046678,0 136.41335981,-2.21064671,0 136.41218796,-2.21138710,0 136.41145710,-2.21161273,0 136.41128478,-2.21152367,0 136.41108870,-2.21176711,0 136.41003696,-2.21204023,0 136.40864059,-2.21188586,0 136.40799292,-2.21132773,0 136.40727394,-2.21164242,0 136.40560424,-2.21185023,0 136.40364338,-2.21415994,0 136.40170035,-2.21559089,0 136.40029209,-2.21612527,0 136.39921705,-2.21588011,0 136.39872935,-2.21622027,0 136.39756472,-2.21646371,0 136.39663183,-2.21697434,0 136.39453430,-2.21863092,0 136.39417184,-2.21857154,0 136.39397575,-2.21886842,0 136.39369054,-2.21886842,0 136.39240708,-2.22053793,0 136.39168809,-2.22094656,0 136.39112360,-2.22155812,0 136.39048780,-2.22332750,0 136.38997085,-2.22386782,0 136.38928752,-2.22500188,0 136.38927564,-2.22538188,0 136.38906173,-2.22544126,0 136.38853289,-2.22629626,0 136.38716675,-2.22763814,0 136.38683942,-2.22767970,0 136.38611450,-2.22854657,0 136.38575798,-2.22848720,0 136.38550841,-2.22906907,0 136.38514595,-2.22927095,0 136.38389695,-2.23068882,0 136.38324808,-2.23094532,0 136.38289156,-2.23201407,0 136.38242809,-2.23262682,0 136.38145122,-2.23287619,0 136.38124444,-2.23327519,0 136.37986114,-2.23428694,0 136.37752238,-2.23558368,0 136.37532621,-2.23628193,0 136.37209615,-2.23698730,0 136.36921547,-2.23892885,0 136.36853101,-2.23997851,0 136.36731172,-2.24090475,0 136.36655589,-2.24201624,0 136.36531521,-2.24470234,0 136.36532890,-2.24548734,0 136.36472995,-2.24735407,0 136.36488682,-2.24790981,0 136.36537169,-2.24845130,0 136.36502131,-2.24939556,0 136.36378874,-2.25004728,0 136.36247657,-2.25182294,0 136.36018608,-2.25381970,0 136.35923955,-2.25413696,0 136.35841242,-2.25473545,0 136.35601661,-2.25541944,0 136.35568861,-2.25580418,0 136.35538914,-2.25665917,0 136.35504688,-2.25701541,0 136.35456201,-2.25742865,0 136.35267959,-2.25831213,0 136.35046917,-2.25888212,0 136.34942813,-2.25896762,0 136.34878639,-2.25922412,0 136.34677562,-2.25956611,0 136.34475059,-2.25963736,0 136.34309634,-2.26006485,0 136.34275408,-2.26044959,0 136.34255443,-2.26101958,0 136.34270299,-2.26121129,0 136.34206145,-2.26245006,0 136.34145635,-2.26238754,0 136.33985914,-2.26300028,0 136.33894567,-2.26390547,0 136.33874452,-2.26482061,0 136.33878932,-2.26611826,0 136.33947353,-2.26827554,0 136.33940440,-2.26903458,0 136.33869955,-2.27126686,0 136.33702529,-2.27378837,0 136.33685740,-2.27465028,0 136.33707999,-2.27634444,0 136.33611575,-2.27709913,0 136.33620011,-2.27828940,0 136.33519345,-2.27861156,0 136.33441831,-2.27847771,0 136.33370527,-2.28175509,0 136.33359831,-2.28367877,0 136.33388353,-2.28756174,0 136.33523830,-2.29194343,0 136.33638874,-2.29348021,0 136.33682087,-2.29460424,0 136.33694960,-2.29554139,0 136.33673569,-2.29671696,0 136.33694960,-2.29871187,0 136.33837568,-2.30320039,0 136.33837568,-2.30558714,0 136.33871568,-2.30831882,0 136.33961399,-2.30895946,0 136.33980413,-2.30977641,0 136.33888488,-2.31135897,0 136.33868322,-2.31219026,0 136.33984649,-2.32168657,0 136.33996913,-2.32397125,0 136.34007551,-2.32922503,0 136.33995132,-2.33816239,0 136.34049447,-2.33972993,0 136.34085125,-2.34016340,0 136.34121501,-2.34016613,0 136.34177983,-2.34211272,0 136.34143989,-2.34300234,0 136.34093301,-2.34358747,0 136.34020686,-2.34505159,0 136.34015172,-2.34773834,0 136.33949833,-2.35296917,0 136.33946216,-2.35760514,0 136.33746829,-2.36400998,0 136.33730789,-2.36544311,0 136.33739992,-2.36612081,0 136.33772004,-2.36641344,0 136.33902366,-2.36689324,0 136.33993972,-2.36692542,0 136.34072421,-2.36728938,0 136.34145759,-2.36799359,0 136.34216191,-2.36902133,0 136.34259295,-2.37107321,0 136.34189927,-2.37417979,0 136.34100443,-2.37424572,0 136.33970027,-2.37472410,0 136.33858011,-2.37593965,0 136.33840755,-2.37587476,0 136.33833161,-2.37539773,0 136.33788946,-2.37530056,0 136.33766354,-2.37583211,0 136.33756448,-2.37711919,0 136.33716740,-2.37733184,0 136.33668294,-2.37705762,0 136.33698012,-2.37624575,0 136.33692954,-2.37528438,0 136.33630868,-2.37518509,0 136.33541550,-2.37593512,0 136.33396375,-2.37681054,0 136.33351488,-2.37764948,0 136.33294433,-2.37823687,0 136.33187693,-2.37856255,0 136.33113312,-2.37972447,0 136.33037620,-2.38016221,0 136.32907081,-2.38157942,0 136.32799709,-2.38346185,0 136.32799808,-2.38450166,0 136.32760492,-2.38524475,0 136.32723113,-2.38565114,0 136.32610886,-2.38594932,0 136.32401460,-2.38924887,0 136.32054262,-2.39383770,0 136.31904994,-2.39528168,0 136.31783709,-2.39672361,0 136.31665201,-2.39768426,0 136.31540623,-2.39899112,0 136.31379601,-2.40024632,0 136.31343171,-2.40082764,0 136.31310732,-2.40073621,0 136.31309516,-2.40029591,0 136.31427477,-2.39911646,0 136.31444688,-2.39863218,0 136.31418344,-2.39859590,0 136.31078627,-2.40092166,0 136.30827819,-2.40194512,0 136.30742683,-2.40252102,0 136.30398572,-2.40406969,0 136.30255342,-2.40496519,0 136.30158510,-2.40536647,0 136.30026284,-2.40645913,0 136.29926459,-2.40854886,0 136.29823241,-2.40931302,0 136.29675244,-2.40970852,0 136.29583912,-2.41076026,0 136.29544929,-2.41290615,0 136.29547221,-2.41411025,0 136.29590927,-2.41602219,0 136.29667327,-2.41818887,0 136.29673948,-2.41913021,0 136.29650132,-2.42050970,0 136.29644708,-2.42231245,0 136.29583372,-2.42526096,0 136.29396681,-2.43110298,0 136.29130628,-2.43779467,0 136.28878079,-2.44358890,0 136.28641618,-2.44689913,0 136.28585145,-2.44899066,0 136.28615343,-2.44961228,0 136.28748501,-2.45004227,0 136.28832780,-2.45095931,0 136.28856622,-2.45145834,0 136.28760460,-2.45200478,0 136.28660588,-2.45348336,0 136.28490968,-2.45528824,0 136.28343587,-2.45734823,0 136.28288079,-2.45766793,0 136.28075438,-2.46017794,0 136.27877772,-2.46336780,0 136.27842041,-2.46473856,0 136.27832881,-2.46645935,0 136.27835430,-2.46931916,0 136.27922009,-2.47064529,0 136.28160336,-2.47172427,0 136.28323884,-2.47171134,0 136.28376916,-2.47190365,0 136.28599219,-2.47295636,0 136.28823894,-2.47454076,0 136.28898626,-2.47622999,0 136.28919890,-2.47798744,0 136.28895880,-2.47899783,0 136.28970412,-2.48098158,0 136.29154808,-2.48377052,0 136.29394902,-2.48610828,0 136.29485512,-2.48736778,0 136.29525255,-2.48742451,0 136.29548073,-2.48767146,0 136.29555678,-2.48822236,0 136.29510044,-2.48843132,0 136.29234335,-2.48736752,0 136.29040389,-2.48607576,0 136.28720947,-2.48360621,0 136.28623974,-2.48231445,0 136.28618269,-2.48178254,0 136.28585945,-2.48130763,0 136.28471859,-2.47995888,0 136.28336857,-2.47868610,0 136.28295556,-2.47855083,0 136.28264585,-2.47882821,0 136.28226683,-2.48046097,0 136.28255036,-2.49216567,0 136.28190053,-2.50000001,0 136.28072449,-2.50772054,0 136.27986226,-2.51185695,0 136.27819605,-2.51732853,0 136.27533484,-2.52496274,0 136.27167075,-2.53358981,0 136.27167710,-2.53471930,0 136.27149884,-2.53558599,0 136.27059117,-2.53611338,0 136.27008022,-2.53687571,0 136.26733635,-2.54287027,0 136.26635906,-2.54524095,0 136.26626989,-2.54605736,0 136.26653133,-2.54622357,0 136.26638873,-2.54722084,0 136.26604409,-2.54769573,0 136.26502207,-2.54834870,0 136.26355263,-2.54999546,0 136.26306848,-2.55118746,0 136.26235055,-2.55220005,0 136.26123345,-2.55464572,0 136.26056795,-2.55573796,0 136.26004505,-2.55830234,0 136.26033027,-2.55927586,0 136.26025897,-2.56138910,0 136.25807231,-2.56119914,0 136.25562421,-2.56131786,0 136.25398422,-2.56305119,0 136.25339002,-2.56392972,0 136.25210655,-2.56687400,0 136.24999999,-2.57094093,0 136.24875230,-2.57388196,0 136.24533161,-2.58070770,0 136.24164068,-2.58725551,0 136.23634627,-2.59515183,0 136.23481509,-2.59689121,0 136.22955596,-2.60413507,0 136.22825394,-2.60567338,0 136.22685380,-2.60793833,0 136.22614116,-2.60880419,0 136.22594198,-2.60938035,0 136.22448817,-2.61136971,0 136.22429802,-2.61184458,0 136.22441686,-2.61227196,0 136.22425290,-2.61333263,0 136.22429871,-2.61426184,0 136.22353357,-2.61445150,0 136.22242239,-2.61387843,0 136.22165329,-2.61400094,0 136.22093119,-2.61435914,0 136.22038169,-2.61479300,0 136.21635806,-2.61962751,0 136.21576631,-2.62071816,0 136.21422514,-2.62187777,0 136.21304601,-2.62306471,0 136.21007313,-2.62453798,0 136.20856280,-2.62563838,0 136.20817233,-2.62567015,0 136.20748454,-2.62512157,0 136.20688312,-2.62505939,0 136.20674375,-2.62632279,0 136.20600996,-2.62667658,0 136.20505733,-2.62685797,0 136.20468823,-2.62772582,0 136.20259866,-2.62773455,0 136.20201269,-2.62749973,0 136.20115288,-2.62674730,0 136.20082481,-2.62668485,0 136.20055934,-2.62675572,0 136.20002126,-2.62759581,0 136.19860457,-2.62839071,0 136.19736989,-2.62764650,0 136.19636250,-2.62774947,0 136.19589468,-2.62855810,0 136.19585162,-2.62936691,0 136.19540924,-2.62979627,0 136.19478118,-2.62999976,0 136.19469227,-2.63089028,0 136.19449056,-2.63112717,0 136.19316180,-2.63178476,0 136.19158079,-2.63199883,0 136.19105770,-2.63264000,0 136.19035667,-2.63272020,0 136.18984747,-2.63296827,0 136.18888462,-2.63387412,0 136.18821444,-2.63474057,0 136.18815096,-2.63525475,0 136.18735600,-2.63662484,0 136.18710109,-2.63762761,0 136.18707903,-2.63844179,0 136.18503096,-2.63978381,0 136.18457140,-2.63992136,0 136.18387463,-2.63985708,0 136.18295456,-2.64054582,0 136.18259178,-2.64104382,0 136.18200590,-2.64133467,0 136.18190277,-2.64156825,0 136.18201720,-2.64192167,0 136.18176719,-2.64207307,0 136.18000200,-2.64043625,0 136.17927035,-2.63953678,0 136.17623853,-2.63827542,0 136.17484498,-2.63789734,0 136.17284873,-2.63796242,0 136.17147441,-2.63960544,0 136.17097445,-2.63997639,0 136.17031356,-2.64016686,0 136.16828872,-2.64174665,0 136.16633610,-2.64297533,0 136.16253084,-2.64399984,0 136.16129449,-2.64388424,0 136.16006287,-2.64423013,0 136.15818228,-2.64443359,0 136.15723181,-2.64496525,0 136.15316225,-2.64802214,0 136.14974126,-2.64989544,0 136.14747158,-2.65087272,0 136.14555962,-2.65143871,0 136.14504332,-2.65117996,0 136.14493639,-2.65043285,0 136.14463254,-2.65012816,0 136.14267349,-2.64900155,0 136.13883453,-2.64595444,0 136.13810567,-2.64561963,0 136.13769584,-2.64560476,0 136.13667916,-2.64591068,0 136.13584477,-2.64636891,0 136.13532926,-2.64697935,0 136.13408659,-2.64913061,0 136.13068682,-2.65341292,0 136.12790832,-2.65623171,0 136.12487566,-2.65898706,0 136.12521885,-2.65952967,0 136.12630267,-2.66049836,0 136.12657363,-2.66148129,0 136.12635972,-2.66186592,0 136.12551833,-2.66188017,0 136.12252356,-2.66276338,0 136.11562249,-2.66589273,0 136.11195878,-2.66734055,0 136.10943263,-2.66785051,0 136.10892232,-2.66816266,0 136.10871865,-2.66854282,0 136.10805111,-2.66884854,0 136.10451206,-2.66952183,0 136.10440668,-2.66923896,0 136.10363253,-2.66882282,0 136.10005739,-2.66931173,0 136.09679931,-2.66999987,0 136.09467761,-2.67025555,0 136.08582765,-2.67238599,0 136.08335213,-2.67256786,0 136.08199452,-2.67283830,0 136.08051165,-2.67289346,0 136.07779530,-2.67214200,0 136.07437343,-2.67176702,0 136.07264055,-2.67196598,0 136.06935385,-2.67281248,0 136.06649546,-2.67310217,0 136.06434060,-2.67279518,0 136.06375081,-2.67256235,0 136.06219559,-2.67159444,0 136.05999628,-2.66958603,0 136.05693999,-2.66827837,0 136.05617186,-2.66844058,0 136.05595762,-2.66862026,0 136.05590437,-2.66903314,0 136.05685373,-2.67187491,0 136.05696242,-2.67361590,0 136.05624925,-2.67691007,0 136.05557175,-2.67857994,0 136.05553172,-2.67925715,0 136.05216434,-2.67974178,0 136.05154633,-2.67880440,0 136.05100403,-2.67877870,0 136.05071972,-2.67894406,0 136.04702605,-2.68598376,0 136.04611817,-2.68648572,0 136.04616313,-2.68678661,0 136.04682972,-2.68731601,0 136.04681504,-2.68813272,0 136.04292759,-2.69222087,0 136.03872499,-2.69576755,0 136.03821731,-2.69618158,0 136.03739081,-2.69603404,0 136.03632840,-2.69610908,0 136.03560490,-2.69559083,0 136.03442418,-2.69536947,0 136.03356797,-2.69496994,0 136.03291816,-2.69436268,0 136.03241629,-2.69418522,0 136.03220953,-2.69397785,0 136.03216492,-2.69357762,0 136.03167759,-2.69314812,0 136.02955959,-2.69314734,0 136.02890972,-2.69246595,0 136.02865886,-2.69246617,0 136.02839353,-2.69280736,0 136.02803945,-2.69289661,0 136.02769956,-2.69231873,0 136.02733045,-2.69208185,0 136.02694689,-2.69221560,0 136.02617944,-2.69208282,0 136.02567782,-2.69220185,0 136.02418835,-2.69332978,0 136.02317629,-2.69372019,0 136.02215784,-2.69342455,0 136.02155221,-2.69268383,0 136.02075513,-2.69241765,0 136.02019442,-2.69246260,0 136.01945693,-2.69287831,0 136.01860176,-2.69373886,0 136.01804192,-2.69483636,0 136.01730490,-2.69581541,0 136.01764625,-2.69796032,0 136.01755834,-2.69871645,0 136.01473882,-2.70221284,0 136.01139344,-2.70585244,0 136.01365276,-2.70745143,0 136.01456648,-2.70867352,0 136.01574288,-2.70885626,0 136.01624542,-2.70909611,0 136.01663375,-2.70995272,0 136.01932283,-2.71175527,0 136.02223053,-2.71223116,0 136.02573310,-2.71230730,0 136.02847424,-2.71287837,0 136.03072607,-2.71274543,0 136.03224893,-2.71303096,0 136.03439044,-2.71298337,0 136.03738856,-2.71350686,0 136.03924454,-2.71345927,0 136.04100534,-2.71383998,0 136.04257579,-2.71464900,0 136.04414623,-2.71583873,0 136.04709676,-2.71907479,0 136.04800096,-2.72045488,0 136.04861962,-2.72240604,0 136.04900033,-2.72568970,0 136.04938105,-2.72654630,0 136.05038042,-2.72768844,0 136.05071354,-2.72911612,0 136.05147497,-2.73049621,0 136.05199845,-2.73206665,0 136.05214122,-2.73416058,0 136.05202195,-2.73604394,0 136.05222579,-2.73695654,0 136.05276366,-2.73814423,0 136.05278839,-2.73867819,0 136.05261757,-2.73917332,0 136.05142458,-2.73959902,0 136.05125476,-2.74011422,0 136.05155535,-2.74041973,0 136.05296288,-2.74070982,0 136.05322299,-2.74098255,0 136.05329404,-2.74146033,0 136.05194989,-2.74416447,0 136.05140447,-2.74455986,0 136.05097669,-2.74452037,0 136.05061117,-2.74427368,0 136.04963874,-2.74287905,0 136.04717291,-2.74159103,0 136.04635815,-2.74188681,0 136.04555712,-2.74273655,0 136.04408658,-2.74385859,0 136.04439621,-2.74436521,0 136.04447912,-2.74496959,0 136.04660000,-2.74732363,0 136.04762391,-2.74878991,0 136.04822035,-2.74917018,0 136.04857026,-2.74919918,0 136.04907923,-2.74898319,0 136.05092043,-2.74692358,0 136.05189069,-2.74670500,0 136.05240842,-2.74695795,0 136.05250802,-2.74772818,0 136.04998250,-2.75000000,0 136.05010439,-2.75131291,0 136.05036759,-2.75178135,0 136.05081748,-2.75207606,0 136.05156411,-2.75211539,0 136.05219598,-2.75174695,0 136.05247335,-2.75101583,0 136.05235233,-2.74983703,0 136.05297592,-2.74960191,0 136.05399026,-2.74968718,0 136.05451727,-2.74993750,0 136.05492734,-2.75106594,0 136.05530576,-2.75140364,0 136.05680171,-2.75126976,0 136.05731270,-2.75137924,0 136.05710102,-2.75318427,0 136.05748974,-2.75447783,0 136.05720656,-2.75616020,0 136.05766453,-2.75722227,0 136.05752760,-2.75792531,0 136.05629161,-2.75922246,0 136.05608845,-2.76008740,0 136.05561003,-2.76061170,0 136.05442778,-2.76101871,0 136.05164183,-2.76117627,0 136.05102891,-2.76132567,0 136.05049035,-2.76179279,0 136.05020866,-2.76319899,0 136.04976825,-2.76427963,0 136.04977958,-2.76527200,0 136.04996790,-2.76566715,0 136.05063960,-2.76626182,0 136.05072667,-2.76670291,0 136.05027744,-2.76777451,0 136.05003033,-2.76909599,0 136.04973521,-2.76954575,0 136.04976883,-2.77102605,0 136.05131548,-2.77150195,0 136.05310007,-2.77150195,0 136.05536056,-2.77031222,0 136.05833489,-2.76983632,0 136.06142818,-2.76983632,0 136.06475943,-2.77126400,0 136.07142192,-2.77542806,0 136.07784647,-2.77756957,0 136.08022593,-2.77780752,0 136.08427101,-2.77875930,0 136.08891096,-2.77935417,0 136.09926161,-2.77947314,0 136.10378259,-2.77911622,0 136.11056405,-2.77768854,0 136.11960601,-2.77649881,0 136.12674439,-2.77530908,0 136.13357536,-2.77542041,0 136.13399073,-2.77525330,0 136.13515380,-2.77392931,0 136.13653278,-2.77282593,0 136.13764663,-2.77241993,0 136.13931082,-2.77220813,0 136.14051405,-2.77228944,0 136.14196820,-2.77246771,0 136.14323497,-2.77289679,0 136.14420487,-2.77335407,0 136.14519442,-2.77428466,0 136.14678222,-2.77620393,0 136.14718843,-2.77702250,0 136.14728901,-2.77866202,0 136.14670443,-2.77980276,0 136.14381871,-2.78135990,0 136.14104213,-2.78333458,0 136.13961447,-2.78535453,0 136.13899821,-2.78588641,0 136.13854007,-2.78689618,0 136.13858937,-2.78732607,0 136.14144988,-2.79429194,0 136.14205892,-2.79544256,0 136.14372656,-2.79731574,0 136.14490594,-2.79736737,0 136.14518207,-2.79692502,0 136.14528542,-2.79627155,0 136.14264352,-2.79093632,0 136.14211802,-2.78760369,0 136.14213612,-2.78604550,0 136.14277057,-2.78473448,0 136.14370378,-2.78402503,0 136.14512958,-2.78340336,0 136.14650180,-2.78345447,0 136.14767966,-2.78433802,0 136.14825978,-2.78501001,0 136.14857604,-2.78585947,0 136.14925079,-2.78978081,0 136.14978047,-2.79096653,0 136.15046914,-2.79197496,0 136.15133379,-2.79269980,0 136.15371658,-2.79411321,0 136.15496860,-2.79450105,0 136.15591845,-2.79449957,0 136.15624936,-2.79403841,0 136.15633055,-2.79247962,0 136.15665187,-2.79139612,0 136.15830387,-2.78946336,0 136.15923635,-2.78884215,0 136.16083793,-2.78836159,0 136.16231660,-2.78839478,0 136.16282725,-2.78867735,0 136.16313368,-2.78929654,0 136.16299440,-2.79081974,0 136.16206552,-2.79284001,0 136.16159677,-2.79438173,0 136.16154389,-2.79596901,0 136.16241249,-2.79913133,0 136.16262132,-2.79939577,0 136.16306025,-2.79957177,0 136.16447095,-2.79941148,0 136.16614111,-2.79844033,0 136.16670982,-2.79779055,0 136.16739234,-2.79745708,0 136.16836926,-2.79727287,0 136.16935263,-2.79728897,0 136.17147577,-2.79764348,0 136.17410449,-2.79760203,0 136.17496780,-2.79708273,0 136.17566161,-2.79640630,0 136.17718497,-2.79352522,0 136.17771173,-2.79288673,0 136.17910163,-2.79228237,0 136.17984125,-2.79231666,0 136.18070457,-2.79258103,0 136.18401116,-2.79504599,0 136.18463030,-2.79573596,0 136.18491685,-2.79662157,0 136.18497749,-2.79750867,0 136.18471214,-2.79829546,0 136.18409569,-2.79884255,0 136.18212247,-2.79936918,0 136.18132918,-2.79940586,0 136.18023268,-2.79979102,0 136.17922517,-2.80093711,0 136.17895755,-2.80177793,0 136.17901965,-2.80429820,0 136.18014151,-2.80743892,0 136.18144160,-2.80899487,0 136.18221549,-2.80968405,0 136.18351876,-2.81033696,0 136.18507608,-2.81054644,0 136.18791605,-2.81040030,0 136.18844559,-2.81013395,0 136.18915271,-2.80910623,0 136.18915575,-2.80740714,0 136.18757802,-2.80311920,0 136.18752842,-2.80195027,0 136.18776606,-2.79939310,0 136.18835734,-2.79842770,0 136.18889897,-2.79824706,0 136.19055250,-2.79820608,0 136.19219164,-2.79837547,0 136.19315153,-2.79891937,0 136.19585667,-2.80105426,0 136.19673583,-2.80126407,0 136.19789701,-2.80143788,0 136.19981646,-2.80134437,0 136.20394789,-2.80057197,0 136.20475698,-2.80072895,0 136.20501925,-2.80110014,0 136.20513982,-2.80186153,0 136.20496193,-2.80260600,0 136.20249207,-2.80557717,0 136.20168041,-2.80749129,0 136.20159147,-2.80903192,0 136.20203156,-2.80975702,0 136.20240148,-2.80988026,0 136.20361709,-2.80982481,0 136.20405760,-2.80950522,0 136.20521103,-2.80686018,0 136.20579286,-2.80588477,0 136.20646230,-2.80568844,0 136.20774805,-2.80572100,0 136.20822351,-2.80589710,0 136.21007246,-2.80702693,0 136.21192190,-2.80712924,0 136.21418399,-2.80652176,0 136.21689657,-2.80653350,0 136.21740729,-2.80678067,0 136.21772421,-2.80720558,0 136.21772409,-2.80768430,0 136.21753025,-2.80818109,0 136.21606748,-2.80992771,0 136.21592685,-2.81208980,0 136.21624417,-2.81311686,0 136.21882152,-2.81747861,0 136.22000262,-2.81903547,0 136.22152202,-2.82052468,0 136.22250875,-2.82114298,0 136.22354798,-2.82142465,0 136.22575644,-2.82161763,0 136.22818596,-2.82136589,0 136.22857345,-2.82157783,0 136.22922551,-2.82246233,0 136.22922632,-2.82348945,0 136.22825892,-2.82439409,0 136.22546508,-2.82596979,0 136.22402320,-2.82707171,0 136.22276410,-2.82834266,0 136.22181494,-2.83004069,0 136.22163939,-2.83170556,0 136.22174257,-2.83296071,0 136.22224539,-2.83383124,0 136.22307096,-2.83426487,0 136.22409244,-2.83409263,0 136.22458176,-2.83380947,0 136.22792334,-2.83002556,0 136.22930890,-2.82924801,0 136.23104474,-2.82921650,0 136.23213631,-2.82966497,0 136.23405630,-2.83107403,0 136.23470735,-2.83222328,0 136.23491927,-2.83301790,0 136.23476497,-2.83369803,0 136.23444791,-2.83416477,0 136.23302527,-2.83487345,0 136.22972328,-2.83609750,0 136.22905161,-2.83664797,0 136.22850472,-2.83763338,0 136.22844152,-2.83938463,0 136.22858476,-2.84027223,0 136.22934235,-2.84142512,0 136.23052069,-2.84225709,0 136.23268368,-2.84258387,0 136.23335652,-2.84254112,0 136.23391543,-2.84224339,0 136.23468224,-2.84164785,0 136.23561063,-2.84052603,0 136.23771150,-2.83587840,0 136.23810305,-2.83562436,0 136.23897640,-2.83559157,0 136.23967376,-2.83584158,0 136.24073061,-2.83734712,0 136.24193995,-2.83964302,0 136.24331500,-2.84087961,0 136.24400429,-2.84130292,0 136.24553169,-2.84127278,0 136.24595278,-2.84139940,0 136.24679691,-2.84207631,0 136.24698178,-2.84268331,0 136.24676003,-2.84327668,0 136.24453819,-2.84550226,0 136.24405059,-2.84647683,0 136.24374578,-2.84778967,0 136.24247269,-2.84968855,0 136.24079515,-2.85176503,0 136.23938440,-2.85516034,0 136.23935974,-2.85723365,0 136.23979602,-2.85833296,0 136.24090544,-2.85962855,0 136.24281436,-2.86121890,0 136.24698800,-2.86330060,0 136.24999999,-2.86344446,0 136.25106699,-2.86273845,0 136.25138904,-2.86216508,0 136.25125812,-2.86045696,0 136.25101928,-2.85992103,0 136.25050923,-2.85934081,0 136.24846976,-2.85881994,0 136.24653330,-2.85789591,0 136.24417457,-2.85631939,0 136.24335167,-2.85524315,0 136.24311850,-2.85459696,0 136.24307913,-2.85260331,0 136.24370058,-2.85100361,0 136.24414579,-2.85055379,0 136.24471628,-2.85028342,0 136.24675084,-2.85035201,0 136.24753727,-2.85090762,0 136.24999999,-2.85382799,0 136.24999999,-2.85402612,0 136.25191642,-2.85591347,0 136.25258742,-2.85612144,0 136.25352593,-2.85614931,0 136.25515822,-2.85587962,0 136.25729419,-2.85423304,0 136.26105140,-2.85018586,0 136.26140977,-2.85001588,0 136.26341334,-2.84990768,0 136.26400401,-2.85001302,0 136.26505911,-2.85049942,0 136.26535474,-2.85081708,0 136.26556646,-2.85155880,0 136.26514533,-2.85219522,0 136.26476596,-2.85245002,0 136.26161308,-2.85356247,0 136.26106835,-2.85405631,0 136.26090590,-2.85509777,0 136.26096222,-2.85674184,0 136.26244791,-2.86049671,0 136.26255818,-2.86205152,0 136.26231540,-2.86341577,0 136.26079437,-2.86573224,0 136.26060168,-2.86725178,0 136.26105612,-2.86811946,0 136.26290321,-2.86935963,0 136.26369373,-2.86966760,0 136.26422105,-2.87015236,0 136.26488167,-2.87209297,0 136.26640970,-2.87339795,0 136.26794832,-2.87397590,0 136.27003603,-2.87438762,0 136.27143727,-2.87491051,0 136.27250919,-2.87565459,0 136.27289427,-2.87617862,0 136.27322524,-2.87744798,0 136.27322445,-2.87856170,0 136.27305010,-2.87897917,0 136.27158721,-2.88001302,0 136.27060407,-2.88016786,0 136.26900371,-2.88001709,0 136.26640112,-2.88016948,0 136.26484071,-2.88129234,0 136.26419745,-2.88241417,0 136.26414980,-2.88415817,0 136.26477201,-2.88642462,0 136.26546686,-2.88712142,0 136.26688070,-2.88794199,0 136.26804614,-2.88828947,0 136.26953341,-2.88826289,0 136.27144108,-2.88733894,0 136.27181238,-2.88686517,0 136.27219552,-2.88569890,0 136.27219394,-2.88427806,0 136.27268656,-2.88232385,0 136.27314542,-2.88179052,0 136.27530257,-2.88040690,0 136.27668048,-2.87896843,0 136.27698077,-2.87833787,0 136.27733425,-2.87494815,0 136.27774841,-2.87277837,0 136.27839927,-2.87181407,0 136.28003673,-2.87108828,0 136.28115674,-2.87096851,0 136.28204129,-2.87117490,0 136.28310329,-2.87191437,0 136.28395969,-2.87330586,0 136.28410923,-2.87523142,0 136.28378654,-2.87662424,0 136.28316689,-2.87772980,0 136.28148803,-2.87894639,0 136.27983822,-2.87977780,0 136.27839313,-2.88163014,0 136.27814799,-2.88306878,0 136.27828113,-2.88445739,0 136.27851198,-2.88495312,0 136.27918709,-2.88554754,0 136.27992760,-2.88579469,0 136.28079949,-2.88584331,0 136.28190120,-2.88546180,0 136.28255829,-2.88466748,0 136.28323811,-2.88278969,0 136.28417294,-2.88147791,0 136.28568707,-2.88043646,0 136.28725675,-2.88040794,0 136.29157169,-2.88116519,0 136.29399439,-2.88100008,0 136.29445662,-2.88069481,0 136.29566417,-2.88251819,0 136.29566497,-2.88322322,0 136.29530910,-2.88406183,0 136.29465366,-2.88455708,0 136.29226177,-2.88515694,0 136.29125475,-2.88568554,0 136.29070945,-2.88612923,0 136.29000063,-2.88759610,0 136.29000231,-2.88908778,0 136.29032087,-2.89044776,0 136.29108182,-2.89221140,0 136.29187334,-2.89274525,0 136.29325446,-2.89329288,0 136.29335589,-2.89397205,0 136.29293938,-2.89442056,0 136.29034805,-2.89585500,0 136.28908653,-2.89780996,0 136.28815539,-2.89864598,0 136.28785258,-2.89964421,0 136.28841161,-2.90098375,0 136.28901749,-2.90136737,0 136.29304951,-2.90193779,0 136.29464532,-2.90171887,0 136.29602810,-2.90180337,0 136.29687324,-2.90255255,0 136.29700889,-2.90424959,0 136.29634897,-2.90545595,0 136.29514793,-2.90673010,0 136.29426717,-2.90740323,0 136.29326419,-2.90752659,0 136.29034039,-2.90737721,0 136.28917578,-2.90795451,0 136.28871821,-2.90874219,0 136.28858435,-2.90986092,0 136.28868005,-2.91092914,0 136.28895637,-2.91156686,0 136.28961051,-2.91243142,0 136.29099655,-2.91327129,0 136.29165321,-2.91390884,0 136.29287617,-2.91573869,0 136.29360950,-2.91610614,0 136.29441103,-2.91603616,0 136.29466270,-2.91580568,0 136.29473012,-2.91467771,0 136.29429317,-2.91311296,0 136.29429218,-2.91223826,0 136.29436023,-2.91166272,0 136.29479233,-2.91109975,0 136.29584446,-2.91055662,0 136.29720525,-2.91050343,0 136.29941660,-2.91159459,0 136.29980021,-2.91191975,0 136.30045362,-2.91294843,0 136.30052580,-2.91380694,0 136.30035686,-2.91448264,0 136.29975833,-2.91504789,0 136.29846010,-2.91538619,0 136.29734222,-2.91590457,0 136.29617815,-2.91688129,0 136.29617907,-2.91768432,0 136.29644953,-2.91864238,0 136.29601037,-2.92014452,0 136.29603565,-2.92083376,0 136.29662401,-2.92127618,0 136.29765266,-2.92120114,0 136.29909318,-2.91954391,0 136.29987632,-2.91919111,0 136.30034070,-2.91929379,0 136.30062854,-2.91950405,0 136.30071113,-2.91987145,0 136.30023079,-2.92128559,0 136.30027981,-2.92235638,0 136.30066925,-2.92304412,0 136.30148423,-2.92362907,0 136.30285041,-2.92367811,0 136.30386086,-2.92264020,0 136.30397702,-2.92160484,0 136.30302447,-2.92078135,0 136.30289064,-2.92030752,0 136.30289003,-2.91978202,0 136.30345319,-2.91915283,0 136.30455035,-2.91928550,0 136.30601905,-2.92049650,0 136.30659302,-2.92068213,0 136.30762587,-2.92070738,0 136.30947819,-2.92032611,0 136.30982213,-2.92033685,0 136.31017745,-2.92059289,0 136.31021953,-2.92110573,0 136.30970877,-2.92268407,0 136.30894586,-2.92365026,0 136.30790123,-2.92382444,0 136.30678007,-2.92342007,0 136.30568591,-2.92328545,0 136.30521635,-2.92339412,0 136.30464079,-2.92396029,0 136.30446514,-2.92448510,0 136.30456630,-2.92529042,0 136.30604256,-2.92741856,0 136.30613409,-2.92792767,0 136.30581588,-2.92866361,0 136.30393293,-2.93015578,0 136.30355358,-2.93028072,0 136.30265389,-2.93024141,0 136.30191832,-2.92991958,0 136.30144534,-2.92993621,0 136.30126675,-2.93010613,0 136.30130450,-2.93064960,0 136.30273660,-2.93198078,0 136.30356587,-2.93346149,0 136.30381399,-2.93428919,0 136.30392575,-2.93581848,0 136.30416101,-2.93625962,0 136.30466107,-2.93648735,0 136.30533178,-2.93644246,0 136.30593216,-2.93608618,0 136.30616602,-2.93568860,0 136.30612510,-2.93494396,0 136.30524199,-2.93387011,0 136.30502605,-2.93334138,0 136.30479824,-2.93194427,0 136.30503178,-2.93073688,0 136.30563176,-2.93051735,0 136.30650303,-2.93081795,0 136.30772945,-2.93214315,0 136.30821820,-2.93254723,0 136.30873567,-2.93271991,0 136.30985334,-2.93260857,0 136.31094917,-2.93185399,0 136.31205828,-2.93171311,0 136.31206759,-2.93203628,0 136.31182866,-2.93229992,0 136.30880193,-2.93397446,0 136.30850465,-2.93466468,0 136.30847924,-2.93550586,0 136.30870374,-2.93652046,0 136.30906363,-2.93705674,0 136.30982097,-2.93704609,0 136.31041362,-2.93638180,0 136.31119484,-2.93487702,0 136.31161206,-2.93456177,0 136.31292149,-2.93418306,0 136.31378162,-2.93433542,0 136.31555259,-2.93532252,0 136.31654921,-2.93676241,0 136.31750626,-2.93691242,0 136.31835610,-2.93655961,0 136.31896066,-2.93650886,0 136.31947299,-2.93665837,0 136.31957286,-2.93690132,0 136.31953064,-2.93857462,0 136.31981691,-2.93977998,0 136.31977415,-2.94030941,0 136.31932858,-2.94083310,0 136.31759844,-2.94189383,0 136.31717301,-2.94239384,0 136.31680150,-2.94346495,0 136.31624060,-2.94433286,0 136.31546410,-2.94447255,0 136.31351415,-2.94394705,0 136.31274732,-2.94407145,0 136.31262008,-2.94452558,0 136.31279127,-2.94505678,0 136.31401522,-2.94602994,0 136.31438867,-2.94681451,0 136.31425724,-2.94746684,0 136.31365559,-2.94834496,0 136.31294497,-2.94882229,0 136.31141644,-2.94937339,0 136.30991468,-2.94925692,0 136.30910071,-2.94937391,0 136.30836202,-2.94966585,0 136.30749857,-2.95066292,0 136.30753730,-2.95158376,0 136.30898361,-2.95248504,0 136.30934937,-2.95300726,0 136.30934986,-2.95342983,0 136.30909555,-2.95358582,0 136.30852015,-2.95357538,0 136.30739095,-2.95308742,0 136.30640070,-2.95293712,0 136.30596249,-2.95295679,0 136.30518841,-2.95354505,0 136.30478349,-2.95471205,0 136.30466142,-2.95709976,0 136.30405788,-2.95813612,0 136.30401189,-2.95897758,0 136.30297433,-2.96290089,0 136.30068341,-2.96985501,0 136.29954991,-2.97129895,0 136.29794815,-2.97257752,0 136.29748429,-2.97360952,0 136.29726419,-2.97509451,0 136.29722157,-2.97729733,0 136.29747170,-2.97863687,0 136.29916029,-2.98170160,0 136.29918008,-2.98206167,0 136.29907430,-2.98269439,0 136.29858241,-2.98341725,0 136.29759817,-2.98561436,0 136.29746134,-2.98647769,0 136.29756480,-2.98713361,0 136.29830435,-2.98806274,0 136.29922068,-2.98829650,0 136.30076882,-2.98834800,0 136.30175425,-2.98865224,0 136.30215474,-2.98929944,0 136.30235003,-2.99039470,0 136.30397853,-2.99046425,0 136.30468180,-2.99076428,0 136.30496280,-2.99178303,0 136.30548738,-2.99267024,0 136.30604420,-2.99314637,0 136.30751678,-2.99389027,0 136.30778930,-2.99418625,0 136.30781849,-2.99448131,0 136.30775133,-2.99529426,0 136.30744555,-2.99586028,0 136.30687323,-2.99638587,0 136.30583555,-2.99698198,0 136.30541361,-2.99752040,0 136.30536549,-2.99852914,0 136.30577764,-2.99877421,0 136.30820060,-2.99920636,0 136.30987951,-2.99982877,0 136.31121706,-3.00140228,0 136.31134175,-3.00215389,0 136.31113253,-3.00273824,0 136.31022673,-3.00305069,0 136.30756981,-3.00268610,0 136.30724697,-3.00277302,0 136.30690299,-3.00318446,0 136.30681228,-3.00384980,0 136.30689342,-3.00419043,0 136.30769216,-3.00511779,0 136.31050226,-3.00711720,0 136.31170385,-3.00999567,0 136.31279122,-3.01090625,0 136.31283360,-3.01184572,0 136.31255996,-3.01299282,0 136.31071854,-3.01464437,0 136.31005945,-3.01611775,0 136.31011642,-3.01776185,0 136.31057080,-3.01827251,0 136.31176755,-3.01865792,0 136.31239987,-3.01849136,0 136.31340663,-3.01767223,0 136.31374904,-3.01653886,0 136.31475092,-3.01429337,0 136.31477777,-3.01375449,0 136.31441973,-3.01331280,0 136.31415733,-3.01235977,0 136.31458262,-3.01154408,0 136.31488498,-3.01141937,0 136.31602677,-3.01184630,0 136.31818717,-3.01317006,0 136.31963484,-3.01373265,0 136.31998178,-3.01415540,0 136.32007782,-3.01494021,0 136.31973906,-3.01566412,0 136.31876882,-3.01623315,0 136.31823751,-3.01681199,0 136.31817309,-3.01741208,0 136.31848858,-3.01793535,0 136.31931396,-3.01811981,0 136.32094191,-3.01759417,0 136.32149106,-3.01761766,0 136.32220800,-3.01791134,0 136.32264290,-3.01842355,0 136.32280638,-3.01893609,0 136.32292815,-3.02031603,0 136.32431578,-3.01998798,0 136.32503503,-3.01896681,0 136.32579928,-3.01836507,0 136.32668462,-3.01850528,0 136.32787050,-3.01896334,0 136.32905592,-3.01904756,0 136.32960669,-3.01963880,0 136.33027307,-3.01973923,0 136.33076186,-3.02033055,0 136.33122686,-3.02047017,0 136.33128497,-3.02097728,0 136.33254837,-3.02414468,0 136.33564178,-3.02600228,0 136.33795256,-3.02772845,0 136.33837974,-3.02860800,0 136.33923748,-3.02835073,0 136.34039026,-3.02708758,0 136.34141275,-3.02697727,0 136.34328641,-3.02603255,0 136.34377259,-3.02448984,0 136.34514199,-3.02299277,0 136.34762049,-3.02251459,0 136.35234231,-3.02232995,0 136.35300292,-3.02245326,0 136.35591848,-3.02391639,0 136.36000642,-3.02629348,0 136.36062778,-3.02635902,0 136.36147404,-3.02602080,0 136.36303927,-3.02466466,0 136.36422040,-3.02392252,0 136.36661838,-3.02304594,0 136.36820983,-3.02226485,0 136.37008838,-3.02087515,0 136.37304454,-3.01951171,0 136.37434701,-3.01908447,0 136.37661009,-3.01745108,0 136.37854937,-3.01628238,0 136.37938402,-3.01546883,0 136.38041580,-3.01403045,0 136.38171224,-3.01318867,0 136.38334849,-3.01152291,0 136.38459534,-3.01060382,0 136.38738120,-3.00938429,0 136.38828273,-3.00930023,0 136.38862418,-3.00975854,0 136.38819120,-3.01082031,0 136.38823552,-3.01109108,0 136.38848865,-3.01126762,0 136.39021309,-3.01171770,0 136.39148019,-3.01184414,0 136.39255771,-3.01179854,0 136.39371181,-3.01145438,0 136.39461349,-3.01148085,0 136.39574718,-3.01238031,0 136.39718748,-3.01227897,0 136.39764519,-3.01337275,0 136.39839352,-3.01386370,0 136.39881683,-3.01384104,0 136.40024551,-3.01325885,0 136.40115258,-3.01320241,0 136.40309938,-3.01365311,0 136.40407329,-3.01427641,0 136.40550327,-3.01470567,0 136.40598263,-3.01552306,0 136.40619320,-3.01681060,0 136.40646838,-3.01703685,0 136.40729868,-3.01713526,0 136.40776080,-3.01737233,0 136.40819092,-3.01837217,0 136.40814788,-3.01910733,0 136.40750051,-3.02017490,0 136.40734201,-3.02089915,0 136.40740184,-3.02222855,0 136.40791695,-3.02335796,0 136.40798964,-3.02430300,0 136.40763847,-3.02483406,0 136.40613287,-3.02546611,0 136.40578175,-3.02604138,0 136.40579925,-3.02682621,0 136.40699524,-3.02911286,0 136.40757856,-3.02953769,0 136.40921718,-3.02972899,0 136.40969052,-3.03013738,0 136.41040148,-3.03147400,0 136.41082495,-3.03157846,0 136.41185268,-3.03128971,0 136.41356572,-3.02952433,0 136.41425835,-3.02944604,0 136.41512287,-3.03048952,0 136.41542744,-3.03217488,0 136.41590188,-3.03341784,0 136.41628756,-3.03405295,0 136.41684901,-3.03456623,0 136.41904155,-3.03482504,0 136.41952658,-3.03464561,0 136.42011944,-3.03394841,0 136.42079566,-3.03393647,0 136.42120903,-3.03472629,0 136.42121691,-3.03655021,0 136.42140381,-3.03738930,0 136.42339409,-3.04076447,0 136.42491905,-3.04231555,0 136.42658029,-3.04298764,0 136.42670773,-3.04373915,0 136.42752854,-3.04496506,0 136.42823441,-3.04658907,0 136.43208827,-3.05061866,0 136.43299060,-3.05112041,0 136.43528278,-3.05078572,0 136.43601955,-3.05082342,0 136.43728497,-3.05149602,0 136.43776468,-3.05232467,0 136.43720003,-3.05377326,0 136.43712411,-3.05456373,0 136.43728392,-3.05484539,0 136.43849428,-3.05545726,0 136.44007914,-3.05654948,0 136.44216300,-3.05665168,0 136.44328975,-3.05641250,0 136.44502045,-3.05555900,0 136.44605270,-3.05454064,0 136.44669993,-3.05340120,0 136.44720336,-3.05191274,0 136.44861660,-3.04883511,0 136.44989761,-3.04804625,0 136.45353088,-3.04861379,0 136.45645287,-3.04989783,0 136.45766466,-3.05061174,0 136.45838213,-3.05447481,0 136.45824364,-3.05740881,0 136.46031229,-3.05969578,0 136.46116894,-3.06112574,0 136.46323615,-3.06233936,0 136.46914798,-3.06119253,0 136.47192813,-3.06127879,0 136.47488837,-3.06190536,0 136.47713155,-3.06280319,0 136.48860945,-3.06215658,0 136.49022227,-3.06116330,0 136.49246320,-3.06043943,0 136.49389529,-3.05845538,0 136.49496880,-3.05656193,0 136.49622303,-3.05565925,0 136.49703124,-3.05646895,0 136.49936308,-3.05664587,0 136.49999999,-3.05643300,0 136.50250997,-3.05641796,0 136.50578033,-3.05654561,0 136.50894657,-3.05692095,0 136.51474482,-3.05696077,0 136.51620224,-3.05659978,0 136.52018663,-3.05476956,0 136.52075190,-3.05473884,0 136.52156271,-3.05477200,0 136.52367514,-3.05626795,0 136.52587229,-3.05673556,0 136.52777910,-3.05696752,0 136.53219346,-3.05689566,0 136.53326879,-3.05670461,0 136.53412228,-3.05645814,0 136.53472045,-3.05602253,0 136.53523888,-3.05409329,0 136.53659003,-3.05292088,0 136.53759668,-3.05121389,0 136.53945835,-3.05035287,0 136.54161799,-3.04849930,0 136.54206154,-3.04849866,0 136.54275054,-3.04955667,0 136.54306123,-3.04970113,0 136.54442498,-3.04959884,0 136.54521163,-3.04915181,0 136.54728558,-3.04941636,0 136.54791701,-3.04898070,0 136.54818230,-3.04840066,0 136.54879152,-3.04794274,0 136.55159656,-3.04768229,0 136.55218338,-3.04707949,0 136.55252590,-3.04622065,0 136.55400016,-3.04586180,0 136.55403258,-3.04527095,0 136.55433128,-3.04479118,0 136.55568310,-3.04370430,0 136.55619167,-3.04306066,0 136.55677894,-3.04276998,0 136.55867505,-3.04275608,0 136.56053856,-3.04321041,0 136.56190247,-3.04323072,0 136.56255719,-3.04357533,0 136.56280680,-3.04404482,0 136.56445453,-3.04441976,0 136.56607320,-3.04425019,0 136.56647197,-3.04396101,0 136.56672401,-3.04523163,0 136.56728975,-3.04586476,0 136.57074058,-3.04584811,0 136.57147649,-3.04601174,0 136.57228262,-3.04654538,0 136.57275838,-3.04712988,0 136.57306635,-3.04816715,0 136.57347618,-3.04880215,0 136.57514509,-3.05016247,0 136.57547632,-3.05071311,0 136.57567353,-3.05253748,0 136.57704459,-3.05522632,0 136.57712669,-3.05880475,0 136.57726832,-3.05909674,0 136.57854812,-3.06023085,0 136.57904215,-3.06117794,0 136.57895898,-3.06194106,0 136.57863967,-3.06281941,0 136.57897284,-3.06383323,0 136.57879883,-3.06437442,0 136.57805781,-3.06567974,0 136.57747074,-3.06610420,0 136.57589650,-3.06634062,0 136.57477768,-3.06711143,0 136.57410164,-3.06736881,0 136.57257145,-3.06739337,0 136.57192858,-3.06758382,0 136.57143013,-3.06795241,0 136.57017930,-3.06944798,0 136.56935916,-3.06973902,0 136.56776250,-3.06981940,0 136.56705341,-3.07022174,0 136.56654423,-3.07083559,0 136.56643228,-3.07279740,0 136.56587315,-3.07449286,0 136.56529809,-3.07556384,0 136.56232071,-3.07933599,0 136.56082740,-3.08186861,0 136.55849037,-3.08373364,0 136.55769339,-3.08471577,0 136.55749490,-3.08547407,0 136.55748539,-3.08655537,0 136.55792530,-3.09166016,0 136.55895473,-3.09799028,0 136.55893724,-3.10118956,0 136.55818699,-3.10378798,0 136.55794531,-3.10534895,0 136.55797295,-3.10907209,0 136.55865263,-3.11127824,0 136.55870996,-3.11256008,0 136.55758222,-3.11531582,0 136.55598959,-3.11771415,0 136.55507250,-3.11997841,0 136.55463120,-3.12151738,0 136.55456088,-3.12441818,0 136.55179547,-3.12821362,0 136.55110212,-3.13154726,0 136.55021537,-3.13421799,0 136.54867244,-3.13559644,0 136.54729561,-3.13775943,0 136.54613639,-3.13835804,0 136.54534662,-3.13969116,0 136.54395701,-3.14064935,0 136.54293129,-3.14230337,0 136.54266932,-3.14361912,0 136.54073133,-3.14699253,0 136.54336785,-3.15094890,0 136.54257648,-3.15329992,0 136.54043692,-3.15411918,0 136.53804368,-3.15569594,0 136.53194976,-3.15678873,0 136.52791910,-3.15648143,0 136.52448168,-3.15736079,0 136.52069390,-3.15932091,0 136.51918718,-3.16613283,0 136.51888647,-3.16950070,0 136.51947581,-3.17160846,0 136.51986805,-3.17469583,0 136.52027998,-3.18024008,0 136.51727479,-3.18444389,0 136.51819253,-3.18755438,0 136.52050329,-3.18971230,0 136.52236878,-3.19210024,0 136.52403479,-3.19532662,0 136.52412460,-3.20573832,0 136.52477924,-3.20960848,0 136.52573356,-3.21134172,0 136.52801573,-3.21403854,0 136.52957201,-3.21848495,0 136.53037382,-3.22161648,0 136.53157331,-3.22401968,0 136.53265385,-3.22575903,0 136.53528833,-3.22741969,0 136.53838469,-3.22835516,0 136.54102233,-3.22985570,0 136.54445482,-3.23038352,0 136.54809919,-3.23210532,0 136.55271412,-3.23609216,0 136.55706143,-3.24054974,0 136.56125192,-3.24129136,0 136.56296703,-3.24595912,0 136.56728575,-3.25397533,0 136.57005049,-3.25327465,0 136.57265469,-3.25188891,0 136.58190556,-3.24801424,0 136.58463659,-3.24625173,0 136.58966995,-3.24770011,0 136.59333062,-3.24746533,0 136.59691789,-3.24651471,0 136.59963332,-3.24513241,0 136.60205181,-3.24273144,0 136.60314797,-3.23940193,0 136.60740508,-3.23827559,0 136.61590778,-3.23691496,0 136.61810583,-3.23627837,0 136.61938441,-3.23633151,0 136.62057848,-3.23893618,0 136.62268796,-3.23961658,0 136.62521549,-3.23869153,0 136.62928897,-3.23899111,0 136.63108932,-3.24156195,0 136.63418177,-3.24488146,0 136.63521377,-3.24361870,0 136.63718810,-3.24245528,0 136.63929992,-3.24045427,0 136.64201844,-3.23933538,0 136.64400557,-3.23615398,0 136.64452330,-3.23449992,0 136.64705489,-3.23346235,0 136.65088900,-3.23312013,0 136.65688006,-3.23146955,0 136.65975645,-3.22830999,0 136.66211823,-3.22690520,0 136.66560168,-3.22514739,0 136.66791057,-3.22685828,0 136.67111859,-3.22728696,0 136.67969376,-3.22390471,0 136.68160318,-3.22422830,0 136.68368732,-3.22497853,0 136.68620100,-3.22641468,0 136.68944657,-3.22874359,0 136.69026956,-3.22902428,0 136.69159539,-3.22909015,0 136.69233070,-3.22901111,0 136.69321056,-3.22857196,0 136.69392664,-3.22857076,0 136.69478824,-3.22879302,0 136.69548477,-3.22867514,0 136.69625849,-3.22842096,0 136.69745727,-3.22773810,0 136.69959549,-3.22753026,0 136.70050395,-3.22683817,0 136.70294149,-3.22624077,0 136.70404376,-3.22571370,0 136.70475957,-3.22555687,0 136.70602757,-3.22576871,0 136.70641511,-3.22605012,0 136.70679352,-3.22666224,0 136.70714217,-3.22683673,0 136.70821607,-3.22670847,0 136.70953098,-3.22603514,0 136.71058553,-3.22591665,0 136.71120529,-3.22618793,0 136.71215545,-3.22728539,0 136.71380261,-3.22855674,0 136.71520577,-3.22858354,0 136.71681401,-3.22971878,0 136.71836237,-3.22977451,0 136.71890488,-3.23014318,0 136.71865889,-3.23346996,0 136.71892117,-3.23407254,0 136.72039488,-3.23576239,0 136.72127623,-3.23621801,0 136.72208053,-3.23688775,0 136.72357202,-3.23764384,0 136.72457894,-3.23796309,0 136.72521832,-3.23838995,0 136.72672823,-3.23859161,0 136.72745394,-3.23838230,0 136.72541807,-3.23828387,0 136.72386167,-3.23649216,0 136.72291563,-3.23685264,0 136.72219846,-3.23685384,0 136.72053526,-3.23542118,0 136.71934507,-3.23291087,0 136.71932981,-3.22896314,0 136.71888337,-3.22755860,0 136.71726534,-3.22603575,0 136.71488588,-3.22451289,0 136.70793785,-3.22213343,0 136.70489214,-3.22137200,0 136.69118645,-3.21870701,0 136.68423842,-3.21594683,0 136.68209928,-3.21434593,0 136.68020761,-3.21256133,0 136.67863717,-3.21149058,0 136.67778056,-3.21113366,0 136.67692396,-3.21113366,0 136.67560336,-3.21170473,0 136.67503229,-3.21166904,0 136.67449691,-3.21109797,0 136.67413999,-3.20999152,0 136.67371168,-3.20952752,0 136.67335477,-3.20942045,0 136.67149879,-3.20963460,0 136.67089202,-3.20913491,0 136.67053510,-3.20863522,0 136.67024957,-3.20706478,0 136.66985696,-3.20638663,0 136.66875051,-3.20538726,0 136.66446748,-3.20299590,0 136.66346810,-3.20253191,0 136.66128842,-3.20185842,0 136.66084227,-3.20096612,0 136.65971203,-3.19992511,0 136.65837358,-3.19811077,0 136.65810589,-3.19665335,0 136.65620232,-3.19596926,0 136.65447721,-3.19570157,0 136.65403106,-3.19540413,0 136.65385260,-3.19504721,0 136.65391209,-3.19356005,0 136.65465567,-3.19213237,0 136.65468542,-3.19165648,0 136.65450696,-3.19118059,0 136.65391209,-3.19067496,0 136.65346594,-3.18903908,0 136.65352543,-3.18868216,0 136.65376337,-3.18847395,0 136.65435824,-3.18832524,0 136.65522079,-3.18761140,0 136.65522079,-3.18728422,0 136.65477464,-3.18689756,0 136.65468542,-3.18657038,0 136.65480439,-3.18526168,0 136.65453670,-3.18514271,0 136.65361466,-3.18549963,0 136.65316851,-3.18544014,0 136.65287108,-3.18511296,0 136.65299005,-3.18374477,0 136.65272236,-3.18326888,0 136.65174083,-3.18190069,0 136.65049162,-3.18082994,0 136.65007521,-3.18023507,0 136.64995624,-3.17955097,0 136.65013470,-3.17886688,0 136.65096751,-3.17755818,0 136.65093776,-3.17720126,0 136.65078905,-3.17693357,0 136.65010069,-3.17691731,0 136.64948034,-3.17657665,0 136.64748755,-3.17422693,0 136.64784446,-3.17178798,0 136.64695217,-3.17024133,0 136.64677371,-3.16952750,0 136.64653576,-3.16789162,0 136.64662499,-3.16577984,0 136.64600038,-3.16360859,0 136.64580851,-3.16040264,0 136.64692307,-3.15964470,0 136.64710153,-3.15910932,0 136.64662564,-3.15756267,0 136.64680410,-3.15714627,0 136.64807711,-3.15677745,0 136.64871957,-3.15627776,0 136.64907648,-3.15470732,0 136.64943340,-3.15410056,0 136.65239583,-3.15195904,0 136.65321675,-3.15063844,0 136.65478719,-3.14949630,0 136.65564380,-3.14899661,0 136.65617918,-3.14888954,0 136.65717855,-3.14988891,0 136.65785670,-3.15013876,0 136.65846346,-3.14988891,0 136.66031944,-3.14856831,0 136.66053359,-3.14753325,0 136.66056928,-3.14624834,0 136.66078343,-3.14578434,0 136.66153296,-3.14539173,0 136.66288926,-3.14532035,0 136.66385294,-3.14503481,0 136.66545907,-3.14360714,0 136.66563753,-3.14157270,0 136.66681537,-3.14039486,0 136.66688675,-3.13993087,0 136.66656552,-3.13864596,0 136.66767197,-3.13771797,0 136.66785319,-3.13731670,0 136.68329468,-3.14625651,0 136.69973348,-3.16105143,0 136.73178914,-3.18324381,0 136.76524660,-3.19271291,0 136.76417900,-3.19430329,0 136.76113329,-3.19744418,0 136.75970561,-3.19934775,0 136.75837311,-3.20144168,0 136.75459415,-3.20910033,0 136.75022203,-3.21422626,0 136.74765907,-3.21754304,0 136.74434229,-3.22553346,0 136.74283466,-3.22809642,0 136.73997017,-3.23186549,0 136.73744081,-3.23817285,0 136.73930975,-3.23966904,0 136.73986293,-3.24061152,0 136.73999000,-3.24136021,0 136.74078369,-3.24147555,0 136.74158764,-3.24194102,0 136.74341919,-3.24349402,0 136.74399182,-3.24448509,0 136.74410138,-3.24630367,0 136.74386058,-3.24695574,0 136.74255755,-3.24889348,0 136.74245312,-3.25139536,0 136.74150244,-3.25258138,0 136.74003780,-3.25378089,0 136.73931239,-3.25475233,0 136.73903823,-3.25569778,0 136.74042087,-3.25784993,0 136.74104993,-3.25917181,0 136.74183292,-3.26252197,0 136.74238273,-3.26329665,0 136.74263968,-3.26405975,0 136.74354359,-3.26501377,0 136.74509766,-3.26611946,0 136.74537529,-3.26671368,0 136.75990923,-3.25786157,0 136.77016109,-3.25137877,0 136.77257330,-3.25107725,0 136.78297592,-3.25107725,0 136.80884371,-3.25417017,0 136.84587383,-3.24510200,0 136.85770880,-3.24308815,0 136.86984405,-3.23973311,0 136.87412256,-3.24221404,0 136.87787263,-3.24517019,0 136.87724141,-3.24566930,0 136.87424329,-3.24727544,0 136.87120947,-3.24845327,0 136.86789013,-3.24859604,0 136.86424955,-3.24930987,0 136.86278618,-3.24966679,0 136.86207979,-3.25025009,0 136.86139020,-3.25011799,0 136.86080010,-3.25031786,0 136.86013385,-3.25031786,0 136.85962940,-3.24987052,0 136.85891557,-3.24970872,0 136.85788764,-3.24973727,0 136.85702151,-3.25005136,0 136.85600310,-3.25083182,0 136.85527023,-3.25226902,0 136.85489485,-3.25254694,0 136.85428571,-3.25281344,0 136.85203949,-3.25319415,0 136.85123999,-3.25370812,0 136.85059278,-3.25452665,0 136.85034532,-3.25544036,0 136.85006692,-3.25841707,0 136.85022159,-3.25941644,0 136.85098610,-3.26072725,0 136.85117224,-3.26149233,0 136.85113277,-3.26224225,0 136.85172764,-3.26554375,0 136.85163841,-3.26926166,0 136.85187635,-3.26982678,0 136.85235225,-3.27018370,0 136.85321480,-3.27051087,0 136.85743834,-3.27036216,0 136.85809270,-3.27074882,0 136.85857100,-3.27153432,0 136.86088693,-3.27222240,0 136.86304640,-3.27937311,0 136.86378998,-3.28532176,0 136.86557458,-3.28784994,0 136.86944120,-3.29231143,0 136.87063093,-3.29439346,0 136.87092837,-3.29692164,0 136.87301039,-3.30034211,0 136.87479499,-3.30658820,0 136.87524114,-3.31164455,0 136.87687702,-3.31684962,0 136.88104107,-3.32458287,0 136.88297439,-3.32651618,0 136.88461027,-3.32934179,0 136.88520513,-3.33053152,0 136.88639486,-3.33395200,0 136.88624615,-3.33633146,0 136.88907176,-3.34480829,0 136.88951790,-3.34837748,0 136.89100507,-3.35105437,0 136.89174865,-3.35447485,0 136.89145122,-3.35774661,0 136.89278966,-3.35982864,0 136.89383068,-3.36235681,0 136.89516912,-3.36488499,0 136.89606142,-3.36756188,0 136.89531784,-3.37113108,0 136.89442554,-3.37410540,0 136.89695372,-3.37767459,0 136.89739987,-3.37931047,0 136.89769730,-3.38406940,0 136.89873832,-3.38540784,0 136.89844088,-3.40622813,0 136.89892141,-3.40674562,0 136.89969440,-3.40640691,0 136.90186447,-3.40659727,0 136.90232133,-3.40634980,0 136.90234036,-3.40581680,0 136.90369190,-3.40558838,0 136.90443429,-3.40646402,0 136.90500536,-3.40676859,0 136.90616654,-3.40646402,0 136.90730868,-3.40655920,0 136.90776553,-3.40606427,0 136.90732771,-3.40425588,0 136.90749903,-3.40362770,0 136.90777029,-3.40346114,0 136.90891243,-3.40349683,0 136.91004268,-3.40272350,0 136.91063754,-3.40250935,0 136.91261250,-3.40220002,0 136.91364756,-3.40103409,0 136.91540836,-3.39979677,0 136.91674086,-3.39907103,0 136.91888238,-3.39890447,0 136.92023867,-3.39920190,0 136.92142840,-3.39914242,0 136.92376027,-3.39819063,0 136.92439083,-3.39728644,0 136.92464067,-3.39716746,0 136.92634199,-3.39681054,0 136.92851443,-3.39567316,0 136.92959947,-3.39593014,0 136.93005632,-3.39580165,0 136.93202652,-3.39503071,0 136.93321149,-3.39411699,0 136.93458206,-3.39380291,0 136.93699483,-3.39263221,0 136.93989302,-3.39251800,0 136.94156340,-3.39278925,0 136.94241366,-3.39105066,0 136.94260402,-3.38888535,0 136.94281817,-3.38864741,0 136.94429343,-3.38800495,0 136.94595906,-3.38795736,0 136.94805298,-3.38845705,0 136.94993276,-3.38859982,0 136.95057521,-3.38907571,0 136.95131284,-3.38919468,0 136.95212186,-3.38893294,0 136.95274052,-3.38919468,0 136.95345436,-3.38926607,0 136.95419199,-3.38879017,0 136.95478686,-3.38869500,0 136.95771359,-3.38997990,0 136.96024612,-3.39053872,0 136.96014680,-3.38870139,0 136.96109859,-3.38222925,0 136.96109859,-3.37727998,0 136.96243108,-3.37290177,0 136.96262144,-3.36852356,0 136.96071787,-3.36071893,0 136.96052752,-3.35596000,0 136.96281180,-3.35177215,0 136.96243108,-3.34415788,0 136.96157139,-3.33742362,0 136.96071044,-3.33634056,0 136.96069140,-3.33560768,0 136.96122319,-3.33442212,0 136.96105308,-3.33289510,0 136.96009178,-3.33241921,0 136.95946360,-3.33247631,0 136.95857844,-3.33324726,0 136.95786460,-3.33346617,0 136.95759810,-3.33331388,0 136.95764387,-3.33218365,0 136.95748389,-3.33126755,0 136.95700800,-3.33113430,0 136.95667487,-3.33127706,0 136.95624657,-3.33184813,0 136.95477109,-3.33313003,0 136.95460364,-3.33363236,0 136.95553273,-3.33541733,0 136.95561839,-3.33612165,0 136.95479034,-3.33620731,0 136.95434300,-3.33600743,0 136.95287725,-3.33505565,0 136.95076838,-3.33291373,0 136.95026936,-3.33259053,0 136.94978531,-3.33253886,0 136.94931056,-3.33324636,0 136.94934613,-3.33397061,0 136.94969829,-3.33481770,0 136.94890032,-3.33643716,0 136.94887976,-3.33772064,0 136.94861326,-3.33822509,0 136.94705233,-3.33840593,0 136.94635753,-3.33932916,0 136.94591971,-3.33950048,0 136.94542478,-3.33907218,0 136.94385434,-3.33889134,0 136.94154150,-3.33756836,0 136.94100776,-3.33695971,0 136.94075995,-3.33467138,0 136.94030089,-3.33376057,0 136.93971086,-3.33375433,0 136.93761277,-3.33573756,0 136.93689052,-3.33600583,0 136.93652150,-3.33588056,0 136.93623258,-3.33522144,0 136.93712088,-3.33312200,0 136.93697984,-3.33265530,0 136.93632993,-3.33220444,0 136.93570283,-3.33210191,0 136.93469998,-3.33220024,0 136.93297599,-3.33313759,0 136.93144982,-3.33340744,0 136.93068247,-3.33324588,0 136.92986999,-3.33263226,0 136.92917943,-3.33024686,0 136.92872878,-3.32985489,0 136.92695127,-3.32982874,0 136.92531263,-3.32915001,0 136.92478151,-3.32909917,0 136.92170787,-3.33006880,0 136.92004145,-3.33027961,0 136.91921532,-3.33023675,0 136.91831467,-3.32979377,0 136.91782555,-3.32857910,0 136.91789838,-3.32810456,0 136.91851653,-3.32739176,0 136.91971096,-3.32719671,0 136.92227808,-3.32745853,0 136.92273490,-3.32722045,0 136.92335279,-3.32637423,0 136.92339634,-3.32601835,0 136.92312948,-3.32532211,0 136.92070503,-3.32255463,0 136.92000909,-3.32117729,0 136.91954341,-3.31681973,0 136.91880094,-3.31425649,0 136.91829719,-3.31310114,0 136.91852886,-3.31084733,0 136.91927956,-3.31003052,0 136.92056190,-3.30953881,0 136.92285950,-3.30774055,0 136.92319709,-3.30688006,0 136.92316544,-3.30576086,0 136.92290674,-3.30546486,0 136.92126818,-3.30480093,0 136.91842002,-3.30410229,0 136.91775562,-3.30377744,0 136.91658876,-3.30294951,0 136.91469683,-3.30092218,0 136.91373653,-3.30012350,0 136.91162491,-3.29891195,0 136.90910058,-3.29784943,0 136.90890792,-3.29737541,0 136.90895053,-3.29651549,0 136.90930121,-3.29476548,0 136.90916670,-3.29384660,0 136.90870719,-3.29266150,0 136.90745111,-3.29144828,0 136.90609234,-3.29053175,0 136.90465844,-3.28888894,0 136.90306204,-3.28779021,0 136.90266229,-3.28778069,0 136.90196749,-3.28746661,0 136.90144401,-3.28700023,0 136.90071114,-3.28576291,0 136.90062548,-3.28443993,0 136.90121558,-3.28224131,0 136.90141639,-3.27689297,0 136.90236467,-3.27463459,0 136.90215052,-3.27321881,0 136.90157944,-3.27242169,0 136.90012797,-3.27155319,0 136.89939034,-3.27066089,0 136.89868354,-3.26939933,0 136.89793887,-3.26892388,0 136.89630894,-3.26892388,0 136.89564269,-3.26859076,0 136.89448979,-3.26717091,0 136.89398896,-3.26585438,0 136.89290631,-3.26518813,0 136.89106102,-3.26506554,0 136.88900399,-3.26427204,0 136.88781426,-3.26183309,0 136.88806290,-3.25931915,0 136.89102654,-3.25148243,0 136.89798646,-3.24333278,0 136.89599366,-3.24047743,0 136.89507162,-3.23839540,0 136.89548802,-3.23705695,0 136.89727262,-3.23548056,0 136.89944388,-3.23488569,0 136.90024695,-3.23530210,0 136.90203154,-3.23672978,0 136.90348896,-3.23655132,0 136.90607663,-3.23562928,0 136.90768276,-3.23381494,0 136.90827763,-3.23164368,0 136.90928890,-3.23021600,0 136.90976479,-3.23009703,0 136.91133403,-3.23065854,0 136.91203123,-3.23346872,0 136.91580029,-3.23535326,0 136.91662776,-3.23516230,0 136.91750517,-3.23471235,0 136.91760035,-3.23271360,0 136.91446660,-3.22995343,0 136.91353861,-3.22809745,0 136.91332446,-3.22609870,0 136.91225370,-3.22217259,0 136.91261062,-3.22010246,0 136.91353861,-3.21831786,0 136.91397093,-3.21636372,0 136.91282477,-3.21460590,0 136.91135188,-3.21316199,0 136.91025496,-3.21132225,0 136.91075464,-3.20932350,0 136.91253924,-3.20839551,0 136.91396691,-3.20696783,0 136.91361000,-3.20496909,0 136.91239647,-3.20332726,0 136.91146848,-3.20282757,0 136.90768564,-3.19577469,0 136.90768564,-3.19220550,0 136.90911331,-3.18899323,0 136.91089791,-3.18661377,0 136.91173072,-3.18459122,0 136.91149277,-3.18244971,0 136.91046960,-3.18028440,0 136.90970818,-3.17780976,0 136.90761425,-3.17419298,0 136.90323604,-3.17228941,0 136.90019033,-3.17000513,0 136.89999998,-3.16524621,0 136.90152283,-3.16143907,0 136.90317798,-3.15812877,0 136.89904685,-3.15798082,0 136.89747640,-3.15837343,0 136.89690533,-3.15837343,0 136.89676256,-3.15812359,0 136.89679826,-3.15723129,0 136.89654841,-3.15669591,0 136.89601303,-3.15626761,0 136.89540627,-3.15601777,0 136.89458536,-3.15605346,0 136.89358598,-3.15648176,0 136.89290784,-3.15648176,0 136.89244384,-3.15594638,0 136.89165862,-3.15437594,0 136.88990972,-3.15351933,0 136.88866050,-3.15269842,0 136.88823220,-3.15219873,0 136.88783959,-3.15066398,0 136.88751836,-3.15012860,0 136.88709005,-3.14987876,0 136.88651898,-3.14991445,0 136.88619776,-3.15037844,0 136.88616207,-3.15112797,0 136.88584084,-3.15144920,0 136.88526977,-3.15141351,0 136.88501992,-3.15119936,0 136.88462731,-3.15037844,0 136.88448455,-3.14934338,0 136.88369932,-3.14809416,0 136.88359765,-3.14615656,0 136.88600813,-3.14655281,0 136.98668908,-3.17584992,0 136.98816005,-3.17617292,0 136.98938462,-3.17472325,0 136.99027691,-3.17427710,0 136.99113947,-3.17418787,0 136.99238869,-3.17454479,0 136.99319175,-3.17510992,0 136.99363790,-3.17600221,0 136.99372713,-3.17701348,0 136.99342970,-3.18126677,0 136.99354867,-3.18251599,0 136.99408405,-3.18367598,0 136.99563070,-3.18462776,0 136.99658249,-3.18480622,0 136.99735581,-3.18465750,0 136.99851580,-3.18409238,0 136.99934861,-3.18320008,0 137.00074654,-3.18120728,0 137.00089526,-3.17986884,0 137.00169833,-3.17775707,0 137.00342344,-3.17585350,0 137.00431573,-3.17543709,0 137.00511880,-3.17540735,0 137.00681417,-3.17576427,0 137.00776595,-3.17644836,0 137.00856902,-3.17754886,0 137.00868799,-3.17924423,0 137.00830133,-3.17977961,0 137.00729006,-3.18064216,0 137.00378036,-3.18254573,0 137.00297729,-3.18382469,0 137.00270960,-3.18540108,0 137.00327472,-3.18789952,0 137.00401830,-3.18900002,0 137.00768986,-3.19331545,0 137.01318641,-3.19524282,0 137.04066918,-3.20416579,0 137.04066918,-3.21130418,0 137.02318015,-3.22736554,0 137.00569111,-3.24128539,0 136.99177126,-3.25020837,0 136.96428849,-3.26841124,0 136.95069558,-3.28359197,0 136.99825133,-3.31327995,0 137.00338276,-3.31744924,0 137.00339516,-3.31764542,0 137.00453016,-3.31583228,0 137.00498702,-3.31553246,0 137.00615771,-3.31550391,0 137.00759512,-3.31574806,0 137.00944023,-3.31487645,0 137.02277006,-3.30747099,0 137.02274731,-3.30696640,0 137.02220480,-3.30610980,0 137.02213341,-3.30568149,0 137.02186215,-3.30198381,0 137.02150524,-3.30109865,0 137.02067718,-3.30054186,0 137.02062008,-3.30002790,0 137.02223335,-3.29822902,0 137.02229046,-3.29644443,0 137.02167656,-3.29570204,0 137.02174794,-3.29505958,0 137.02390373,-3.29384606,0 137.02454619,-3.29307511,0 137.02474606,-3.29191869,0 137.02426065,-3.29136190,0 137.02296147,-3.29133334,0 137.02254744,-3.29117630,0 137.02226190,-3.29076227,0 137.02197637,-3.28923466,0 137.02119115,-3.28810680,0 137.02103410,-3.28746434,0 137.02164800,-3.28536566,0 137.02136247,-3.28423779,0 137.02173366,-3.28320986,0 137.02254744,-3.28245320,0 137.02484600,-3.28146810,0 137.02520292,-3.28118256,0 137.02528858,-3.28014036,0 137.02516009,-3.27948363,0 137.02451763,-3.27838432,0 137.02434631,-3.27737067,0 137.02496021,-3.27702803,0 137.02535996,-3.27708513,0 137.02700179,-3.27829866,0 137.02754431,-3.27819872,0 137.02775846,-3.27779897,0 137.02791550,-3.27494362,0 137.02830098,-3.27420123,0 137.02877211,-3.27397280,0 137.03048532,-3.27445821,0 137.03125627,-3.27455814,0 137.03174168,-3.27437255,0 137.03201294,-3.27358732,0 137.03194155,-3.27201688,0 137.03138476,-3.27134587,0 137.02984287,-3.27077480,0 137.02962872,-3.27051782,0 137.02968582,-3.27013235,0 137.02997136,-3.26984681,0 137.03228419,-3.26880461,0 137.03374042,-3.26754825,0 137.03439716,-3.26717706,0 137.03522521,-3.26706284,0 137.03855169,-3.26938996,0 137.03926553,-3.26956128,0 137.04079315,-3.26936140,0 137.04139277,-3.26909014,0 137.04172114,-3.26874750,0 137.04192101,-3.26831920,0 137.04199240,-3.26547812,0 137.04300605,-3.26259421,0 137.04336467,-3.26106524,0 137.04337724,-3.25788288,0 137.04360567,-3.25559860,0 137.04451938,-3.25128702,0 137.04491913,-3.25084444,0 137.04637536,-3.25005921,0 137.04848832,-3.24761789,0 137.05044424,-3.24636153,0 137.05064412,-3.24613310,0 137.05085827,-3.24439134,0 137.05118663,-3.24417719,0 137.05278563,-3.24383454,0 137.05425614,-3.24390593,0 137.05502708,-3.24377744,0 137.05551249,-3.24360612,0 137.05589797,-3.24324920,0 137.05696872,-3.24106485,0 137.05918162,-3.23848076,0 137.05958137,-3.23738145,0 137.06086628,-3.23589666,0 137.06235106,-3.23352672,0 137.06245100,-3.23324118,0 137.06229396,-3.23262728,0 137.06119465,-3.23115678,0 137.05878187,-3.23184206,0 137.05818225,-3.23155653,0 137.05759690,-3.23047149,0 137.05751124,-3.22985759,0 137.05773967,-3.22835853,0 137.05843923,-3.22804444,0 137.05962420,-3.22814438,0 137.06006678,-3.22770180,0 137.05999540,-3.22710217,0 137.05936722,-3.22613135,0 137.05813942,-3.22483217,0 137.05782533,-3.22421827,0 137.05758262,-3.22404695,0 137.05659753,-3.22404695,0 137.05599790,-3.22383280,0 137.05576947,-3.22301902,0 137.05605501,-3.22177694,0 137.05602646,-3.22073474,0 137.05518413,-3.21970681,0 137.05465589,-3.21843618,0 137.05412765,-3.21795077,0 137.05254293,-3.21770806,0 137.05207179,-3.21736542,0 137.05160066,-3.21659447,0 137.05178626,-3.21593774,0 137.05252865,-3.21519535,0 137.05337098,-3.21478133,0 137.05521268,-3.21461000,0 137.05609784,-3.21503831,0 137.05672602,-3.21735114,0 137.05736847,-3.21746536,0 137.05791099,-3.21673724,0 137.05811086,-3.21546661,0 137.05692589,-3.21378195,0 137.05614067,-3.21076955,0 137.05504136,-3.20954175,0 137.05504136,-3.20915628,0 137.05526979,-3.20897068,0 137.05761118,-3.20875653,0 137.05799665,-3.20878508,0 137.05916734,-3.20961314,0 137.05950999,-3.20965597,0 137.05989546,-3.20944181,0 137.05992401,-3.20869942,0 137.05970986,-3.20822829,0 137.05803948,-3.20708615,0 137.05732564,-3.20628665,0 137.05726853,-3.20531583,0 137.05842495,-3.20261752,0 137.06059502,-3.20263180,0 137.06133741,-3.20204645,0 137.06155156,-3.20001915,0 137.06252238,-3.19884845,0 137.06259377,-3.19856292,0 137.06187993,-3.19646423,0 137.06202270,-3.19557908,0 137.06263660,-3.19445121,0 137.06262232,-3.19410857,0 137.06232251,-3.19335190,0 137.06108043,-3.19189567,0 137.06089483,-3.19069642,0 137.06109471,-3.18915453,0 137.06040942,-3.18832648,0 137.06025238,-3.18784107,0 137.06038087,-3.18752698,0 137.06068068,-3.18735566,0 137.06148018,-3.18724144,0 137.06162295,-3.18708440,0 137.06125175,-3.18588515,0 137.06128031,-3.18531408,0 137.06195131,-3.18390068,0 137.06250811,-3.18315829,0 137.06380729,-3.18245873,0 137.06590598,-3.18197332,0 137.06610585,-3.18165923,0 137.06596309,-3.18110243,0 137.06462107,-3.18077407,0 137.06429270,-3.18048853,0 137.06383585,-3.17941778,0 137.06382157,-3.17834702,0 137.06399289,-3.17797582,0 137.06480667,-3.17746186,0 137.06658855,-3.17691228,0 137.06847195,-3.17844116,0 137.06984014,-3.17882782,0 137.07100013,-3.17870885,0 137.07510470,-3.17716220,0 137.07778159,-3.17558581,0 137.07932824,-3.17493146,0 137.08587176,-3.17267097,0 137.08721021,-3.17151098,0 137.08834045,-3.17014279,0 137.09048197,-3.16467003,0 137.09060094,-3.16023828,0 137.09054484,-3.15894793,0 137.09036937,-3.15879527,0 137.09066937,-3.15785537,0 137.09112048,-3.15698744,0 137.09352458,-3.15506066,0 137.09463791,-3.15466102,0 137.09609676,-3.15451355,0 137.09753482,-3.15474908,0 137.09977847,-3.15526475,0 137.10139695,-3.15586115,0 137.10276423,-3.15664592,0 137.10413076,-3.15706221,0 137.10533799,-3.15689357,0 137.10621403,-3.15645827,0 137.10732521,-3.15499653,0 137.10777443,-3.15320377,0 137.10715711,-3.15004762,0 137.10615918,-3.14705841,0 137.10579653,-3.14543348,0 137.10578902,-3.14169084,0 137.10596636,-3.14051278,0 137.10625155,-3.13935617,0 137.10698889,-3.13785907,0 137.10856695,-3.13624465,0 137.11051660,-3.13354571,0 137.11147104,-3.13278514,0 137.11274176,-3.13203837,0 137.11606693,-3.13068052,0 137.12115061,-3.12811250,0 137.12201160,-3.12735212,0 137.12455541,-3.12348151,0 137.12521557,-3.12293829,0 137.12614958,-3.12275576,0 137.12672528,-3.12310140,0 137.12705068,-3.12407612,0 137.12698659,-3.12794168,0 137.12738478,-3.12936421,0 137.12807056,-3.13082951,0 137.12871893,-3.13156515,0 137.13120215,-3.13329409,0 137.13271337,-3.13419413,0 137.13425996,-3.13481954,0 137.13518034,-3.13499829,0 137.13643787,-3.13485121,0 137.13915233,-3.13364628,0 137.14139344,-3.13295530,0 137.14249303,-3.13290247,0 137.14585040,-3.13329294,0 137.14728761,-3.13314548,0 137.15085015,-3.13193878,0 137.15261060,-3.13170395,0 137.15469467,-3.13155515,0 137.15679378,-3.13173144,0 137.15866332,-3.13212494,0 137.16122181,-3.13200404,0 137.16220571,-3.13162631,0 137.16298042,-3.13088053,0 137.16399796,-3.12938286,0 137.16598850,-3.12569402,0 137.16663397,-3.12502077,0 137.16773216,-3.12429600,0 137.16866606,-3.12407731,0 137.17015399,-3.12414648,0 137.17536690,-3.12516157,0 137.17729228,-3.12476019,0 137.17996289,-3.12327353,0 137.18075218,-3.12263611,0 137.18121813,-3.12204269,0 137.18153805,-3.12034419,0 137.18152545,-3.11423201,0 137.18191714,-3.11247555,0 137.18279740,-3.11064584,0 137.18353549,-3.10958225,0 137.18461126,-3.10846016,0 137.18566609,-3.10764157,0 137.18677906,-3.10713351,0 137.18769896,-3.10710993,0 137.18889988,-3.10743254,0 137.18987141,-3.10804462,0 137.19052061,-3.10918479,0 137.19099100,-3.11075159,0 137.19135847,-3.11467389,0 137.19170740,-3.11658050,0 137.19217733,-3.11791610,0 137.19297001,-3.11892591,0 137.19413621,-3.11982657,0 137.19550363,-3.12071235,0 137.19676258,-3.12128769,0 137.19841608,-3.12150096,0 137.20003247,-3.12115078,0 137.20109511,-3.12064280,0 137.20360676,-3.11878799,0 137.20496878,-3.11708731,0 137.20587823,-3.11549595,0 137.20720144,-3.11242266,0 137.20808252,-3.11101199,0 137.20905107,-3.11019356,0 137.21032235,-3.10979353,0 137.21135010,-3.10979136,0 137.21224904,-3.11006401,0 137.21316338,-3.11082068,0 137.21390586,-3.11188114,0 137.21438970,-3.11298550,0 137.21488318,-3.11526023,0 137.21514284,-3.11913933,0 137.21539692,-3.12035254,0 137.21616855,-3.12159355,0 137.21688888,-3.12236506,0 137.21814836,-3.12319322,0 137.21939294,-3.12376856,0 137.22095360,-3.12427097,0 137.22199474,-3.12379915,0 137.22273303,-3.12285838,0 137.22301798,-3.12165126,0 137.22407158,-3.12027634,0 137.22527623,-3.11895168,0 137.22751492,-3.11721301,0 137.23094751,-3.11588360,0 137.23227639,-3.11554122,0 137.23360574,-3.11543001,0 137.23653844,-3.11561883,0 137.23754529,-3.11594178,0 137.23892690,-3.11674798,0 137.24570083,-3.12193515,0 137.24704663,-3.12279920,0 137.24811115,-3.12319426,0 137.24999998,-3.12323892,0 137.25098621,-3.12310716,0 137.25196759,-3.12276197,0 137.25310367,-3.12205997,0 137.25378554,-3.12137129,0 137.25407092,-3.12080930,0 137.25449817,-3.11903528,0 137.25453989,-3.11538274,0 137.25514852,-3.11258593,0 137.25597838,-3.11145473,0 137.25687824,-3.11065133,0 137.25778853,-3.11010108,0 137.25913273,-3.10961885,0 137.25995977,-3.10942817,0 137.26125450,-3.10944891,0 137.26366035,-3.11003347,0 137.26535321,-3.11061337,0 137.26887553,-3.11243334,0 137.27016044,-3.11293302,0 137.27215918,-3.11343271,0 137.27355117,-3.11350410,0 137.27472900,-3.11307579,0 137.27592725,-3.11224837,0 137.27855059,-3.11191290,0 137.28608570,-3.11222358,0 137.28905665,-3.11309748,0 137.28989652,-3.11313434,0 137.29120847,-3.11247677,0 137.29221631,-3.11104800,0 137.29238856,-3.10946495,0 137.29200788,-3.10634711,0 137.29211875,-3.10513837,0 137.29239796,-3.10452840,0 137.29250622,-3.10350970,0 137.29285306,-3.10287587,0 137.29346202,-3.10223112,0 137.29421764,-3.10179032,0 137.29547548,-3.10164228,0 137.29907881,-3.10009730,0 137.30070277,-3.09980965,0 137.30795360,-3.10138080,0 137.30889799,-3.10190385,0 137.31155536,-3.10254301,0 137.31343745,-3.10256644,0 137.31414441,-3.10238941,0 137.31641458,-3.10225594,0 137.31718990,-3.10187166,0 137.32036726,-3.10120087,0 137.32275880,-3.10005021,0 137.32374238,-3.09940549,0 137.32592636,-3.09700281,0 137.32697643,-3.09440428,0 137.32930869,-3.09153221,0 137.32968003,-3.09074039,0 137.33015814,-3.09040973,0 137.33403004,-3.08953900,0 137.33566592,-3.08950925,0 137.33759923,-3.08977694,0 137.33977109,-3.09071554,0 137.34286378,-3.09153179,0 137.34441043,-3.09156154,0 137.34545145,-3.09144256,0 137.34845552,-3.09022309,0 137.34934782,-3.08947951,0 137.35018063,-3.08831952,0 137.35098370,-3.08617801,0 137.35040884,-3.07904171,0 137.35069997,-3.07710897,0 137.35207042,-3.07540419,0 137.35248906,-3.07475081,0 137.35252738,-3.07424567,0 137.35276269,-3.07390481,0 137.35472936,-3.07205591,0 137.35553243,-3.07071746,0 137.35806061,-3.06890312,0 137.35936931,-3.06833800,0 137.36121339,-3.06801082,0 137.36219492,-3.06818928,0 137.36317645,-3.06890312,0 137.36386055,-3.07012259,0 137.36831609,-3.07635678,0 137.36945823,-3.07859347,0 137.37093349,-3.08049704,0 137.37264671,-3.08216267,0 137.37416956,-3.08392347,0 137.37464545,-3.08525597,0 137.37512134,-3.08949141,0 137.37569242,-3.09177569,0 137.37673938,-3.09377444,0 137.37835741,-3.09553524,0 137.38026098,-3.09672497,0 137.38340187,-3.09800988,0 137.38521026,-3.09834300,0 137.38906499,-3.09834300,0 137.39211070,-3.09815264,0 137.39439498,-3.09762916,0 137.40077193,-3.09248953,0 137.40633987,-3.08882516,0 137.40781514,-3.08811132,0 137.41025101,-3.08799769,0 137.41129880,-3.08851541,0 137.41309809,-3.08901384,0 137.41665521,-3.09073078,0 137.41827355,-3.09187611,0 137.41867748,-3.09230379,0 137.41936574,-3.09389266,0 137.42025395,-3.09542261,0 137.42169366,-3.09889487,0 137.42654920,-3.10498726,0 137.42865682,-3.10554044,0 137.43002715,-3.10526405,0 137.43385257,-3.10494425,0 137.43591881,-3.10635306,0 137.43713381,-3.10643691,0 137.44181346,-3.10737479,0 137.44409883,-3.10744587,0 137.44470137,-3.10733226,0 137.44651273,-3.10642408,0 137.44852276,-3.10597124,0 137.45070797,-3.10525713,0 137.45280837,-3.10528091,0 137.45573510,-3.10474554,0 137.45776954,-3.10396031,0 137.46159621,-3.10139349,0 137.46523285,-3.09934999,0 137.46696716,-3.09887795,0 137.46748822,-3.09894306,0 137.46835772,-3.09872495,0 137.47206893,-3.09836441,0 137.47508579,-3.09767736,0 137.47786012,-3.09729479,0 137.48101389,-3.09708881,0 137.48410010,-3.09756238,0 137.48507968,-3.09726846,0 137.48613310,-3.09726379,0 137.48744892,-3.09694682,0 137.48830671,-3.09641808,0 137.49084110,-3.09348644,0 137.49393474,-3.09056018,0 137.49609517,-3.08923746,0 137.49787237,-3.08851751,0 137.49876949,-3.08778633,0 137.49999998,-3.08758086,0 137.50106955,-3.08791405,0 137.50138201,-3.08786035,0 137.50301463,-3.08688027,0 137.50530623,-3.08609811,0 137.50598624,-3.08552277,0 137.50712312,-3.08507346,0 137.50836266,-3.08421788,0 137.51038404,-3.08353344,0 137.51227020,-3.08359958,0 137.51365878,-3.08414706,0 137.51599495,-3.08366135,0 137.51748007,-3.08264058,0 137.51962891,-3.08245937,0 137.52037276,-3.08215750,0 137.52187954,-3.08144956,0 137.52304875,-3.08057120,0 137.52342246,-3.07968767,0 137.52333815,-3.07799411,0 137.52444766,-3.07524430,0 137.52587228,-3.07304083,0 137.52847195,-3.06963119,0 137.52904340,-3.06919734,0 137.52948219,-3.06910803,0 137.53128177,-3.06816520,0 137.53293827,-3.06772113,0 137.53448537,-3.06774745,0 137.53779391,-3.06858866,0 137.54034088,-3.06891445,0 137.54253012,-3.06964108,0 137.54344342,-3.07027159,0 137.54469476,-3.07146367,0 137.54565104,-3.07189211,0 137.54767308,-3.07152715,0 137.55047221,-3.07077625,0 137.55108136,-3.07031939,0 137.55155725,-3.06948182,0 137.55177232,-3.06666818,0 137.55035800,-3.06201983,0 137.54902550,-3.06034469,0 137.54834022,-3.05878376,0 137.54828311,-3.05733705,0 137.54856865,-3.05509084,0 137.54921586,-3.05362509,0 137.54976789,-3.05280656,0 137.55117653,-3.05170249,0 137.55228060,-3.05116949,0 137.55481235,-3.05063649,0 137.55627810,-3.05063649,0 137.55880985,-3.05094106,0 137.55960934,-3.05135985,0 137.56217916,-3.05347281,0 137.56525370,-3.05707499,0 137.56690466,-3.05978448,0 137.56716621,-3.06048465,0 137.56758437,-3.06279786,0 137.56897909,-3.06447675,0 137.57050821,-3.06581640,0 137.57131257,-3.06618460,0 137.57527614,-3.06750820,0 137.57751498,-3.06766745,0 137.57908454,-3.06726771,0 137.58047727,-3.06662113,0 137.58123437,-3.06617174,0 137.58458624,-3.06336515,0 137.58577543,-3.06260208,0 137.58692485,-3.06223778,0 137.59053623,-3.05953837,0 137.59175570,-3.05885428,0 137.59300492,-3.05790249,0 137.59562233,-3.05516611,0 137.59892383,-3.05251896,0 137.60183867,-3.05064514,0 137.61061470,-3.04722429,0 137.61206188,-3.04634678,0 137.61400385,-3.04465037,0 137.61454757,-3.04395579,0 137.61469662,-3.04342118,0 137.61539919,-3.04267340,0 137.61675277,-3.04215656,0 137.61944838,-3.04065958,0 137.62076283,-3.04026425,0 137.62196537,-3.04011760,0 137.62377683,-3.04026129,0 137.62604176,-3.04094416,0 137.62724232,-3.04156601,0 137.62778545,-3.04192646,0 137.62903794,-3.04346492,0 137.63006755,-3.04442752,0 137.63089079,-3.04577053,0 137.63098828,-3.04759721,0 137.63026519,-3.04916996,0 137.63033281,-3.05026242,0 137.62984092,-3.05088143,0 137.62997038,-3.05151135,0 137.62891893,-3.05297715,0 137.62824782,-3.05354364,0 137.62703312,-3.05513173,0 137.62629358,-3.05674250,0 137.62572251,-3.05862228,0 137.62536559,-3.06047826,0 137.62548456,-3.06135866,0 137.62588907,-3.06228665,0 137.62662671,-3.06307187,0 137.62798300,-3.06404745,0 137.62914893,-3.06461852,0 137.63019590,-3.06483267,0 137.63198049,-3.06473749,0 137.63326540,-3.06445196,0 137.63409821,-3.06411883,0 137.63543071,-3.06328602,0 137.63671562,-3.06185835,0 137.63816709,-3.05928853,0 137.64011825,-3.05698045,0 137.64135074,-3.05603195,0 137.64301656,-3.05584249,0 137.64604842,-3.05463882,0 137.65033145,-3.05346099,0 137.65789814,-3.05189055,0 137.66178856,-3.05035579,0 137.66471529,-3.04953488,0 137.67042600,-3.04750044,0 137.67217490,-3.04707214,0 137.67381673,-3.04682229,0 137.67560133,-3.04689368,0 137.68052681,-3.04789305,0 137.68338216,-3.04874966,0 137.68570637,-3.04856670,0 137.68691385,-3.04773436,0 137.68897707,-3.04550107,0 137.69121323,-3.04452644,0 137.69173382,-3.04444736,0 137.69308838,-3.04345875,0 137.69555707,-3.04119826,0 137.69686578,-3.04027622,0 137.69870986,-3.03953264,0 137.70254674,-3.03849162,0 137.70412313,-3.03834291,0 137.70587799,-3.03840239,0 137.70775181,-3.03867008,0 137.70923897,-3.03935418,0 137.71087485,-3.04057365,0 137.71197535,-3.04188235,0 137.71298663,-3.04372644,0 137.71373021,-3.04554078,0 137.71387892,-3.04631410,0 137.71387892,-3.04756332,0 137.71245125,-3.05122174,0 137.71218356,-3.05258993,0 137.71224323,-3.05496298,0 137.71292104,-3.05779765,0 137.71686684,-3.06154357,0 137.71821156,-3.06217025,0 137.71927599,-3.06313015,0 137.72272412,-3.06507629,0 137.72494394,-3.06576513,0 137.72647277,-3.06583271,0 137.72765114,-3.06566956,0 137.72991946,-3.06505124,0 137.73083318,-3.06458010,0 137.73194677,-3.06375205,0 137.73253211,-3.06283834,0 137.73364570,-3.06028280,0 137.73411683,-3.05962606,0 137.73721188,-3.05715348,0 137.73814091,-3.05669369,0 137.73941467,-3.05634802,0 137.73973120,-3.05654841,0 137.74473394,-3.05568355,0 137.74735651,-3.05599228,0 137.74777376,-3.05575646,0 137.75337167,-3.05638110,0 137.75529897,-3.05680133,0 137.75762573,-3.05650285,0 137.75832717,-3.05617830,0 137.75854708,-3.05586508,0 137.75946608,-3.05430955,0 137.76010377,-3.05259338,0 137.76084147,-3.05148458,0 137.76202947,-3.05054759,0 137.76308509,-3.05065143,0 137.76494306,-3.05012004,0 137.76701036,-3.04909302,0 137.76791885,-3.04892325,0 137.76886205,-3.04899141,0 137.76929406,-3.04923234,0 137.76988353,-3.04990689,0 137.77054864,-3.05101622,0 137.77151625,-3.05436149,0 137.77160826,-3.05707432,0 137.77128802,-3.06000841,0 137.77087929,-3.06101801,0 137.77072708,-3.06424571,0 137.77143209,-3.06531293,0 137.77178390,-3.06557423,0 137.77227612,-3.06662976,0 137.77304110,-3.06762410,0 137.77396631,-3.06829706,0 137.77488355,-3.06932798,0 137.77505475,-3.06957966,0 137.77516794,-3.07067866,0 137.77624442,-3.07184575,0 137.77710840,-3.07230741,0 137.77769200,-3.07297152,0 137.77868689,-3.07362446,0 137.77883895,-3.07422918,0 137.77975327,-3.07476130,0 137.78054969,-3.07625184,0 137.78188729,-3.07751907,0 137.78346925,-3.08016734,0 137.78510940,-3.08203888,0 137.78688870,-3.08340579,0 137.78754148,-3.08366628,0 137.78962886,-3.08391291,0 137.79295877,-3.08359149,0 137.79792621,-3.08030072,0 137.79997879,-3.07856238,0 137.80081747,-3.07721713,0 137.80179254,-3.07411844,0 137.80243081,-3.06882209,0 137.80465175,-3.06644625,0 137.80536634,-3.06647918,0 137.80612501,-3.06588769,0 137.80660610,-3.06571498,0 137.80780925,-3.06544960,0 137.80976543,-3.06542427,0 137.81067948,-3.06585551,0 137.81313081,-3.06637926,0 137.81407286,-3.06683487,0 137.81679200,-3.06922133,0 137.81885078,-3.07168317,0 137.82142756,-3.07331062,0 137.82297185,-3.07382436,0 137.82627057,-3.07371803,0 137.82786113,-3.07335666,0 137.83061998,-3.07232757,0 137.83328509,-3.07104978,0 137.83463200,-3.07007998,0 137.83545920,-3.06872405,0 137.83592700,-3.06689571,0 137.83647150,-3.06362136,0 137.83712322,-3.06189266,0 137.83886161,-3.05844743,0 137.83987295,-3.05599840,0 137.84072559,-3.05464222,0 137.84109510,-3.05239536,0 137.84199929,-3.05063456,0 137.84249898,-3.05001590,0 137.84383148,-3.04920688,0 137.84483085,-3.04892134,0 137.84671063,-3.04887376,0 137.85004187,-3.04994451,0 137.85342071,-3.05187188,0 137.85455127,-3.05240434,0 137.85558723,-3.05267645,0 137.86111251,-3.05567697,0 137.86216803,-3.05651116,0 137.86311374,-3.05754733,0 137.86416549,-3.05930311,0 137.86544857,-3.06285301,0 137.86565911,-3.06410552,0 137.86632422,-3.06524328,0 137.86644597,-3.06575727,0 137.86735910,-3.06711421,0 137.86924244,-3.06864398,0 137.86988282,-3.06990786,0 137.87139785,-3.07188537,0 137.87222784,-3.07444079,0 137.87374923,-3.08086425,0 137.87564797,-3.08197206,0 137.87725410,-3.08268590,0 137.87829512,-3.08298333,0 137.88153713,-3.08325102,0 137.88260293,-3.08302851,0 137.88459463,-3.08132891,0 137.88604855,-3.07947827,0 137.88675294,-3.07817672,0 137.88665275,-3.07449622,0 137.88635563,-3.07218771,0 137.88608744,-3.07119795,0 137.88478064,-3.06843053,0 137.88371751,-3.06476270,0 137.88342545,-3.06058856,0 137.88342944,-3.05832966,0 137.88216575,-3.05530547,0 137.88114620,-3.05227511,0 137.88054197,-3.05138931,0 137.88032954,-3.05072431,0 137.88107979,-3.04645168,0 137.88143854,-3.04527576,0 137.88263156,-3.04284685,0 137.88490723,-3.03972717,0 137.88614517,-3.03848642,0 137.88734782,-3.03807981,0 137.89031531,-3.03743652,0 137.89317398,-3.03736833,0 137.89499388,-3.03766932,0 137.89585857,-3.03802430,0 137.89720072,-3.03901511,0 137.89769531,-3.03985359,0 137.89813172,-3.04107913,0 137.89838278,-3.04213422,0 137.89850359,-3.04388730,0 137.89837351,-3.04616793,0 137.89848985,-3.04840632,0 137.89895866,-3.04932051,0 137.89944614,-3.05152480,0 137.90346386,-3.05324601,0 137.90432642,-3.05339473,0 137.90566487,-3.05336499,0 137.90661665,-3.05294858,0 137.90727100,-3.05232397,0 137.90789561,-3.05107476,0 137.90828785,-3.04753268,0 137.90816856,-3.04673536,0 137.90824533,-3.04476860,0 137.90802464,-3.04407754,0 137.90508420,-3.04072722,0 137.90405148,-3.03882136,0 137.90374454,-3.03657342,0 137.90381758,-3.03327671,0 137.90340928,-3.03122970,0 137.90257642,-3.02927276,0 137.90205835,-3.02838618,0 137.90168551,-3.02804774,0 137.90090889,-3.02632279,0 137.89922968,-3.02492824,0 137.89817331,-3.02375122,0 137.89807198,-3.02336829,0 137.89730736,-3.02251318,0 137.89662155,-3.02111331,0 137.89634315,-3.01955064,0 137.89609422,-3.01895669,0 137.89606229,-3.01826097,0 137.89623387,-3.01756124,0 137.89674784,-3.01613356,0 137.89842298,-3.01474396,0 137.90021233,-3.01402060,0 137.90254124,-3.01411916,0 137.90383594,-3.01439804,0 137.90865538,-3.01655444,0 137.91258644,-3.01908266,0 137.91604109,-3.02176018,0 137.91927690,-3.02342078,0 137.92264309,-3.02464105,0 137.92458307,-3.02500298,0 137.92731320,-3.02578894,0 137.92812222,-3.02588412,0 137.93026373,-3.02564617,0 137.93349980,-3.02478956,0 137.93449917,-3.02421849,0 137.93578408,-3.02307635,0 137.93678346,-3.02188662,0 137.93830631,-3.01760359,0 137.93886437,-3.01499933,0 137.94105379,-3.01179545,0 137.94362113,-3.00952998,0 137.94569692,-3.00487823,0 137.94666060,-3.00377179,0 137.94801689,-3.00280810,0 137.94976580,-3.00212996,0 137.95383467,-3.00120197,0 137.95669003,-3.00102351,0 137.96112086,-3.00124807,0 137.96225499,-3.00173687,0 137.96319434,-3.00253012,0 137.96356583,-3.00267027,0 137.96509105,-3.00434231,0 137.96625546,-3.00491393,0 137.96721914,-3.00602038,0 137.96814713,-3.00816189,0 137.96836128,-3.00976803,0 137.96832559,-3.01140986,0 137.96782591,-3.01283753,0 137.96693361,-3.01405106,0 137.96544169,-3.01515037,0 137.96318445,-3.01623102,0 137.95901996,-3.01934416,0 137.95778625,-3.02046680,0 137.95701452,-3.02216722,0 137.95688365,-3.02416677,0 137.95827247,-3.02797128,0 137.95986022,-3.03065250,0 137.96128293,-3.03211383,0 137.96229293,-3.03262221,0 137.96421001,-3.03309087,0 137.96741934,-3.03295093,0 137.97174165,-3.03189907,0 137.97424646,-3.03166156,0 137.97610210,-3.03167660,0 137.97840562,-3.03122442,0 137.97972622,-3.03054627,0 137.98122528,-3.02908290,0 137.98297419,-3.02804783,0 137.98490155,-3.02708415,0 137.98650769,-3.02662016,0 137.98904181,-3.02629893,0 137.99616985,-3.02708343,0 137.99878539,-3.02624933,0 137.99932512,-3.02556216,0 138.00000003,-3.02549666,0 138.00348235,-3.02586308,0 138.00561120,-3.02556939,0 138.00683494,-3.02501045,0 138.00791578,-3.02420269,0 138.00909142,-3.02308729,0 138.00986205,-3.02198145,0 138.01024121,-3.02041176,0 138.01001131,-3.01881019,0 138.00931469,-3.01704864,0 138.00752806,-3.01340240,0 138.00650061,-3.01003629,0 138.00559739,-3.00806981,0 138.00438562,-3.00627916,0 138.00276101,-3.00446870,0 138.00000001,-3.00172358,0 137.99771338,-3.00000001,0 137.99715868,-2.99857580,0 137.99658212,-2.99628580,0 137.99656235,-2.99556973,0 137.99673802,-2.99446423,0 137.99712712,-2.99336745,0 137.99772736,-2.99254882,0 137.99822377,-2.99223027,0 137.99915069,-2.99197782,0 137.99999999,-2.99200195,0 138.00186866,-2.99251673,0 138.00351463,-2.99323463,0 138.00504071,-2.99429546,0 138.00621730,-2.99535347,0 138.00984007,-2.99905462,0 138.01110479,-3.00116296,0 138.01152426,-3.00217615,0 138.01187166,-3.00364014,0 138.01233623,-3.00767743,0 138.01282249,-3.00950791,0 138.01344745,-3.01070461,0 138.01436540,-3.01169227,0 138.01708567,-3.01344197,0 138.02077169,-3.01510311,0 138.02340457,-3.01565625,0 138.02582235,-3.01556628,0 138.02763658,-3.01505540,0 138.02934520,-3.01425300,0 138.03115266,-3.01307372,0 138.03255386,-3.01180603,0 138.03418505,-3.00965370,0 138.03720251,-3.00420834,0 138.03882443,-3.00171632,0 138.03935683,-3.00000003,0 138.03978653,-2.99225277,0 138.04098582,-2.98903464,0 138.04308234,-2.98699951,0 138.04576772,-2.98479096,0 138.04680634,-2.98418596,0 138.04856042,-2.98371141,0 138.05155231,-2.98328405,0 138.05484045,-2.98304749,0 138.05618830,-2.98336813,0 138.05775410,-2.98411129,0 138.05884513,-2.98510348,0 138.06055847,-2.98749466,0 138.06165852,-2.98955501,0 138.06369763,-2.99660100,0 138.06378587,-2.99750484,0 138.06348541,-2.99825429,0 138.06140864,-3.00077098,0 138.06075025,-3.00253395,0 138.06069812,-3.00388553,0 138.06111938,-3.00683528,0 138.06112177,-3.00900114,0 138.06083903,-3.01059925,0 138.05959431,-3.01417877,0 138.05911929,-3.01656958,0 138.05897108,-3.01927304,0 138.05933615,-3.02222777,0 138.05808769,-3.02231100,0 138.05228776,-3.02439303,0 138.05020573,-3.02588019,0 138.04633910,-3.02588019,0 138.04470322,-3.02706992,0 138.04455451,-3.03138269,0 138.04321606,-3.03286986,0 138.04172890,-3.03420830,0 138.03994430,-3.03524932,0 138.03652383,-3.03822364,0 138.03771356,-3.04179283,0 138.03949815,-3.04283385,0 138.04133899,-3.04328113,0 138.04366221,-3.04268513,0 138.04500066,-3.04104925,0 138.04708268,-3.04045439,0 138.04916471,-3.04045439,0 138.05109803,-3.04119797,0 138.05347749,-3.04461844,0 138.05407235,-3.04684919,0 138.05347749,-3.04878250,0 138.05228776,-3.05056710,0 138.05005701,-3.05145939,0 138.04797498,-3.05160811,0 138.04604167,-3.05026966,0 138.04336478,-3.04729534,0 138.04187761,-3.04595689,0 138.03994430,-3.04536203,0 138.03801099,-3.04595689,0 138.03637511,-3.04714662,0 138.03622639,-3.04922865,0 138.03905200,-3.05413629,0 138.03920072,-3.05413629,0 138.03979559,-3.05800291,0 138.03771356,-3.05889521,0 138.03563153,-3.05889521,0 138.03369822,-3.05800291,0 138.03235977,-3.05621832,0 138.03131876,-3.05443372,0 138.02893929,-3.05101325,0 138.02760085,-3.04937737,0 138.02596497,-3.04803892,0 138.02388294,-3.04803892,0 138.01971888,-3.04848507,0 138.01778557,-3.04848507,0 138.01555483,-3.05101325,0 138.01347280,-3.05458244,0 138.01347280,-3.05770548,0 138.01659584,-3.06320798,0 138.01867787,-3.06915664,0 138.02001632,-3.07064380,0 138.02194963,-3.07138738,0 138.02358551,-3.07257711,0 138.02507267,-3.07406427,0 138.02626240,-3.07584887,0 138.02641112,-3.07793090,0 138.02611368,-3.08001293,0 138.02507267,-3.08179752,0 138.02404130,-3.08403923,0 138.02016503,-3.08848976,0 138.01867787,-3.08997692,0 138.01763685,-3.09176152,0 138.01436510,-3.09473584,0 138.01272922,-3.09592557,0 138.01094462,-3.09696659,0 138.00930874,-3.09830503,0 138.00782158,-3.09979220,0 138.00627478,-3.10373356,0 137.99979090,-3.11064849,0 137.99904732,-3.11273052,0 137.99860117,-3.11481254,0 137.99889860,-3.11689457,0 138.00095097,-3.12092490,0 138.00202164,-3.12239708,0 138.00291394,-3.12433039,0 138.00306266,-3.12641242,0 138.00291394,-3.12849444,0 138.00231907,-3.13265850,0 138.00172421,-3.13459181,0 138.00008833,-3.13578154,0 137.99860117,-3.13726871,0 137.99458583,-3.13905330,0 137.98759616,-3.13875587,0 137.98655515,-3.13935074,0 137.98477055,-3.14232506,0 137.98432440,-3.14455581,0 137.98432440,-3.14559682,0 137.98447312,-3.14663783,0 137.98506798,-3.14753013,0 137.98625771,-3.14782757,0 137.98729873,-3.14782757,0 137.98908332,-3.14663783,0 137.99057049,-3.14515067,0 137.99190893,-3.14455581,0 137.99399096,-3.14455581,0 137.99473454,-3.14529939,0 137.99473454,-3.15080189,0 137.99488326,-3.15214034,0 137.99518069,-3.15333007,0 137.99577556,-3.15422237,0 137.99681657,-3.15466852,0 138.00172421,-3.15466852,0 138.00380624,-3.15392493,0 138.00722671,-3.15362750,0 138.00841644,-3.15377622,0 138.00990361,-3.15541210,0 138.01034976,-3.15645311,0 138.01064719,-3.15853514,0 138.01064719,-3.15972487,0 138.01020104,-3.16180690,0 138.00737543,-3.16374021,0 138.00663185,-3.16463251,0 138.00633442,-3.16567352,0 138.00633442,-3.16671454,0 138.00707800,-3.16760683,0 138.00722671,-3.16894528,0 138.00722671,-3.17206832,0 138.00633464,-3.17336739,0 138.00702927,-3.18475033,0 138.01375147,-3.19035217,0 138.01935331,-3.19931511,0 138.01935331,-3.21724099,0 138.02589494,-3.21825313,0 138.03446100,-3.21611162,0 138.04231322,-3.21468394,0 138.04945160,-3.21917313,0 138.05216533,-3.22399753,0 138.05472829,-3.22656050,0 138.05714050,-3.22610821,0 138.06045728,-3.22897270,0 138.06211566,-3.23063109,0 138.06422634,-3.22897270,0 138.06739236,-3.22836965,0 138.06874922,-3.23123414,0 138.06905075,-3.23304329,0 138.07176447,-3.23485244,0 138.07462896,-3.23801846,0 138.07553354,-3.24088295,0 138.07794574,-3.24223981,0 138.07912480,-3.24092975,0 138.07924596,-3.24098043,0 138.07965080,-3.24030727,0 138.08078804,-3.23999425,0 138.08088201,-3.23822911,0 138.08148566,-3.23731333,0 138.08144499,-3.23590181,0 138.08211729,-3.23503763,0 138.08241246,-3.23495626,0 138.08262974,-3.23508013,0 138.08329732,-3.23582314,0 138.08375242,-3.23602232,0 138.08413904,-3.23602760,0 138.08557137,-3.23539248,0 138.08585754,-3.23511521,0 138.08479294,-3.23228661,0 138.08480549,-3.23077179,0 138.08503421,-3.22971771,0 138.08599234,-3.22889963,0 138.08606907,-3.22796930,0 138.08557170,-3.22777140,0 138.08548506,-3.22758295,0 138.08568668,-3.22721362,0 138.08663128,-3.22634386,0 138.08661364,-3.22505964,0 138.08596684,-3.22419591,0 138.08486885,-3.22352135,0 138.08320956,-3.22312595,0 138.08233577,-3.22351861,0 138.08075941,-3.22464830,0 138.07912493,-3.22514418,0 138.07838127,-3.22557844,0 138.07753926,-3.22573674,0 138.07712078,-3.22634685,0 138.07597544,-3.22615461,0 138.07522750,-3.22573044,0 138.07408420,-3.22474973,0 138.07330975,-3.22345609,0 138.07311772,-3.22250887,0 138.07264014,-3.22192367,0 138.07205122,-3.22146306,0 138.07078194,-3.22124100,0 138.07020126,-3.22061267,0 138.07002711,-3.21955026,0 138.06888852,-3.21652101,0 138.06895345,-3.21577067,0 138.06964770,-3.21434728,0 138.06958627,-3.21371524,0 138.06918293,-3.21373639,0 138.06919375,-3.21334389,0 138.06883665,-3.21284615,0 138.06824484,-3.21281435,0 138.06734077,-3.21218939,0 138.06659994,-3.21222220,0 138.06516504,-3.21264567,0 138.06457636,-3.21222526,0 138.06404569,-3.21223407,0 138.06280978,-3.21105668,0 138.06270561,-3.21064390,0 138.06199329,-3.20998827,0 138.06186854,-3.20947023,0 138.06314849,-3.20707475,0 138.06472287,-3.20692874,0 138.06490368,-3.20666366,0 138.06520561,-3.20656567,0 138.06545099,-3.20609384,0 138.06625526,-3.20584153,0 138.06738950,-3.20485406,0 138.06766251,-3.20438891,0 138.06806033,-3.20426481,0 138.06801757,-3.20378507,0 138.06865920,-3.20324471,0 138.06885660,-3.20322862,0 138.06881480,-3.20383110,0 138.06912529,-3.20378625,0 138.06944585,-3.20350007,0 138.06986802,-3.20241928,0 138.07096984,-3.20127545,0 138.07116015,-3.20055052,0 138.07098121,-3.20028680,0 138.07094842,-3.19976128,0 138.07129267,-3.19900892,0 138.07157766,-3.19889242,0 138.07169762,-3.19826113,0 138.07190644,-3.19804238,0 138.07174271,-3.19759063,0 138.07135295,-3.19746017,0 138.07105598,-3.19714979,0 138.07110895,-3.19610756,0 138.07077184,-3.19571704,0 138.07074967,-3.19508763,0 138.07005564,-3.19443006,0 138.06944472,-3.19428303,0 138.06922707,-3.19404927,0 138.06851910,-3.19153984,0 138.06874789,-3.19073628,0 138.06920807,-3.18992166,0 138.06910405,-3.18941679,0 138.06942584,-3.18900242,0 138.07055428,-3.18841767,0 138.07096826,-3.18779784,0 138.07124804,-3.18768808,0 138.07122561,-3.18726460,0 138.07154941,-3.18673934,0 138.07109993,-3.18557778,0 138.07137151,-3.18549593,0 138.07184366,-3.18493379,0 138.07246979,-3.18479700,0 138.07264658,-3.18453020,0 138.07266986,-3.18432779,0 138.07222868,-3.18374267,0 138.07228667,-3.18353769,0 138.07276834,-3.18338147,0 138.07266326,-3.18286242,0 138.07291693,-3.18228524,0 138.07277699,-3.18154694,0 138.07245550,-3.18099451,0 138.07259708,-3.18060996,0 138.07194679,-3.17980552,0 138.07159500,-3.17993756,0 138.07157828,-3.17953434,0 138.07128065,-3.17939499,0 138.07117470,-3.17878375,0 138.07059247,-3.17831991,0 138.07001051,-3.17705218,0 138.06986543,-3.17587840,0 138.06907326,-3.17471923,0 138.06902857,-3.17407469,0 138.06936794,-3.17283109,0 138.06929960,-3.17153471,0 138.06947854,-3.17069310,0 138.06929204,-3.16974585,0 138.06943020,-3.16963852,0 138.06974960,-3.16986441,0 138.06971545,-3.16914718,0 138.07086293,-3.16790242,0 138.07066398,-3.16777842,0 138.07037473,-3.16801609,0 138.07029893,-3.16782143,0 138.07085205,-3.16646823,0 138.07106874,-3.16624128,0 138.07169164,-3.16614044,0 138.07160178,-3.16577950,0 138.07187217,-3.16531328,0 138.07216167,-3.16520286,0 138.07272548,-3.16454982,0 138.07381707,-3.16369027,0 138.07424827,-3.16249136,0 138.07415059,-3.16211093,0 138.07444604,-3.16193057,0 138.07466276,-3.16109576,0 138.07501900,-3.16055629,0 138.07507245,-3.15991483,0 138.07533135,-3.15984372,0 138.07557875,-3.15938327,0 138.07627757,-3.15914823,0 138.07635297,-3.15851868,0 138.07684127,-3.15835204,0 138.07677510,-3.15761300,0 138.07725831,-3.15724297,0 138.07690514,-3.15698523,0 138.07684496,-3.15623498,0 138.07704940,-3.15575103,0 138.07690379,-3.15564635,0 138.07647743,-3.15576790,0 138.07676414,-3.15513314,0 138.07649471,-3.15480786,0 138.07603575,-3.15360131,0 138.07557896,-3.15317685,0 138.07555298,-3.15264812,0 138.07422087,-3.15240751,0 138.07433035,-3.15199847,0 138.07275619,-3.15019582,0 138.07299412,-3.14938669,0 138.07335716,-3.14885910,0 138.07333829,-3.14799650,0 138.07368457,-3.14775805,0 138.07381654,-3.14691810,0 138.07441008,-3.14663648,0 138.07462165,-3.14572792,0 138.07477980,-3.14558989,0 138.07518485,-3.14563416,0 138.07521914,-3.14517117,0 138.07570902,-3.14534397,0 138.07594978,-3.14515173,0 138.07612144,-3.14466220,0 138.07591939,-3.14432334,0 138.07607506,-3.14392304,0 138.07670397,-3.14305512,0 138.07691196,-3.14245030,0 138.07768595,-3.14210227,0 138.07749750,-3.14156402,0 138.07785999,-3.14120998,0 138.07757729,-3.14008804,0 138.07765844,-3.13955982,0 138.07731547,-3.13916002,0 138.07730492,-3.13874356,0 138.07690381,-3.13826142,0 138.07650534,-3.13830192,0 138.07601571,-3.13774482,0 138.07595794,-3.13667469,0 138.07548864,-3.13611041,0 138.07573007,-3.13552692,0 138.07558800,-3.13472293,0 138.07440770,-3.13438970,0 138.07489116,-3.13336206,0 138.07418180,-3.13295340,0 138.07465869,-3.13134908,0 138.07563464,-3.13117762,0 138.07869167,-3.13001152,0 138.08459622,-3.12808855,0 138.09008516,-3.12718240,0 138.09011035,-3.12220596,0 138.09007228,-3.12155875,0 138.08974867,-3.12072118,0 138.08971060,-3.11215512,0 138.08931085,-3.11145080,0 138.08843521,-3.09524191,0 138.08838762,-3.09133959,0 138.08767378,-3.08029889,0 138.08757860,-3.07592069,0 138.08548467,-3.03851556,0 138.08518724,-3.02986622,0 138.08481556,-3.02908540,0 138.08687700,-3.02965181,0 138.08848398,-3.02954593,0 138.09151593,-3.02842045,0 138.09415286,-3.02786113,0 138.09620441,-3.02719531,0 138.10281589,-3.02414099,0 138.10458760,-3.02349133,0 138.10724666,-3.02308441,0 138.10993294,-3.02325378,0 138.12556190,-3.02744019,0 138.12785133,-3.02824391,0 138.12924436,-3.02906353,0 138.13038069,-3.03021302,0 138.13125720,-3.03188604,0 138.13174044,-3.03371814,0 138.13262181,-3.03878981,0 138.13362373,-3.04129572,0 138.13471827,-3.04283939,0 138.13601492,-3.04421561,0 138.13729254,-3.04521089,0 138.13895707,-3.04609936,0 138.14102227,-3.04671187,0 138.14290064,-3.04685676,0 138.14503333,-3.04655693,0 138.14706950,-3.04585304,0 138.14842278,-3.04497021,0 138.14990936,-3.04340378,0 138.15106915,-3.04158053,0 138.15157922,-3.04004189,0 138.15169293,-3.03842300,0 138.15149387,-3.03681073,0 138.15094840,-3.03499778,0 138.15026923,-3.03383082,0 138.14954071,-3.03303351,0 138.14846452,-3.03222010,0 138.14704352,-3.03144522,0 138.14405969,-3.03019349,0 138.14191597,-3.02856298,0 138.14103625,-3.02753880,0 138.14008063,-3.02590449,0 138.13945885,-3.02440457,0 138.13915590,-3.02308582,0 138.13913282,-3.01983754,0 138.13952963,-3.01633926,0 138.14024773,-3.01372943,0 138.14174798,-3.01024965,0 138.14262056,-3.00888250,0 138.14393706,-3.00752869,0 138.14874699,-3.00454817,0 138.14942796,-3.00371346,0 138.14977871,-3.00269394,0 138.14986650,-3.00107299,0 138.14963752,-3.00021534,0 138.14842105,-2.99889018,0 138.14453788,-2.99376073,0 138.14276123,-2.99248414,0 138.14129948,-2.99180460,0 138.13742401,-2.99147645,0 138.13263582,-2.99229858,0 138.13057675,-2.99316761,0 138.12911078,-2.99411769,0 138.12693066,-2.99590057,0 138.12328102,-3.00000003,0 138.12093121,-3.00196078,0 138.11530716,-3.00540859,0 138.11283345,-3.00648268,0 138.11076330,-3.00708655,0 138.10808707,-3.00735512,0 138.10675075,-3.00719251,0 138.10572171,-3.00687244,0 138.10452273,-3.00625678,0 138.10343957,-3.00545297,0 138.10270800,-3.00465868,0 138.10215533,-3.00373046,0 138.10173771,-3.00216525,0 138.10168766,-3.00027095,0 138.10238790,-2.99856487,0 138.10327839,-2.99732890,0 138.10493262,-2.99619402,0 138.10737492,-2.99528412,0 138.10787310,-2.99485832,0 138.10890754,-2.99352973,0 138.11135781,-2.98957348,0 138.11227461,-2.98769361,0 138.11379348,-2.98591505,0 138.12227491,-2.97853690,0 138.12392446,-2.97743804,0 138.12497770,-2.97698115,0 138.12635042,-2.97680088,0 138.12813410,-2.97689749,0 138.12964274,-2.97722320,0 138.13287886,-2.97861552,0 138.14079597,-2.98314254,0 138.14404295,-2.98413066,0 138.14839699,-2.98427264,0 138.15086731,-2.98401783,0 138.15307885,-2.98330519,0 138.15444534,-2.98265564,0 138.15581233,-2.98181017,0 138.15672456,-2.98089820,0 138.15763997,-2.97874534,0 138.15777506,-2.97272953,0 138.15818805,-2.97164846,0 138.15880498,-2.97103169,0 138.15967737,-2.97077629,0 138.16039527,-2.97077815,0 138.16535677,-2.97261744,0 138.16654650,-2.97452101,0 138.17021261,-2.97868841,0 138.17231941,-2.98196983,0 138.17581749,-2.98576927,0 138.18191719,-2.98657036,0 138.18451881,-2.98316956,0 138.18301964,-2.97666931,0 138.18111992,-2.97286987,0 138.18121764,-2.97184032,0 138.18153710,-2.97223078,0 138.18347042,-2.97312308,0 138.18733704,-2.97178463,0 138.19164981,-2.97178463,0 138.19358312,-2.97237950,0 138.19492157,-2.97401537,0 138.19521900,-2.97609740,0 138.19462414,-2.98383065,0 138.19462414,-2.98855983,0 138.19581387,-2.99022545,0 138.19557592,-2.99236697,0 138.19367235,-2.99379464,0 138.19153084,-2.99379464,0 138.18915138,-2.99403259,0 138.18726846,-2.99445102,0 138.18787529,-2.99559724,0 138.18825600,-2.99921403,0 138.18844636,-3.00778008,0 138.18996922,-3.01063544,0 138.19244386,-3.01425222,0 138.19453778,-3.01805936,0 138.19720278,-3.03119398,0 138.20024849,-3.03595290,0 138.20272313,-3.03880826,0 138.20653026,-3.04166361,0 138.21757096,-3.04737432,0 138.22366238,-3.04870681,0 138.22613702,-3.04870681,0 138.22956345,-3.04737432,0 138.23279951,-3.04794539,0 138.23641629,-3.04775503,0 138.24022343,-3.05022967,0 138.24460164,-3.04889717,0 138.24555342,-3.04737432,0 138.24593414,-3.04470932,0 138.24307879,-3.04147325,0 138.24326914,-3.03937933,0 138.24403057,-3.03652397,0 138.24612450,-3.03462040,0 138.24707628,-3.03157469,0 138.24650521,-3.03024220,0 138.24726664,-3.02586399,0 138.24974128,-3.02357971,0 138.25583270,-3.01882078,0 138.25830734,-3.01710757,0 138.26154340,-3.01577507,0 138.26439876,-3.01406186,0 138.26801554,-3.01387150,0 138.27182267,-3.01406186,0 138.27639124,-3.01691721,0 138.28153088,-3.01634614,0 138.28495730,-3.01691721,0 138.28838372,-3.01577507,0 138.29200050,-3.01330043,0 138.29540409,-3.00946284,0 138.29478447,-3.00863669,0 138.29097734,-3.00026099,0 138.29573626,-2.99797671,0 138.29573626,-2.99550207,0 138.29173876,-2.99207564,0 138.29288090,-2.98979136,0 138.29992411,-2.99093350,0 138.30163732,-2.99074314,0 138.30277946,-2.98922029,0 138.30487339,-2.98864922,0 138.30868053,-2.98979136,0 138.30696731,-2.98522279,0 138.30925160,-2.98122530,0 138.31267802,-2.98160601,0 138.31477195,-2.98027352,0 138.31477195,-2.97760852,0 138.32067301,-2.97798923,0 138.32143444,-2.97970244,0 138.32352836,-2.98065423,0 138.32562229,-2.97836995,0 138.32676443,-2.97627602,0 138.32638372,-2.97227853,0 138.32733550,-2.96961353,0 138.33038121,-2.97075567,0 138.33038121,-2.96961353,0 138.32828728,-2.96732925,0 138.33114264,-2.96504497,0 138.33228478,-2.96694853,0 138.33494977,-2.96923282,0 138.33628227,-2.96809068,0 138.33456906,-2.96447389,0 138.33342692,-2.96161854,0 138.32695479,-2.96218961,0 138.32448015,-2.96047640,0 138.32733550,-2.95724033,0 138.33228478,-2.95781140,0 138.33647263,-2.95438498,0 138.34123155,-2.94696106,0 138.34732297,-2.94372499,0 138.35246261,-2.94353464,0 138.35741189,-2.94315392,0 138.36179010,-2.93896607,0 138.36673937,-2.93553965,0 138.37035615,-2.93116144,0 138.37302115,-2.92659288,0 138.37548088,-2.92475297,0 138.37635144,-2.92716376,0 138.37650221,-2.92716376,0 138.37800983,-2.92867138,0 138.37921593,-2.93048053,0 138.38057280,-2.93198816,0 138.38404034,-2.93455113,0 138.38600025,-2.93545570,0 138.38961856,-2.93786790,0 138.39142771,-2.93937553,0 138.39293534,-2.94103392,0 138.39459372,-2.94239078,0 138.39610135,-2.94419994,0 138.39715669,-2.94615985,0 138.39715669,-2.94827053,0 138.39640288,-2.95023044,0 138.39610135,-2.95234112,0 138.39610135,-2.95445180,0 138.39564906,-2.95656247,0 138.39383991,-2.95761781,0 138.39172923,-2.95822086,0 138.38735712,-2.95867315,0 138.38554797,-2.95686400,0 138.38373881,-2.95550713,0 138.38162814,-2.95158730,0 138.37966822,-2.95083349,0 138.37620068,-2.94796900,0 138.37439153,-2.94691366,0 138.37243162,-2.94631061,0 138.36805950,-2.94600909,0 138.36640111,-2.94751671,0 138.36519501,-2.95188883,0 138.36655187,-2.95761781,0 138.36896407,-2.95927620,0 138.37348695,-2.96048230,0 138.38796017,-2.96802043,0 138.38796017,-2.96817120,0 138.39157847,-2.97028187,0 138.39353839,-2.97103569,0 138.39564906,-2.97148797,0 138.39987042,-2.97148797,0 138.40363948,-2.96696510,0 138.40348872,-2.96666357,0 138.40348872,-2.96455289,0 138.40394101,-2.96259298,0 138.40303643,-2.95611018,0 138.40529787,-2.95188883,0 138.40771007,-2.94842129,0 138.40824497,-2.93372915,0 138.40998635,-2.92907212,0 138.41358982,-2.92701299,0 138.41554973,-2.92610842,0 138.41750965,-2.92550537,0 138.41962032,-2.92535460,0 138.42173100,-2.92550537,0 138.42580159,-2.92656071,0 138.43002295,-2.92701299,0 138.43213362,-2.92701299,0 138.44057633,-2.92429927,0 138.44705154,-2.93218827,0 138.45828260,-2.93942183,0 138.45866331,-2.93942183,0 138.46094760,-2.94075433,0 138.46304152,-2.94170611,0 138.46456438,-2.94322897,0 138.46875223,-2.94475182,0 138.47541472,-2.94665539,0 138.47979293,-2.94722646,0 138.48436149,-2.94760718,0 138.49083363,-2.94760718,0 138.49292755,-2.94779753,0 138.49521183,-2.94855896,0 138.49749612,-2.94893968,0 138.50377789,-2.94913003,0 138.50530075,-2.94760718,0 138.50644289,-2.94570361,0 138.50777539,-2.94418075,0 138.50834646,-2.94208683,0 138.50701396,-2.94056397,0 138.50834646,-2.93904112,0 138.51369276,-2.93613791,0 138.51901817,-2.93577003,0 138.52432060,-2.93737030,0 138.53351784,-2.94266891,0 138.54302025,-2.94766998,0 138.54911995,-2.95227051,0 138.55602074,-2.95487022,0 138.55901909,-2.95336914,0 138.55901909,-2.94766998,0 138.55751991,-2.94157028,0 138.55440829,-2.93599239,0 138.55327068,-2.93523398,0 138.55117676,-2.93447255,0 138.54908283,-2.93428220,0 138.54679855,-2.93371113,0 138.54356248,-2.93104613,0 138.53975534,-2.92952327,0 138.53747106,-2.92514507,0 138.53728071,-2.92514507,0 138.53842285,-2.92267043,0 138.53956499,-2.92076686,0 138.54165891,-2.92000543,0 138.54339177,-2.91971662,0 138.54484221,-2.91998432,0 138.54584677,-2.92038614,0 138.54717926,-2.92228971,0 138.54870212,-2.92400292,0 138.55060569,-2.92552578,0 138.55422247,-2.92781006,0 138.55612604,-2.92876185,0 138.55955246,-2.93123649,0 138.56145603,-2.93199791,0 138.56354995,-2.93237863,0 138.56564388,-2.93237863,0 138.56983173,-2.93294970,0 138.57192566,-2.93352077,0 138.57573280,-2.93580505,0 138.57763636,-2.93656648,0 138.57953993,-2.93789898,0 138.58049172,-2.93980255,0 138.58049172,-2.94189647,0 138.57896886,-2.94341933,0 138.57451101,-2.94610322,0 138.57135459,-2.94855896,0 138.56907030,-2.95198539,0 138.56868959,-2.95407931,0 138.56849923,-2.95826716,0 138.56964138,-2.96017073,0 138.57154494,-2.96093216,0 138.57573280,-2.96093216,0 138.58144350,-2.96169359,0 138.58372778,-2.96169359,0 138.58582171,-2.96131287,0 138.58791564,-2.96055145,0 138.59046150,-2.96055145,0 138.59438777,-2.96131287,0 138.59514920,-2.96321644,0 138.59503789,-2.96653470,0 138.59382057,-2.96896934,0 138.58996328,-2.97297607,0 138.58867706,-2.97387643,0 138.58734456,-2.97539928,0 138.58639278,-2.97730285,0 138.58563135,-2.97939678,0 138.58372778,-2.98320391,0 138.58372778,-2.99100855,0 138.58353743,-2.99100855,0 138.58391814,-2.99310247,0 138.58753492,-2.99843247,0 138.59115170,-3.00071675,0 138.59591062,-3.00147818,0 138.60124062,-2.99843247,0 138.60276347,-2.99690961,0 138.60504775,-2.99329283,0 138.60847418,-2.99081819,0 138.61037775,-2.99100855,0 138.61209096,-2.99215069,0 138.61323310,-2.99386390,0 138.61342346,-2.99824211,0 138.61113918,-3.00661781,0 138.61018739,-3.01404173,0 138.60980668,-3.01423209,0 138.60923561,-3.01632601,0 138.60809346,-3.01822958,0 138.60447668,-3.02051386,0 138.59971776,-3.02451136,0 138.59876598,-3.02641493,0 138.59762384,-3.02812814,0 138.59686241,-3.03041242,0 138.59648170,-3.03250635,0 138.59648170,-3.03878812,0 138.59724312,-3.04088205,0 138.59819491,-3.04278562,0 138.59971776,-3.04411812,0 138.60124062,-3.04602169,0 138.60295383,-3.04735418,0 138.60409597,-3.04925775,0 138.60648287,-3.05068989,0 138.60711861,-3.05146980,0 138.61117913,-3.05417681,0 138.61209096,-3.05534917,0 138.61476501,-3.05754620,0 138.61704024,-3.06220202,0 138.61780167,-3.06410559,0 138.61799202,-3.06619951,0 138.61856309,-3.06848380,0 138.61856309,-3.07057772,0 138.61913416,-3.07267165,0 138.61994619,-3.07429570,0 138.62111855,-3.07876968,0 138.62372017,-3.08486938,0 138.62703259,-3.08884646,0 138.62750987,-3.09075555,0 138.62770022,-3.09494340,0 138.62674844,-3.09722769,0 138.62484487,-3.09817947,0 138.62275094,-3.09836983,0 138.62065702,-3.09817947,0 138.61875345,-3.09703733,0 138.61723060,-3.09570483,0 138.61262742,-3.09044406,0 138.61190060,-3.08923270,0 138.61113918,-3.08732913,0 138.60999703,-3.08542556,0 138.60866454,-3.08390270,0 138.60714168,-3.08257021,0 138.60504775,-3.08199914,0 138.60204988,-3.08206401,0 138.60066955,-3.08218949,0 138.59876598,-3.08314128,0 138.59743348,-3.08485449,0 138.59591062,-3.08637734,0 138.59419741,-3.08770984,0 138.59248420,-3.08885198,0 138.58848671,-3.09094591,0 138.58696385,-3.09227841,0 138.58525064,-3.09342055,0 138.58391814,-3.09513376,0 138.58381026,-3.09553760,0 138.58392435,-3.09682869,0 138.58582579,-3.10195506,0 138.58647228,-3.10246770,0 138.58943849,-3.10389018,0 138.59514920,-3.10617446,0 138.59686241,-3.10731660,0 138.59949000,-3.10829179,0 138.60080912,-3.10921738,0 138.60173607,-3.11021417,0 138.60291258,-3.11202974,0 138.60314419,-3.11493088,0 138.60314419,-3.11930908,0 138.60281944,-3.12607002,0 138.60259833,-3.12717375,0 138.60060777,-3.12951734,0 138.59627011,-3.13286955,0 138.59246724,-3.13289922,0 138.59080348,-3.13236524,0 138.58862318,-3.13084171,0 138.58658314,-3.12901729,0 138.58450496,-3.12776706,0 138.58257382,-3.12726274,0 138.58001876,-3.12705508,0 138.57770138,-3.12767806,0 138.57446300,-3.13058530,0 138.57232388,-3.13316621,0 138.57071877,-3.13716888,0 138.57173530,-3.14028833,0 138.57154494,-3.14424584,0 138.57287744,-3.14614940,0 138.57516172,-3.14672047,0 138.57725565,-3.14748190,0 138.58391814,-3.14824333,0 138.58620242,-3.14881440,0 138.58848671,-3.14900476,0 138.59058063,-3.14957583,0 138.59339466,-3.14991066,0 138.59705277,-3.15071797,0 138.60047919,-3.15319261,0 138.60333454,-3.15623832,0 138.60485740,-3.15814189,0 138.60561883,-3.16023581,0 138.60676097,-3.16213938,0 138.60695132,-3.16651759,0 138.60561883,-3.16823080,0 138.60371526,-3.16899223,0 138.59933705,-3.16899223,0 138.59724312,-3.16880187,0 138.59495884,-3.16804045,0 138.59248420,-3.16765973,0 138.58632716,-3.16627473,0 138.58540434,-3.16613688,0 138.58144350,-3.16613688,0 138.57763636,-3.16785009,0 138.57420994,-3.17013437,0 138.57325816,-3.17203794,0 138.57630387,-3.17660651,0 138.57664651,-3.17677783,0 138.57953993,-3.18003293,0 138.58182422,-3.18060400,0 138.58410850,-3.17984257,0 138.58620242,-3.17908114,0 138.58734456,-3.17736793,0 138.58924813,-3.17660651,0 138.59172277,-3.17736793,0 138.59343599,-3.17851007,0 138.59457813,-3.18041364,0 138.59457813,-3.18460149,0 138.59438777,-3.18669542,0 138.59362634,-3.18859899,0 138.59191313,-3.18974113,0 138.59059323,-3.19106103,0 138.58905778,-3.19297720,0 138.58810599,-3.19488077,0 138.58799472,-3.19621600,0 138.58642006,-3.19936943,0 138.58531761,-3.20507050,0 138.58486993,-3.21848502,0 138.58429885,-3.22095966,0 138.58410850,-3.22305358,0 138.58601207,-3.22705108,0 138.58734456,-3.22857393,0 138.58924813,-3.22971607,0 138.59134206,-3.23047750,0 138.59533955,-3.23238107,0 138.60117349,-3.23379435,0 138.61368679,-3.22987452,0 138.61594823,-3.22927147,0 138.61805891,-3.22896994,0 138.62047111,-3.22912070,0 138.62243102,-3.22972375,0 138.62408941,-3.23092986,0 138.62499399,-3.23288977,0 138.62582478,-3.23538856,0 138.62520829,-3.23919097,0 138.62408941,-3.24072943,0 138.62212950,-3.24193553,0 138.62001882,-3.24284010,0 138.61790814,-3.24299087,0 138.61338526,-3.24238782,0 138.60810857,-3.24615688,0 138.60825933,-3.24630765,0 138.60690247,-3.24781527,0 138.60629942,-3.24992595,0 138.60645018,-3.25203663,0 138.60750552,-3.25384578,0 138.61082230,-3.26304230,0 138.61142535,-3.26364535,0 138.61323450,-3.26485145,0 138.61519441,-3.26590679,0 138.62137568,-3.26816823,0 138.62348636,-3.26816823,0 138.62574780,-3.26846975,0 138.62785848,-3.26907281,0 138.63464280,-3.27027891,0 138.64287255,-3.27218968,0 138.64153255,-3.27237282,0 138.63995368,-3.27218605,0 138.63804188,-3.27151036,0 138.63704199,-3.27200424,0 138.63674269,-3.27279523,0 138.63715375,-3.27418139,0 138.63713556,-3.27491492,0 138.63802062,-3.27534598,0 138.63972465,-3.27542119,0 138.64009768,-3.27578869,0 138.64053365,-3.27814317,0 138.64016217,-3.27855973,0 138.64002156,-3.27905416,0 138.64041255,-3.28044747,0 138.63957708,-3.28105231,0 138.63768066,-3.28139963,0 138.63892445,-3.28207875,0 138.64090779,-3.28521904,0 138.64376314,-3.28926412,0 138.64780822,-3.29211948,0 138.65137741,-3.29997170,0 138.65470866,-3.30211321,0 138.65595314,-3.30448904,0 138.66057590,-3.30815324,0 138.66236050,-3.30993784,0 138.66808953,-3.31063816,0 138.67201564,-3.31063816,0 138.67439510,-3.31135200,0 138.67617970,-3.31218481,0 138.67760737,-3.31230378,0 138.68129554,-3.30968637,0 138.68534062,-3.30504642,0 138.68645561,-3.30494506,0 138.68836474,-3.30939972,0 138.68817439,-3.31273096,0 138.68884729,-3.31556030,0 138.69759485,-3.32336827,0 138.70257496,-3.32739701,0 138.70373874,-3.32448756,0 138.70630171,-3.31890934,0 138.70780933,-3.31348188,0 138.70976925,-3.30805443,0 138.71067382,-3.30413460,0 138.71263178,-3.30148243,0 138.71277336,-3.30100558,0 138.71263244,-3.30044013,0 138.71275379,-3.30022598,0 138.71338197,-3.29989761,0 138.71448251,-3.29987478,0 138.71511080,-3.29968949,0 138.71594362,-3.29889237,0 138.71643141,-3.29802387,0 138.71627674,-3.29769074,0 138.71578895,-3.29732193,0 138.71429804,-3.29687998,0 138.71334455,-3.29620804,0 138.71304712,-3.29538713,0 138.71376587,-3.29465283,0 138.71372304,-3.29404606,0 138.71301623,-3.29341460,0 138.71248324,-3.29317604,0 138.71127299,-3.29311351,0 138.71043542,-3.29276135,0 138.70892083,-3.29142754,0 138.70804177,-3.28989613,0 138.70820824,-3.28942471,0 138.70979604,-3.28909075,0 138.71014258,-3.28884561,0 138.71018663,-3.28851787,0 138.70961043,-3.28513476,0 138.70978314,-3.28345335,0 138.71064428,-3.28041801,0 138.71069624,-3.27967754,0 138.71017311,-3.27878084,0 138.70913653,-3.27850696,0 138.70879865,-3.27813101,0 138.70873202,-3.27756946,0 138.70914721,-3.27702242,0 138.70923647,-3.27657365,0 138.70911155,-3.27628812,0 138.70876058,-3.27608586,0 138.70837392,-3.27617509,0 138.70658545,-3.27716901,0 138.70564021,-3.27672584,0 138.70437000,-3.27664869,0 138.70402139,-3.27633719,0 138.70553169,-3.27407682,0 138.70518905,-3.27302034,0 138.70450376,-3.27219229,0 138.70437392,-3.27125206,0 138.70487212,-3.26966300,0 138.70422471,-3.26817331,0 138.70436497,-3.26772737,0 138.70483807,-3.26729155,0 138.70487843,-3.26703854,0 138.70440609,-3.26666887,0 138.70318048,-3.26713005,0 138.70302356,-3.26710012,0 138.70292938,-3.26680423,0 138.70308092,-3.26638893,0 138.70429211,-3.26476889,0 138.70420132,-3.26346915,0 138.70350761,-3.26306945,0 138.70403109,-3.26149899,0 138.70388033,-3.25968984,0 138.70614177,-3.25531772,0 138.70414438,-3.25490112,0 138.70203370,-3.25520264,0 138.69977226,-3.25520264,0 138.69268642,-3.24917214,0 138.69111072,-3.24739705,0 138.69291685,-3.24880422,0 138.69755015,-3.24960380,0 138.70012400,-3.24915740,0 138.70263565,-3.24777396,0 138.70309209,-3.24502893,0 138.70333436,-3.24123374,0 138.70221736,-3.23741900,0 138.69913916,-3.23083124,0 138.69230861,-3.22123335,0 138.68468520,-3.21155379,0 138.68001144,-3.20384212,0 138.67780159,-3.19954281,0 138.67780884,-3.19632211,0 138.67929222,-3.19467383,0 138.68381363,-3.19460151,0 138.68940223,-3.19519223,0 138.69375649,-3.19635823,0 138.70306533,-3.20077118,0 138.70757857,-3.20441502,0 138.71167898,-3.20888379,0 138.71348018,-3.21219122,0 138.71643322,-3.21508831,0 138.71906497,-3.21459872,0 138.72153615,-3.21237447,0 138.72368051,-3.20924104,0 138.72825441,-3.19922629,0 138.73179930,-3.19469197,0 138.73575248,-3.19139730,0 138.73912188,-3.18718367,0 138.74286336,-3.18114680,0 138.74566610,-3.17760175,0 138.74937058,-3.17521486,0 138.75496223,-3.17448380,0 138.76038575,-3.17548666,0 138.76424486,-3.17764233,0 138.77010056,-3.18296054,0 138.77157196,-3.18684536,0 138.77401795,-3.19626570,0 138.77606553,-3.19982144,0 138.77926709,-3.20197571,0 138.78280284,-3.20165304,0 138.78486360,-3.19909727,0 138.78478920,-3.19546322,0 138.78208336,-3.19215382,0 138.77822608,-3.18908969,0 138.77535586,-3.18577994,0 138.77454016,-3.18280500,0 138.77520367,-3.18008104,0 138.77808521,-3.17810516,0 138.78428387,-3.17643705,0 138.79727759,-3.17423506,0 138.80775373,-3.17167970,0 138.81400790,-3.16871975,0 138.81778978,-3.16803148,0 138.82374185,-3.16899859,0 138.82864810,-3.17260738,0 138.82905857,-3.17527498,0 138.82837756,-3.17692663,0 138.82459189,-3.17881821,0 138.81982297,-3.17913846,0 138.81497254,-3.17912815,0 138.81020278,-3.17986131,0 138.80691158,-3.18117572,0 138.80327576,-3.18557930,0 138.80162261,-3.18978781,0 138.80038014,-3.19416238,0 138.80020828,-3.19906290,0 138.80085522,-3.20410225,0 138.80306524,-3.20864944,0 138.80412570,-3.21253344,0 138.80493975,-3.22148525,0 138.80616799,-3.22380042,0 138.80953680,-3.22471619,0 138.81759060,-3.22622020,0 138.82260620,-3.22598323,0 138.82745898,-3.22500256,0 138.82979002,-3.22253210,0 138.83136066,-3.21848850,0 138.83153138,-3.21551559,0 138.83317985,-3.21353692,0 138.83581070,-3.21354252,0 138.83909058,-3.21767907,0 138.84072740,-3.22123399,0 138.84451883,-3.22812142,0 138.85116495,-3.23449514,0 138.85478179,-3.23483320,0 138.86094860,-3.23459851,0 138.87086347,-3.22684682,0 138.87415491,-3.22553224,0 138.87760821,-3.22545689,0 138.88146765,-3.22777760,0 138.88310499,-3.23116737,0 138.88548355,-3.24119320,0 138.89039991,-3.24929774,0 138.89583340,-3.25453165,0 138.90068084,-3.25627629,0 138.90421636,-3.25628368,0 138.90950445,-3.25565210,0 138.91176539,-3.25485148,0 138.91300903,-3.25258452,0 138.91287387,-3.25388160,0 138.91213148,-3.25530927,0 138.91136054,-3.25625154,0 138.91038972,-3.25825029,0 138.90981864,-3.26087721,0 138.91026331,-3.26217544,0 138.91097092,-3.26279197,0 138.91175741,-3.26387242,0 138.91195220,-3.26503277,0 138.91257916,-3.26686817,0 138.91263332,-3.26778271,0 138.91224197,-3.26855936,0 138.91228635,-3.26896823,0 138.91317695,-3.27027590,0 138.91333213,-3.27126808,0 138.91279906,-3.27205046,0 138.91118136,-3.27238772,0 138.91086439,-3.27255738,0 138.91055798,-3.27309042,0 138.91071558,-3.27343139,0 138.91182168,-3.27385069,0 138.91279145,-3.27514718,0 138.91404463,-3.27610361,0 138.91489627,-3.27649280,0 138.91626380,-3.27683631,0 138.91707706,-3.27726950,0 138.91830830,-3.27805910,0 138.91865741,-3.27875248,0 138.91862220,-3.27937693,0 138.91618728,-3.28007945,0 138.91160221,-3.28284114,0 138.91013691,-3.28339740,0 138.90870071,-3.28423615,0 138.90838157,-3.28464299,0 138.90824514,-3.28524487,0 138.90826833,-3.28665064,0 138.90699182,-3.28826713,0 138.90570971,-3.28854432,0 138.90501825,-3.28892087,0 138.90332421,-3.28888891,0 138.90246708,-3.28959772,0 138.90231428,-3.29026508,0 138.90243728,-3.29130183,0 138.90179991,-3.29145506,0 138.90035234,-3.29105634,0 138.89917122,-3.29188145,0 138.89867939,-3.29177806,0 138.89834767,-3.29147696,0 138.89803561,-3.29161112,0 138.89719190,-3.29276160,0 138.89691092,-3.29373168,0 138.89715027,-3.29519676,0 138.89706778,-3.29623053,0 138.89762448,-3.29645143,0 138.89774725,-3.29680519,0 138.89635203,-3.29788696,0 138.89574946,-3.29855064,0 138.89548798,-3.29909706,0 138.89389850,-3.29998475,0 138.89357681,-3.30045227,0 138.89345403,-3.30087959,0 138.89355892,-3.30207633,0 138.89298757,-3.30265395,0 138.89270745,-3.30337674,0 138.89300918,-3.30457986,0 138.89215840,-3.30574391,0 138.89220775,-3.30691407,0 138.89168124,-3.30787147,0 138.89180024,-3.30938959,0 138.89000637,-3.31082262,0 138.88922661,-3.31104625,0 138.88831862,-3.31161909,0 138.88825964,-3.31209267,0 138.88846163,-3.31282513,0 138.88907342,-3.31409687,0 138.88909335,-3.31592239,0 138.88714910,-3.31684649,0 138.88677666,-3.31732932,0 138.88666627,-3.31785245,0 138.88536272,-3.31877997,0 138.88480187,-3.31942940,0 138.88440935,-3.32033387,0 138.88244293,-3.32117128,0 138.88149204,-3.32238738,0 138.88028381,-3.32315922,0 138.87961538,-3.32477248,0 138.87949713,-3.32547859,0 138.87887770,-3.32643484,0 138.87764060,-3.32936762,0 138.87657460,-3.33408847,0 138.87561044,-3.34015653,0 138.87656329,-3.34149222,0 138.87757127,-3.34207731,0 138.87843585,-3.34312313,0 138.87917515,-3.34340635,0 138.88029874,-3.34346234,0 138.88086084,-3.34384198,0 138.88154120,-3.34590418,0 138.88217545,-3.34712665,0 138.88217855,-3.35020542,0 138.88254423,-3.35124154,0 138.88249409,-3.35210405,0 138.88268836,-3.35275025,0 138.88335050,-3.35354742,0 138.88448422,-3.35418524,0 138.88512642,-3.35526737,0 138.88749070,-3.35662383,0 138.88806378,-3.35752645,0 138.88849300,-3.36031992,0 138.88765687,-3.36249274,0 138.88702665,-3.36576508,0 138.88726162,-3.36754208,0 138.88722972,-3.36878213,0 138.88637505,-3.37051704,0 138.88616542,-3.37256413,0 138.88490742,-3.37451131,0 138.88472514,-3.37756621,0 138.88555286,-3.37942717,0 138.88563333,-3.38038082,0 138.88403659,-3.38449497,0 138.88182845,-3.38921582,0 138.88068631,-3.39150010,0 138.88000102,-3.39241382,0 138.87939188,-3.39363210,0 138.87930712,-3.39478146,0 138.87953927,-3.39610768,0 138.87939363,-3.39656137,0 138.87872246,-3.39757687,0 138.87752568,-3.39848967,0 138.87699894,-3.39959629,0 138.87646929,-3.40202861,0 138.87653151,-3.40257197,0 138.87707518,-3.40340572,0 138.87748370,-3.40449045,0 138.87743354,-3.40474651,0 138.87662422,-3.40538110,0 138.87592792,-3.40630462,0 138.87594073,-3.40679879,0 138.87656343,-3.40713461,0 138.87669749,-3.40737685,0 138.87676691,-3.40803166,0 138.87617754,-3.40878074,0 138.87606944,-3.40961306,0 138.87587025,-3.40998975,0 138.87521585,-3.41073159,0 138.87502843,-3.41178649,0 138.87460765,-3.41215138,0 138.87514840,-3.41314604,0 138.87520243,-3.41410548,0 138.87473541,-3.41609238,0 138.87405892,-3.41740300,0 138.87368118,-3.41913992,0 138.87238675,-3.42294706,0 138.87223446,-3.42401306,0 138.87231061,-3.42515520,0 138.87261518,-3.42568820,0 138.87453711,-3.42437855,0 138.87637364,-3.42201986,0 138.87764484,-3.42103623,0 138.87839035,-3.41947745,0 138.87974002,-3.41805389,0 138.88088438,-3.41739718,0 138.88192603,-3.41649402,0 138.88219959,-3.41599141,0 138.88280157,-3.41569678,0 138.88344359,-3.41471427,0 138.88614268,-3.41372023,0 138.88794390,-3.41373915,0 138.88823533,-3.41297619,0 138.88937747,-3.41127488,0 138.88986125,-3.41099682,0 138.89092336,-3.40805884,0 138.89113696,-3.40585791,0 138.89198063,-3.40549612,0 138.89274206,-3.40483939,0 138.89304663,-3.40384002,0 138.89309696,-3.40289247,0 138.89398848,-3.40293416,0 138.89445268,-3.40313740,0 138.89497828,-3.40366495,0 138.89691500,-3.40423600,0 138.89729643,-3.40509023,0 138.89805595,-3.40588972,0 138.89718793,-3.40793987,0 138.89609718,-3.40973874,0 138.89473232,-3.41266833,0 138.89759651,-3.41333355,0 138.90225676,-3.40324628,0 138.90393190,-3.40042899,0 138.90522632,-3.39898228,0 138.91108932,-3.39494672,0 138.91342669,-3.39420292,0 138.91475470,-3.39327932,0 138.91570480,-3.39282344,0 138.91727517,-3.39270376,0 138.91867703,-3.39218491,0 138.92080347,-3.39189903,0 138.92185571,-3.39094848,0 138.92247409,-3.39076848,0 138.92457877,-3.38942713,0 138.92483404,-3.38873197,0 138.92525187,-3.38603801,0 138.92532801,-3.38291616,0 138.92707929,-3.37575874,0 138.92791686,-3.37149475,0 138.92921129,-3.36730690,0 138.93096257,-3.36403276,0 138.93339914,-3.36129162,0 138.93621642,-3.35900734,0 138.93922337,-3.35616344,0 138.94440108,-3.35296545,0 138.94988336,-3.35022431,0 138.95947734,-3.34824460,0 138.96450276,-3.34611260,0 138.96724390,-3.34261003,0 138.96785305,-3.33910747,0 138.96511191,-3.33164548,0 138.96582897,-3.32932206,0 138.96774448,-3.32783129,0 138.96871053,-3.32743650,0 138.97027135,-3.32648001,0 138.97306654,-3.32526700,0 138.97494764,-3.32509024,0 138.97631040,-3.32514925,0 138.97755920,-3.32552703,0 138.97964256,-3.32669372,0 138.98048740,-3.32677681,0 138.98122792,-3.32633092,0 138.98119699,-3.32564689,0 138.98173536,-3.32540250,0 138.98325229,-3.32549337,0 138.98431255,-3.32446116,0 138.98588165,-3.32343962,0 138.98601938,-3.32303728,0 138.98589566,-3.32152204,0 138.98621090,-3.32064672,0 138.98665188,-3.32020572,0 138.98739513,-3.32020724,0 138.98981953,-3.32067374,0 138.99088908,-3.32052709,0 138.99172142,-3.31999851,0 138.99271287,-3.31883041,0 138.99300824,-3.31784901,0 138.99285266,-3.31740680,0 138.99261813,-3.31722617,0 138.99155273,-3.31693922,0 138.99126945,-3.31653493,0 138.99169132,-3.31586803,0 138.99231823,-3.31536849,0 138.99261322,-3.31448206,0 138.99238880,-3.31422628,0 138.99104916,-3.31414499,0 138.99077684,-3.31346159,0 138.99182516,-3.31337649,0 138.99276894,-3.31272823,0 138.99301768,-3.31208698,0 138.99346747,-3.30927844,0 138.99561880,-3.30709507,0 138.99943841,-3.30106752,0 139.00398232,-3.30279011,0 139.00789932,-3.30367275,0 139.01181837,-3.30353485,0 139.01457761,-3.30273854,0 139.01675687,-3.30164947,0 139.01799446,-3.29968376,0 139.01843550,-3.29684170,0 139.02108667,-3.28939561,0 139.02435687,-3.28706944,0 139.02740735,-3.28576336,0 139.03009326,-3.28533130,0 139.03429999,-3.28650598,0 139.03675299,-3.28806901,0 139.03973373,-3.29110922,0 139.04212470,-3.29308216,0 139.04584835,-3.29411007,0 139.04918688,-3.29397084,0 139.05151155,-3.29273616,0 139.05267735,-3.29033283,0 139.05271047,-3.28018429,0 139.05474666,-3.27800134,0 139.05816066,-3.27633135,0 139.06164458,-3.27604654,0 139.06546598,-3.27638312,0 139.07647098,-3.27853939,0 139.08147558,-3.28000702,0 139.08633437,-3.28183884,0 139.09150225,-3.28581314,0 139.09388922,-3.28997298,0 139.09468156,-3.29310918,0 139.09619866,-3.29675706,0 139.09779073,-3.30182042,0 139.09778545,-3.30459059,0 139.09683908,-3.30611966,0 139.09495050,-3.30699081,0 139.09284531,-3.30727835,0 139.09052297,-3.30727386,0 139.08508361,-3.30536796,0 139.08283581,-3.30434302,0 139.08153342,-3.30229933,0 139.08081693,-3.29748662,0 139.07987162,-3.29324996,0 139.07798965,-3.29069486,0 139.07639545,-3.28945250,0 139.07436457,-3.28886537,0 139.07240388,-3.28951766,0 139.06920233,-3.29388533,0 139.06883173,-3.29789402,0 139.07112665,-3.30943811,0 139.07111522,-3.31534285,0 139.07219548,-3.31964597,0 139.07291148,-3.32382612,0 139.07595152,-3.32798729,0 139.07928316,-3.33149295,0 139.08371821,-3.33516269,0 139.08829172,-3.33451553,0 139.09068894,-3.33335382,0 139.09359323,-3.33270338,0 139.09816688,-3.33198327,0 139.10164938,-3.33257321,0 139.10565115,-3.33624207,0 139.10659004,-3.33864957,0 139.10709220,-3.34171234,0 139.10679588,-3.34484646,0 139.10511721,-3.35084794,0 139.10460384,-3.35361713,0 139.10307910,-3.35857918,0 139.10306783,-3.36441113,0 139.10422330,-3.36740228,0 139.10713673,-3.37621658,0 139.10953125,-3.37986085,0 139.11118139,-3.38125205,0 139.11444913,-3.38274345,0 139.11785409,-3.38279509,0 139.12117178,-3.38163153,0 139.12464060,-3.37707854,0 139.12545435,-3.37231196,0 139.12409365,-3.36859179,0 139.12249033,-3.36551767,0 139.12145512,-3.36113089,0 139.12347325,-3.35765970,0 139.12669577,-3.35548386,0 139.13015766,-3.35435909,0 139.13417878,-3.35533660,0 139.13787624,-3.35728328,0 139.14060622,-3.36027873,0 139.14269115,-3.36400030,0 139.14736502,-3.37324911,0 139.14744042,-3.37591622,0 139.14630967,-3.37817694,0 139.14445444,-3.38059789,0 139.14260755,-3.38539417,0 139.14251923,-3.38951567,0 139.14371954,-3.39299311,0 139.14459537,-3.39784382,0 139.14474935,-3.40148088,0 139.14296596,-3.40635840,0 139.14046645,-3.40902051,0 139.13868972,-3.41241137,0 139.13795937,-3.41865782,0 139.13843577,-3.42197223,0 139.14035960,-3.42577437,0 139.14317184,-3.42788109,0 139.14996091,-3.43009428,0 139.15526849,-3.43099066,0 139.16113963,-3.43253755,0 139.16524191,-3.43335365,0 139.16870215,-3.43327949,0 139.17208379,-3.43223536,0 139.17804604,-3.42820586,0 139.18078468,-3.42675636,0 139.18298149,-3.42693863,0 139.18603560,-3.42888410,0 139.18884650,-3.43179893,0 139.19069042,-3.43543929,0 139.19213231,-3.43891726,0 139.19342771,-3.44402477,0 139.19559582,-3.44645347,0 139.19921315,-3.44848084,0 139.20315498,-3.44913488,0 139.20669598,-3.44897995,0 139.20935422,-3.44753022,0 139.21397040,-3.44421850,0 139.21832661,-3.43840763,0 139.22074371,-3.43679575,0 139.22452745,-3.43591380,0 139.23275488,-3.43462476,0 139.23662043,-3.43301552,0 139.23976321,-3.43059670,0 139.24185958,-3.42833757,0 139.24444081,-3.42494783,0 139.24669839,-3.42252733,0 139.25000001,-3.41990118,0 139.25215057,-3.41878512,0 139.25317928,-3.41836232,0 139.25549457,-3.41776976,0 139.26064334,-3.41763659,0 139.26395600,-3.41768458,0 139.26628485,-3.41839938,0 139.26959137,-3.41869254,0 139.26997948,-3.41894702,0 139.27120716,-3.42043247,0 139.27212671,-3.42278272,0 139.27208900,-3.42378037,0 139.27179065,-3.42490627,0 139.27087299,-3.42647198,0 139.27023698,-3.42712821,0 139.26937687,-3.42741230,0 139.26760265,-3.42736744,0 139.26687649,-3.42691643,0 139.26576729,-3.42583634,0 139.26506029,-3.42569709,0 139.26033640,-3.42587261,0 139.25782991,-3.42644544,0 139.25586786,-3.42726968,0 139.25304091,-3.42929266,0 139.25088543,-3.43167610,0 139.25011026,-3.43291260,0 139.24909057,-3.43512159,0 139.24846600,-3.43708171,0 139.24810822,-3.43868573,0 139.24783410,-3.44305350,0 139.24787684,-3.44621371,0 139.24827902,-3.45000259,0 139.24859821,-3.45123652,0 139.24926790,-3.45255920,0 139.25029460,-3.45342526,0 139.25313649,-3.45418493,0 139.25562861,-3.45404506,0 139.25753074,-3.45334230,0 139.25857186,-3.45178721,0 139.25927723,-3.45039202,0 139.25958484,-3.44812931,0 139.26008358,-3.44617192,0 139.26083724,-3.44456814,0 139.26239030,-3.44256454,0 139.26443716,-3.44131626,0 139.26683362,-3.44106381,0 139.26948438,-3.44151809,0 139.27157461,-3.44278998,0 139.27276900,-3.44479862,0 139.27335640,-3.44680616,0 139.27329564,-3.45391696,0 139.27360518,-3.45940720,0 139.27425537,-3.46202483,0 139.27573802,-3.46363271,0 139.27773168,-3.46533783,0 139.28068420,-3.46680394,0 139.28325420,-3.46780383,0 139.28619278,-3.46816232,0 139.29638347,-3.46858210,0 139.30126766,-3.47075793,0 139.30450649,-3.47296289,0 139.30637421,-3.47367254,0 139.30862704,-3.47341976,0 139.31092981,-3.47202737,0 139.31192387,-3.46997450,0 139.31317856,-3.46506481,0 139.31348644,-3.46259335,0 139.31534908,-3.45713898,0 139.31671185,-3.45431624,0 139.32162688,-3.44804859,0 139.32311500,-3.44660653,0 139.32482544,-3.44590326,0 139.32856370,-3.44570118,0 139.33046399,-3.44605767,0 139.33250708,-3.44696019,0 139.33375147,-3.44787736,0 139.33564699,-3.45097877,0 139.33605837,-3.45324286,0 139.33558907,-3.45670932,0 139.33493061,-3.45890525,0 139.33413216,-3.46086490,0 139.33179780,-3.46555455,0 139.33079226,-3.46904797,0 139.33065409,-3.47203215,0 139.33106100,-3.47500654,0 139.33326235,-3.47912558,0 139.33511122,-3.48122665,0 139.33806559,-3.48370481,0 139.33958341,-3.48417976,0 139.34192608,-3.48433436,0 139.34498335,-3.48407038,0 139.35017739,-3.48398586,0 139.35435229,-3.48346587,0 139.35658894,-3.48287546,0 139.35878393,-3.48160162,0 139.36470328,-3.47681921,0 139.36618624,-3.47602088,0 139.36826268,-3.47524527,0 139.37061597,-3.47491339,0 139.37520535,-3.47232680,0 139.37627004,-3.47146295,0 139.37902195,-3.46770572,0 139.37940869,-3.46699382,0 139.37956226,-3.46628299,0 139.37959473,-3.46453229,0 139.37920899,-3.46248804,0 139.37849227,-3.46080097,0 139.37670386,-3.45908857,0 139.37304177,-3.45690495,0 139.37121643,-3.45630540,0 139.36972046,-3.45544446,0 139.36899567,-3.45425131,0 139.36831166,-3.45255659,0 139.36815332,-3.45172962,0 139.36815090,-3.44847096,0 139.36854539,-3.44429396,0 139.36935195,-3.43968026,0 139.37037797,-3.43752296,0 139.37095413,-3.43689329,0 139.37346041,-3.43593519,0 139.37521126,-3.43584927,0 139.37614806,-3.43597641,0 139.37919575,-3.43679559,0 139.38099698,-3.43783353,0 139.38239180,-3.43897654,0 139.38619895,-3.44109002,0 139.39368563,-3.44330947,0 139.39896933,-3.44444585,0 139.40254764,-3.44501731,0 139.40641919,-3.44524124,0 139.41149595,-3.44474810,0 139.41287080,-3.44412435,0 139.41461416,-3.44304288,0 139.41550020,-3.44280837,0 139.41651251,-3.44282794,0 139.41742379,-3.44315401,0 139.41842276,-3.44403340,0 139.42028025,-3.44473580,0 139.42314285,-3.44617098,0 139.42609706,-3.44796395,0 139.42701048,-3.44914308,0 139.42810760,-3.45257005,0 139.42972550,-3.45586810,0 139.43090601,-3.45787253,0 139.43307212,-3.46004542,0 139.43731391,-3.46243680,0 139.43968733,-3.46339680,0 139.44116514,-3.46375234,0 139.44550822,-3.46427354,0 139.45022292,-3.46432540,0 139.45300824,-3.46360719,0 139.45652838,-3.46231397,0 139.46257570,-3.46039868,0 139.46646455,-3.45960820,0 139.46981758,-3.45929071,0 139.47339849,-3.45953651,0 139.47416178,-3.45976106,0 139.47637305,-3.46087412,0 139.47741829,-3.46160497,0 139.47902810,-3.46328659,0 139.48037582,-3.46577381,0 139.48325123,-3.46736034,0 139.48404857,-3.46826062,0 139.48573792,-3.47081583,0 139.48629402,-3.47272707,0 139.48638715,-3.47442888,0 139.48622395,-3.47659583,0 139.48558187,-3.47850515,0 139.48442841,-3.48050997,0 139.48313263,-3.48159950,0 139.48022239,-3.48324829,0 139.47759907,-3.48529886,0 139.47470529,-3.48664264,0 139.47125266,-3.48779285,0 139.46855023,-3.48934560,0 139.46734984,-3.49070817,0 139.46640305,-3.49330724,0 139.46614329,-3.49585929,0 139.46618681,-3.49857235,0 139.46889597,-3.50751360,0 139.47007460,-3.51581021,0 139.47107056,-3.52014775,0 139.47239367,-3.52207897,0 139.47426753,-3.52281692,0 139.47669087,-3.52314241,0 139.47897768,-3.52305430,0 139.48137405,-3.52181389,0 139.48337158,-3.52028712,0 139.48482541,-3.51850445,0 139.48591373,-3.51422172,0 139.48583614,-3.51225467,0 139.48545651,-3.50978021,0 139.48385509,-3.50456536,0 139.48362093,-3.50289997,0 139.48385160,-3.50082889,0 139.48489537,-3.49816944,0 139.48550689,-3.49540926,0 139.48630986,-3.49280991,0 139.48739962,-3.49069262,0 139.49035803,-3.48889940,0 139.49504203,-3.48699658,0 139.49600066,-3.48694996,0 139.49809216,-3.48780414,0 139.50000003,-3.48899942,0 139.50136390,-3.49080681,0 139.50220799,-3.49246970,0 139.50293184,-3.49439728,0 139.50369781,-3.49495235,0 139.50488578,-3.49638302,0 139.50512328,-3.49773190,0 139.50272972,-3.50149905,0 139.50171930,-3.50280458,0 139.50048114,-3.50414241,0 139.49904817,-3.50525118,0 139.49836636,-3.50596379,0 139.49796688,-3.50671869,0 139.49714320,-3.50985062,0 139.49711901,-3.51113944,0 139.49731552,-3.51278417,0 139.49802029,-3.51482970,0 139.49874920,-3.51634365,0 139.50180756,-3.51968375,0 139.50368815,-3.52135453,0 139.50547276,-3.52245524,0 139.50894998,-3.52362758,0 139.51589893,-3.52425480,0 139.51983746,-3.52498243,0 139.51914274,-3.52813249,0 139.51852424,-3.52941673,0 139.51587131,-3.53159632,0 139.51162108,-3.53429038,0 139.50863081,-3.53710503,0 139.50796664,-3.53782554,0 139.50718958,-3.53917574,0 139.50629099,-3.54186148,0 139.50621531,-3.54248164,0 139.50653157,-3.54420934,0 139.50708777,-3.54552788,0 139.50811368,-3.54683829,0 139.50909979,-3.54848215,0 139.51164840,-3.55161670,0 139.51357880,-3.55357319,0 139.51397473,-3.55353779,0 139.51443798,-3.55278343,0 139.51482952,-3.55263970,0 139.51500441,-3.55271812,0 139.51549962,-3.55366705,0 139.51617691,-3.55371351,0 139.51706243,-3.55344274,0 139.51752076,-3.55355902,0 139.51776056,-3.55421795,0 139.51763009,-3.55552032,0 139.51727120,-3.55596524,0 139.51595543,-3.55688714,0 139.51517976,-3.55794574,0 139.51340742,-3.55880120,0 139.51347222,-3.55958444,0 139.51436763,-3.56061439,0 139.51423193,-3.56104613,0 139.51274414,-3.56108861,0 139.51123821,-3.56210279,0 139.51086900,-3.56208845,0 139.51029494,-3.56176331,0 139.50962494,-3.56183915,0 139.50829704,-3.56327793,0 139.50752967,-3.56366292,0 139.50731531,-3.56355886,0 139.50718887,-3.56298919,0 139.50787445,-3.56186378,0 139.50813744,-3.56063610,0 139.50797743,-3.56000417,0 139.50735030,-3.55897862,0 139.50671417,-3.55877730,0 139.50619232,-3.55903836,0 139.50563311,-3.55997808,0 139.50519891,-3.56116386,0 139.50490069,-3.56265357,0 139.50498094,-3.56434989,0 139.50588986,-3.56621179,0 139.50604377,-3.56707131,0 139.50592888,-3.56769822,0 139.50535492,-3.56865777,0 139.50554917,-3.56911938,0 139.50624657,-3.56987559,0 139.50705991,-3.57225909,0 139.50745830,-3.57262790,0 139.50892859,-3.57280284,0 139.50928463,-3.57308809,0 139.51022243,-3.57540374,0 139.51056019,-3.57568896,0 139.51111792,-3.57561641,0 139.51180542,-3.57443292,0 139.51208595,-3.57425877,0 139.51278358,-3.57431182,0 139.51306750,-3.57451347,0 139.51349272,-3.57523453,0 139.51319211,-3.57636464,0 139.51274354,-3.57711971,0 139.51281177,-3.57768360,0 139.51318784,-3.57773478,0 139.51514633,-3.57714604,0 139.51625421,-3.57767242,0 139.51648360,-3.57847393,0 139.51602300,-3.58007562,0 139.51602206,-3.58065550,0 139.51631357,-3.58092258,0 139.51760047,-3.58109130,0 139.51786746,-3.58165496,0 139.51792055,-3.58265348,0 139.51834403,-3.58377952,0 139.51830149,-3.58477996,0 139.51798637,-3.58560179,0 139.51806985,-3.58665488,0 139.51876433,-3.58739799,0 139.52048051,-3.58834984,0 139.52112571,-3.58958590,0 139.52117908,-3.59341304,0 139.52142413,-3.59411283,0 139.52234596,-3.59493736,0 139.52235623,-3.59590020,0 139.52205335,-3.59642873,0 139.52078585,-3.59765166,0 139.52010522,-3.59869259,0 139.51952789,-3.59898336,0 139.51840925,-3.59912739,0 139.51769725,-3.59940797,0 139.51736100,-3.59969315,0 139.51715073,-3.60024045,0 139.51727222,-3.60084783,0 139.51864418,-3.60279213,0 139.51926376,-3.60495702,0 139.51987902,-3.60535903,0 139.52131838,-3.60570241,0 139.52160077,-3.60616312,0 139.52149706,-3.60662837,0 139.52117762,-3.60696434,0 139.51935807,-3.60729975,0 139.51871982,-3.60780368,0 139.51867673,-3.60824765,0 139.51909231,-3.60934364,0 139.51882790,-3.61166465,0 139.51903699,-3.61227698,0 139.52026377,-3.61381610,0 139.52027311,-3.61416816,0 139.51997751,-3.61485000,0 139.52007066,-3.61571169,0 139.52107091,-3.61614720,0 139.52236233,-3.61631321,0 139.52274257,-3.61660066,0 139.52289825,-3.61702432,0 139.52282929,-3.61762518,0 139.52251591,-3.61808515,0 139.52165894,-3.61873289,0 139.52153815,-3.61932166,0 139.52188773,-3.62015624,0 139.52325702,-3.62135648,0 139.52334838,-3.62219485,0 139.52292323,-3.62314991,0 139.52167991,-3.62382702,0 139.52141266,-3.62446369,0 139.52171717,-3.62499511,0 139.52337235,-3.62557997,0 139.52412319,-3.62699010,0 139.52500938,-3.62806638,0 139.52513797,-3.62844731,0 139.52506404,-3.62915094,0 139.52489075,-3.62940657,0 139.52366096,-3.63032765,0 139.52355133,-3.63060166,0 139.52364148,-3.63111363,0 139.52409568,-3.63156221,0 139.52715688,-3.63281978,0 139.52779680,-3.63325809,0 139.52790316,-3.63351402,0 139.52766387,-3.63419840,0 139.52657361,-3.63494829,0 139.52558906,-3.63534534,0 139.52509215,-3.63585115,0 139.52508138,-3.63784031,0 139.52473649,-3.63866460,0 139.52388950,-3.63909247,0 139.52214577,-3.63921184,0 139.52149726,-3.63983408,0 139.52092203,-3.64120964,0 139.52014315,-3.64396530,0 139.51974872,-3.64454970,0 139.51842966,-3.64566607,0 139.51832790,-3.64668948,0 139.51798734,-3.64742255,0 139.51750741,-3.64782447,0 139.51594635,-3.64851490,0 139.51502160,-3.64942946,0 139.51589151,-3.65191775,0 139.51637147,-3.65265018,0 139.51667340,-3.65410858,0 139.51693796,-3.65450663,0 139.51762109,-3.65500225,0 139.51786298,-3.65728865,0 139.51872088,-3.65834042,0 139.52052934,-3.65919967,0 139.52110323,-3.65973255,0 139.52317314,-3.66325086,0 139.52348749,-3.66471114,0 139.52378117,-3.66477869,0 139.52447622,-3.66438414,0 139.52499686,-3.66447889,0 139.52510267,-3.66510280,0 139.52457899,-3.66685913,0 139.52477843,-3.66738930,0 139.52573280,-3.66765915,0 139.52800872,-3.66757670,0 139.52938799,-3.66675527,0 139.52992577,-3.66672915,0 139.53044305,-3.66690555,0 139.53076024,-3.66681597,0 139.53168485,-3.66547867,0 139.53264516,-3.66559501,0 139.53356088,-3.66640427,0 139.53400218,-3.66744909,0 139.53681739,-3.66957294,0 139.53781136,-3.66987735,0 139.53952392,-3.67011535,0 139.54142521,-3.67088643,0 139.54255555,-3.67091954,0 139.54313755,-3.67126250,0 139.54341272,-3.67188178,0 139.54345526,-3.67331335,0 139.54379689,-3.67408754,0 139.54469615,-3.67469854,0 139.54629229,-3.67529222,0 139.54704795,-3.67652843,0 139.54764972,-3.67708781,0 139.54968037,-3.67720035,0 139.55044959,-3.67825496,0 139.55084008,-3.67939050,0 139.55085537,-3.68036736,0 139.55122747,-3.68076520,0 139.55252760,-3.68151558,0 139.55343016,-3.68145664,0 139.55463564,-3.68112556,0 139.55575872,-3.68108684,0 139.55697869,-3.68126328,0 139.55792586,-3.68189356,0 139.55847029,-3.68182394,0 139.56039451,-3.67903252,0 139.56105673,-3.68002828,0 139.56142012,-3.68171843,0 139.56162555,-3.68202908,0 139.56397938,-3.68277998,0 139.56447053,-3.68327499,0 139.56663744,-3.68424475,0 139.56886712,-3.68634217,0 139.56906661,-3.68868957,0 139.56924566,-3.68902946,0 139.56988966,-3.68988329,0 139.57085834,-3.69076210,0 139.57219203,-3.69273770,0 139.57267104,-3.69390994,0 139.57344850,-3.69478974,0 139.57437065,-3.69549928,0 139.57503938,-3.69575172,0 139.57578482,-3.69582094,0 139.57587970,-3.69493728,0 139.57681601,-3.69481733,0 139.57937172,-3.69501018,0 139.58099932,-3.69576483,0 139.58164472,-3.69636151,0 139.58206483,-3.69706433,0 139.58220346,-3.69855888,0 139.58270615,-3.69986669,0 139.58329683,-3.69988175,0 139.58387709,-3.69923780,0 139.58481063,-3.69961867,0 139.58630622,-3.70123440,0 139.58649523,-3.70239718,0 139.59047342,-3.70329639,0 139.59100189,-3.70378942,0 139.59134928,-3.70475351,0 139.59166394,-3.70501589,0 139.59261128,-3.70513679,0 139.59255192,-3.70589956,0 139.59297729,-3.70700063,0 139.59315746,-3.70826114,0 139.59311834,-3.70879921,0 139.59248078,-3.71057590,0 139.59257717,-3.71227698,0 139.59301242,-3.71358009,0 139.59389635,-3.71846791,0 139.59448982,-3.72021399,0 139.59567634,-3.72258199,0 139.59568273,-3.72371881,0 139.59513432,-3.72718706,0 139.59753366,-3.72781603,0 139.59976753,-3.72737092,0 139.60185323,-3.72647688,0 139.60289797,-3.72483339,0 139.60336699,-3.72210391,0 139.60408312,-3.72077724,0 139.60434302,-3.71973983,0 139.60548447,-3.71845962,0 139.60578918,-3.71791066,0 139.60608253,-3.71491974,0 139.60632652,-3.71434016,0 139.60740768,-3.71273933,0 139.60862500,-3.71150503,0 139.60933384,-3.71100018,0 139.61330804,-3.70951298,0 139.61520965,-3.70930569,0 139.61808174,-3.70943871,0 139.61823410,-3.70666168,0 139.62156850,-3.70692534,0 139.62107158,-3.70958334,0 139.62193645,-3.70974659,0 139.62322233,-3.70598081,0 139.62166170,-3.70178450,0 139.62063194,-3.70018086,0 139.62050990,-3.69953805,0 139.62068414,-3.69825308,0 139.62342031,-3.69514310,0 139.62537613,-3.69240019,0 139.62582400,-3.69100936,0 139.62595180,-3.68807744,0 139.62433429,-3.68730482,0 139.62397885,-3.68689401,0 139.62359333,-3.68561004,0 139.62354195,-3.68496828,0 139.62383573,-3.68243648,0 139.62442169,-3.68025427,0 139.62383686,-3.67906240,0 139.62297372,-3.67637501,0 139.62248307,-3.67248042,0 139.62254147,-3.67145285,0 139.62274201,-3.67038267,0 139.62322667,-3.66932722,0 139.62516608,-3.66645359,0 139.62588997,-3.66502085,0 139.62601909,-3.66419321,0 139.63045990,-3.66577451,0 139.63125975,-3.66568303,0 139.63276849,-3.66465013,0 139.63326181,-3.66386290,0 139.63364850,-3.66241112,0 139.63397210,-3.66199444,0 139.63565617,-3.66405758,0 139.63619866,-3.66441512,0 139.63675196,-3.66453137,0 139.64101285,-3.66440148,0 139.64307059,-3.66407938,0 139.65013009,-3.66402714,0 139.65290711,-3.66384429,0 139.65639651,-3.66383870,0 139.65769762,-3.66428022,0 139.66078114,-3.66458257,0 139.66282297,-3.66431606,0 139.66332476,-3.66236471,0 139.66373952,-3.66155415,0 139.66512096,-3.65957773,0 139.66608750,-3.65851080,0 139.66800044,-3.65667366,0 139.67476292,-3.65138136,0 139.67860594,-3.64940854,0 139.68238934,-3.64793024,0 139.68694007,-3.64678939,0 139.69060565,-3.64493496,0 139.69351610,-3.64442549,0 139.69475384,-3.64396777,0 139.69812778,-3.64213461,0 139.70198127,-3.63947478,0 139.70334663,-3.63791373,0 139.70361420,-3.63730378,0 139.70334873,-3.63568992,0 139.70222206,-3.63355535,0 139.70029472,-3.63240458,0 139.69961375,-3.63156002,0 139.69923291,-3.62973918,0 139.69866873,-3.62855247,0 139.69852456,-3.62739021,0 139.69743742,-3.62577314,0 139.69752790,-3.62467172,0 139.69811950,-3.62398417,0 139.69895986,-3.62348778,0 139.69900238,-3.62317413,0 139.69863867,-3.62231468,0 139.69697226,-3.62068544,0 139.69639106,-3.61975665,0 139.69641317,-3.61877589,0 139.69721853,-3.61688424,0 139.69603198,-3.61533858,0 139.69577983,-3.61237772,0 139.69609687,-3.61126343,0 139.69649182,-3.61079358,0 139.69802863,-3.61004957,0 139.69812219,-3.60980053,0 139.69792404,-3.60898797,0 139.69738242,-3.60792230,0 139.69705840,-3.60762826,0 139.69495808,-3.60693708,0 139.69442211,-3.60664613,0 139.69402049,-3.60618955,0 139.69305428,-3.60366441,0 139.69296079,-3.60229476,0 139.69233713,-3.60114835,0 139.69183809,-3.60091814,0 139.69021500,-3.60081400,0 139.68964468,-3.60035893,0 139.68953435,-3.59994944,0 139.68954955,-3.59948257,0 139.69012189,-3.59769958,0 139.69026936,-3.59588720,0 139.69072129,-3.59539667,0 139.69122339,-3.59537826,0 139.69339134,-3.59594210,0 139.69457759,-3.59755135,0 139.69502291,-3.59763065,0 139.69577678,-3.59700992,0 139.69574651,-3.59653315,0 139.69503614,-3.59557868,0 139.69450653,-3.59425345,0 139.69402822,-3.59404511,0 139.69314107,-3.59403229,0 139.69286125,-3.59382407,0 139.69274634,-3.59309263,0 139.69314511,-3.59250717,0 139.69517032,-3.59212019,0 139.69629258,-3.59210321,0 139.69649079,-3.59173651,0 139.69627391,-3.59146322,0 139.69535618,-3.59107599,0 139.69511259,-3.59044265,0 139.69443604,-3.58997045,0 139.69360037,-3.58986966,0 139.69307807,-3.59000005,0 139.69290441,-3.58973751,0 139.69313333,-3.58938811,0 139.69468565,-3.58874261,0 139.69500328,-3.58845295,0 139.69510468,-3.58727622,0 139.69577331,-3.58731435,0 139.69605606,-3.58720313,0 139.69617863,-3.58692312,0 139.69609422,-3.58636634,0 139.69590541,-3.58615424,0 139.69510195,-3.58585108,0 139.69501095,-3.58562333,0 139.69503705,-3.58540595,0 139.69602441,-3.58458731,0 139.69465622,-3.58454044,0 139.69443719,-3.58419033,0 139.69446435,-3.58372651,0 139.69505634,-3.58262474,0 139.69647455,-3.58098864,0 139.69702558,-3.57953106,0 139.69753805,-3.57947051,0 139.69776956,-3.57966693,0 139.69777963,-3.58117433,0 139.69824272,-3.58151814,0 139.70164396,-3.58103649,0 139.70233449,-3.58076568,0 139.70253891,-3.58051996,0 139.70247138,-3.58016452,0 139.70151977,-3.57964382,0 139.70093171,-3.57698954,0 139.70056540,-3.57620743,0 139.70028479,-3.57596820,0 139.69970138,-3.57588053,0 139.69879212,-3.57698650,0 139.69807834,-3.57739799,0 139.69704087,-3.57746164,0 139.69617746,-3.57670053,0 139.69587720,-3.57507178,0 139.69607201,-3.57485495,0 139.69708793,-3.57474784,0 139.69780176,-3.57429293,0 139.69823566,-3.57312116,0 139.69829486,-3.57049514,0 139.69791282,-3.57020644,0 139.69670859,-3.56985894,0 139.69672898,-3.56895609,0 139.69728472,-3.56811163,0 139.69765591,-3.56626005,0 139.70034753,-3.56484444,0 139.70084913,-3.56450952,0 139.70102730,-3.56402732,0 139.70072525,-3.56351297,0 139.70031824,-3.56339703,0 139.69909582,-3.56404556,0 139.69828144,-3.56407587,0 139.69774927,-3.56387584,0 139.69705047,-3.56338190,0 139.69663378,-3.56273104,0 139.69650945,-3.56204914,0 139.69663565,-3.56168658,0 139.69718716,-3.56153857,0 139.69806696,-3.56198619,0 139.69955568,-3.56242641,0 139.70103679,-3.56242851,0 139.70160530,-3.56189201,0 139.70270857,-3.55985803,0 139.70282524,-3.55917524,0 139.70231221,-3.55884757,0 139.70013515,-3.55896074,0 139.69921705,-3.55868335,0 139.69703208,-3.55585570,0 139.69614437,-3.55499924,0 139.69545778,-3.55504936,0 139.69522864,-3.55526615,0 139.69436899,-3.55676422,0 139.69373930,-3.55681754,0 139.69318207,-3.55650953,0 139.69267058,-3.55565942,0 139.69214606,-3.55372939,0 139.69112606,-3.55199919,0 139.69110616,-3.55148892,0 139.69126513,-3.55088555,0 139.69336135,-3.55000697,0 139.69348105,-3.54921293,0 139.69312611,-3.54863266,0 139.69271518,-3.54852089,0 139.69229605,-3.54861560,0 139.69129896,-3.54931308,0 139.68999390,-3.54976392,0 139.68413260,-3.55041863,0 139.68414953,-3.54963473,0 139.68384361,-3.54819050,0 139.68294782,-3.54646183,0 139.67937247,-3.54284482,0 139.67501656,-3.53710750,0 139.67443255,-3.53438998,0 139.67461071,-3.53312048,0 139.67517107,-3.53179247,0 139.67729059,-3.52952176,0 139.67829079,-3.52893260,0 139.67929057,-3.52863873,0 139.68211269,-3.52837699,0 139.68464386,-3.52867202,0 139.68573818,-3.52903030,0 139.68689148,-3.52953729,0 139.68783735,-3.53025208,0 139.68981637,-3.53275193,0 139.69359151,-3.53803064,0 139.69524115,-3.53975568,0 139.69641096,-3.54066071,0 139.69997670,-3.54261400,0 139.70081797,-3.54288576,0 139.70254634,-3.54279686,0 139.70381491,-3.54241647,0 139.70560114,-3.54103230,0 139.70651177,-3.53984982,0 139.70738948,-3.53812615,0 139.70903078,-3.53258632,0 139.70923083,-3.53098088,0 139.71016039,-3.52696032,0 139.71113843,-3.52505506,0 139.71265340,-3.52352697,0 139.71453847,-3.52247209,0 139.71695563,-3.52154744,0 139.71873500,-3.52162382,0 139.72062344,-3.52264500,0 139.72161695,-3.52367291,0 139.72239475,-3.52513274,0 139.72301078,-3.52691652,0 139.72340980,-3.53448164,0 139.72468289,-3.53974156,0 139.72510725,-3.54263122,0 139.72574774,-3.54407664,0 139.72721468,-3.54521586,0 139.72944719,-3.54583364,0 139.73052739,-3.54585485,0 139.73361250,-3.54531128,0 139.73518050,-3.54543618,0 139.73597600,-3.54565691,0 139.73681422,-3.54673657,0 139.73713010,-3.54835172,0 139.74377484,-3.54525652,0 139.74460650,-3.54479383,0 139.74499185,-3.54434600,0 139.74514747,-3.54306299,0 139.74499468,-3.54224337,0 139.74441119,-3.54126857,0 139.74285238,-3.53952446,0 139.74231057,-3.53847111,0 139.74484330,-3.53720094,0 139.74675554,-3.53583608,0 139.74704289,-3.53524870,0 139.74735165,-3.53329304,0 139.74716383,-3.53260934,0 139.74656796,-3.53177664,0 139.74559524,-3.53131357,0 139.74449822,-3.53052875,0 139.74447589,-3.52926080,0 139.74469261,-3.52898336,0 139.74543290,-3.52862469,0 139.74954918,-3.52793546,0 139.75092027,-3.52691168,0 139.75142072,-3.52632619,0 139.75222581,-3.52471451,0 139.75231073,-3.52375704,0 139.75224531,-3.52263138,0 139.75170400,-3.52040128,0 139.75161801,-3.51833096,0 139.75193276,-3.51689201,0 139.75284257,-3.51441012,0 139.75419440,-3.51221363,0 139.75611285,-3.51045477,0 139.75781353,-3.51010476,0 139.75970259,-3.51016147,0 139.76161007,-3.51051557,0 139.76344833,-3.51124704,0 139.76474437,-3.51108305,0 139.76735169,-3.51151727,0 139.77102959,-3.51285033,0 139.77427866,-3.51429049,0 139.77677855,-3.51493993,0 139.77781401,-3.51537206,0 139.77952717,-3.51663071,0 139.78041856,-3.51796007,0 139.78116785,-3.51867900,0 139.78213042,-3.52022383,0 139.78273603,-3.52155282,0 139.78223415,-3.52288036,0 139.78233848,-3.52507022,0 139.78176556,-3.52607459,0 139.78133667,-3.52621761,0 139.78058714,-3.52567817,0 139.77966322,-3.52554773,0 139.77937614,-3.52652375,0 139.77886133,-3.52681025,0 139.77703204,-3.52692271,0 139.77634709,-3.52617514,0 139.77583295,-3.52594472,0 139.77554700,-3.52605922,0 139.77548901,-3.52669093,0 139.77577271,-3.52829949,0 139.77548600,-3.52898833,0 139.77365506,-3.53036436,0 139.77310399,-3.53117399,0 139.77663403,-3.53570720,0 139.77862757,-3.53927942,0 139.77960042,-3.54126651,0 139.78006575,-3.54270469,0 139.78024291,-3.54405264,0 139.78016123,-3.54518256,0 139.77973415,-3.54658252,0 139.77790131,-3.54868982,0 139.77632916,-3.54967085,0 139.77438145,-3.55058278,0 139.77370803,-3.55114061,0 139.77208240,-3.55440962,0 139.77135777,-3.55651434,0 139.77076289,-3.56004968,0 139.77021794,-3.56184587,0 139.77359614,-3.56452029,0 139.77776250,-3.56853659,0 139.77933862,-3.56959483,0 139.78091554,-3.57006466,0 139.78271505,-3.57023866,0 139.78374012,-3.57003824,0 139.78919542,-3.56765424,0 139.79444093,-3.56658182,0 139.79806341,-3.56554813,0 139.80121172,-3.56500034,0 139.80271057,-3.56500230,0 139.80430884,-3.56540578,0 139.80565684,-3.56616015,0 139.80645519,-3.56696397,0 139.80695287,-3.56846984,0 139.80695041,-3.57037645,0 139.80674901,-3.57158036,0 139.80619741,-3.57313504,0 139.80464605,-3.57508979,0 139.80174529,-3.57734382,0 139.79969415,-3.57939826,0 139.79849689,-3.58152305,0 139.79800773,-3.58277621,0 139.79743824,-3.58521546,0 139.79763363,-3.58862753,0 139.79808160,-3.58993264,0 139.79858011,-3.59078626,0 139.79952797,-3.59189133,0 139.80045889,-3.59245980,0 139.80198370,-3.59234840,0 139.80384822,-3.59155695,0 139.81300780,-3.58260917,0 139.81943255,-3.57809344,0 139.82120246,-3.57740270,0 139.82467869,-3.57742866,0 139.82599461,-3.57775081,0 139.82806744,-3.57883502,0 139.82942228,-3.57991831,0 139.83319008,-3.58351457,0 139.83361795,-3.58437031,0 139.83531795,-3.58667031,0 139.83821795,-3.58797031,0 139.83878530,-3.58808355,0 139.84477023,-3.58730845,0 139.84864065,-3.58639202,0 139.85523072,-3.58450040,0 139.85716245,-3.58435185,0 139.86175401,-3.58493720,0 139.86363510,-3.58574596,0 139.86546560,-3.58688226,0 139.86732067,-3.58844699,0 139.86843188,-3.59004763,0 139.87042228,-3.59418473,0 139.87175844,-3.59629175,0 139.87581815,-3.60122580,0 139.87176711,-3.60403126,0 139.87157652,-3.60405495,0 139.87112459,-3.60353985,0 139.87060089,-3.60326398,0 139.86892830,-3.60266958,0 139.86738003,-3.60266764,0 139.86484857,-3.60317304,0 139.86270366,-3.60409772,0 139.86052819,-3.60565057,0 139.85653549,-3.60797892,0 139.85561117,-3.60902478,0 139.85549148,-3.60950327,0 139.85641325,-3.61049163,0 139.85748450,-3.61100153,0 139.85825748,-3.61192987,0 139.85864332,-3.61291756,0 139.85911904,-3.61345663,0 139.86120294,-3.61372849,0 139.86173900,-3.61363942,0 139.86391419,-3.61232589,0 139.86433791,-3.61241783,0 139.86572065,-3.61023943,0 139.86669823,-3.60967603,0 139.86879984,-3.61023795,0 139.87150894,-3.61057040,0 139.87317780,-3.60937587,0 139.87427991,-3.60901825,0 139.87514301,-3.60931848,0 139.87663035,-3.61045710,0 139.87749334,-3.61084707,0 139.87850535,-3.61111756,0 139.88006003,-3.61117731,0 139.88166970,-3.60824467,0 139.88423598,-3.61255058,0 139.88764432,-3.62008699,0 139.88825310,-3.62094106,0 139.88897208,-3.62161456,0 139.88957148,-3.62197670,0 139.89029109,-3.62212817,0 139.89194025,-3.62203122,0 139.89424935,-3.62161648,0 139.89575742,-3.62110182,0 139.89556673,-3.62091996,0 139.89730572,-3.61974166,0 139.89882483,-3.61837624,0 139.90042148,-3.61724530,0 139.90174495,-3.61677812,0 139.90403851,-3.61667398,0 139.90628630,-3.61708874,0 139.90740801,-3.61764398,0 139.90954899,-3.61987588,0 139.91264257,-3.62147789,0 139.91345959,-3.62230970,0 139.91645977,-3.62441620,0 139.91725688,-3.62467498,0 139.92101397,-3.62484231,0 139.92692204,-3.62444208,0 139.92913725,-3.62399660,0 139.93300523,-3.62353648,0 139.93421207,-3.62325577,0 139.93599803,-3.62241145,0 139.93679207,-3.62179831,0 139.93845947,-3.61967027,0 139.93971014,-3.61711580,0 139.94067645,-3.61588073,0 139.94120923,-3.61551383,0 139.94542005,-3.61383149,0 139.94890700,-3.61302231,0 139.95211010,-3.61249004,0 139.95704735,-3.61230107,0 139.96450418,-3.61160516,0 139.96597982,-3.61193054,0 139.96750588,-3.61266486,0 139.96798040,-3.61312539,0 139.96838667,-3.61392658,0 139.96892774,-3.61554568,0 139.96934843,-3.61859572,0 139.96907567,-3.61975390,0 139.96875275,-3.62026463,0 139.96757491,-3.62119115,0 139.96518256,-3.62257100,0 139.96429955,-3.62329750,0 139.96307720,-3.62499080,0 139.96154479,-3.62818404,0 139.95932620,-3.63007507,0 139.95834813,-3.63143983,0 139.95788151,-3.63271246,0 139.95722168,-3.63633296,0 139.95717168,-3.63757656,0 139.95751388,-3.63941574,0 139.95812240,-3.64030834,0 139.95914900,-3.64111398,0 139.96069826,-3.64176283,0 139.96198706,-3.64172935,0 139.96543665,-3.64061409,0 139.96615081,-3.64050998,0 139.96838005,-3.64056747,0 139.97000030,-3.64108257,0 139.97095311,-3.64188445,0 139.97304162,-3.64539009,0 139.97586721,-3.64962604,0 139.97953490,-3.65420887,0 139.98133525,-3.65556599,0 139.98439638,-3.65685591,0 139.98751822,-3.65743560,0 139.98942705,-3.65747463,0 139.98982071,-3.65860410,0 139.98985286,-3.65928189,0 139.98970412,-3.65986030,0 139.98919305,-3.66075238,0 139.98924159,-3.66147979,0 139.99213318,-3.66535125,0 139.99275726,-3.66640992,0 139.99328225,-3.66778256,0 139.99341243,-3.66908864,0 139.99449693,-3.67041232,0 139.99636396,-3.67490564,0 139.99664270,-3.67519888,0 139.99726551,-3.67541166,0 139.99770002,-3.67632913,0 139.99797843,-3.67658870,0 139.99901706,-3.67715771,0 139.99907763,-3.67794788,0 139.99843570,-3.67960787,0 139.99873136,-3.68007106,0 139.99982577,-3.68088573,0 140.00000003,-3.68123429,0 140.00000003,-3.68392915,0 140.00038098,-3.68459305,0 140.00118324,-3.68545260,0 140.00215942,-3.68731584,0 140.00341427,-3.68862075,0 140.00378419,-3.68933497,0 140.00372165,-3.69000735,0 140.00343263,-3.69061740,0 140.00277285,-3.69127874,0 140.00210226,-3.69240562,0 140.00131865,-3.69299311,0 139.99978947,-3.69353302,0 139.99926599,-3.69472275,0 139.99907563,-3.69600766,0 139.99907055,-3.69755654,0 140.00017019,-3.69962444,0 140.00135992,-3.70105212,0 140.00464357,-3.70243220,0 140.01006874,-3.70376470,0 140.01449454,-3.70371711,0 140.01711195,-3.70314604,0 140.01892034,-3.70214667,0 140.01968177,-3.70152801,0 140.02230214,-3.69829623,0 140.02219645,-3.69489853,0 140.02297456,-3.69284584,0 140.02296049,-3.69206638,0 140.02232598,-3.69001023,0 140.02307770,-3.68958415,0 140.02446783,-3.68823633,0 140.02568522,-3.68731658,0 140.02360296,-3.68524881,0 140.02240461,-3.68437254,0 140.02152067,-3.68320973,0 140.02115076,-3.68201881,0 140.02116720,-3.68003941,0 140.02248193,-3.67892206,0 140.02438169,-3.67813525,0 140.02545353,-3.67717540,0 140.02622588,-3.67591401,0 140.02734039,-3.67509765,0 140.02819704,-3.67498591,0 140.03075203,-3.67512848,0 140.03190320,-3.67504078,0 140.03504139,-3.67393860,0 140.03609390,-3.67371584,0 140.03744525,-3.67381328,0 140.03770327,-3.67249361,0 140.03894684,-3.67041003,0 140.04213648,-3.67352124,0 140.04342687,-3.67406696,0 140.04658828,-3.67423935,0 140.04845964,-3.67405369,0 140.05020373,-3.67339480,0 140.05110145,-3.67239000,0 140.05149721,-3.67037582,0 140.05160856,-3.66577763,0 140.05207614,-3.66445442,0 140.05519903,-3.65846700,0 140.05856559,-3.65382875,0 140.06147975,-3.65087510,0 140.06332961,-3.64966306,0 140.06473085,-3.64910788,0 140.06578935,-3.64926076,0 140.06639366,-3.64973353,0 140.06774655,-3.65143275,0 140.07092991,-3.65675573,0 140.07203803,-3.65810747,0 140.07320544,-3.65854431,0 140.07387929,-3.65854501,0 140.07405865,-3.65901077,0 140.07365074,-3.66167542,0 140.07358747,-3.66439252,0 140.07419303,-3.66782098,0 140.07527971,-3.66974266,0 140.07552819,-3.67066115,0 140.07650168,-3.67179493,0 140.08162752,-3.67449053,0 140.08231741,-3.67504912,0 140.08271945,-3.67549193,0 140.08443358,-3.67939307,0 140.08613631,-3.68187900,0 140.08711182,-3.68264195,0 140.08823962,-3.68314377,0 140.09133665,-3.68375360,0 140.09260162,-3.68229932,0 140.09403474,-3.68097296,0 140.09617134,-3.67839844,0 140.09710444,-3.67818179,0 140.09790726,-3.67824782,0 140.09966317,-3.67953394,0 140.10114060,-3.68150339,0 140.10194285,-3.68211377,0 140.10518107,-3.68261769,0 140.10704761,-3.68260611,0 140.10745770,-3.68428989,0 140.10750123,-3.68524210,0 140.10685939,-3.68725234,0 140.10707329,-3.68891971,0 140.10774629,-3.68997567,0 140.10913126,-3.69138278,0 140.10998715,-3.69197555,0 140.11123708,-3.69223939,0 140.11266476,-3.69188247,0 140.11369982,-3.69195385,0 140.11512750,-3.69238215,0 140.11694779,-3.69223653,0 140.11804710,-3.69202238,0 140.11941053,-3.69141847,0 140.11974559,-3.69078139,0 140.12243411,-3.69366899,0 140.12519706,-3.69533592,0 140.12851588,-3.69686941,0 140.13151067,-3.69708038,0 140.13555034,-3.69653016,0 140.14306909,-3.69589064,0 140.14560323,-3.69593932,0 140.14933243,-3.69705003,0 140.15430101,-3.69719456,0 140.15671672,-3.69836927,0 140.15779065,-3.69948146,0 140.15831412,-3.70148767,0 140.15834471,-3.70357931,0 140.15915662,-3.70619460,0 140.16106658,-3.70740867,0 140.16298579,-3.70773146,0 140.16998655,-3.70775933,0 140.17347663,-3.70817191,0 140.17631787,-3.70822011,0 140.17838127,-3.70731246,0 140.18251611,-3.70341377,0 140.18585145,-3.70079325,0 140.19037644,-3.69893584,0 140.19442766,-3.69842511,0 140.19812060,-3.69724527,0 140.19873680,-3.69626841,0 140.19981806,-3.69173018,0 140.20007712,-3.68874671,0 140.20095259,-3.68604851,0 140.20266602,-3.68174522,0 140.20456612,-3.67874964,0 140.20545525,-3.67765683,0 140.20723136,-3.67790144,0 140.20942756,-3.67925475,0 140.21294212,-3.67965484,0 140.21365289,-3.67961353,0 140.21503428,-3.67926082,0 140.21592664,-3.67874707,0 140.21894078,-3.67626172,0 140.22105729,-3.67479814,0 140.22701552,-3.67444540,0 140.23172466,-3.67459265,0 140.23512214,-3.67421718,0 140.23941569,-3.67306382,0 140.24261947,-3.67261660,0 140.24646369,-3.67242703,0 140.25246309,-3.67345156,0 140.25411548,-3.67310015,0 140.26061284,-3.67223159,0 140.26220947,-3.67172776,0 140.26590496,-3.67140207,0 140.26739785,-3.67093023,0 140.26859547,-3.67032985,0 140.27029872,-3.66997032,0 140.27304261,-3.67023053,0 140.27499198,-3.67092313,0 140.27658586,-3.67187921,0 140.27805393,-3.67303687,0 140.27853117,-3.67382187,0 140.27863829,-3.67957102,0 140.27979314,-3.68258681,0 140.28117227,-3.68461654,0 140.28201580,-3.68771226,0 140.28330691,-3.69003859,0 140.28432647,-3.69264534,0 140.28439663,-3.69473014,0 140.28414845,-3.69567609,0 140.28127319,-3.70058792,0 140.28013733,-3.70315739,0 140.27986727,-3.70439669,0 140.27981300,-3.70575450,0 140.28022657,-3.70715537,0 140.28220306,-3.71045912,0 140.28495956,-3.71678774,0 140.28526195,-3.71791054,0 140.28912588,-3.72075722,0 140.29057232,-3.72271151,0 140.29264017,-3.72411958,0 140.29316527,-3.72464077,0 140.29348141,-3.72513462,0 140.29354627,-3.72557702,0 140.29796078,-3.72783132,0 140.30162315,-3.72938979,0 140.30660900,-3.73285763,0 140.30929261,-3.73572628,0 140.31166189,-3.73742001,0 140.31310240,-3.73911609,0 140.31438580,-3.73982763,0 140.31537084,-3.74074248,0 140.31818733,-3.74217595,0 140.31995884,-3.74276668,0 140.32120617,-3.74357528,0 140.32172569,-3.74423539,0 140.32293326,-3.74642933,0 140.32295646,-3.74739555,0 140.32265642,-3.74833346,0 140.32121905,-3.74914620,0 140.32036076,-3.74944622,0 140.31827734,-3.74962099,0 140.31787625,-3.75000001,0 140.31752021,-3.75071242,0 140.31778551,-3.75175498,0 140.31839663,-3.75293144,0 140.31959346,-3.75376090,0 140.32105659,-3.75432331,0 140.32369087,-3.75451245,0 140.32579325,-3.75430026,0 140.32728388,-3.75371342,0 140.32805640,-3.75264494,0 140.32914656,-3.75000816,0 140.32935683,-3.74886884,0 140.32931442,-3.74691636,0 140.32966592,-3.74652774,0 140.33099904,-3.74634033,0 140.33209974,-3.74740360,0 140.33329651,-3.74807806,0 140.33609079,-3.74727835,0 140.33948421,-3.74580556,0 140.34145577,-3.74578300,0 140.34436857,-3.74658702,0 140.34501520,-3.74646723,0 140.34608537,-3.74566620,0 140.34685978,-3.74544226,0 140.34666053,-3.74504120,0 140.34661312,-3.74438367,0 140.34681337,-3.74343765,0 140.34746081,-3.74221133,0 140.34853075,-3.74173103,0 140.34873072,-3.74115386,0 140.34960168,-3.73987959,0 140.35063986,-3.73915471,0 140.35129846,-3.73897880,0 140.35301450,-3.73912439,0 140.35496148,-3.73993969,0 140.35874315,-3.74233595,0 140.36188682,-3.74400607,0 140.36483135,-3.74505860,0 140.36546604,-3.74494682,0 140.36615283,-3.74446622,0 140.36643273,-3.74373675,0 140.36747860,-3.74340876,0 140.36907484,-3.74361037,0 140.37028769,-3.74417253,0 140.37235456,-3.74475133,0 140.37352799,-3.74469606,0 140.37412672,-3.74457621,0 140.37617892,-3.74339898,0 140.38051645,-3.73866320,0 140.38232921,-3.73742163,0 140.38422194,-3.73652484,0 140.38494799,-3.73639713,0 140.38727040,-3.73679967,0 140.39048719,-3.73675381,0 140.39123703,-3.73742787,0 140.39185880,-3.73860702,0 140.39300754,-3.73957403,0 140.39368183,-3.73985114,0 140.39520240,-3.73976399,0 140.39591698,-3.73953996,0 140.39686337,-3.73877486,0 140.39745060,-3.73794937,0 140.39826680,-3.73495505,0 140.39901772,-3.73404146,0 140.39946479,-3.73391749,0 140.40052621,-3.73416679,0 140.40226918,-3.73575964,0 140.40303064,-3.73696292,0 140.40342111,-3.73792940,0 140.40355613,-3.73891977,0 140.40429129,-3.73908192,0 140.40581091,-3.73900378,0 140.40586197,-3.73877727,0 140.40542623,-3.73791423,0 140.40541912,-3.73740632,0 140.40630344,-3.73641048,0 140.40511506,-3.73492653,0 140.40492356,-3.73431480,0 140.40520726,-3.73373053,0 140.40598508,-3.73288617,0 140.40695357,-3.73271421,0 140.40740937,-3.73287990,0 140.40799957,-3.73284604,0 140.40841151,-3.73311806,0 140.40868008,-3.73358228,0 140.40876006,-3.73445006,0 140.40906575,-3.73529986,0 140.41084284,-3.73675532,0 140.41116492,-3.73678808,0 140.41158674,-3.73627570,0 140.41222066,-3.73617016,0 140.41252642,-3.73570108,0 140.41331247,-3.73564759,0 140.41461376,-3.73697661,0 140.41514407,-3.73668774,0 140.41574289,-3.73668402,0 140.41647221,-3.73702426,0 140.41744992,-3.73787389,0 140.41981873,-3.73835951,0 140.42011845,-3.73860550,0 140.42031395,-3.73940713,0 140.42135583,-3.73957159,0 140.42159384,-3.73999722,0 140.42166897,-3.74061630,0 140.42308226,-3.74072684,0 140.42370088,-3.74094137,0 140.42395063,-3.74129701,0 140.42392801,-3.74169485,0 140.42257464,-3.74264481,0 140.42228391,-3.74322604,0 140.42297817,-3.74298279,0 140.42343800,-3.74324350,0 140.42347337,-3.74365240,0 140.42321662,-3.74459026,0 140.42388492,-3.74529443,0 140.42408296,-3.74625243,0 140.42429280,-3.74621136,0 140.42489585,-3.74500243,0 140.42536341,-3.74461616,0 140.42592852,-3.74478930,0 140.42601968,-3.74543254,0 140.42613913,-3.74547641,0 140.42615039,-3.74479465,0 140.42557946,-3.74308893,0 140.42571803,-3.74265654,0 140.42593941,-3.74251365,0 140.42643729,-3.74255283,0 140.42790906,-3.74328236,0 140.42988749,-3.74302068,0 140.43057441,-3.74349890,0 140.43238673,-3.74381361,0 140.43274986,-3.74314819,0 140.43443873,-3.74227066,0 140.43494458,-3.74263638,0 140.43540663,-3.74374937,0 140.43617459,-3.74432769,0 140.43781461,-3.74444468,0 140.43886834,-3.74365811,0 140.43955978,-3.74366331,0 140.44026482,-3.74407487,0 140.44261555,-3.74609028,0 140.44331191,-3.74616397,0 140.44440741,-3.74665781,0 140.44523914,-3.74651824,0 140.44509963,-3.74569666,0 140.44539448,-3.74520919,0 140.44569896,-3.74520034,0 140.44618779,-3.74547322,0 140.44694765,-3.74648208,0 140.44722059,-3.74578656,0 140.44745271,-3.74562529,0 140.44817886,-3.74563413,0 140.44876509,-3.74591129,0 140.44944456,-3.74687099,0 140.44909979,-3.74803454,0 140.45030930,-3.74866771,0 140.45059489,-3.74921489,0 140.45020962,-3.75000000,0 140.45208516,-3.75228482,0 140.45243395,-3.75312164,0 140.45337863,-3.75728649,0 140.45328370,-3.75993669,0 140.45348959,-3.76192990,0 140.45373941,-3.76218815,0 140.45463200,-3.76254717,0 140.45567539,-3.76458929,0 140.45695348,-3.76526401,0 140.45789079,-3.76616520,0 140.45862629,-3.76645960,0 140.46020459,-3.76678320,0 140.46198800,-3.76674205,0 140.46262381,-3.76653453,0 140.46345980,-3.76601885,0 140.46435585,-3.76496129,0 140.46472794,-3.76385027,0 140.46549277,-3.76289005,0 140.46645886,-3.76253679,0 140.46994440,-3.76253175,0 140.47145170,-3.76214552,0 140.47324256,-3.76092473,0 140.47444978,-3.76070321,0 140.47627829,-3.76064696,0 140.47938127,-3.76155392,0 140.48085942,-3.76214269,0 140.48207739,-3.76236698,0 140.48759657,-3.76256381,0 140.48863228,-3.76247839,0 140.48968960,-3.76209903,0 140.49070884,-3.76138734,0 140.49401220,-3.75795739,0 140.49468375,-3.75768535,0 140.49518374,-3.75767130,0 140.49824004,-3.75887036,0 140.50066249,-3.75910614,0 140.50211705,-3.76006271,0 140.50302835,-3.76028810,0 140.50444687,-3.76032448,0 140.50629006,-3.76077184,0 140.50991133,-3.76412981,0 140.51364498,-3.76619881,0 140.51661523,-3.76807541,0 140.51874196,-3.76870577,0 140.52024194,-3.77014140,0 140.52115111,-3.77145234,0 140.52156569,-3.77243307,0 140.52362024,-3.77387238,0 140.52671164,-3.77814659,0 140.52804540,-3.77931028,0 140.52913010,-3.77988676,0 140.52962416,-3.77883433,0 140.52965607,-3.77725098,0 140.52938200,-3.77566109,0 140.52937113,-3.77448706,0 140.53000625,-3.77280186,0 140.53161561,-3.76940900,0 140.53221886,-3.76679734,0 140.53271088,-3.76566564,0 140.53324578,-3.76523792,0 140.53643924,-3.76380849,0 140.53774242,-3.76296392,0 140.53801185,-3.76247642,0 140.53791785,-3.76186393,0 140.53749492,-3.76112416,0 140.53740560,-3.76035453,0 140.53764734,-3.76004266,0 140.53864154,-3.75941688,0 140.53891109,-3.75869135,0 140.53809723,-3.75761626,0 140.53804927,-3.75694198,0 140.53826232,-3.75654359,0 140.53845911,-3.75631763,0 140.53887372,-3.75624944,0 140.54112530,-3.75674890,0 140.54139684,-3.75662424,0 140.54163630,-3.75624304,0 140.54175281,-3.75493610,0 140.54206731,-3.75471680,0 140.54374731,-3.75453950,0 140.54452462,-3.75423276,0 140.54459909,-3.75370067,0 140.54346963,-3.75231748,0 140.54343880,-3.75188876,0 140.54366101,-3.75150177,0 140.54413280,-3.75117846,0 140.54476023,-3.75109040,0 140.54835472,-3.75218675,0 140.54943290,-3.75227343,0 140.55036415,-3.75209209,0 140.55106687,-3.75173361,0 140.55305547,-3.75164611,0 140.55391290,-3.75146294,0 140.55553402,-3.75042968,0 140.55623553,-3.75012262,0 140.55702741,-3.75003809,0 140.55757030,-3.75022019,0 140.55916407,-3.75150150,0 140.56069986,-3.75204952,0 140.56139747,-3.75335139,0 140.56326312,-3.75414604,0 140.56622467,-3.75641174,0 140.57065219,-3.75646587,0 140.57155599,-3.75634145,0 140.57232531,-3.75641495,0 140.57411569,-3.75704693,0 140.57498811,-3.75699224,0 140.57575208,-3.75654262,0 140.57662568,-3.75636080,0 140.57749231,-3.75665990,0 140.57824048,-3.75740646,0 140.57903044,-3.75788068,0 140.57987127,-3.75796787,0 140.58068339,-3.75787585,0 140.58149947,-3.75752702,0 140.58207801,-3.75709579,0 140.58404332,-3.75488953,0 140.58467843,-3.75460522,0 140.58507937,-3.75455861,0 140.58627421,-3.75505307,0 140.58777356,-3.75506343,0 140.59214863,-3.75633682,0 140.59361978,-3.75724965,0 140.59619866,-3.75787570,0 140.59694388,-3.75842049,0 140.59738759,-3.75909194,0 140.59875522,-3.75986164,0 140.59994214,-3.76126778,0 140.60243295,-3.76099127,0 140.60331891,-3.76073838,0 140.60392670,-3.76096885,0 140.60484619,-3.76151652,0 140.60605680,-3.76263188,0 140.60765654,-3.76327182,0 140.60832622,-3.76334600,0 140.60999664,-3.76392989,0 140.61088710,-3.76509678,0 140.61193754,-3.76566990,0 140.61337180,-3.76603883,0 140.61449059,-3.76697998,0 140.61564176,-3.76764249,0 140.61683992,-3.76921500,0 140.61783197,-3.76932970,0 140.61897757,-3.76868959,0 140.62013031,-3.76857163,0 140.62262318,-3.76883402,0 140.62506042,-3.77010430,0 140.62632174,-3.77105528,0 140.62648923,-3.77174611,0 140.62592279,-3.77556552,0 140.62610374,-3.77715002,0 140.62595007,-3.77861457,0 140.62622512,-3.78045376,0 140.62580771,-3.78172966,0 140.62579515,-3.78306426,0 140.62611001,-3.78380656,0 140.62726507,-3.78431828,0 140.62995136,-3.78483688,0 140.63303040,-3.78732862,0 140.63494959,-3.78820886,0 140.63698787,-3.79019928,0 140.63967626,-3.79215092,0 140.64289690,-3.79367376,0 140.64366087,-3.79492930,0 140.64535200,-3.79623972,0 140.64634574,-3.79733281,0 140.64795989,-3.79802083,0 140.65011301,-3.80075233,0 140.65061591,-3.80152083,0 140.65061258,-3.80270979,0 140.65091044,-3.80362172,0 140.65209679,-3.80543619,0 140.65355657,-3.80561396,0 140.65452026,-3.80503733,0 140.65656907,-3.80419047,0 140.65759687,-3.80311775,0 140.65837427,-3.80187716,0 140.65777901,-3.79756383,0 140.65792709,-3.79600003,0 140.65875467,-3.79489597,0 140.66182828,-3.79440492,0 140.66337486,-3.79246277,0 140.66503855,-3.79126544,0 140.66701696,-3.79030529,0 140.66883571,-3.79051326,0 140.67095301,-3.79102022,0 140.67240435,-3.79102261,0 140.67488210,-3.79234843,0 140.67688207,-3.79220287,0 140.67951694,-3.79296932,0 140.68141676,-3.79249698,0 140.68297039,-3.79149208,0 140.68573694,-3.79205000,0 140.68788176,-3.79335186,0 140.68765967,-3.79477100,0 140.68803118,-3.79604164,0 140.68887799,-3.79718010,0 140.69062750,-3.79842017,0 140.69143330,-3.79962985,0 140.69213944,-3.80076102,0 140.69248274,-3.80202442,0 140.69256233,-3.80308205,0 140.69339918,-3.80395437,0 140.69512056,-3.80677948,0 140.69531450,-3.80778304,0 140.69490751,-3.80877314,0 140.69395980,-3.80944391,0 140.69286125,-3.80992811,0 140.69225764,-3.81093158,0 140.69228199,-3.81624406,0 140.69287956,-3.81735942,0 140.69391424,-3.81842146,0 140.69451205,-3.81947400,0 140.69515243,-3.82137150,0 140.69528360,-3.82471320,0 140.69557253,-3.82658725,0 140.69686977,-3.82923447,0 140.69681730,-3.83001886,0 140.69801361,-3.83245607,0 140.69852253,-3.83423059,0 140.69986076,-3.83707288,0 140.70114728,-3.83874063,0 140.70156198,-3.85193181,0 140.70227582,-3.86549473,0 140.70179993,-3.87263312,0 140.70179993,-3.87929561,0 140.70227582,-3.88500631,0 140.70218867,-3.88619740,0 140.71487727,-3.88692783,0 140.72644145,-3.88607123,0 140.73643519,-3.88307311,0 140.74528678,-3.87964668,0 140.75199686,-3.87550642,0 140.75528052,-3.87422151,0 140.76341828,-3.87422151,0 140.76698747,-3.87365044,0 140.77069943,-3.87065232,0 140.77462554,-3.86523905,0 140.77974138,-3.85881450,0 140.78342954,-3.85363917,0 140.78617111,-3.85244285,0 140.78701056,-3.85297224,0 140.78878721,-3.85284902,0 140.79050829,-3.85365299,0 140.79058994,-3.85396804,0 140.79046512,-3.85428193,0 140.78969766,-3.85520758,0 140.78983142,-3.85620838,0 140.79031329,-3.85670971,0 140.79062738,-3.85660977,0 140.79099966,-3.85611010,0 140.79161298,-3.85462726,0 140.79213057,-3.85461658,0 140.79383965,-3.85513926,0 140.79395387,-3.85553901,0 140.79312254,-3.85676726,0 140.79313174,-3.85715568,0 140.79345418,-3.85728078,0 140.79395387,-3.85718084,0 140.79533002,-3.85647117,0 140.79566355,-3.85646917,0 140.79583603,-3.85670235,0 140.79576702,-3.85758059,0 140.79599542,-3.85804552,0 140.79733284,-3.85893275,0 140.79819407,-3.86026462,0 140.79856526,-3.86053588,0 140.79907229,-3.86051168,0 140.79899723,-3.85973179,0 140.79912206,-3.85909393,0 140.79922199,-3.85877984,0 140.79950828,-3.85863369,0 140.80012474,-3.85909232,0 140.80100659,-3.86120689,0 140.80154911,-3.86166375,0 140.80194602,-3.86146364,0 140.80187747,-3.86047878,0 140.80217502,-3.85988184,0 140.80293404,-3.86000802,0 140.80390607,-3.86076322,0 140.80480421,-3.86102129,0 140.80738867,-3.86039400,0 140.80844479,-3.86053588,0 140.80862812,-3.86091132,0 140.80864466,-3.86194928,0 140.80883026,-3.86229192,0 140.81055775,-3.86393375,0 140.81072907,-3.86394803,0 140.81146441,-3.86325058,0 140.81382814,-3.86429169,0 140.81383268,-3.86480558,0 140.81347220,-3.86554922,0 140.81343331,-3.86604939,0 140.81399845,-3.86666061,0 140.81498354,-3.86718886,0 140.81555461,-3.86728879,0 140.81632782,-3.86718698,0 140.81653971,-3.86697470,0 140.81659805,-3.86582235,0 140.81689732,-3.86584390,0 140.81732329,-3.86634096,0 140.81755839,-3.86801157,0 140.81781055,-3.86821491,0 140.81815299,-3.86823106,0 140.81843852,-3.86817395,0 140.81869550,-3.86764571,0 140.81831003,-3.86667489,0 140.81839569,-3.86601816,0 140.81858129,-3.86584684,0 140.81975198,-3.86597533,0 140.82085376,-3.86644397,0 140.82128943,-3.86617223,0 140.82147947,-3.86561841,0 140.82192205,-3.86544709,0 140.82256208,-3.86594639,0 140.82355508,-3.86611555,0 140.82410746,-3.86649183,0 140.82506900,-3.86774319,0 140.82530133,-3.86849490,0 140.82512190,-3.86954941,0 140.82412484,-3.87043266,0 140.82413205,-3.87079173,0 140.82537218,-3.87120109,0 140.82593301,-3.87155914,0 140.82646946,-3.87228016,0 140.82660518,-3.87301035,0 140.82646861,-3.87337129,0 140.82612359,-3.87362113,0 140.82550493,-3.87360924,0 140.82449365,-3.87322852,0 140.82394634,-3.87361447,0 140.82394128,-3.87428641,0 140.82428892,-3.87581377,0 140.82423293,-3.87694179,0 140.82402004,-3.87733083,0 140.82343479,-3.87739258,0 140.82257819,-3.87698807,0 140.82174481,-3.87734747,0 140.82179392,-3.87766528,0 140.82308180,-3.87907803,0 140.82324309,-3.87972790,0 140.82285271,-3.88125543,0 140.82168589,-3.88178268,0 140.82162640,-3.88255601,0 140.82186435,-3.88303190,0 140.82219747,-3.88318657,0 140.82282803,-3.88322226,0 140.82359169,-3.88301308,0 140.82407599,-3.88317456,0 140.82431520,-3.88410266,0 140.82464832,-3.88450717,0 140.82517180,-3.88472132,0 140.82555179,-3.88510912,0 140.82543354,-3.88597054,0 140.82357756,-3.88637504,0 140.82291199,-3.88709429,0 140.82289365,-3.88740234,0 140.82443417,-3.88762426,0 140.82493385,-3.88754098,0 140.82540074,-3.88716917,0 140.82625160,-3.88690818,0 140.82780662,-3.88668969,0 140.82843936,-3.88690524,0 140.82873272,-3.88748304,0 140.82863392,-3.88792169,0 140.82799146,-3.88792169,0 140.82696304,-3.88858785,0 140.82652155,-3.88962023,0 140.82560820,-3.89075734,0 140.82497537,-3.89232857,0 140.82401411,-3.89398625,0 140.82394756,-3.89442324,0 140.82430173,-3.89466929,0 140.82486206,-3.89468698,0 140.82581067,-3.89435520,0 140.82734133,-3.89341947,0 140.82918362,-3.89152467,0 140.82978238,-3.89148359,0 140.83029947,-3.89169776,0 140.83057790,-3.89204685,0 140.83062005,-3.89238101,0 140.83045209,-3.89308690,0 140.83000211,-3.89335876,0 140.82925258,-3.89345394,0 140.82735853,-3.89502914,0 140.82660225,-3.89630762,0 140.82615928,-3.89752758,0 140.82543116,-3.89795588,0 140.82488865,-3.89798443,0 140.82441751,-3.89835563,0 140.82442655,-3.89898027,0 140.82620211,-3.90199621,0 140.82706929,-3.90256317,0 140.82842928,-3.90276715,0 140.82915740,-3.90348099,0 140.83018245,-3.90413084,0 140.83058134,-3.90405472,0 140.83071357,-3.90320973,0 140.83014250,-3.90142514,0 140.82998545,-3.90061136,0 140.83005683,-3.89992607,0 140.83034237,-3.89931217,0 140.83080556,-3.89906839,0 140.83246039,-3.89918311,0 140.83376879,-3.89985469,0 140.83403885,-3.90033716,0 140.83382590,-3.90121098,0 140.83332621,-3.90198193,0 140.83332621,-3.90263866,0 140.83364810,-3.90352925,0 140.83459090,-3.90440095,0 140.83506141,-3.90459713,0 140.83567266,-3.90457921,0 140.83624801,-3.90436285,0 140.83826181,-3.90293816,0 140.83903487,-3.90283007,0 140.83971797,-3.90315491,0 140.83993349,-3.90430945,0 140.83948392,-3.90494073,0 140.83880064,-3.90555392,0 140.83615772,-3.90640125,0 140.83583406,-3.90665373,0 140.83588989,-3.90792390,0 140.83660432,-3.90869841,0 140.83741895,-3.90872725,0 140.83804768,-3.90922928,0 140.83846201,-3.90994637,0 140.83849037,-3.91109359,0 140.83841874,-3.91201135,0 140.83761797,-3.91342497,0 140.83684604,-3.91435693,0 140.83614564,-3.91487304,0 140.83607578,-3.91651505,0 140.83649014,-3.91706005,0 140.83869094,-3.91777749,0 140.83939114,-3.91829387,0 140.84023784,-3.91926235,0 140.84183805,-3.92184388,0 140.84289099,-3.92389313,0 140.84361619,-3.92486270,0 140.84138131,-3.92630270,0 140.83852117,-3.92725962,0 140.83756753,-3.92893499,0 140.83637565,-3.93013158,0 140.83446853,-3.93252485,0 140.82909421,-3.93538102,0 140.82388569,-3.93697486,0 140.82197883,-3.93793192,0 140.82026275,-3.93831453,0 140.81644943,-3.93831370,0 140.81435202,-3.93869621,0 140.81111039,-3.94003593,0 140.80958480,-3.94118453,0 140.80672440,-3.94290729,0 140.80157525,-3.94769337,0 140.79642628,-3.95152195,0 140.79184965,-3.95381871,0 140.78860808,-3.95458385,0 140.78460358,-3.95630624,0 140.78185926,-3.96006671,0 140.78154801,-3.95898321,0 140.78117919,-3.95849542,0 140.78039397,-3.95823368,0 140.77970393,-3.95837644,0 140.77893060,-3.96007776,0 140.77845471,-3.96054175,0 140.77776467,-3.96076780,0 140.77731257,-3.96068452,0 140.77688427,-3.96036329,0 140.77675340,-3.95982791,0 140.77693186,-3.95926874,0 140.77745534,-3.95880475,0 140.77787174,-3.95713912,0 140.77759810,-3.95640149,0 140.77709842,-3.95574714,0 140.77578971,-3.95524745,0 140.77389804,-3.95575904,0 140.77329128,-3.95652046,0 140.77324369,-3.95697256,0 140.77405271,-3.95836455,0 140.77389804,-3.95860249,0 140.77189930,-3.95835265,0 140.77103079,-3.95904269,0 140.77059059,-3.95899510,0 140.77031695,-3.95866198,0 140.77023367,-3.95800763,0 140.77087231,-3.95585435,0 140.77108631,-3.95585692,0 140.77189737,-3.95460257,0 140.77291741,-3.95425909,0 140.77478858,-3.95460613,0 140.77523168,-3.95453687,0 140.77581351,-3.95421239,0 140.77632509,-3.95324871,0 140.77555177,-3.95261815,0 140.77283918,-3.95258246,0 140.77241088,-3.95227313,0 140.77208965,-3.95177344,0 140.77105459,-3.94994125,0 140.77091182,-3.94900137,0 140.77116166,-3.94863255,0 140.77162566,-3.94846599,0 140.77314851,-3.94904896,0 140.77337456,-3.94878722,0 140.77337456,-3.94829943,0 140.77252985,-3.94703831,0 140.77028126,-3.94574151,0 140.77013849,-3.94528941,0 140.77060249,-3.94388553,0 140.77182791,-3.94235077,0 140.77424237,-3.94157656,0 140.77619353,-3.94055339,0 140.77693116,-3.93968489,0 140.77731188,-3.93945884,0 140.77769259,-3.93949453,0 140.77875145,-3.94011319,0 140.77932252,-3.94012509,0 140.77929873,-3.93957781,0 140.77871576,-3.93791219,0 140.77870386,-3.93646072,0 140.77840643,-3.93613949,0 140.77676460,-3.93619897,0 140.77632440,-3.93581826,0 140.77561056,-3.93430730,0 140.77527744,-3.93398608,0 140.77471826,-3.93406936,0 140.77399253,-3.93530668,0 140.77363561,-3.93550893,0 140.77300505,-3.93541375,0 140.77275521,-3.93494976,0 140.77250536,-3.93328414,0 140.77227932,-3.93289152,0 140.77182722,-3.93265358,0 140.77053041,-3.93246322,0 140.76931689,-3.93254650,0 140.76860305,-3.93233235,0 140.76843649,-3.93198733,0 140.76849597,-3.93155903,0 140.76903135,-3.93082139,0 140.77049472,-3.92947700,0 140.77045903,-3.92812070,0 140.76909084,-3.92695477,0 140.76992365,-3.92569365,0 140.76982847,-3.92534863,0 140.76941206,-3.92503930,0 140.76835320,-3.92493223,0 140.76724676,-3.92509879,0 140.76332064,-3.92601488,0 140.76320167,-3.92628852,0 140.76351100,-3.92663354,0 140.76471263,-3.92702615,0 140.76560493,-3.92781137,0 140.76572390,-3.92804932,0 140.76562872,-3.92829916,0 140.76511714,-3.92845383,0 140.76240455,-3.92823968,0 140.76108395,-3.92703805,0 140.76064375,-3.92719271,0 140.75978952,-3.93118307,0 140.75931839,-3.93262502,0 140.75881870,-3.93326748,0 140.75656298,-3.93505207,0 140.75546366,-3.93646547,0 140.75512102,-3.93649403,0 140.75119491,-3.93109741,0 140.75120919,-3.93082615,0 140.75145189,-3.93055489,0 140.75286529,-3.92975539,0 140.75305089,-3.92921288,0 140.75289385,-3.92875602,0 140.75246554,-3.92855615,0 140.75175171,-3.92849904,0 140.74948170,-3.92902728,0 140.74782084,-3.92872271,0 140.74633605,-3.92801839,0 140.74443248,-3.92670493,0 140.74348070,-3.92514400,0 140.74152002,-3.92520111,0 140.73946417,-3.92482039,0 140.73925478,-3.92466811,0 140.73938803,-3.92388764,0 140.73976874,-3.92354500,0 140.74203399,-3.92322139,0 140.74235759,-3.92291682,0 140.74174845,-3.91880511,0 140.74152002,-3.91844344,0 140.74077763,-3.91800562,0 140.74014945,-3.91806272,0 140.73889310,-3.91850054,0 140.73818878,-3.91838633,0 140.73748446,-3.91815790,0 140.73573317,-3.91669215,0 140.73544764,-3.91676830,0 140.73462910,-3.91821501,0 140.73398189,-3.91832922,0 140.73335371,-3.91811983,0 140.73240193,-3.91739647,0 140.73211639,-3.91697769,0 140.73101232,-3.91332284,0 140.73065064,-3.91263755,0 140.73017475,-3.91237105,0 140.72990825,-3.91237105,0 140.72905165,-3.91377969,0 140.72870900,-3.91400812,0 140.72326480,-3.91516930,0 140.72035234,-3.91604494,0 140.71755409,-3.91648276,0 140.71572667,-3.91724419,0 140.71469874,-3.91707287,0 140.71332817,-3.91659698,0 140.71216699,-3.91568326,0 140.71083504,-3.91516649,0 140.71035860,-3.91452209,0 140.71136749,-3.91387487,0 140.71380689,-3.91290624,0 140.71352116,-3.91214018,0 140.71266349,-3.91127818,0 140.70960193,-3.91021169,0 140.70757939,-3.90920042,0 140.70690764,-3.90870375,0 140.70509194,-3.91141982,0 140.70429952,-3.91323313,0 140.70420838,-3.91984683,0 140.70243094,-3.92233178,0 140.70110300,-3.92526310,0 140.70161673,-3.92684573,0 140.70278810,-3.92848680,0 140.70293646,-3.93008623,0 140.70235852,-3.93216547,0 140.70292339,-3.93391820,0 140.70388990,-3.93566762,0 140.70380879,-3.93686493,0 140.70227472,-3.93855654,0 140.70070218,-3.94088452,0 140.70046702,-3.94277495,0 140.69840423,-3.94156545,0 140.69497247,-3.94098973,0 140.69154064,-3.94060548,0 140.68849000,-3.94060434,0 140.68048238,-3.93983534,0 140.67796541,-3.93975768,0 140.67721259,-3.93939976,0 140.67625860,-3.94112279,0 140.67530491,-3.94207987,0 140.67320647,-3.94495139,0 140.67168085,-3.94571675,0 140.66729516,-3.94667245,0 140.66424289,-3.95069249,0 140.66290722,-3.95318131,0 140.66176182,-3.95662765,0 140.66061695,-3.95873357,0 140.65851913,-3.95988164,0 140.65565878,-3.96064641,0 140.64803285,-3.95872830,0 140.64612625,-3.95853600,0 140.64441015,-3.95872675,0 140.64192900,-3.96447035,0 140.64040248,-3.96715053,0 140.64002056,-3.96849079,0 140.63773185,-3.97002169,0 140.63620624,-3.97059549,0 140.63544305,-3.97174408,0 140.63429793,-3.97423293,0 140.63412960,-3.97705980,0 140.63276690,-3.97721412,0 140.63209649,-3.97818784,0 140.63170092,-3.97813640,0 140.63105673,-3.97751453,0 140.63068027,-3.97751436,0 140.62992049,-3.97857776,0 140.62956953,-3.97860964,0 140.62803220,-3.97764133,0 140.62704469,-3.97647577,0 140.62600962,-3.97569432,0 140.62597139,-3.97473211,0 140.62573953,-3.97440409,0 140.62501791,-3.97402837,0 140.62516874,-3.97301878,0 140.62488990,-3.97209098,0 140.62462366,-3.97177588,0 140.62304307,-3.97078708,0 140.62260938,-3.97023891,0 140.62251086,-3.96959596,0 140.62266565,-3.96933715,0 140.62509755,-3.96892836,0 140.62577650,-3.96863095,0 140.62587545,-3.96832464,0 140.62548920,-3.96739679,0 140.62612550,-3.96641763,0 140.62618150,-3.96608974,0 140.62538266,-3.96545942,0 140.62530549,-3.96510988,0 140.62564095,-3.96350499,0 140.62541184,-3.96312390,0 140.62447001,-3.96247037,0 140.62432436,-3.96190092,0 140.62337803,-3.96198421,0 140.62304046,-3.96178311,0 140.62280738,-3.96098754,0 140.62289512,-3.96054800,0 140.62266601,-3.96017110,0 140.62208662,-3.96006197,0 140.62048567,-3.96045478,0 140.62006071,-3.95993545,0 140.61893520,-3.95987213,0 140.61868098,-3.95972129,0 140.61856039,-3.95904720,0 140.61911092,-3.95848645,0 140.61922365,-3.95809715,0 140.61822816,-3.95629644,0 140.61806999,-3.95578142,0 140.61813734,-3.95436220,0 140.61795821,-3.95408161,0 140.61755807,-3.95398932,0 140.61608207,-3.95463756,0 140.61529419,-3.95465812,0 140.61439009,-3.95360268,0 140.61308546,-3.95326296,0 140.61246888,-3.95246302,0 140.61136024,-3.95199779,0 140.61082283,-3.95126908,0 140.60968498,-3.95087918,0 140.60953934,-3.95033068,0 140.61000438,-3.94781197,0 140.60960438,-3.94741704,0 140.60932061,-3.94658336,0 140.60724318,-3.94521683,0 140.60690401,-3.94554974,0 140.60657526,-3.94560700,0 140.60603950,-3.94516177,0 140.60589981,-3.94458292,0 140.60180100,-3.94328815,0 140.60167358,-3.94441327,0 140.60131604,-3.94490114,0 140.60109449,-3.94494409,0 140.60041574,-3.94466386,0 140.59882274,-3.94344300,0 140.59840117,-3.94332079,0 140.59650741,-3.94340600,0 140.59610732,-3.94321920,0 140.59569317,-3.94255153,0 140.59497890,-3.94183348,0 140.59477906,-3.94131664,0 140.59480075,-3.94079991,0 140.59527974,-3.94037669,0 140.59598799,-3.94010301,0 140.59544570,-3.93976050,0 140.59271468,-3.93844208,0 140.59212868,-3.93963592,0 140.59124230,-3.94018094,0 140.59049912,-3.94015186,0 140.59017773,-3.93977850,0 140.59013528,-3.93889570,0 140.59024272,-3.93840054,0 140.59076470,-3.93774769,0 140.59082423,-3.93745304,0 140.58936250,-3.93640526,0 140.58869298,-3.93644763,0 140.58727752,-3.93755219,0 140.58660574,-3.93765951,0 140.58638430,-3.93746562,0 140.58564211,-3.93545569,0 140.58609982,-3.93472386,0 140.58726907,-3.93430512,0 140.58659410,-3.93357391,0 140.58659410,-3.93291041,0 140.58458606,-3.93229728,0 140.58436470,-3.93195984,0 140.58439352,-3.93148618,0 140.58472975,-3.93073994,0 140.58584474,-3.93030269,0 140.58743880,-3.93020867,0 140.58821214,-3.92976677,0 140.59201928,-3.93062337,0 140.59401802,-3.93052820,0 140.59573123,-3.92995712,0 140.59618031,-3.92878953,0 140.59488511,-3.92890045,0 140.59340552,-3.92966767,0 140.59296243,-3.92973205,0 140.59266237,-3.92958836,0 140.59266981,-3.92898549,0 140.59292014,-3.92853346,0 140.59353486,-3.92819644,0 140.59504981,-3.92817565,0 140.59515710,-3.92796757,0 140.59478584,-3.92729275,0 140.59210628,-3.92590438,0 140.59094179,-3.92629327,0 140.59006960,-3.92707513,0 140.58947649,-3.92706766,0 140.58776107,-3.92561022,0 140.58735096,-3.92505636,0 140.58708176,-3.92444106,0 140.58694619,-3.92227379,0 140.58507125,-3.92110553,0 140.58450018,-3.92196214,0 140.58450018,-3.92491267,0 140.58392911,-3.92662588,0 140.58317107,-3.92668905,0 140.58313588,-3.92708433,0 140.58290297,-3.92741026,0 140.58238228,-3.92752073,0 140.58184952,-3.92727439,0 140.57910654,-3.92513837,0 140.57848803,-3.92485507,0 140.57788168,-3.92478710,0 140.57755083,-3.92498994,0 140.57739125,-3.92563579,0 140.57750743,-3.92602340,0 140.57980363,-3.92747637,0 140.58033615,-3.92820869,0 140.58048287,-3.92877473,0 140.58039692,-3.92917454,0 140.57961890,-3.92942022,0 140.57817946,-3.92947486,0 140.57563157,-3.92914752,0 140.57348138,-3.92969393,0 140.57361304,-3.92994280,0 140.57351205,-3.93022788,0 140.57109985,-3.93294160,0 140.56989375,-3.93580609,0 140.57004451,-3.93791677,0 140.56898917,-3.94078126,0 140.56808459,-3.94274118,0 140.56687849,-3.94470109,0 140.56687849,-3.94877168,0 140.56793383,-3.95088236,0 140.56838612,-3.95450066,0 140.56733078,-3.95646058,0 140.56567239,-3.95811897,0 140.56431553,-3.96053117,0 140.56431553,-3.96339566,0 140.56597392,-3.96686320,0 140.56989375,-3.97138608,0 140.56974298,-3.97515515,0 140.56823536,-3.97621048,0 140.56642621,-3.97621048,0 140.56506934,-3.97560743,0 140.56280790,-3.97319523,0 140.56069722,-3.97048150,0 140.55798350,-3.96746625,0 140.55481748,-3.96490328,0 140.55225452,-3.96369718,0 140.55104842,-3.96369718,0 140.54697782,-3.96626015,0 140.54516867,-3.96701396,0 140.54320876,-3.96686320,0 140.54200266,-3.96656167,0 140.53657520,-3.95977735,0 140.53371071,-3.95510371,0 140.53114775,-3.95238999,0 140.52662487,-3.95193770,0 140.52330809,-3.95299304,0 140.51848368,-3.95419914,0 140.51456385,-3.95630981,0 140.51533214,-3.95518105,0 140.51537973,-3.95449101,0 140.51523697,-3.95411030,0 140.51507040,-3.95406271,0 140.51485625,-3.95406271,0 140.51461831,-3.95432445,0 140.51392826,-3.95546659,0 140.51283371,-3.95603766,0 140.51252438,-3.95606145,0 140.51238161,-3.95587110,0 140.51283371,-3.95303954,0 140.51280992,-3.95277780,0 140.51209608,-3.95227811,0 140.51211987,-3.95201637,0 140.51269094,-3.95123115,0 140.51247679,-3.95096941,0 140.51100153,-3.95144530,0 140.51038287,-3.95196878,0 140.51009733,-3.95263503,0 140.50995456,-3.95273021,0 140.50971662,-3.95253985,0 140.50974041,-3.95111218,0 140.51052563,-3.94980347,0 140.51119188,-3.94744781,0 140.51066840,-3.94759057,0 140.50962144,-3.94835200,0 140.50931211,-3.94885169,0 140.50912175,-3.95006521,0 140.50843171,-3.95006521,0 140.50688506,-3.94880410,0 140.50650434,-3.94870892,0 140.50631399,-3.94930379,0 140.50667091,-3.95066008,0 140.50643296,-3.95113597,0 140.50600466,-3.95123115,0 140.50469595,-3.95082664,0 140.50398212,-3.94999383,0 140.50398212,-3.94966070,0 140.50410109,-3.94932758,0 140.50512426,-3.94868513,0 140.50536220,-3.94837580,0 140.50543359,-3.94747160,0 140.50476734,-3.94628187,0 140.50486252,-3.94599633,0 140.50502908,-3.94599633,0 140.50574292,-3.94656741,0 140.50598086,-3.94659120,0 140.50619501,-3.94644843,0 140.50612363,-3.94587736,0 140.50545738,-3.94435451,0 140.50462457,-3.94352170,0 140.50419627,-3.94385482,0 140.50350622,-3.94530629,0 140.50338725,-3.94611531,0 140.50388694,-3.94782852,0 140.50372037,-3.94835200,0 140.50181681,-3.94789990,0 140.50131712,-3.94747160,0 140.50165024,-3.94549665,0 140.50162645,-3.94456866,0 140.50119815,-3.94383103,0 140.49960391,-3.94240335,0 140.49943735,-3.94157054,0 140.49874730,-3.94121362,0 140.49808105,-3.93919108,0 140.49810485,-3.93840585,0 140.49912802,-3.93578845,0 140.49905663,-3.93476528,0 140.49867592,-3.93440836,0 140.49791449,-3.93409903,0 140.49729583,-3.93414662,0 140.49720065,-3.93450354,0 140.49731962,-3.93562188,0 140.49712927,-3.93585983,0 140.49651061,-3.93593121,0 140.49624887,-3.93552671,0 140.49627266,-3.93398006,0 140.49646302,-3.93324242,0 140.49646302,-3.92945908,0 140.49612989,-3.92891180,0 140.49500290,-3.92844740,0 140.49493588,-3.92762632,0 140.49435455,-3.92611964,0 140.49431616,-3.92529215,0 140.49480274,-3.92470244,0 140.49798522,-3.92311613,0 140.49971900,-3.92259814,0 140.50037928,-3.92257389,0 140.50084547,-3.92283957,0 140.50135957,-3.92359836,0 140.50141508,-3.92551281,0 140.50164990,-3.92589555,0 140.50266927,-3.92608343,0 140.50347295,-3.92653496,0 140.50436920,-3.92771598,0 140.50592228,-3.92826975,0 140.50661887,-3.92846142,0 140.50711512,-3.92832052,0 140.50741033,-3.92790762,0 140.50747881,-3.92738989,0 140.50677624,-3.92622225,0 140.50548886,-3.92508680,0 140.50455715,-3.92450605,0 140.50327165,-3.92409118,0 140.50282257,-3.92369453,0 140.50274503,-3.92308669,0 140.50289782,-3.92214210,0 140.50270921,-3.92143266,0 140.50143504,-3.92034433,0 140.49975083,-3.91952423,0 140.49899904,-3.91833347,0 140.49892439,-3.91774826,0 140.50006089,-3.91423012,0 140.50007032,-3.91341164,0 140.49977306,-3.91279427,0 140.49912694,-3.91218476,0 140.49856717,-3.91218071,0 140.49633118,-3.91381289,0 140.49511130,-3.91400701,0 140.49442744,-3.91332208,0 140.49367252,-3.91174059,0 140.49350584,-3.91092934,0 140.49378258,-3.91018151,0 140.49580664,-3.90949591,0 140.49651011,-3.90893179,0 140.49727535,-3.90798866,0 140.49752496,-3.90706875,0 140.49750824,-3.90605482,0 140.49745243,-3.90583580,0 140.49699893,-3.90562697,0 140.49708933,-3.90524978,0 140.49750367,-3.90484926,0 140.49830425,-3.90493324,0 140.50070161,-3.90646583,0 140.50125198,-3.90742065,0 140.50131171,-3.90792017,0 140.50078237,-3.90941644,0 140.50097386,-3.91015906,0 140.50113097,-3.91061273,0 140.50189962,-3.91109358,0 140.50243066,-3.91107644,0 140.50282948,-3.91076290,0 140.50314025,-3.90991318,0 140.50330065,-3.90698913,0 140.50398717,-3.90510893,0 140.50454285,-3.90441838,0 140.50521140,-3.90418290,0 140.50610428,-3.90447667,0 140.50672428,-3.90515066,0 140.50736392,-3.90713875,0 140.50797747,-3.90781750,0 140.50877536,-3.90786590,0 140.51024531,-3.90751097,0 140.51158567,-3.90740283,0 140.51275851,-3.90745637,0 140.51374230,-3.90723338,0 140.51547139,-3.90589395,0 140.51649359,-3.90550860,0 140.51780132,-3.90567152,0 140.51854817,-3.90606457,0 140.51879345,-3.90680505,0 140.51862554,-3.90740336,0 140.51801567,-3.90788922,0 140.51609712,-3.90804261,0 140.51531556,-3.90862363,0 140.51490416,-3.90939196,0 140.51425568,-3.91146888,0 140.51349356,-3.91217398,0 140.51170937,-3.91206633,0 140.51151280,-3.91247749,0 140.51159064,-3.91311251,0 140.51191426,-3.91350173,0 140.51408589,-3.91396781,0 140.51553734,-3.91460994,0 140.51671278,-3.91484132,0 140.51720079,-3.91451449,0 140.51784800,-3.91318199,0 140.51820968,-3.91196370,0 140.51853329,-3.90988881,0 140.51885689,-3.90948906,0 140.51933279,-3.90931774,0 140.52133153,-3.90977460,0 140.52281632,-3.90983171,0 140.52473892,-3.90958424,0 140.52527192,-3.90926064,0 140.52517674,-3.90842307,0 140.52487217,-3.90800428,0 140.52140768,-3.90611975,0 140.52037975,-3.90545350,0 140.51961832,-3.90465400,0 140.51971350,-3.90427329,0 140.52131250,-3.90339764,0 140.52161707,-3.90305500,0 140.52197875,-3.90233165,0 140.52190260,-3.90141793,0 140.52142671,-3.90094204,0 140.52076046,-3.90078975,0 140.51794318,-3.90075168,0 140.51760054,-3.90037097,0 140.51761957,-3.89979990,0 140.51801932,-3.89884811,0 140.51792415,-3.89852451,0 140.51651550,-3.89738237,0 140.51634418,-3.89690647,0 140.51725790,-3.89545976,0 140.51720079,-3.89483158,0 140.51689622,-3.89460316,0 140.51364922,-3.89346946,0 140.51183357,-3.89175833,0 140.51110404,-3.89148307,0 140.51056463,-3.89103233,0 140.51050412,-3.89052843,0 140.51078562,-3.89007054,0 140.51187297,-3.88934591,0 140.51204821,-3.88860549,0 140.51180535,-3.88796406,0 140.50984507,-3.88664982,0 140.50965541,-3.88602371,0 140.50965582,-3.88530608,0 140.50999071,-3.88452757,0 140.51195264,-3.88296368,0 140.51263001,-3.88141432,0 140.51301787,-3.88103282,0 140.51370954,-3.88104849,0 140.51468200,-3.88183539,0 140.51540388,-3.88217935,0 140.51601918,-3.88283625,0 140.51657311,-3.88448557,0 140.51700627,-3.88464615,0 140.51741677,-3.88455477,0 140.51774395,-3.88395185,0 140.51778244,-3.88308155,0 140.51736647,-3.87943212,0 140.51772403,-3.87886739,0 140.51861371,-3.87818844,0 140.51895608,-3.87760079,0 140.51898676,-3.87711221,0 140.51867533,-3.87674559,0 140.51791549,-3.87634054,0 140.51779418,-3.87578317,0 140.51829731,-3.87318016,0 140.51867762,-3.87269178,0 140.51967341,-3.87255493,0 140.52119347,-3.87273901,0 140.52167996,-3.87266294,0 140.52215899,-3.87233494,0 140.52243302,-3.87163274,0 140.52254799,-3.86991508,0 140.52240402,-3.86911340,0 140.52207757,-3.86843376,0 140.52169012,-3.86809000,0 140.52103660,-3.86783769,0 140.51918957,-3.86792062,0 140.51877932,-3.86759212,0 140.51874164,-3.86701952,0 140.51912959,-3.86646243,0 140.51979865,-3.86610401,0 140.52058924,-3.86591359,0 140.52162285,-3.86606686,0 140.52282352,-3.86650270,0 140.52337839,-3.86648774,0 140.52438202,-3.86586993,0 140.52487675,-3.86465635,0 140.52565273,-3.86339712,0 140.52572966,-3.86171761,0 140.52532707,-3.86126697,0 140.52287977,-3.86105183,0 140.52257597,-3.86064704,0 140.52250035,-3.85995991,0 140.52275172,-3.85897522,0 140.52416602,-3.85793012,0 140.52577764,-3.85744243,0 140.52630232,-3.85702283,0 140.52672868,-3.85570996,0 140.52672278,-3.85263333,0 140.52700441,-3.85190059,0 140.52745312,-3.85138934,0 140.52806896,-3.85105378,0 140.52884431,-3.85089388,0 140.52942947,-3.85104690,0 140.53035635,-3.85177267,0 140.53136698,-3.85222365,0 140.53244376,-3.85192482,0 140.53275309,-3.85113960,0 140.53218202,-3.84761800,0 140.53211064,-3.84540510,0 140.53163475,-3.84407260,0 140.53187269,-3.84257354,0 140.53261032,-3.84136001,0 140.53318140,-3.83971819,0 140.53532291,-3.83676765,0 140.53596536,-3.83612520,0 140.53820206,-3.83467373,0 140.53910625,-3.83357918,0 140.54194495,-3.82934612,0 140.54255409,-3.82885119,0 140.54263024,-3.82852758,0 140.54242084,-3.82822301,0 140.53952742,-3.82572934,0 140.53918478,-3.82456816,0 140.53792842,-3.82352120,0 140.53737639,-3.82226484,0 140.53691953,-3.82182702,0 140.53562510,-3.82129402,0 140.53355021,-3.81994249,0 140.53322661,-3.81940949,0 140.53320757,-3.81897167,0 140.53425453,-3.81676353,0 140.53476850,-3.81615438,0 140.53474946,-3.81558331,0 140.53455910,-3.81527874,0 140.53360732,-3.81489803,0 140.53162761,-3.81497417,0 140.52953368,-3.81594499,0 140.52854383,-3.81605921,0 140.52814408,-3.81588788,0 140.52694483,-3.81453635,0 140.52414658,-3.81249953,0 140.52021571,-3.81181425,0 140.51975172,-3.81145733,0 140.51960895,-3.81110041,0 140.51910926,-3.81092195,0 140.51860958,-3.81013673,0 140.51793143,-3.80981550,0 140.51643237,-3.80867336,0 140.51578991,-3.80753122,0 140.51432655,-3.80760260,0 140.51275610,-3.80820936,0 140.51200657,-3.80867336,0 140.51100720,-3.81002965,0 140.51007921,-3.80988688,0 140.50940106,-3.80910166,0 140.50890138,-3.80799521,0 140.50879430,-3.80385495,0 140.50839892,-3.80209533,0 140.50464828,-3.79482551,0 140.50273934,-3.78713661,0 140.50273934,-3.79273558,0 140.50226345,-3.79773244,0 140.50154961,-3.80106369,0 140.49964604,-3.80368110,0 140.49655274,-3.80558466,0 140.49298355,-3.80677440,0 140.48989025,-3.80677440,0 140.47918268,-3.80249137,0 140.47489965,-3.80249137,0 140.47014073,-3.80320520,0 140.46799921,-3.80534672,0 140.46609564,-3.80844002,0 140.46133672,-3.81010564,0 140.45895726,-3.80962975,0 140.45610191,-3.80844002,0 140.45324655,-3.80510877,0 140.44872558,-3.80153958,0 140.44515638,-3.79725655,0 140.44230103,-3.79249763,0 140.43397292,-3.78179005,0 140.43135551,-3.78488335,0 140.42683454,-3.78702487,0 140.42326534,-3.78607308,0 140.41826848,-3.78393157,0 140.41277413,-3.78206872,0 140.41244916,-3.78261864,0 140.41111680,-3.78366559,0 140.40982544,-3.78436440,0 140.40865732,-3.78461055,0 140.40580938,-3.78429991,0 140.40513289,-3.78475219,0 140.40439466,-3.78559543,0 140.40396373,-3.78652120,0 140.40374906,-3.78807505,0 140.40401311,-3.78927229,0 140.40447584,-3.79040316,0 140.40526985,-3.79126824,0 140.40639511,-3.79186755,0 140.40944053,-3.79263442,0 140.41132686,-3.79386602,0 140.41354377,-3.79586263,0 140.41731180,-3.79981550,0 140.41754589,-3.80042798,0 140.41754546,-3.80106387,0 140.41726353,-3.80186441,0 140.41327493,-3.80501755,0 140.41282895,-3.80565313,0 140.41167069,-3.80839100,0 140.41082013,-3.80884407,0 140.40683441,-3.80905480,0 140.40104044,-3.81139906,0 140.40037591,-3.81177219,0 140.40013634,-3.81241246,0 140.40021503,-3.81388020,0 140.40048033,-3.81446745,0 140.40103803,-3.81486812,0 140.40228656,-3.81529595,0 140.40499672,-3.81535121,0 140.40582027,-3.81556526,0 140.40840023,-3.81841503,0 140.40992251,-3.82145902,0 140.41076923,-3.82168641,0 140.41159730,-3.82166808,0 140.41210580,-3.82110142,0 140.41278429,-3.81964657,0 140.41333153,-3.81747341,0 140.41380221,-3.81717133,0 140.41444213,-3.81707726,0 140.41555247,-3.81707802,0 140.41773522,-3.81749531,0 140.42136154,-3.81926124,0 140.42217127,-3.82011840,0 140.42219213,-3.82080370,0 140.42189321,-3.82138172,0 140.42044289,-3.82185188,0 140.41999464,-3.82251545,0 140.41969533,-3.82367168,0 140.41965183,-3.82493515,0 140.42017406,-3.82890388,0 140.42022095,-3.83103924,0 140.41976857,-3.83503045,0 140.41908287,-3.83692708,0 140.41831546,-3.83819129,0 140.41509174,-3.84110129,0 140.41456327,-3.84172493,0 140.41450059,-3.84265947,0 140.41484126,-3.84346968,0 140.41567794,-3.84474752,0 140.41642246,-3.84558042,0 140.41965991,-3.84710552,0 140.42000083,-3.84757853,0 140.42017969,-3.84913875,0 140.42054290,-3.85006275,0 140.42157626,-3.85062406,0 140.42256477,-3.85088951,0 140.42636590,-3.85067144,0 140.42796994,-3.85042981,0 140.42902458,-3.85038639,0 140.42966160,-3.85058540,0 140.43025455,-3.85098296,0 140.43150599,-3.85279914,0 140.43181974,-3.85353569,0 140.43199322,-3.85518381,0 140.43105696,-3.85693541,0 140.42874111,-3.85917859,0 140.42607108,-3.86271366,0 140.42353216,-3.86477518,0 140.42281920,-3.86566892,0 140.42240906,-3.86645556,0 140.42219470,-3.86742117,0 140.42202496,-3.87156079,0 140.42159243,-3.87288977,0 140.42093007,-3.87366955,0 140.41940412,-3.87491109,0 140.41769125,-3.87575444,0 140.41707140,-3.87627790,0 140.41583087,-3.87853629,0 140.41533977,-3.88148280,0 140.41465453,-3.88226815,0 140.41234642,-3.88388265,0 140.41213870,-3.88455893,0 140.41265561,-3.88632841,0 140.41330268,-3.88721342,0 140.41529622,-3.88911401,0 140.41599480,-3.89044133,0 140.41665978,-3.89253397,0 140.41751140,-3.89666251,0 140.41755668,-3.89798441,0 140.41707101,-3.89900447,0 140.41587978,-3.90009194,0 140.41399570,-3.90019573,0 140.41292314,-3.89980083,0 140.41224315,-3.89930110,0 140.41127577,-3.89817052,0 140.40842531,-3.89572478,0 140.40664740,-3.89370022,0 140.40612418,-3.89354219,0 140.40526056,-3.89372552,0 140.40455375,-3.89417172,0 140.40379356,-3.89611566,0 140.40331832,-3.89891054,0 140.40337289,-3.90038085,0 140.40370581,-3.90133025,0 140.40614706,-3.90462601,0 140.40911546,-3.90726465,0 140.41069624,-3.90809323,0 140.41134500,-3.90862282,0 140.41282207,-3.91103438,0 140.41286249,-3.91141540,0 140.41267722,-3.91212198,0 140.41074772,-3.91362945,0 140.40984354,-3.91362882,0 140.40560927,-3.91209662,0 140.40499057,-3.91216786,0 140.40475228,-3.91266946,0 140.40475184,-3.91329070,0 140.40506028,-3.91453339,0 140.40589229,-3.91565699,0 140.40726718,-3.91685076,0 140.40874930,-3.91785353,0 140.41006997,-3.91842300,0 140.41144487,-3.91855934,0 140.41422226,-3.91791153,0 140.41540892,-3.91734382,0 140.41659594,-3.91626172,0 140.41751342,-3.91507113,0 140.41893789,-3.91177135,0 140.42018187,-3.90957802,0 140.42095358,-3.90882564,0 140.42208932,-3.90826712,0 140.42339629,-3.90792383,0 140.42635253,-3.90790435,0 140.42891030,-3.90844666,0 140.43422442,-3.91079022,0 140.43543752,-3.91159539,0 140.43653523,-3.91342751,0 140.43780636,-3.91608168,0 140.43943855,-3.91853013,0 140.43961292,-3.91921053,0 140.43956877,-3.91989078,0 140.43849698,-3.92136033,0 140.43620390,-3.92327632,0 140.43471786,-3.92402118,0 140.43386537,-3.92422846,0 140.43011461,-3.92406077,0 140.42884334,-3.92423719,0 140.42810135,-3.92494582,0 140.42746493,-3.92618639,0 140.42714620,-3.92756901,0 140.42700319,-3.93015729,0 140.42728499,-3.93115029,0 140.42830804,-3.93253382,0 140.42979006,-3.93402405,0 140.43298236,-3.93680517,0 140.43518189,-3.93871529,0 140.43998161,-3.94183260,0 140.44133186,-3.94304712,0 140.44280411,-3.94501152,0 140.44365374,-3.94575193,0 140.44549511,-3.94663528,0 140.44637315,-3.94729034,0 140.44665606,-3.94800191,0 140.44651393,-3.94865628,0 140.44580485,-3.94962329,0 140.44194153,-3.95272742,0 140.44065670,-3.95314979,0 140.43812765,-3.95332946,0 140.43728444,-3.95367150,0 140.43676210,-3.95439669,0 140.43668059,-3.95621050,0 140.43783332,-3.95915560,0 140.43898380,-3.96062666,0 140.44054117,-3.96168521,0 140.44174893,-3.96213890,0 140.44575017,-3.96282603,0 140.44796909,-3.96294479,0 140.45415899,-3.96289027,0 140.46218497,-3.96209893,0 140.46301241,-3.96164666,0 140.46422792,-3.96157903,0 140.46624906,-3.96225067,0 140.46818299,-3.96319094,0 140.47071691,-3.96516968,0 140.47114195,-3.96581872,0 140.47158576,-3.96800715,0 140.47158256,-3.97304222,0 140.47198753,-3.97574416,0 140.47240215,-3.97619437,0 140.47477526,-3.97642919,0 140.47560478,-3.97689632,0 140.47751221,-3.97869730,0 140.47834143,-3.97964770,0 140.47870609,-3.98038117,0 140.47867239,-3.98118105,0 140.47845624,-3.98181416,0 140.47787494,-3.98249703,0 140.47602968,-3.98393458,0 140.47519102,-3.98479243,0 140.47425140,-3.98623931,0 140.47426774,-3.98689574,0 140.47458569,-3.98775434,0 140.47622192,-3.99119371,0 140.47646808,-3.99237626,0 140.47642972,-3.99296744,0 140.47618254,-3.99338684,0 140.47572649,-3.99372983,0 140.47504262,-3.99390103,0 140.47409301,-3.99380506,0 140.47304865,-3.99338483,0 140.47160576,-3.99244943,0 140.47101750,-3.99162900,0 140.47044903,-3.98954990,0 140.46951980,-3.98731800,0 140.46893143,-3.98666920,0 140.46765904,-3.98643953,0 140.46663331,-3.98659143,0 140.46507501,-3.98794445,0 140.46446663,-3.98885946,0 140.46414316,-3.98977465,0 140.46416164,-3.99055657,0 140.46464602,-3.99147518,0 140.46538485,-3.99247578,0 140.46714954,-3.99403771,0 140.46813006,-3.99470509,0 140.47191880,-3.99617885,0 140.47235111,-3.99687009,0 140.47387646,-3.99789874,0 140.47477956,-3.99812143,0 140.47543432,-3.99810750,0 140.47609503,-3.99755980,0 140.47641313,-3.99687143,0 140.47692484,-3.99675362,0 140.47814475,-3.99694892,0 140.47889519,-3.99744564,0 140.47950189,-3.99828672,0 140.48003732,-3.99949242,0 140.48023830,-4.00046373,0 140.48079318,-4.00105512,0 140.48162681,-4.00125970,0 140.48326140,-4.00069784,0 140.48394963,-4.00094278,0 140.48424801,-4.00276534,0 140.48392161,-4.00372029,0 140.48264008,-4.00549259,0 140.48262538,-4.00657264,0 140.48290888,-4.00699147,0 140.48410644,-4.00784536,0 140.48587503,-4.00869961,0 140.48830501,-4.01072404,0 140.48878290,-4.01122215,0 140.49054980,-4.01480291,0 140.49237419,-4.01612157,0 140.49570288,-4.01797943,0 140.49601967,-4.01841412,0 140.49618932,-4.01883463,0 140.49619393,-4.01988126,0 140.49595512,-4.02084155,0 140.49575527,-4.02109473,0 140.49526814,-4.02139347,0 140.49481270,-4.02141430,0 140.49282133,-4.02101023,0 140.49258293,-4.02129857,0 140.49248418,-4.02236449,0 140.49284448,-4.02324248,0 140.49499039,-4.02584895,0 140.49808913,-4.02858620,0 140.49848443,-4.02952225,0 140.49871689,-4.03194864,0 140.49948191,-4.03556571,0 140.50206290,-4.03757278,0 140.50502778,-4.04122452,0 140.50597645,-4.04368520,0 140.50744445,-4.04674304,0 140.50844070,-4.05037800,0 140.50914911,-4.05150916,0 140.50992030,-4.05228438,0 140.51333937,-4.05435945,0 140.51554215,-4.05665157,0 140.51830264,-4.06062048,0 140.51851340,-4.06133319,0 140.51853904,-4.06324190,0 140.51894043,-4.06367226,0 140.51955595,-4.06421029,0 140.52118882,-4.06499087,0 140.52217687,-4.06498246,0 140.52285716,-4.06466467,0 140.52290385,-4.06265307,0 140.52296594,-4.06239141,0 140.52333257,-4.06214254,0 140.52429654,-4.06206246,0 140.53126827,-4.06242989,0 140.53200762,-4.06288729,0 140.53242446,-4.06355395,0 140.53257563,-4.06450606,0 140.53186188,-4.06990059,0 140.53220736,-4.07182218,0 140.53261857,-4.07223027,0 140.53756806,-4.07223812,0 140.53852758,-4.07208331,0 140.53905397,-4.07164859,0 140.53920971,-4.06990859,0 140.53967430,-4.06928739,0 140.54013865,-4.06910122,0 140.54289316,-4.06907172,0 140.54453339,-4.06922801,0 140.54642100,-4.06978839,0 140.54799885,-4.07081470,0 140.54929796,-4.07218264,0 140.55010169,-4.07392318,0 140.55034326,-4.07556798,0 140.55034197,-4.07789171,0 140.55072704,-4.07912421,0 140.55132283,-4.07979350,0 140.55219936,-4.08011086,0 140.55535548,-4.08018303,0 140.55654766,-4.08046536,0 140.55749416,-4.08109962,0 140.55858067,-4.08222688,0 140.55931639,-4.08352998,0 140.55973645,-4.08493854,0 140.55977488,-4.08855556,0 140.55929769,-4.08953757,0 140.55542607,-4.09414282,0 140.55261790,-4.09553268,0 140.55222661,-4.09622817,0 140.55226185,-4.09676335,0 140.55277693,-4.09713825,0 140.55361198,-4.09724575,0 140.55664131,-4.09653890,0 140.55971010,-4.09654059,0 140.56838156,-4.09703624,0 140.56894071,-4.09726624,0 140.56918201,-4.09763644,0 140.56922902,-4.09824875,0 140.56927426,-4.10268803,0 140.56939514,-4.10327619,0 140.56974836,-4.10379350,0 140.57024712,-4.10409061,0 140.57120704,-4.10436860,0 140.57191960,-4.10476329,0 140.57245753,-4.10530393,0 140.57273351,-4.10606347,0 140.57226705,-4.10790332,0 140.57118074,-4.10915739,0 140.56785079,-4.11167233,0 140.56736759,-4.11247428,0 140.56743844,-4.11576046,0 140.56794790,-4.11613994,0 140.56972136,-4.11628451,0 140.57176685,-4.11591222,0 140.57311129,-4.11594166,0 140.57416983,-4.11568372,0 140.57766121,-4.11281329,0 140.57824774,-4.11258381,0 140.58084870,-4.11270705,0 140.58199779,-4.11341540,0 140.58539253,-4.11375236,0 140.58626758,-4.11423572,0 140.58790858,-4.11586032,0 140.58847411,-4.11614734,0 140.58859856,-4.11599364,0 140.58913806,-4.11456893,0 140.58932630,-4.11294018,0 140.58919788,-4.11212569,0 140.58838595,-4.10998092,0 140.58822489,-4.10807856,0 140.58894474,-4.10588048,0 140.59132085,-4.10284571,0 140.59250094,-4.10108370,0 140.59350031,-4.09901357,0 140.59449968,-4.09765727,0 140.59499937,-4.09601544,0 140.59485660,-4.09430223,0 140.59514214,-4.09330286,0 140.59564183,-4.09266040,0 140.59849718,-4.09037612,0 140.59971070,-4.08852014,0 140.59992486,-4.08680693,0 140.59978209,-4.08523649,0 140.59879420,-4.08235305,0 140.59978209,-4.07852641,0 140.60035316,-4.07745565,0 140.60035316,-4.07588520,0 140.60056731,-4.07488583,0 140.60128115,-4.07345815,0 140.60249467,-4.07181633,0 140.60470757,-4.06760468,0 140.60663494,-4.06539178,0 140.61030895,-4.06187139,0 140.61462685,-4.05946141,0 140.61620037,-4.05939554,0 140.61841327,-4.05968108,0 140.62583719,-4.05975246,0 140.62776455,-4.06060907,0 140.62805008,-4.06267920,0 140.62840700,-4.06382134,0 140.62912084,-4.06474933,0 140.63076267,-4.06496348,0 140.63261865,-4.06482071,0 140.63504570,-4.06439241,0 140.64011395,-4.06467794,0 140.64089917,-4.06410687,0 140.64147024,-4.06260781,0 140.64246962,-4.06103737,0 140.64328828,-4.05858774,0 140.64330421,-4.05697901,0 140.64296930,-4.05582635,0 140.64189855,-4.05268546,0 140.64104194,-4.05082948,0 140.64011395,-4.04825966,0 140.64036380,-4.04686768,0 140.64082779,-4.04618953,0 140.64204132,-4.04540431,0 140.64789479,-4.04304864,0 140.64903693,-4.04197789,0 140.65032184,-4.04133543,0 140.65132121,-4.04097851,0 140.65360550,-4.04097851,0 140.65596116,-4.04055021,0 140.66010142,-4.03876561,0 140.66117020,-4.03782312,0 140.66384683,-4.03745812,0 140.66670218,-4.03745812,0 140.66898646,-4.03888580,0 140.66999773,-4.04018261,0 140.67026400,-4.04097004,0 140.67062092,-4.04142214,0 140.67261628,-4.04236143,0 140.67417656,-4.04203317,0 140.67521014,-4.04153158,0 140.67592158,-4.04003509,0 140.67706971,-4.03819182,0 140.67750497,-4.04011707,0 140.67906880,-4.04266988,0 140.67961688,-4.04305308,0 140.68078481,-4.04312535,0 140.68170451,-4.04344800,0 140.68438594,-4.04573436,0 140.68558709,-4.04730478,0 140.68742418,-4.05140782,0 140.68958774,-4.05461454,0 140.69197717,-4.05648223,0 140.69393056,-4.06130502,0 140.69366588,-4.06250567,0 140.69366519,-4.06433081,0 140.69399241,-4.06573718,0 140.69429022,-4.06612626,0 140.69594119,-4.06685647,0 140.69685957,-4.06748379,0 140.69790722,-4.06856751,0 140.69826911,-4.06952711,0 140.69828143,-4.07001740,0 140.69816211,-4.07037639,0 140.69765192,-4.07081184,0 140.69705908,-4.07193183,0 140.69628352,-4.07420548,0 140.69601475,-4.07582107,0 140.69604386,-4.07764621,0 140.69637106,-4.07914235,0 140.69663905,-4.07962117,0 140.69714544,-4.08001033,0 140.69878411,-4.08036999,0 140.69937993,-4.08066941,0 140.70000536,-4.08147749,0 140.70066702,-4.08283451,0 140.70235995,-4.08349326,0 140.70396534,-4.08550717,0 140.70574527,-4.08736416,0 140.70580693,-4.09121658,0 140.70599583,-4.09204518,0 140.70650025,-4.09234089,0 140.70735686,-4.09244675,0 140.70831317,-4.09299593,0 140.70871770,-4.09340243,0 140.70918699,-4.09441711,0 140.70912732,-4.09464149,0 140.70836613,-4.09491757,0 140.70817567,-4.09534427,0 140.70781763,-4.09717007,0 140.70785404,-4.09821498,0 140.70803257,-4.09865833,0 140.70814815,-4.09878503,0 140.71089637,-4.09776550,0 140.71119880,-4.09932706,0 140.71280933,-4.10016936,0 140.71375524,-4.10042829,0 140.71490101,-4.10028621,0 140.71574741,-4.09955825,0 140.71637818,-4.09926823,0 140.71715605,-4.09913657,0 140.71858553,-4.09921096,0 140.71908586,-4.09389307,0 140.71908672,-4.09142286,0 140.71858255,-4.08965904,0 140.71876439,-4.08906921,0 140.71827093,-4.08808873,0 140.71817747,-4.08753585,0 140.71855831,-4.08593159,0 140.71894162,-4.08541593,0 140.71985286,-4.08468102,0 140.72069333,-4.08341888,0 140.72086670,-4.08266376,0 140.72071083,-4.08204247,0 140.71860956,-4.08026828,0 140.71833056,-4.07983595,0 140.71764624,-4.07765410,0 140.71693144,-4.07675624,0 140.71591862,-4.07603780,0 140.71429188,-4.07563031,0 140.71341025,-4.07467254,0 140.71293359,-4.07443301,0 140.71102689,-4.07371424,0 140.71012117,-4.07347455,0 140.70976789,-4.07355354,0 140.70765025,-4.07231800,0 140.70757816,-4.07184962,0 140.70725907,-4.07137719,0 140.70763115,-4.07064115,0 140.70714387,-4.07019900,0 140.70704545,-4.06987573,0 140.70714167,-4.06901293,0 140.70700397,-4.06833212,0 140.70739463,-4.06708946,0 140.70658040,-4.06610364,0 140.70678177,-4.06512346,0 140.70669124,-4.06478964,0 140.70502971,-4.06351193,0 140.70483695,-4.06247884,0 140.70420665,-4.06154981,0 140.70391637,-4.06133202,0 140.70305978,-4.06127761,0 140.70278788,-4.06110995,0 140.70296290,-4.06034086,0 140.70263335,-4.05974177,0 140.70261377,-4.05938818,0 140.70323423,-4.05846885,0 140.70218218,-4.05757924,0 140.70220733,-4.05706208,0 140.70265819,-4.05648439,0 140.70272728,-4.05589806,0 140.70228035,-4.05499546,0 140.69993573,-4.05258182,0 140.69895226,-4.05116386,0 140.69866725,-4.05030408,0 140.69773830,-4.04912822,0 140.69636517,-4.04811035,0 140.69476760,-4.04779913,0 140.69406967,-4.04734576,0 140.69398693,-4.04473966,0 140.69354873,-4.04409973,0 140.69205087,-4.04277119,0 140.69177872,-4.04203444,0 140.69176300,-4.03856062,0 140.69105816,-4.03763419,0 140.69084147,-4.03657829,0 140.69051249,-4.03604669,0 140.68886151,-4.03411142,0 140.68841311,-4.03411105,0 140.68815102,-4.03383329,0 140.68822266,-4.03347428,0 140.68874802,-4.03302248,0 140.68917709,-4.03295084,0 140.68915927,-4.03278926,0 140.68825981,-4.03190328,0 140.68769981,-4.03153205,0 140.68706822,-4.03139417,0 140.68682999,-4.03104701,0 140.68665746,-4.03032287,0 140.68679477,-4.02965271,0 140.68705694,-4.02971265,0 140.68775985,-4.03034125,0 140.68827233,-4.03032349,0 140.68798667,-4.02934798,0 140.68852935,-4.02824114,0 140.68841024,-4.02806158,0 140.68771895,-4.02822288,0 140.68718274,-4.02798930,0 140.68625296,-4.02835679,0 140.68632297,-4.02744890,0 140.68759785,-4.02651062,0 140.68775580,-4.02571382,0 140.68752996,-4.02540237,0 140.68675763,-4.02495878,0 140.68646350,-4.02455232,0 140.68655859,-4.02325415,0 140.68582841,-4.02254144,0 140.68557665,-4.02129063,0 140.68436874,-4.01932703,0 140.68432717,-4.01810796,0 140.68388603,-4.01739008,0 140.68379721,-4.01604963,0 140.68254726,-4.01412822,0 140.68256401,-4.01157403,0 140.68232785,-4.01076652,0 140.68169758,-4.00992191,0 140.68004793,-4.00885526,0 140.67976955,-4.00850685,0 140.67979595,-4.00819550,0 140.68036914,-4.00716139,0 140.68021193,-4.00603727,0 140.67984427,-4.00556745,0 140.67893007,-4.00515018,0 140.67766931,-4.00405730,0 140.67618250,-4.00322290,0 140.67558889,-4.00271605,0 140.67521080,-4.00204569,0 140.67522555,-4.00058166,0 140.67482348,-3.99965376,0 140.67481074,-3.99905635,0 140.67426347,-3.99822354,0 140.67339076,-3.99807525,0 140.67212500,-3.99817215,0 140.67149464,-3.99799170,0 140.67107296,-3.99741685,0 140.67095221,-3.99621387,0 140.67039479,-3.99552696,0 140.66995813,-3.99583646,0 140.66964493,-3.99633942,0 140.66826389,-3.99539913,0 140.66583684,-3.99268655,0 140.66469470,-3.99104472,0 140.66387099,-3.98913860,0 140.66262890,-3.98785818,0 140.66218338,-3.98653695,0 140.66110948,-3.98580970,0 140.66084112,-3.98537076,0 140.66090523,-3.98442914,0 140.66125604,-3.98360649,0 140.66141119,-3.98263291,0 140.66210943,-3.98124072,0 140.66176508,-3.98071460,0 140.66168257,-3.98027164,0 140.66202756,-3.97921291,0 140.66195902,-3.97830627,0 140.66010234,-3.97703267,0 140.65977398,-3.97559072,0 140.65941706,-3.97526949,0 140.65741831,-3.97488402,0 140.65705901,-3.97442478,0 140.65761344,-3.97380540,0 140.65657571,-3.97304172,0 140.65628884,-3.97253770,0 140.65648451,-3.97239844,0 140.65697135,-3.97217478,0 140.65828154,-3.97204740,0 140.65871525,-3.97185171,0 140.65939655,-3.97189760,0 140.65916591,-3.97255287,0 140.65919911,-3.97311212,0 140.65886662,-3.97310993,0 140.65875795,-3.97379184,0 140.65893403,-3.97420111,0 140.65933854,-3.97437719,0 140.65971449,-3.97391082,0 140.66024273,-3.97370618,0 140.66032934,-3.97341998,0 140.66140818,-3.97322563,0 140.66303614,-3.97208297,0 140.66442712,-3.97207549,0 140.66576975,-3.97271614,0 140.66841919,-3.97333718,0 140.67037554,-3.97295149,0 140.67091279,-3.97271418,0 140.67203174,-3.97130963,0 140.67265444,-3.97115270,0 140.67322551,-3.97146203,0 140.67341587,-3.97198551,0 140.67341587,-3.97369872,0 140.67408212,-3.97462671,0 140.67527185,-3.97702997,0 140.67605291,-3.97951769,0 140.67709987,-3.98018394,0 140.67924139,-3.98099296,0 140.68052629,-3.98113573,0 140.68190638,-3.98161162,0 140.68228710,-3.98203992,0 140.68371477,-3.98284894,0 140.68590388,-3.98451456,0 140.68861646,-3.98465733,0 140.69004414,-3.98403867,0 140.69209048,-3.98403867,0 140.69304226,-3.98499045,0 140.69437476,-3.98879759,0 140.69442235,-3.99013009,0 140.69537413,-3.99093910,0 140.69632592,-3.99122464,0 140.69727770,-3.99198607,0 140.70012821,-3.99750970,0 140.70093722,-3.99860426,0 140.70107999,-4.00041265,0 140.70217454,-4.00288729,0 140.70326910,-4.00379148,0 140.70369740,-4.00483844,0 140.70550270,-4.00698857,0 140.70588342,-4.00927285,0 140.70674002,-4.01212820,0 140.70797734,-4.01327035,0 140.70878103,-4.01345387,0 140.70912372,-4.01402262,0 140.70941268,-4.01421270,0 140.71251450,-4.01406208,0 140.71300973,-4.01423113,0 140.71336557,-4.01476953,0 140.71312071,-4.01617848,0 140.71340820,-4.01684088,0 140.71517097,-4.01766475,0 140.71569630,-4.01818475,0 140.71622805,-4.01909658,0 140.71840843,-4.02046811,0 140.71845109,-4.02001217,0 140.71874257,-4.01960951,0 140.72033380,-4.01898312,0 140.72097718,-4.01850838,0 140.72136142,-4.01791387,0 140.72169097,-4.01681779,0 140.72236846,-4.01616638,0 140.72384413,-4.01598070,0 140.72660410,-4.01653638,0 140.72725488,-4.01653850,0 140.72798141,-4.01632216,0 140.72982263,-4.01482381,0 140.73120761,-4.01427712,0 140.73239950,-4.01413123,0 140.73366977,-4.01435688,0 140.73529094,-4.01437852,0 140.73860791,-4.01236869,0 140.74267850,-4.00935344,0 140.74644757,-4.00754429,0 140.74885977,-4.00724276,0 140.75097045,-4.00633819,0 140.75127197,-4.00437827,0 140.75308113,-4.00362446,0 140.76197612,-4.00724276,0 140.76604671,-4.00754429,0 140.76983055,-4.00721790,0 140.77382805,-4.00614715,0 140.77560750,-4.00538479,0 140.77642966,-4.00143852,0 140.77696153,-4.00080434,0 140.77869023,-4.00014188,0 140.77962291,-4.00019110,0 140.78012664,-4.00037606,0 140.78164670,-4.00146001,0 140.78383206,-4.00249908,0 140.78532699,-4.00341798,0 140.78567051,-4.00383320,0 140.78583332,-4.00434302,0 140.78545010,-4.00604214,0 140.78637802,-4.00679189,0 140.78714980,-4.00772108,0 140.78881990,-4.00860706,0 140.78971608,-4.00974278,0 140.79297696,-4.01058189,0 140.79377727,-4.01049352,0 140.79532600,-4.00953798,0 140.79675939,-4.00917838,0 140.79684378,-4.00895947,0 140.79634232,-4.00835322,0 140.79637839,-4.00808425,0 140.79660989,-4.00795365,0 140.79698205,-4.00805125,0 140.79744764,-4.00850976,0 140.79811789,-4.00853615,0 140.79875700,-4.00834350,0 140.79892850,-4.00798563,0 140.79859430,-4.00639807,0 140.79864492,-4.00558887,0 140.79908920,-4.00477698,0 140.80045153,-4.00421486,0 140.80017423,-4.00300079,0 140.80042689,-4.00295911,0 140.80103768,-4.00324091,0 140.80164304,-4.00395456,0 140.80336380,-4.00403955,0 140.80345401,-4.00428968,0 140.80324732,-4.00507352,0 140.80329918,-4.00546688,0 140.80365705,-4.00564129,0 140.80452874,-4.00528817,0 140.80491717,-4.00528146,0 140.80566692,-4.00584227,0 140.80566425,-4.00662733,0 140.80588845,-4.00709881,0 140.80694310,-4.00698506,0 140.80732199,-4.00784319,0 140.80716196,-4.00862982,0 140.80728951,-4.00915278,0 140.80776962,-4.00935124,0 140.80855575,-4.00917756,0 140.80905672,-4.00930275,0 140.80932859,-4.01006528,0 140.80917666,-4.01085718,0 140.80931337,-4.01107347,0 140.80971393,-4.01105923,0 140.81040070,-4.01043225,0 140.81078296,-4.01031934,0 140.81199237,-4.01080980,0 140.81213867,-4.01102602,0 140.81204694,-4.01138967,0 140.81072871,-4.01165338,0 140.81055160,-4.01197145,0 140.81151098,-4.01236011,0 140.81173785,-4.01269192,0 140.81227189,-4.01301019,0 140.81269793,-4.01175297,0 140.81279599,-4.01090108,0 140.81258256,-4.01017730,0 140.81163197,-4.00894266,0 140.81151289,-4.00841197,0 140.81203829,-4.00758065,0 140.81266712,-4.00607836,0 140.81343386,-4.00561521,0 140.81455603,-4.00566414,0 140.81480731,-4.00528647,0 140.81490708,-4.00462351,0 140.81459448,-4.00388045,0 140.81377550,-4.00320790,0 140.81309973,-4.00230063,0 140.81081696,-4.00141169,0 140.80984447,-4.00015123,0 140.80952748,-3.99937927,0 140.80967753,-3.99792521,0 140.80941123,-3.99744666,0 140.80925956,-3.99662084,0 140.81014120,-3.99526425,0 140.81092325,-3.99491094,0 140.81172267,-3.99480219,0 140.81243454,-3.99495176,0 140.81354149,-3.99555605,0 140.81506326,-3.99683706,0 140.81575249,-3.99777926,0 140.81637905,-3.99907057,0 140.81687689,-3.99960377,0 140.81760565,-4.00014364,0 140.81898963,-4.00046575,0 140.81970714,-4.00088290,0 140.82098801,-4.00215117,0 140.82184298,-4.00158373,0 140.82272735,-4.00071604,0 140.82263650,-4.00010172,0 140.82201689,-3.99971821,0 140.82209769,-3.99875194,0 140.82175015,-3.99858481,0 140.82177989,-3.99823979,0 140.82496837,-3.99837661,0 140.82751582,-3.99960930,0 140.83013918,-3.99816378,0 140.83185239,-3.99673610,0 140.83449141,-3.98952116,0 140.83558597,-3.98723688,0 140.83606186,-3.98580920,0 140.83691846,-3.98466706,0 140.83957216,-3.98348566,0 140.83958998,-3.98252296,0 140.84044065,-3.98033551,0 140.84160660,-3.97984508,0 140.84440656,-3.97902852,0 140.84507223,-3.97785791,0 140.84585513,-3.97693931,0 140.84645107,-3.97655969,0 140.84733812,-3.97641595,0 140.84913046,-3.97573226,0 140.84998566,-3.97435714,0 140.85101963,-3.97348838,0 140.85196045,-3.97346170,0 140.85299158,-3.97389537,0 140.85584506,-3.97233847,0 140.85622539,-3.97150887,0 140.85918445,-3.97136881,0</coordinates></LinearRing></outerBoundaryIs></Polygon><Polygon><tessellate>1</tessellate><altitudeMode>clampToGround</altitudeMode><outerBoundaryIs><LinearRing><coordinates>136.65039955,-2.25164804,0 136.65044967,-2.25142731,0 136.65023318,-2.25132980,0 136.64989795,-2.25053942,0 136.64825330,-2.25105430,0 136.64834838,-2.25118493,0 136.64885701,-2.25115405,0 136.64877858,-2.25144855,0 136.64897110,-2.25129418,0 136.64925869,-2.25169792,0 136.65039955,-2.25164804,0</coordinates></LinearRing></outerBoundaryIs></Polygon><Polygon><tessellate>1</tessellate><altitudeMode>clampToGround</altitudeMode><outerBoundaryIs><LinearRing><coordinates>136.57631071,-2.20482683,0 136.57664769,-2.20547184,0 136.57694275,-2.20542901,0 136.57872496,-2.20364869,0 136.57961165,-2.20241494,0 136.58048610,-2.20003548,0 136.58153310,-2.19513456,0 136.58214631,-2.19379503,0 136.58298770,-2.19211349,0 136.58437100,-2.19007568,0 136.58695229,-2.18729942,0 136.58735085,-2.18662722,0 136.58867775,-2.18557256,0 136.58889166,-2.18503105,0 136.58846384,-2.18413327,0 136.58767950,-2.18393376,0 136.58686663,-2.18446103,0 136.58639603,-2.18498829,0 136.58633433,-2.18528035,0 136.58548597,-2.18562885,0 136.58467932,-2.18675935,0 136.57928061,-2.19126321,0 136.57587704,-2.19270725,0 136.57464110,-2.19303026,0 136.57262558,-2.19320126,0 136.57197909,-2.19350527,0 136.57175091,-2.19430329,0 136.57196007,-2.19487330,0 136.57509745,-2.19694435,0 136.57667564,-2.19751436,0 136.57722706,-2.19797037,0 136.57764537,-2.19893939,0 136.57806369,-2.20083942,0 136.57785453,-2.20213145,0 136.57776136,-2.20251841,0 136.57654492,-2.20414073,0 136.57631071,-2.20482683,0</coordinates></LinearRing></outerBoundaryIs></Polygon><Polygon><tessellate>1</tessellate><altitudeMode>clampToGround</altitudeMode><outerBoundaryIs><LinearRing><coordinates>136.90808246,-2.17910000,0 136.90860535,-2.17892900,0 136.90917579,-2.17808347,0 136.91000291,-2.17759895,0 136.91009160,-2.17738920,0 136.90967804,-2.17694744,0 136.90886517,-2.17656267,0 136.90836020,-2.17651313,0 136.90813950,-2.17685792,0 136.90790182,-2.17796946,0 136.90756055,-2.17847773,0 136.90808246,-2.17910000,0</coordinates></LinearRing></outerBoundaryIs></Polygon><Polygon><tessellate>1</tessellate><altitudeMode>clampToGround</altitudeMode><outerBoundaryIs><LinearRing><coordinates>137.23081747,-2.05026302,0 137.23108159,-2.05062351,0 137.23194890,-2.05000604,0 137.23229868,-2.04958488,0 137.23225228,-2.04899239,0 137.23181684,-2.04969552,0 137.23081747,-2.05026302,0</coordinates></LinearRing></outerBoundaryIs></Polygon><Polygon><tessellate>1</tessellate><altitudeMode>clampToGround</altitudeMode><outerBoundaryIs><LinearRing><coordinates>137.17628939,-2.00470440,0 137.17601372,-2.00530121,0 137.17570466,-2.00532994,0 137.17412977,-2.00375418,0 137.17336385,-2.00349072,0 137.17310084,-2.00471553,0 137.17245395,-2.00504873,0 137.17235799,-2.00536147,0 137.17250966,-2.00614984,0 137.17297423,-2.00689661,0 137.17273289,-2.00844016,0 137.17312702,-2.00944433,0 137.17318313,-2.01031759,0 137.17391190,-2.01054512,0 137.17478669,-2.01049117,0 137.17507606,-2.01082087,0 137.17585347,-2.01261212,0 137.17621961,-2.01267563,0 137.17680851,-2.01247443,0 137.17765555,-2.01264457,0 137.17853903,-2.01234073,0 137.17952722,-2.01269615,0 137.18017378,-2.01322061,0 137.18161644,-2.01602304,0 137.18237421,-2.01616686,0 137.18314782,-2.01573339,0 137.18528509,-2.01737753,0 137.18585216,-2.01810906,0 137.18625498,-2.01820336,0 137.18687642,-2.01806181,0 137.18780066,-2.01913173,0 137.18979592,-2.01932257,0 137.19062464,-2.01864769,0 137.19287335,-2.01826515,0 137.19534809,-2.01881709,0 137.19597169,-2.01872407,0 137.19639622,-2.01926594,0 137.19682303,-2.01948923,0 137.19694668,-2.01996929,0 137.19723700,-2.01995278,0 137.19750142,-2.01934826,0 137.19751888,-2.01633321,0 137.19706979,-2.01453156,0 137.19671277,-2.01373891,0 137.19629789,-2.01331304,0 137.19592580,-2.01316921,0 137.19372489,-2.01303477,0 137.19160451,-2.01167689,0 137.19012579,-2.01140602,0 137.18961612,-2.01042503,0 137.18822963,-2.01028321,0 137.18768903,-2.01003620,0 137.18657293,-2.00913996,0 137.18526394,-2.00870476,0 137.18400340,-2.00730356,0 137.18197202,-2.00678368,0 137.18189433,-2.00605545,0 137.18110445,-2.00581531,0 137.18001168,-2.00576809,0 137.17935867,-2.00489131,0 137.17818707,-2.00450310,0 137.17753366,-2.00404212,0 137.17688453,-2.00403893,0 137.17671656,-2.00465434,0 137.17628939,-2.00470440,0</coordinates></LinearRing></outerBoundaryIs></Polygon><Polygon><tessellate>1</tessellate><altitudeMode>clampToGround</altitudeMode><outerBoundaryIs><LinearRing><coordinates>137.20491977,-1.98514314,0 137.20623105,-1.98509798,0 137.20643330,-1.98450074,0 137.20634016,-1.98368079,0 137.20555122,-1.98292683,0 137.20441225,-1.98272746,0 137.20362751,-1.98219002,0 137.20322159,-1.98226095,0 137.20273958,-1.98258974,0 137.20260492,-1.98286045,0 137.20368661,-1.98372419,0 137.20378932,-1.98434583,0 137.20415239,-1.98472971,0 137.20491977,-1.98514314,0</coordinates></LinearRing></outerBoundaryIs></Polygon><Polygon><tessellate>1</tessellate><altitudeMode>clampToGround</altitudeMode><outerBoundaryIs><LinearRing><coordinates>137.20117912,-1.98570431,0 137.20261328,-1.98508612,0 137.20334411,-1.98495241,0 137.20343496,-1.98431398,0 137.20180132,-1.98205050,0 137.20116334,-1.98183978,0 137.20020675,-1.98122291,0 137.19982435,-1.98071979,0 137.19896256,-1.98024336,0 137.19866256,-1.98052933,0 137.19836838,-1.98129722,0 137.19734603,-1.98223187,0 137.19639823,-1.98428431,0 137.19727390,-1.98456810,0 137.19779258,-1.98547316,0 137.20117912,-1.98570431,0</coordinates></LinearRing></outerBoundaryIs></Polygon><Polygon><tessellate>1</tessellate><altitudeMode>clampToGround</altitudeMode><outerBoundaryIs><LinearRing><coordinates>137.18091614,-1.98016152,0 137.18074708,-1.97949978,0 137.18045248,-1.97927774,0 137.17919173,-1.97939721,0 137.17847335,-1.98014236,0 137.17800642,-1.98016021,0 137.17724858,-1.97977949,0 137.17662256,-1.97980323,0 137.17633504,-1.98016097,0 137.17754828,-1.98066606,0 137.17780190,-1.98137719,0 137.17822151,-1.98148874,0 137.17855687,-1.98178409,0 137.17875445,-1.98218603,0 137.17863798,-1.98286089,0 137.17889105,-1.98315766,0 137.18002215,-1.98333192,0 137.18106515,-1.98422530,0 137.18199046,-1.98430700,0 137.18278181,-1.98391859,0 137.18305925,-1.98332640,0 137.18363793,-1.98286550,0 137.18370036,-1.98232917,0 137.18276044,-1.98097635,0 137.18183473,-1.98047847,0 137.18091614,-1.98016152,0</coordinates></LinearRing></outerBoundaryIs></Polygon><Polygon><tessellate>1</tessellate><altitudeMode>clampToGround</altitudeMode><outerBoundaryIs><LinearRing><coordinates>137.21299936,-1.98119489,0 137.21041401,-1.98088327,0 137.20727654,-1.97969414,0 137.20656499,-1.97911068,0 137.20611169,-1.97896828,0 137.20547764,-1.97831336,0 137.20521951,-1.97775760,0 137.20485193,-1.97763494,0 137.20451153,-1.97727662,0 137.20427749,-1.97666248,0 137.20382916,-1.97638298,0 137.20298477,-1.97524343,0 137.20231462,-1.97489636,0 137.20097845,-1.97370850,0 137.20060910,-1.97303004,0 137.20000241,-1.97255880,0 137.19954487,-1.97186233,0 137.19855765,-1.97089273,0 137.19796763,-1.97080123,0 137.19762711,-1.97143653,0 137.19696312,-1.97210228,0 137.19605351,-1.97247765,0 137.19627459,-1.97337276,0 137.19557631,-1.97381573,0 137.19593366,-1.97432538,0 137.19655203,-1.97470213,0 137.19681392,-1.97510844,0 137.19744647,-1.97559315,0 137.19901032,-1.97614564,0 137.20129544,-1.97774741,0 137.20276298,-1.97940239,0 137.20349035,-1.97966268,0 137.20496007,-1.98129424,0 137.20525099,-1.98198402,0 137.20576273,-1.98259443,0 137.20641035,-1.98303477,0 137.20693360,-1.98379682,0 137.20710861,-1.98480746,0 137.20763219,-1.98515072,0 137.20856860,-1.98508956,0 137.20910045,-1.98467042,0 137.21009492,-1.98427550,0 137.21224787,-1.98265296,0 137.21402495,-1.98181194,0 137.21393691,-1.98162746,0 137.21299936,-1.98119489,0</coordinates></LinearRing></outerBoundaryIs></Polygon><Polygon><tessellate>1</tessellate><altitudeMode>clampToGround</altitudeMode><outerBoundaryIs><LinearRing><coordinates>137.19587113,-1.97710818,0 137.19432530,-1.97629496,0 137.19288215,-1.97586063,0 137.19278031,-1.97560886,0 137.19234863,-1.97547374,0 137.19226410,-1.97596460,0 137.19116528,-1.97647409,0 137.19067044,-1.97647358,0 137.19014772,-1.97751218,0 137.19098224,-1.97836818,0 137.19125646,-1.97891869,0 137.19140917,-1.97977514,0 137.19289800,-1.98040714,0 137.19458220,-1.97909819,0 137.19638344,-1.97811130,0 137.19639806,-1.97769155,0 137.19587113,-1.97710818,0</coordinates></LinearRing></outerBoundaryIs></Polygon><Polygon><tessellate>1</tessellate><altitudeMode>clampToGround</altitudeMode><outerBoundaryIs><LinearRing><coordinates>136.39113900,-1.97704033,0 136.39152352,-1.97672815,0 136.39150448,-1.97645023,0 136.39124610,-1.97590879,0 136.39054128,-1.97519768,0 136.38870204,-1.97445269,0 136.38814089,-1.97473778,0 136.38784087,-1.97541400,0 136.38841880,-1.97603334,0 136.38961995,-1.97613804,0 136.39025955,-1.97697942,0 136.39113900,-1.97704033,0</coordinates></LinearRing></outerBoundaryIs></Polygon><Polygon><tessellate>1</tessellate><altitudeMode>clampToGround</altitudeMode><outerBoundaryIs><LinearRing><coordinates>137.19086326,-1.96620905,0 137.19138489,-1.96613420,0 137.19276026,-1.96522321,0 137.19304096,-1.96499550,0 137.19314356,-1.96461681,0 137.19193724,-1.96363846,0 137.19059309,-1.96197480,0 137.19018301,-1.96082813,0 137.18966659,-1.96010844,0 137.18961044,-1.95883672,0 137.18943582,-1.95859710,0 137.18916022,-1.95856960,0 137.18826634,-1.95939348,0 137.18785965,-1.96022512,0 137.18795235,-1.96132139,0 137.18820342,-1.96193932,0 137.18811842,-1.96306581,0 137.18833793,-1.96403601,0 137.18810630,-1.96560004,0 137.18725135,-1.96663298,0 137.18776488,-1.96746939,0 137.18777837,-1.96823804,0 137.18746823,-1.96877044,0 137.18621717,-1.96913946,0 137.18615627,-1.96962119,0 137.18628350,-1.96992272,0 137.18654215,-1.96998370,0 137.18726614,-1.96940282,0 137.18884458,-1.96972277,0 137.18938448,-1.96958630,0 137.18983566,-1.96922219,0 137.19096365,-1.96974318,0 137.19158695,-1.96944188,0 137.19221472,-1.96859132,0 137.19311022,-1.96851000,0 137.19354964,-1.96805445,0 137.19392065,-1.96800639,0 137.19499172,-1.96730975,0 137.19569734,-1.96714244,0 137.19576887,-1.96697045,0 137.19550320,-1.96585126,0 137.19517388,-1.96569412,0 137.19405632,-1.96564881,0 137.19316373,-1.96527575,0 137.19109687,-1.96647724,0 137.19059164,-1.96650531,0 137.19032376,-1.96608184,0 137.19054723,-1.96601043,0 137.19086326,-1.96620905,0</coordinates></LinearRing></outerBoundaryIs></Polygon><Polygon><tessellate>1</tessellate><altitudeMode>clampToGround</altitudeMode><outerBoundaryIs><LinearRing><coordinates>136.37764118,-1.95671305,0 136.37728520,-1.95665527,0 136.37676591,-1.95685894,0 136.37599737,-1.95655867,0 136.37580851,-1.95710348,0 136.37549312,-1.95726079,0 136.37497529,-1.95816152,0 136.37490086,-1.95862720,0 136.37460789,-1.95909624,0 136.37564193,-1.96161568,0 136.37624824,-1.96194424,0 136.37661419,-1.96242785,0 136.37721081,-1.96266931,0 136.37768208,-1.96255278,0 136.37774927,-1.96236883,0 136.37787381,-1.96173965,0 136.37764230,-1.96095591,0 136.37870292,-1.96056575,0 136.37907768,-1.96006217,0 136.37914465,-1.95961692,0 136.37910515,-1.95888944,0 136.37858457,-1.95752524,0 136.37764118,-1.95671305,0</coordinates></LinearRing></outerBoundaryIs></Polygon><Polygon><tessellate>1</tessellate><altitudeMode>clampToGround</altitudeMode><outerBoundaryIs><LinearRing><coordinates>136.36783743,-1.94417866,0 136.36780860,-1.94432880,0 136.36797563,-1.94437028,0 136.36836755,-1.94421632,0 136.36817815,-1.94411116,0 136.36783743,-1.94417866,0</coordinates></LinearRing></outerBoundaryIs></Polygon><Polygon><tessellate>1</tessellate><altitudeMode>clampToGround</altitudeMode><outerBoundaryIs><LinearRing><coordinates>136.38363706,-1.92462426,0 136.38360887,-1.92478381,0 136.38389220,-1.92497160,0 136.38399970,-1.92482907,0 136.38363706,-1.92462426,0</coordinates></LinearRing></outerBoundaryIs></Polygon><Polygon><tessellate>1</tessellate><altitudeMode>clampToGround</altitudeMode><outerBoundaryIs><LinearRing><coordinates>136.36777188,-1.92295115,0 136.36768943,-1.92321764,0 136.36788587,-1.92327511,0 136.36791567,-1.92302263,0 136.36777188,-1.92295115,0</coordinates></LinearRing></outerBoundaryIs></Polygon><Polygon><tessellate>1</tessellate><altitudeMode>clampToGround</altitudeMode><outerBoundaryIs><LinearRing><coordinates>136.36785226,-1.92110794,0 136.36806196,-1.92150026,0 136.36850835,-1.92154540,0 136.36926601,-1.92067932,0 136.36926584,-1.92046889,0 136.36901715,-1.92035535,0 136.36808955,-1.92046433,0 136.36785226,-1.92110794,0</coordinates></LinearRing></outerBoundaryIs></Polygon><Polygon><tessellate>1</tessellate><altitudeMode>clampToGround</altitudeMode><outerBoundaryIs><LinearRing><coordinates>136.38255895,-1.92418221,0 136.38287302,-1.92422711,0 136.38327014,-1.92394940,0 136.38304475,-1.92260777,0 136.38258855,-1.92215436,0 136.38247899,-1.92139323,0 136.38218327,-1.92072138,0 136.38214418,-1.91993930,0 136.38175197,-1.91914491,0 136.38159722,-1.91797741,0 136.38142389,-1.91760984,0 136.38087898,-1.91740385,0 136.38060368,-1.91774598,0 136.38182605,-1.92156192,0 136.38182093,-1.92299562,0 136.38255895,-1.92418221,0</coordinates></LinearRing></outerBoundaryIs></Polygon><Polygon><tessellate>1</tessellate><altitudeMode>clampToGround</altitudeMode><outerBoundaryIs><LinearRing><coordinates>136.39309808,-1.92003227,0 136.39297484,-1.92040764,0 136.39349440,-1.92028340,0 136.39343037,-1.92002665,0 136.39309808,-1.92003227,0</coordinates></LinearRing></outerBoundaryIs></Polygon><Polygon><tessellate>1</tessellate><altitudeMode>clampToGround</altitudeMode><outerBoundaryIs><LinearRing><coordinates>136.39552355,-1.91831879,0 136.39522306,-1.91834270,0 136.39522318,-1.91848991,0 136.39561516,-1.91851062,0 136.39552355,-1.91831879,0</coordinates></LinearRing></outerBoundaryIs></Polygon><Polygon><tessellate>1</tessellate><altitudeMode>clampToGround</altitudeMode><outerBoundaryIs><LinearRing><coordinates>136.38118834,-1.91571657,0 136.38120368,-1.91639619,0 136.38143010,-1.91648569,0 136.38173413,-1.91608965,0 136.38148138,-1.91559315,0 136.38118834,-1.91571657,0</coordinates></LinearRing></outerBoundaryIs></Polygon><Polygon><tessellate>1</tessellate><altitudeMode>clampToGround</altitudeMode><outerBoundaryIs><LinearRing><coordinates>136.40762817,-1.91491715,0 136.40766027,-1.91565424,0 136.40780215,-1.91584434,0 136.40816435,-1.91583612,0 136.40826614,-1.91513062,0 136.40795882,-1.91484554,0 136.40762817,-1.91491715,0</coordinates></LinearRing></outerBoundaryIs></Polygon><Polygon><tessellate>1</tessellate><altitudeMode>clampToGround</altitudeMode><outerBoundaryIs><LinearRing><coordinates>136.39794624,-1.90371521,0 136.39749827,-1.90377563,0 136.39717039,-1.90359618,0 136.39685766,-1.90392557,0 136.39391015,-1.90378986,0 136.39379628,-1.90404953,0 136.39398460,-1.90448695,0 136.39392148,-1.90468842,0 136.39296750,-1.90472836,0 136.39206508,-1.90516142,0 136.39149655,-1.90596667,0 136.39053158,-1.90664697,0 136.39018805,-1.90667845,0 136.38952137,-1.90637209,0 136.38932375,-1.90655240,0 136.38896906,-1.90725702,0 136.38876970,-1.90824856,0 136.38826815,-1.90867658,0 136.38811273,-1.90936848,0 136.38821889,-1.90958304,0 136.38842399,-1.90954139,0 136.38890345,-1.90894640,0 136.38942338,-1.90937171,0 136.38996277,-1.90932004,0 136.38998399,-1.91039063,0 136.38951572,-1.91028344,0 136.38927448,-1.90965739,0 136.38870452,-1.90959009,0 136.38833246,-1.91007824,0 136.38829809,-1.91072943,0 136.38798576,-1.91111452,0 136.38768939,-1.91118603,0 136.38758174,-1.91106470,0 136.38783055,-1.91077370,0 136.38760169,-1.90998472,0 136.38692517,-1.90996759,0 136.38686367,-1.91056052,0 136.38721076,-1.91081232,0 136.38732791,-1.91111963,0 136.38680712,-1.91136713,0 136.38663064,-1.91182039,0 136.38730572,-1.91277865,0 136.38690583,-1.91280671,0 136.38643491,-1.91255243,0 136.38602865,-1.91199735,0 136.38645384,-1.91082391,0 136.38626585,-1.91045051,0 136.38593939,-1.91038099,0 136.38554038,-1.91078532,0 136.38535217,-1.91226402,0 136.38466781,-1.91234883,0 136.38391358,-1.91306319,0 136.38202835,-1.91351940,0 136.38217285,-1.91383472,0 136.38307910,-1.91396593,0 136.38439134,-1.91457305,0 136.38502175,-1.91440384,0 136.38564131,-1.91373114,0 136.38636498,-1.91400263,0 136.38700081,-1.91380205,0 136.38751294,-1.91425128,0 136.38788665,-1.91433100,0 136.38816415,-1.91340250,0 136.38835496,-1.91341835,0 136.38849836,-1.91378634,0 136.38874492,-1.91393018,0 136.38903283,-1.91369651,0 136.38901645,-1.91310434,0 136.38951252,-1.91217847,0 136.38932777,-1.91151636,0 136.38945106,-1.91110045,0 136.38964402,-1.91106056,0 136.38983729,-1.91140036,0 136.39007856,-1.91144873,0 136.39043478,-1.91085627,0 136.39093041,-1.91085145,0 136.39111474,-1.91099258,0 136.39055024,-1.91186534,0 136.39108641,-1.91285892,0 136.39102523,-1.91314595,0 136.39062166,-1.91308447,0 136.39026804,-1.91251097,0 136.38982505,-1.91252458,0 136.38957963,-1.91277202,0 136.38975136,-1.91319664,0 136.39092800,-1.91411483,0 136.39126452,-1.91414983,0 136.39169836,-1.91381969,0 136.39197192,-1.91394856,0 136.39194581,-1.91439599,0 136.39142071,-1.91523766,0 136.39119899,-1.91625209,0 136.39100120,-1.91628336,0 136.39077850,-1.91607820,0 136.39093169,-1.91501920,0 136.39059360,-1.91436590,0 136.38967156,-1.91397509,0 136.38883552,-1.91454933,0 136.38802813,-1.91550520,0 136.38762738,-1.91550553,0 136.38708682,-1.91500610,0 136.38633003,-1.91519900,0 136.38586467,-1.91489593,0 136.38526200,-1.91521721,0 136.38465898,-1.91509632,0 136.38400170,-1.91556608,0 136.38395915,-1.91620769,0 136.38464151,-1.91710144,0 136.38524236,-1.91753366,0 136.38587952,-1.91862996,0 136.38637554,-1.91877462,0 136.38675266,-1.91863778,0 136.38676500,-1.91771067,0 136.38693440,-1.91753561,0 136.38778977,-1.91811461,0 136.38892667,-1.91773387,0 136.38909024,-1.91792355,0 136.38899174,-1.91891578,0 136.38971521,-1.91911069,0 136.39015204,-1.91877255,0 136.39014443,-1.91763998,0 136.39057301,-1.91757896,0 136.39100233,-1.91842130,0 136.39095568,-1.91871122,0 136.39060962,-1.91906283,0 136.39074398,-1.91957508,0 136.39206565,-1.92026294,0 136.39249428,-1.92026258,0 136.39268168,-1.92010063,0 136.39273494,-1.91970958,0 136.39215819,-1.91894613,0 136.39214453,-1.91860907,0 136.39268810,-1.91787936,0 136.39260745,-1.91735253,0 136.39276083,-1.91653668,0 136.39324353,-1.91587467,0 136.39355849,-1.91610362,0 136.39303638,-1.91673270,0 136.39304338,-1.91711022,0 136.39315738,-1.91729215,0 136.39357389,-1.91717831,0 136.39397587,-1.91734652,0 136.39355408,-1.91794071,0 136.39383563,-1.91826408,0 136.39447189,-1.91827030,0 136.39490038,-1.91810141,0 136.39473397,-1.91755495,0 136.39495469,-1.91719073,0 136.39530547,-1.91704840,0 136.39636737,-1.91718941,0 136.39723746,-1.91669604,0 136.39735037,-1.91688038,0 136.39725193,-1.91715948,0 136.39620807,-1.91806589,0 136.39616145,-1.91851992,0 136.39769232,-1.91938369,0 136.39935346,-1.91926050,0 136.39947948,-1.91899558,0 136.39927477,-1.91858431,0 136.39943244,-1.91827560,0 136.40073011,-1.91829138,0 136.40187771,-1.91705514,0 136.40300864,-1.91682893,0 136.40362436,-1.91629040,0 136.40408447,-1.91497306,0 136.40454429,-1.91443465,0 136.40437600,-1.91367968,0 136.40406138,-1.91361584,0 136.40368004,-1.91382850,0 136.40356319,-1.91364336,0 136.40359883,-1.91330899,0 136.40412887,-1.91264405,0 136.40431291,-1.91266649,0 136.40450724,-1.91301910,0 136.40489628,-1.91292761,0 136.40671190,-1.91376375,0 136.40745212,-1.91361814,0 136.40753043,-1.91251907,0 136.40737909,-1.91187571,0 136.40783820,-1.91099323,0 136.40809594,-1.91000972,0 136.40777967,-1.90923733,0 136.40739387,-1.90907031,0 136.40676349,-1.90906649,0 136.40651420,-1.90887138,0 136.40626221,-1.90823285,0 136.40532113,-1.90802062,0 136.40509351,-1.90772893,0 136.40489824,-1.90673626,0 136.40366502,-1.90626886,0 136.40314539,-1.90663406,0 136.40297898,-1.90590191,0 136.40244316,-1.90542854,0 136.40017912,-1.90430092,0 136.39968232,-1.90420970,0 136.39913592,-1.90448990,0 136.39794624,-1.90371521,0</coordinates></LinearRing></outerBoundaryIs></Polygon><Polygon><tessellate>1</tessellate><altitudeMode>clampToGround</altitudeMode><outerBoundaryIs><LinearRing><coordinates>136.38418049,-1.91104404,0 136.38453412,-1.91143761,0 136.38507356,-1.91146253,0 136.38522671,-1.91124500,0 136.38475136,-1.91069879,0 136.38435164,-1.91079250,0 136.38418049,-1.91104404,0</coordinates></LinearRing></outerBoundaryIs></Polygon><Polygon><tessellate>1</tessellate><altitudeMode>clampToGround</altitudeMode><outerBoundaryIs><LinearRing><coordinates>136.38787436,-1.90816645,0 136.38776393,-1.90847018,0 136.38800881,-1.90855095,0 136.38807234,-1.90831474,0 136.38787436,-1.90816645,0</coordinates></LinearRing></outerBoundaryIs></Polygon><Polygon><tessellate>1</tessellate><altitudeMode>clampToGround</altitudeMode><outerBoundaryIs><LinearRing><coordinates>136.37554392,-1.90521689,0 136.37449991,-1.90535271,0 136.37370947,-1.90497853,0 136.37332991,-1.90458639,0 136.37274417,-1.90468554,0 136.37226277,-1.90497960,0 136.37204732,-1.90535160,0 136.37226325,-1.90604723,0 136.37175792,-1.90608797,0 136.37148108,-1.90669219,0 136.37162161,-1.90689805,0 136.37265440,-1.90729598,0 136.37368354,-1.90855943,0 136.37461382,-1.90852246,0 136.37471611,-1.90726284,0 136.37576275,-1.90565224,0 136.37554392,-1.90521689,0</coordinates></LinearRing></outerBoundaryIs></Polygon><Polygon><tessellate>1</tessellate><altitudeMode>clampToGround</altitudeMode><outerBoundaryIs><LinearRing><coordinates>136.46737415,-1.89536541,0 136.46732275,-1.89574231,0 136.46755689,-1.89662176,0 136.46803659,-1.89679879,0 136.46816794,-1.89631909,0 136.46795664,-1.89583368,0 136.46813938,-1.89521693,0 136.46789953,-1.89506274,0 136.46737415,-1.89536541,0</coordinates></LinearRing></outerBoundaryIs></Polygon><Polygon><tessellate>1</tessellate><altitudeMode>clampToGround</altitudeMode><outerBoundaryIs><LinearRing><coordinates>136.51660376,-1.89556072,0 136.51625375,-1.89556664,0 136.51624782,-1.89588400,0 136.51659010,-1.89587818,0 136.51660376,-1.89556072,0</coordinates></LinearRing></outerBoundaryIs></Polygon><Polygon><tessellate>1</tessellate><altitudeMode>clampToGround</altitudeMode><outerBoundaryIs><LinearRing><coordinates>136.41078360,-1.89466141,0 136.41107253,-1.89502403,0 136.41169663,-1.89491616,0 136.41129135,-1.89406198,0 136.41078360,-1.89466141,0</coordinates></LinearRing></outerBoundaryIs></Polygon><Polygon><tessellate>1</tessellate><altitudeMode>clampToGround</altitudeMode><outerBoundaryIs><LinearRing><coordinates>136.36389662,-1.88685739,0 136.36368072,-1.88641320,0 136.36270283,-1.88553338,0 136.36210922,-1.88521249,0 136.36185202,-1.88541828,0 136.36159136,-1.88636953,0 136.36099819,-1.88661520,0 136.36057308,-1.88740350,0 136.36071736,-1.88845031,0 136.36107222,-1.88933577,0 136.36084142,-1.89078219,0 136.36126976,-1.89090965,0 136.36159065,-1.89122542,0 136.36123037,-1.89191798,0 136.36124480,-1.89279539,0 136.36172505,-1.89436200,0 136.36214482,-1.89513951,0 136.36249641,-1.89528611,0 136.36256487,-1.89557847,0 136.36243843,-1.89574391,0 136.36101497,-1.89615051,0 136.35970790,-1.89562216,0 136.35906127,-1.89614463,0 136.35796785,-1.89616657,0 136.35829206,-1.89704808,0 136.35822284,-1.89750181,0 136.35854733,-1.89806386,0 136.35847016,-1.89880658,0 136.35933775,-1.89922295,0 136.35983395,-1.90001966,0 136.36056732,-1.90075902,0 136.35951469,-1.90156619,0 136.35878445,-1.90137312,0 136.35876451,-1.90220814,0 136.35855781,-1.90249257,0 136.35820966,-1.90260383,0 136.35836971,-1.90300764,0 136.35887492,-1.90268877,0 136.35966606,-1.90281649,0 136.36009890,-1.90213961,0 136.36093670,-1.90181342,0 136.36151782,-1.90200643,0 136.36167797,-1.90253776,0 136.36216366,-1.90231515,0 136.36146881,-1.90106799,0 136.36143512,-1.90040659,0 136.36161540,-1.89978327,0 136.36221279,-1.89917192,0 136.36259410,-1.89928078,0 136.36281969,-1.89991708,0 136.36373044,-1.90114579,0 136.36393796,-1.90109172,0 136.36384200,-1.90012782,0 136.36428881,-1.89973375,0 136.36539907,-1.90020934,0 136.36599930,-1.90128002,0 136.36635453,-1.90159557,0 136.36669814,-1.90164776,0 136.36733136,-1.90134607,0 136.36776224,-1.90082286,0 136.36846152,-1.90050185,0 136.36871408,-1.90011083,0 136.36922424,-1.89980978,0 136.36998856,-1.89988976,0 136.37076090,-1.90034734,0 136.37086055,-1.90006796,0 136.37071250,-1.89916036,0 136.37084261,-1.89863920,0 136.37127302,-1.89831506,0 136.37249793,-1.89827112,0 136.37240460,-1.89744542,0 136.37149408,-1.89731545,0 136.37133502,-1.89703257,0 136.37146417,-1.89482604,0 136.37134384,-1.89349504,0 136.37090232,-1.89318842,0 136.36932641,-1.89336387,0 136.36848345,-1.89316881,0 136.36813587,-1.89275267,0 136.36788594,-1.89202116,0 136.36772848,-1.89044761,0 136.36679941,-1.88899461,0 136.36629150,-1.88861875,0 136.36587459,-1.88769454,0 136.36509716,-1.88693432,0 136.36460247,-1.88701249,0 136.36400701,-1.88743643,0 136.36381397,-1.88738168,0 136.36389662,-1.88685739,0</coordinates></LinearRing></outerBoundaryIs></Polygon><Polygon><tessellate>1</tessellate><altitudeMode>clampToGround</altitudeMode><outerBoundaryIs><LinearRing><coordinates>136.39256484,-1.88203361,0 136.39247016,-1.88188563,0 136.39240214,-1.88185786,0 136.39245696,-1.88213228,0 136.39256484,-1.88203361,0</coordinates></LinearRing></outerBoundaryIs></Polygon><Polygon><tessellate>1</tessellate><altitudeMode>clampToGround</altitudeMode><outerBoundaryIs><LinearRing><coordinates>137.09065913,-1.85787472,0 137.08817843,-1.85633720,0 137.08746503,-1.85676890,0 137.08703798,-1.85766869,0 137.08698934,-1.85832213,0 137.08765001,-1.85985066,0 137.08759462,-1.86075759,0 137.08790438,-1.86215961,0 137.08698955,-1.86799734,0 137.08677734,-1.87437024,0 137.08734434,-1.87931196,0 137.08749986,-1.88693123,0 137.08784397,-1.88891626,0 137.09033982,-1.89368126,0 137.09119419,-1.89460296,0 137.09210885,-1.89529940,0 137.09343661,-1.89564725,0 137.09393202,-1.89553467,0 137.09486525,-1.89497574,0 137.09578699,-1.89334074,0 137.09586244,-1.89266076,0 137.09635369,-1.89206878,0 137.09664194,-1.89134525,0 137.09857950,-1.88897926,0 137.09958297,-1.88735218,0 137.10112042,-1.88600863,0 137.10157461,-1.88509901,0 137.10287762,-1.88323402,0 137.10399398,-1.88209034,0 137.10503461,-1.88130286,0 137.10972875,-1.87910851,0 137.11114277,-1.87820714,0 137.11140187,-1.87780662,0 137.11171931,-1.87647146,0 137.11151335,-1.87578786,0 137.10773745,-1.87356407,0 137.10403243,-1.87071659,0 137.10355021,-1.86925287,0 137.10158442,-1.86625152,0 137.10051907,-1.86341192,0 137.09955714,-1.86208804,0 137.09809008,-1.86068576,0 137.09691424,-1.85979777,0 137.09272585,-1.85773426,0 137.09065913,-1.85787472,0</coordinates></LinearRing></outerBoundaryIs></Polygon><Polygon><tessellate>1</tessellate><altitudeMode>clampToGround</altitudeMode><outerBoundaryIs><LinearRing><coordinates>136.54947137,-1.86881915,0 136.54980069,-1.86962816,0 136.55016617,-1.86985088,0 136.55100565,-1.86979377,0 136.55141379,-1.86941866,0 136.55129642,-1.86863821,0 136.55055474,-1.86769414,0 136.55030298,-1.86666658,0 136.54969409,-1.86674045,0 136.54931718,-1.86720873,0 136.54925437,-1.86761990,0 136.54947137,-1.86881915,0</coordinates></LinearRing></outerBoundaryIs></Polygon><Polygon><tessellate>1</tessellate><altitudeMode>clampToGround</altitudeMode><outerBoundaryIs><LinearRing><coordinates>138.76544356,-1.86806031,0 138.76629318,-1.86823780,0 138.76661427,-1.86809768,0 138.76716778,-1.86746154,0 138.76743616,-1.86670843,0 138.76807026,-1.86577639,0 138.76645905,-1.86395049,0 138.76423158,-1.86540074,0 138.76288907,-1.86727966,0 138.76207625,-1.86812296,0 138.76211814,-1.86832514,0 138.76242473,-1.86842381,0 138.76230763,-1.86807426,0 138.76251628,-1.86802389,0 138.76320847,-1.86847902,0 138.76415640,-1.86846230,0 138.76492320,-1.86833172,0 138.76544356,-1.86806031,0</coordinates></LinearRing></outerBoundaryIs></Polygon><Polygon><tessellate>1</tessellate><altitudeMode>clampToGround</altitudeMode><outerBoundaryIs><LinearRing><coordinates>136.51579649,-1.85645138,0 136.51499113,-1.85643344,0 136.51432285,-1.85611892,0 136.51421653,-1.85623089,0 136.51434801,-1.85653674,0 136.51558930,-1.85717535,0 136.51583486,-1.85706435,0 136.51579649,-1.85645138,0</coordinates></LinearRing></outerBoundaryIs></Polygon><Polygon><tessellate>1</tessellate><altitudeMode>clampToGround</altitudeMode><outerBoundaryIs><LinearRing><coordinates>137.03450496,-1.86215168,0 137.03556951,-1.86272852,0 137.03738631,-1.86317986,0 137.03802600,-1.86268119,0 137.03878861,-1.86276816,0 137.03935340,-1.86258487,0 137.03973214,-1.86270242,0 137.04004972,-1.86332547,0 137.04063206,-1.86377990,0 137.04118469,-1.86392150,0 137.04164734,-1.86460595,0 137.04209556,-1.86494322,0 137.04238502,-1.86560493,0 137.04381326,-1.86656798,0 137.04458771,-1.86786782,0 137.04616302,-1.86976796,0 137.04734212,-1.87047439,0 137.05065590,-1.87132594,0 137.05160748,-1.87110302,0 137.05294132,-1.87015584,0 137.05429885,-1.86966394,0 137.05498567,-1.86904891,0 137.05600522,-1.86774522,0 137.05619793,-1.86596911,0 137.05667740,-1.86485508,0 137.05638064,-1.86438659,0 137.05538969,-1.86375062,0 137.05421826,-1.86194201,0 137.05408525,-1.86145015,0 137.05428312,-1.86087719,0 137.05322586,-1.85968532,0 137.05359115,-1.85873623,0 137.05232925,-1.85596469,0 137.04661411,-1.84831345,0 137.04485854,-1.84633178,0 137.04239347,-1.84419488,0 137.03732445,-1.84117586,0 137.03655828,-1.84023479,0 137.03619598,-1.83927597,0 137.03510184,-1.83846367,0 137.03436920,-1.83710751,0 137.03373883,-1.83683583,0 137.03324235,-1.83639859,0 137.03293086,-1.83571421,0 137.03279491,-1.83456404,0 137.03192677,-1.83424286,0 137.03164294,-1.83390460,0 137.03069508,-1.83381965,0 137.02945565,-1.83265576,0 137.02847166,-1.83210745,0 137.02733191,-1.83184188,0 137.02517824,-1.83217399,0 137.02386625,-1.83143767,0 137.02182099,-1.83096905,0 137.02004165,-1.83104957,0 137.01851234,-1.83139666,0 137.01664623,-1.83138493,0 137.01436777,-1.83267209,0 137.01309093,-1.83306029,0 137.00876683,-1.83384082,0 137.00739067,-1.83374694,0 137.00522645,-1.83324354,0 137.00402233,-1.83422794,0 137.00211654,-1.83486816,0 136.99714879,-1.83613624,0 136.99168206,-1.83694301,0 136.98833374,-1.83685398,0 136.98685760,-1.83656808,0 136.98348410,-1.83699548,0 136.98058961,-1.83638150,0 136.97921529,-1.83573493,0 136.97706327,-1.83603548,0 136.97399549,-1.83524779,0 136.97290830,-1.83516900,0 136.97221901,-1.83527643,0 136.96976036,-1.83645697,0 136.96809947,-1.83665534,0 136.96689597,-1.83626359,0 136.96576001,-1.83527143,0 136.96468785,-1.83486086,0 136.96232823,-1.83532971,0 136.96137105,-1.83523149,0 136.96004789,-1.83483767,0 136.95815511,-1.83497960,0 136.95747169,-1.83479903,0 136.95618034,-1.83404653,0 136.95536408,-1.83388518,0 136.95410425,-1.83433540,0 136.95320408,-1.83576391,0 136.95266179,-1.83618435,0 136.95112620,-1.83683263,0 136.95066599,-1.83746592,0 136.95060085,-1.83809515,0 136.95074965,-1.83870761,0 136.95155719,-1.83946006,0 136.95285313,-1.84165555,0 136.95391942,-1.84259762,0 136.95446388,-1.84280663,0 136.95851705,-1.84332617,0 136.96563430,-1.84504612,0 136.96813063,-1.84526876,0 136.97177192,-1.84651899,0 136.97344019,-1.84735800,0 136.97387743,-1.84741131,0 136.97446625,-1.84712784,0 136.97712273,-1.84763930,0 136.98030109,-1.84885001,0 136.98068273,-1.84881338,0 136.98062158,-1.84835564,0 136.98178851,-1.84833558,0 136.98530687,-1.85015201,0 136.98618541,-1.85040173,0 136.98773835,-1.85027233,0 136.98796503,-1.85010191,0 136.98780822,-1.84994002,0 136.98783376,-1.84795705,0 136.98896906,-1.84695638,0 136.98918322,-1.84642634,0 136.99001518,-1.84611749,0 136.99195897,-1.84623245,0 136.99322233,-1.84658308,0 136.99329216,-1.84691280,0 136.99307696,-1.84730714,0 136.99335777,-1.84769972,0 136.99418916,-1.84762398,0 136.99512624,-1.84843381,0 136.99674021,-1.84886591,0 136.99825103,-1.85049562,0 136.99915653,-1.85079669,0 137.00070453,-1.85070278,0 137.00109130,-1.85120584,0 137.00125786,-1.85177648,0 137.00167105,-1.85208110,0 137.00198294,-1.85270102,0 137.00256020,-1.85331571,0 137.00400275,-1.85362905,0 137.00515191,-1.85344180,0 137.00596982,-1.85361266,0 137.00647629,-1.85341323,0 137.00729882,-1.85351955,0 137.00833091,-1.85411739,0 137.01038708,-1.85570268,0 137.01105560,-1.85593397,0 137.01297461,-1.85762253,0 137.01338467,-1.85753722,0 137.01415588,-1.85701919,0 137.01470576,-1.85618476,0 137.01612714,-1.85602777,0 137.01667390,-1.85531832,0 137.01714620,-1.85518238,0 137.01746376,-1.85531427,0 137.01795063,-1.85584943,0 137.01959089,-1.85615276,0 137.02090087,-1.85677817,0 137.02216421,-1.85801718,0 137.02284853,-1.85892034,0 137.02364835,-1.85911281,0 137.02429620,-1.85902706,0 137.02494622,-1.85970581,0 137.02625849,-1.86041802,0 137.02894974,-1.86016431,0 137.02934917,-1.86035712,0 137.02879714,-1.86068311,0 137.02889945,-1.86107096,0 137.03012726,-1.86080684,0 137.03159416,-1.86082478,0 137.03210395,-1.86125398,0 137.03264195,-1.86130619,0 137.03342396,-1.86179094,0 137.03450496,-1.86215168,0</coordinates></LinearRing></outerBoundaryIs></Polygon><Polygon><tessellate>1</tessellate><altitudeMode>clampToGround</altitudeMode><outerBoundaryIs><LinearRing><coordinates>136.69694264,-1.84577431,0 136.69702080,-1.84586609,0 136.69723257,-1.84569475,0 136.69714643,-1.84560079,0 136.69694264,-1.84577431,0</coordinates></LinearRing></outerBoundaryIs></Polygon><Polygon><tessellate>1</tessellate><altitudeMode>clampToGround</altitudeMode><outerBoundaryIs><LinearRing><coordinates>138.74666870,-1.83279947,0 138.74711340,-1.83276269,0 138.74731047,-1.83255578,0 138.74702589,-1.83097971,0 138.74606762,-1.82981713,0 138.74505442,-1.82947310,0 138.74410112,-1.83079084,0 138.74388768,-1.83152295,0 138.74408936,-1.83200187,0 138.74359439,-1.83317434,0 138.74491886,-1.83298177,0 138.74602002,-1.83240783,0 138.74666870,-1.83279947,0</coordinates></LinearRing></outerBoundaryIs></Polygon><Polygon><tessellate>1</tessellate><altitudeMode>clampToGround</altitudeMode><outerBoundaryIs><LinearRing><coordinates>136.69922513,-1.82704716,0 136.69949393,-1.82717931,0 136.69988910,-1.82667759,0 136.69994308,-1.82615200,0 136.69954771,-1.82577055,0 136.69917863,-1.82657807,0 136.69922513,-1.82704716,0</coordinates></LinearRing></outerBoundaryIs></Polygon><Polygon><tessellate>1</tessellate><altitudeMode>clampToGround</altitudeMode><outerBoundaryIs><LinearRing><coordinates>138.77550519,-1.64017581,0 138.77512150,-1.64014458,0 138.77434621,-1.64048237,0 138.77358039,-1.64129058,0 138.77363015,-1.64245489,0 138.77441406,-1.64283386,0 138.77446771,-1.64315337,0 138.77381090,-1.64492123,0 138.77289074,-1.64438465,0 138.77269655,-1.64443823,0 138.77324234,-1.64516717,0 138.77350465,-1.64510427,0 138.77382299,-1.64536357,0 138.77418864,-1.64537653,0 138.77431495,-1.64522219,0 138.77458514,-1.64544126,0 138.77500307,-1.64546726,0 138.77604562,-1.64506982,0 138.77632139,-1.64471532,0 138.77650967,-1.64473538,0 138.77652428,-1.64450213,0 138.77612211,-1.64411281,0 138.77561392,-1.64291921,0 138.77524123,-1.64256195,0 138.77601781,-1.64165360,0 138.77584344,-1.64086961,0 138.77552203,-1.64058689,0 138.77550519,-1.64017581,0</coordinates></LinearRing></outerBoundaryIs></Polygon><Polygon><tessellate>1</tessellate><altitudeMode>clampToGround</altitudeMode><outerBoundaryIs><LinearRing><coordinates>138.74796119,-1.61805468,0 138.74745404,-1.61816129,0 138.74695440,-1.61785299,0 138.74630627,-1.61717417,0 138.74602889,-1.61652805,0 138.74599179,-1.61460851,0 138.74623219,-1.61322029,0 138.74582465,-1.61098461,0 138.74614676,-1.60985480,0 138.74580653,-1.60800309,0 138.74417997,-1.60549698,0 138.74320735,-1.60486803,0 138.74256642,-1.60412463,0 138.74255354,-1.60286888,0 138.74196710,-1.60120706,0 138.74145109,-1.60033824,0 138.74084550,-1.59988550,0 138.74049314,-1.59933976,0 138.74023071,-1.59806938,0 138.73985702,-1.59746621,0 138.73924811,-1.59679102,0 138.73680731,-1.59553976,0 138.73526582,-1.59348941,0 138.73436469,-1.59270268,0 138.73210182,-1.59176735,0 138.73158890,-1.59134342,0 138.73037377,-1.59079673,0 138.72984323,-1.59018263,0 138.72850890,-1.58779527,0 138.72642472,-1.58647983,0 138.72510388,-1.58588758,0 138.72258647,-1.58409090,0 138.72082387,-1.58321832,0 138.71927081,-1.58199197,0 138.71866735,-1.58177125,0 138.71814060,-1.58096222,0 138.71729538,-1.58013371,0 138.71674397,-1.58013788,0 138.71592077,-1.58064167,0 138.71522477,-1.58137041,0 138.71455625,-1.58413823,0 138.71426821,-1.58616954,0 138.71392955,-1.58669680,0 138.71325958,-1.58861912,0 138.71269979,-1.58932027,0 138.71258941,-1.58984252,0 138.71120926,-1.59110671,0 138.71122738,-1.59302381,0 138.71084886,-1.59444546,0 138.71014662,-1.59561413,0 138.70898835,-1.59701094,0 138.70923362,-1.59741055,0 138.70871238,-1.59799014,0 138.70893115,-1.59862049,0 138.70861829,-1.60075122,0 138.70873705,-1.60218410,0 138.70913437,-1.60289014,0 138.70918898,-1.60382908,0 138.70900122,-1.60488510,0 138.70962945,-1.60652030,0 138.71012190,-1.60717263,0 138.71035391,-1.60781303,0 138.71144925,-1.60841097,0 138.71166492,-1.60895823,0 138.71412723,-1.61083818,0 138.71540651,-1.61245531,0 138.71637960,-1.61460955,0 138.71697214,-1.61665429,0 138.71745190,-1.61770526,0 138.71829897,-1.61857461,0 138.72067120,-1.61892700,0 138.72300790,-1.62083511,0 138.72510878,-1.62183719,0 138.72574528,-1.62207146,0 138.72736254,-1.62223051,0 138.72897863,-1.62261698,0 138.73177509,-1.62274633,0 138.73260492,-1.62312016,0 138.73320725,-1.62368467,0 138.73486907,-1.62451385,0 138.73888481,-1.62485614,0 138.73967617,-1.62456701,0 138.74162740,-1.62430242,0 138.74431881,-1.62490863,0 138.74547500,-1.62485745,0 138.74593373,-1.62519975,0 138.74708233,-1.62467721,0 138.74770964,-1.62483937,0 138.74773150,-1.62441962,0 138.74809901,-1.62416170,0 138.74689645,-1.62382812,0 138.74685812,-1.62358871,0 138.74660943,-1.62344133,0 138.74662046,-1.62321644,0 138.74644656,-1.62327826,0 138.74632421,-1.62290248,0 138.74640619,-1.62238293,0 138.74658464,-1.62275088,0 138.74694805,-1.62243676,0 138.74678911,-1.62224433,0 138.74608857,-1.62212963,0 138.74583809,-1.62241518,0 138.74576156,-1.62292486,0 138.74525862,-1.62313239,0 138.74444602,-1.62288033,0 138.74290223,-1.62291448,0 138.74125932,-1.62257982,0 138.74024949,-1.62308012,0 138.73996702,-1.62302254,0 138.74114994,-1.62127646,0 138.74190542,-1.62158945,0 138.74312893,-1.62102753,0 138.74334618,-1.62123587,0 138.74374462,-1.62122161,0 138.74383482,-1.62079894,0 138.74397804,-1.62078116,0 138.74407375,-1.62100707,0 138.74450059,-1.62093409,0 138.74509760,-1.62044134,0 138.74522954,-1.62059456,0 138.74504005,-1.62089693,0 138.74526420,-1.62131337,0 138.74602804,-1.62052849,0 138.74628073,-1.62093420,0 138.74706515,-1.62087408,0 138.74752192,-1.62049787,0 138.74866302,-1.62030540,0 138.74887008,-1.62005448,0 138.74999729,-1.61952474,0 138.75058909,-1.61956487,0 138.75084203,-1.61973378,0 138.75101087,-1.61960407,0 138.75098512,-1.61941589,0 138.75069647,-1.61934613,0 138.75023404,-1.61871786,0 138.75040786,-1.61855097,0 138.74986294,-1.61850206,0 138.74944820,-1.61876697,0 138.74920713,-1.61831834,0 138.74891839,-1.61827855,0 138.74831917,-1.61851110,0 138.74797428,-1.61833017,0 138.74796119,-1.61805468,0</coordinates></LinearRing></outerBoundaryIs></Polygon><Polygon><tessellate>1</tessellate><altitudeMode>clampToGround</altitudeMode><outerBoundaryIs><LinearRing><coordinates>137.96064476,-1.53318396,0 137.96071701,-1.53248608,0 137.96108778,-1.53231450,0 137.96077479,-1.53193159,0 137.95926584,-1.53072947,0 137.95787956,-1.53012990,0 137.95675354,-1.53024781,0 137.95613554,-1.53056245,0 137.95535996,-1.53145534,0 137.95480729,-1.53260192,0 137.95488755,-1.53295103,0 137.95540504,-1.53316690,0 137.95554771,-1.53305715,0 137.95550527,-1.53283717,0 137.95585681,-1.53283290,0 137.95638348,-1.53327348,0 137.95708157,-1.53343224,0 137.95900547,-1.53345412,0 137.96064476,-1.53318396,0</coordinates></LinearRing></outerBoundaryIs></Polygon><Polygon><tessellate>1</tessellate><altitudeMode>clampToGround</altitudeMode><outerBoundaryIs><LinearRing><coordinates>136.62006199,-1.33559064,0 136.62044354,-1.33735148,0 136.62140648,-1.33891876,0 136.62249141,-1.34016421,0 136.62312361,-1.34059624,0 136.62369413,-1.34049632,0 136.62456074,-1.33946206,0 136.62460609,-1.33901027,0 136.62452111,-1.33705015,0 136.62464261,-1.33669785,0 136.62401711,-1.33416382,0 136.62400879,-1.33308419,0 136.62273755,-1.33195181,0 136.62145927,-1.33167701,0 136.62083572,-1.33212152,0 136.62027884,-1.33345245,0 136.62006199,-1.33559064,0</coordinates></LinearRing></outerBoundaryIs></Polygon><Polygon><tessellate>1</tessellate><altitudeMode>clampToGround</altitudeMode><outerBoundaryIs><LinearRing><coordinates>136.61242162,-1.31747580,0 136.61235042,-1.31766727,0 136.61265060,-1.31864334,0 136.61308825,-1.31896369,0 136.61471472,-1.31944119,0 136.61610802,-1.31963649,0 136.61685411,-1.31898995,0 136.61686263,-1.31744898,0 136.61651957,-1.31634851,0 136.61603422,-1.31580327,0 136.61512120,-1.31566030,0 136.61242162,-1.31747580,0</coordinates></LinearRing></outerBoundaryIs></Polygon><Polygon><tessellate>1</tessellate><altitudeMode>clampToGround</altitudeMode><outerBoundaryIs><LinearRing><coordinates>136.37355658,-1.30904980,0 136.37378025,-1.31020622,0 136.37421331,-1.31039181,0 136.37438939,-1.31009200,0 136.37433705,-1.30865481,0 136.37408482,-1.30642287,0 136.37389922,-1.30624679,0 136.37358038,-1.30645618,0 136.37355658,-1.30904980,0</coordinates></LinearRing></outerBoundaryIs></Polygon><Polygon><tessellate>1</tessellate><altitudeMode>clampToGround</altitudeMode><outerBoundaryIs><LinearRing><coordinates>136.60200250,-1.27183813,0 136.59676302,-1.27077322,0 136.59444151,-1.27065491,0 136.59208002,-1.27124302,0 136.59012235,-1.27259648,0 136.58983154,-1.27288955,0 136.58894064,-1.27462942,0 136.58901684,-1.27489429,0 136.58887712,-1.27511374,0 136.58909147,-1.27564081,0 136.58926999,-1.27829962,0 136.58943554,-1.27843734,0 136.58992175,-1.28041830,0 136.59013872,-1.28065362,0 136.59068221,-1.28299635,0 136.59381323,-1.28675974,0 136.59480315,-1.28822545,0 136.59509991,-1.28832480,0 136.59567496,-1.28940025,0 136.59705301,-1.29107628,0 136.59705341,-1.29128683,0 136.59732327,-1.29138239,0 136.59807063,-1.29263718,0 136.59933350,-1.29423719,0 136.60056291,-1.29543473,0 136.60127144,-1.29705374,0 136.60187274,-1.29952032,0 136.60175110,-1.29965057,0 136.60219393,-1.30215414,0 136.60239317,-1.30444346,0 136.60241088,-1.30837916,0 136.60144064,-1.31396941,0 136.59977010,-1.31893990,0 136.59980102,-1.31970558,0 136.59995349,-1.32019553,0 136.60231304,-1.32195512,0 136.60343213,-1.32311060,0 136.60431489,-1.32351585,0 136.60504299,-1.32355634,0 136.60569697,-1.32310415,0 136.60698071,-1.32004051,0 136.60707909,-1.31922115,0 136.60686352,-1.31523199,0 136.60751468,-1.31036937,0 136.60746619,-1.30590537,0 136.60567255,-1.30150051,0 136.60432972,-1.30002562,0 136.60296074,-1.29757177,0 136.60247480,-1.29605503,0 136.60246436,-1.29457627,0 136.60293092,-1.29248274,0 136.60392624,-1.29041854,0 136.60468556,-1.28810181,0 136.60543399,-1.28661588,0 136.60556253,-1.28556359,0 136.60544750,-1.28410118,0 136.60593960,-1.28272174,0 136.60610834,-1.28244302,0 136.60699808,-1.28187201,0 136.60839784,-1.28178690,0 136.60861838,-1.28165659,0 136.60878554,-1.28131575,0 136.60859864,-1.28049657,0 136.60866291,-1.27987248,0 136.61049924,-1.27838969,0 136.61078051,-1.27805261,0 136.61094362,-1.27732126,0 136.61049398,-1.27605814,0 136.60984297,-1.27515503,0 136.60795670,-1.27364641,0 136.60200250,-1.27183813,0</coordinates></LinearRing></outerBoundaryIs></Polygon><Polygon><tessellate>1</tessellate><altitudeMode>clampToGround</altitudeMode><outerBoundaryIs><LinearRing><coordinates>136.67627230,-1.29680549,0 136.67846811,-1.29553493,0 136.67900407,-1.29497754,0 136.67865489,-1.29324927,0 136.67840920,-1.29272112,0 136.67764418,-1.29199232,0 136.67700434,-1.29074661,0 136.67647375,-1.29079291,0 136.67548140,-1.29144247,0 136.67389568,-1.29209243,0 136.67257837,-1.29313845,0 136.67213908,-1.29320191,0 136.67136872,-1.29303589,0 136.67065564,-1.29322012,0 136.67035939,-1.29389795,0 136.67024008,-1.29467327,0 136.67034318,-1.29528192,0 136.67009851,-1.29630426,0 136.67056166,-1.29782573,0 136.67099562,-1.29834227,0 136.67199997,-1.29858279,0 136.67285570,-1.29841569,0 136.67627230,-1.29680549,0</coordinates></LinearRing></outerBoundaryIs></Polygon><Polygon><tessellate>1</tessellate><altitudeMode>clampToGround</altitudeMode><outerBoundaryIs><LinearRing><coordinates>136.69464250,-1.29549861,0 136.69757428,-1.29420458,0 136.69910847,-1.29330772,0 136.69930773,-1.29267017,0 136.69882837,-1.29251544,0 136.69727650,-1.29256243,0 136.69613577,-1.29312596,0 136.69238795,-1.29420232,0 136.69173783,-1.29467365,0 136.69172691,-1.29540870,0 136.69226931,-1.29597684,0 136.69314794,-1.29594754,0 136.69464250,-1.29549861,0</coordinates></LinearRing></outerBoundaryIs></Polygon><Polygon><tessellate>1</tessellate><altitudeMode>clampToGround</altitudeMode><outerBoundaryIs><LinearRing><coordinates>136.38045690,-1.28922549,0 136.38015257,-1.28923522,0 136.37886574,-1.29269630,0 136.37951235,-1.29247578,0 136.38000653,-1.29179588,0 136.38045690,-1.28922549,0</coordinates></LinearRing></outerBoundaryIs></Polygon><Polygon><tessellate>1</tessellate><altitudeMode>clampToGround</altitudeMode><outerBoundaryIs><LinearRing><coordinates>136.41054108,-1.28141734,0 136.40992657,-1.28308633,0 136.40991991,-1.28699329,0 136.41094665,-1.29392763,0 136.41094097,-1.29479591,0 136.41130089,-1.29615630,0 136.41141637,-1.29788379,0 136.41205760,-1.30086696,0 136.41205253,-1.30194724,0 136.41239136,-1.30326641,0 136.41234080,-1.30400107,0 136.41305166,-1.30725796,0 136.41303679,-1.30793313,0 136.41321882,-1.30807649,0 136.41345757,-1.30763206,0 136.41350992,-1.30597596,0 136.41440460,-1.30142643,0 136.41448074,-1.29994640,0 136.41377166,-1.29740990,0 136.41195851,-1.29320777,0 136.41128274,-1.29083783,0 136.41078306,-1.28999550,0 136.41074023,-1.28948629,0 136.41089653,-1.28823026,0 136.41116008,-1.28791691,0 136.41127343,-1.28640283,0 136.41155516,-1.28618202,0 136.41162940,-1.28543772,0 136.41198128,-1.28500229,0 136.41196529,-1.28165017,0 136.41213185,-1.28054075,0 136.41248172,-1.27909425,0 136.41313905,-1.27767550,0 136.41499801,-1.27470414,0 136.41589328,-1.27367205,0 136.41769572,-1.27211648,0 136.41883489,-1.27129557,0 136.42059271,-1.27045086,0 136.42151178,-1.26948717,0 136.42207162,-1.26861600,0 136.42212698,-1.26786913,0 136.41795011,-1.26787801,0 136.41635825,-1.26904157,0 136.41513759,-1.27031577,0 136.41270340,-1.27420619,0 136.41153628,-1.27720788,0 136.41054108,-1.28141734,0</coordinates></LinearRing></outerBoundaryIs></Polygon><Polygon><tessellate>1</tessellate><altitudeMode>clampToGround</altitudeMode><outerBoundaryIs><LinearRing><coordinates>136.66994101,-1.28152839,0 136.66939262,-1.28369897,0 136.66920570,-1.28554101,0 136.66957887,-1.28617628,0 136.66997454,-1.28630618,0 136.67117520,-1.28532947,0 136.67277886,-1.28343772,0 136.67413998,-1.28100688,0 136.67471213,-1.27826556,0 136.67471132,-1.27720056,0 136.67442876,-1.27663558,0 136.67414599,-1.27646965,0 136.67387352,-1.27661285,0 136.67296653,-1.27807320,0 136.67034363,-1.28063228,0 136.66994101,-1.28152839,0</coordinates></LinearRing></outerBoundaryIs></Polygon><Polygon><tessellate>1</tessellate><altitudeMode>clampToGround</altitudeMode><outerBoundaryIs><LinearRing><coordinates>136.66941347,-1.27244436,0 136.67108729,-1.27274188,0 136.67172620,-1.27256536,0 136.67127688,-1.27180764,0 136.67139722,-1.26966367,0 136.67210402,-1.26859126,0 136.67537330,-1.26565660,0 136.67613302,-1.26407116,0 136.67604866,-1.26300693,0 136.67658057,-1.26206480,0 136.67667156,-1.26159768,0 136.67664072,-1.26095454,0 136.67620689,-1.26063323,0 136.67540046,-1.26054953,0 136.67279903,-1.26099531,0 136.66959714,-1.26227606,0 136.66760484,-1.26357134,0 136.66562822,-1.26562463,0 136.66423321,-1.26924661,0 136.66432329,-1.27116899,0 136.66460513,-1.27173541,0 136.66545758,-1.27239334,0 136.66608906,-1.27248481,0 136.66750386,-1.27220824,0 136.66784620,-1.27221568,0 136.66863003,-1.27262863,0 136.66941347,-1.27244436,0</coordinates></LinearRing></outerBoundaryIs></Polygon><Polygon><tessellate>1</tessellate><altitudeMode>clampToGround</altitudeMode><outerBoundaryIs><LinearRing><coordinates>136.67757654,-1.26469803,0 136.67778970,-1.26469496,0 136.67957009,-1.26329479,0 136.67871738,-1.26324538,0 136.67757654,-1.26469803,0</coordinates></LinearRing></outerBoundaryIs></Polygon><Polygon><tessellate>1</tessellate><altitudeMode>clampToGround</altitudeMode><outerBoundaryIs><LinearRing><coordinates>136.37295597,-1.25558616,0 136.37337832,-1.25592523,0 136.37481791,-1.25787965,0 136.37617771,-1.25937643,0 136.37770133,-1.26024157,0 136.37779681,-1.25989017,0 136.37719341,-1.25766799,0 136.37714285,-1.25614810,0 136.37691511,-1.25581420,0 136.37689973,-1.25521022,0 136.37712660,-1.25426931,0 136.37800537,-1.25215056,0 136.37841009,-1.25132904,0 136.37919708,-1.25042692,0 136.37913985,-1.25011106,0 136.37865785,-1.24955480,0 136.37793009,-1.24931591,0 136.37436840,-1.24929865,0 136.37184314,-1.24886444,0 136.36985149,-1.24806708,0 136.36769569,-1.24757691,0 136.36763016,-1.24784498,0 136.36797878,-1.24887860,0 136.36888666,-1.24999809,0 136.36969444,-1.25064379,0 136.36968045,-1.25116932,0 136.37006867,-1.25155392,0 136.37085623,-1.25171432,0 136.37205215,-1.25348166,0 136.37295597,-1.25558616,0</coordinates></LinearRing></outerBoundaryIs></Polygon><Polygon><tessellate>1</tessellate><altitudeMode>clampToGround</altitudeMode><outerBoundaryIs><LinearRing><coordinates>136.69908412,-1.25060982,0 136.69854222,-1.25078245,0 136.69824768,-1.25115590,0 136.70036880,-1.25209246,0 136.70065397,-1.25194871,0 136.70065353,-1.25125961,0 136.70041558,-1.25091522,0 136.70010164,-1.25069530,0 136.69908412,-1.25060982,0</coordinates></LinearRing></outerBoundaryIs></Polygon><Polygon><tessellate>1</tessellate><altitudeMode>clampToGround</altitudeMode><outerBoundaryIs><LinearRing><coordinates>136.59590696,-1.23546841,0 136.59636326,-1.23551074,0 136.59548115,-1.23626687,0 136.59479757,-1.23811455,0 136.59444716,-1.24052673,0 136.59426352,-1.24352745,0 136.59458884,-1.24684372,0 136.59543605,-1.24826932,0 136.59947018,-1.25172688,0 136.60140136,-1.25297475,0 136.60290431,-1.25370602,0 136.60426213,-1.25510754,0 136.60467302,-1.25522597,0 136.60585142,-1.25464063,0 136.60990000,-1.25403726,0 136.61218327,-1.25310671,0 136.61359160,-1.25212969,0 136.61490128,-1.25033416,0 136.61549908,-1.24983245,0 136.61638908,-1.24735774,0 136.61736607,-1.24329176,0 136.61736489,-1.24134402,0 136.61731662,-1.24016201,0 136.61658230,-1.23670725,0 136.61453079,-1.23299009,0 136.61338419,-1.23180395,0 136.61151472,-1.23034069,0 136.61102384,-1.22972346,0 136.61022118,-1.22946469,0 136.60939756,-1.22962654,0 136.60819042,-1.22910039,0 136.60270989,-1.22898141,0 136.60016428,-1.23041001,0 136.59782862,-1.23397312,0 136.59729999,-1.23459659,0 136.59720201,-1.23443871,0 136.59692865,-1.23449870,0 136.59590696,-1.23546841,0</coordinates></LinearRing></outerBoundaryIs></Polygon><Polygon><tessellate>1</tessellate><altitudeMode>clampToGround</altitudeMode><outerBoundaryIs><LinearRing><coordinates>136.52673780,-1.22855107,0 136.52265326,-1.22787012,0 136.51984592,-1.22779324,0 136.51054214,-1.22890120,0 136.50731309,-1.22978364,0 136.50547630,-1.23070357,0 136.50492473,-1.23071154,0 136.50475394,-1.23057865,0 136.50451772,-1.23073857,0 136.50398893,-1.23065847,0 136.50349368,-1.23032854,0 136.50320895,-1.23036027,0 136.50238016,-1.22979352,0 136.50103104,-1.22970465,0 136.50072406,-1.23012665,0 136.49971041,-1.23054067,0 136.49963942,-1.23103526,0 136.49981837,-1.23217180,0 136.50074006,-1.23291907,0 136.50105373,-1.23367718,0 136.50109910,-1.23722615,0 136.50077413,-1.23895813,0 136.50086450,-1.23948347,0 136.50176040,-1.23973555,0 136.50321269,-1.24094725,0 136.50389722,-1.24095724,0 136.50476300,-1.24129094,0 136.50567582,-1.24106548,0 136.51265758,-1.24150434,0 136.51468716,-1.24232376,0 136.51643717,-1.24267691,0 136.51831070,-1.24283376,0 136.51997935,-1.24224413,0 136.52113908,-1.24142987,0 136.52532271,-1.24020706,0 136.52622622,-1.24035490,0 136.52753373,-1.24019620,0 136.52829937,-1.24036805,0 136.52902712,-1.24080313,0 136.53129075,-1.24132826,0 136.53334502,-1.24159985,0 136.53410097,-1.24145105,0 136.53442413,-1.24115892,0 136.53520391,-1.24111540,0 136.53616398,-1.24039697,0 136.53712828,-1.23876445,0 136.53718432,-1.23699367,0 136.53634164,-1.23513249,0 136.53488546,-1.23307544,0 136.53021951,-1.23016615,0 136.52816600,-1.22941755,0 136.52673780,-1.22855107,0</coordinates></LinearRing></outerBoundaryIs></Polygon><Polygon><tessellate>1</tessellate><altitudeMode>clampToGround</altitudeMode><outerBoundaryIs><LinearRing><coordinates>136.44802120,-1.21165335,0 136.44446513,-1.20395939,0 136.44413645,-1.20286261,0 136.44422929,-1.20208744,0 136.44396755,-1.20155801,0 136.44380693,-1.20010654,0 136.44358088,-1.19957711,0 136.44323836,-1.19930550,0 136.44289218,-1.19928271,0 136.44251569,-1.19947435,0 136.44157268,-1.20020998,0 136.43942024,-1.20143251,0 136.43889556,-1.20195350,0 136.43706227,-1.20243691,0 136.43513041,-1.20354445,0 136.43492519,-1.20393510,0 136.43519196,-1.20485387,0 136.43496776,-1.20530962,0 136.43369052,-1.20687464,0 136.43279751,-1.20845348,0 136.43108512,-1.21014238,0 136.43026055,-1.21168307,0 136.42991338,-1.21198116,0 136.43005349,-1.21230649,0 136.42990007,-1.21372289,0 136.43020340,-1.21444908,0 136.43492363,-1.21885458,0 136.44058975,-1.22485446,0 136.44201346,-1.22670300,0 136.44449276,-1.23097529,0 136.44611449,-1.23427412,0 136.44692996,-1.23685428,0 136.44718949,-1.23842394,0 136.44704988,-1.24053751,0 136.44725594,-1.24088745,0 136.44769283,-1.24065202,0 136.44855328,-1.23903948,0 136.44820094,-1.23763465,0 136.44829576,-1.23707813,0 136.44788398,-1.23435610,0 136.44759297,-1.23090186,0 136.44799129,-1.22982021,0 136.44880197,-1.22905403,0 136.44944808,-1.22764795,0 136.44925184,-1.22536664,0 136.44938780,-1.22481613,0 136.44974198,-1.22429049,0 136.44994298,-1.22314557,0 136.45017116,-1.22303824,0 136.45003982,-1.22286085,0 136.45044842,-1.22176376,0 136.45014972,-1.21893579,0 136.44802120,-1.21165335,0</coordinates></LinearRing></outerBoundaryIs></Polygon><Polygon><tessellate>1</tessellate><altitudeMode>clampToGround</altitudeMode><outerBoundaryIs><LinearRing><coordinates>136.69821327,-1.22444462,0 136.70042707,-1.22463845,0 136.70202418,-1.22401724,0 136.70270890,-1.22413166,0 136.70396382,-1.22372888,0 136.70509306,-1.22306203,0 136.70621048,-1.22175203,0 136.70707678,-1.22031586,0 136.70814765,-1.21757028,0 136.70819275,-1.21669740,0 136.70781548,-1.21554915,0 136.70682204,-1.21441277,0 136.70500705,-1.21331137,0 136.70191421,-1.21241750,0 136.69890192,-1.21263762,0 136.69722482,-1.21306362,0 136.69550240,-1.21402945,0 136.69378151,-1.21743010,0 136.69374780,-1.21826853,0 136.69413669,-1.21974985,0 136.69478798,-1.22116209,0 136.69596431,-1.22279221,0 136.69645539,-1.22344654,0 136.69821327,-1.22444462,0</coordinates></LinearRing></outerBoundaryIs></Polygon><Polygon><tessellate>1</tessellate><altitudeMode>clampToGround</altitudeMode><outerBoundaryIs><LinearRing><coordinates>136.60107070,-1.22625221,0 136.60787996,-1.22413271,0 136.60859690,-1.22400539,0 136.60998413,-1.22407915,0 136.61233786,-1.22338321,0 136.61354059,-1.22145866,0 136.61422435,-1.21992494,0 136.61466824,-1.21798937,0 136.61471272,-1.21603681,0 136.61380350,-1.21090470,0 136.61048733,-1.20169366,0 136.60838616,-1.19761913,0 136.60705453,-1.19590352,0 136.60445240,-1.19346326,0 136.59971142,-1.19038887,0 136.59834874,-1.18957132,0 136.59772816,-1.18939940,0 136.59457870,-1.19064287,0 136.58932985,-1.19118000,0 136.58804816,-1.19098801,0 136.58643058,-1.19117701,0 136.58339697,-1.19287183,0 136.57935832,-1.19452236,0 136.57867971,-1.19516021,0 136.57828068,-1.19579215,0 136.57720830,-1.19629240,0 136.57650740,-1.19786634,0 136.57629129,-1.19909544,0 136.57600638,-1.19974455,0 136.57618352,-1.20020961,0 136.57663447,-1.20057115,0 136.57809541,-1.20104598,0 136.57892460,-1.20097659,0 136.58005072,-1.20133582,0 136.58308764,-1.20396043,0 136.58445050,-1.20587391,0 136.58458767,-1.20627966,0 136.58448187,-1.20750485,0 136.58501554,-1.20947241,0 136.58466673,-1.21144049,0 136.58485738,-1.21222140,0 136.58449310,-1.21374538,0 136.58459260,-1.21477903,0 136.58693817,-1.21895075,0 136.58706017,-1.21943308,0 136.58686335,-1.22109478,0 136.58717595,-1.22227379,0 136.58786080,-1.22254903,0 136.58808158,-1.22282456,0 136.58821207,-1.22396004,0 136.58850943,-1.22431360,0 136.58928942,-1.22467685,0 136.58949886,-1.22507872,0 136.58971842,-1.22649515,0 136.59068890,-1.22736556,0 136.59317898,-1.22784318,0 136.59567796,-1.22800370,0 136.59789561,-1.22733745,0 136.59856186,-1.22728986,0 136.59938828,-1.22750228,0 136.60107070,-1.22625221,0</coordinates></LinearRing></outerBoundaryIs></Polygon><Polygon><tessellate>1</tessellate><altitudeMode>clampToGround</altitudeMode><outerBoundaryIs><LinearRing><coordinates>136.61714240,-1.16430276,0 136.61693466,-1.16396216,0 136.61692740,-1.16423076,0 136.61642833,-1.16431063,0 136.61638404,-1.16463894,0 136.61592216,-1.16495506,0 136.61574445,-1.16528345,0 136.61659684,-1.16518347,0 136.61691298,-1.16493957,0 136.61714240,-1.16430276,0</coordinates></LinearRing></outerBoundaryIs></Polygon><Polygon><tessellate>1</tessellate><altitudeMode>clampToGround</altitudeMode><outerBoundaryIs><LinearRing><coordinates>136.62614261,-1.15232233,0 136.62617622,-1.15122546,0 136.62588482,-1.15047333,0 136.62569650,-1.15041027,0 136.62438492,-1.15159402,0 136.62421457,-1.15302405,0 136.62294880,-1.15448917,0 136.62308587,-1.15474751,0 136.62300036,-1.15486242,0 136.62213333,-1.15521322,0 136.62222479,-1.15551753,0 136.62167752,-1.15631609,0 136.62064526,-1.15707472,0 136.62050279,-1.15737342,0 136.61965285,-1.15767827,0 136.61934493,-1.15798856,0 136.61887813,-1.15983224,0 136.61996253,-1.16045757,0 136.62064715,-1.16039401,0 136.62082416,-1.16064659,0 136.62114352,-1.16038224,0 136.62184473,-1.15940557,0 136.62243169,-1.15817629,0 136.62288784,-1.15766493,0 136.62342349,-1.15649885,0 136.62445007,-1.15579765,0 136.62553352,-1.15477482,0 136.62614261,-1.15232233,0</coordinates></LinearRing></outerBoundaryIs></Polygon><Polygon><tessellate>1</tessellate><altitudeMode>clampToGround</altitudeMode><outerBoundaryIs><LinearRing><coordinates>136.59935024,-1.14944867,0 136.59841159,-1.15099592,0 136.59848917,-1.15151592,0 136.59777374,-1.15307900,0 136.59782335,-1.15336994,0 136.59838248,-1.15335431,0 136.59843960,-1.15346913,0 136.59788883,-1.15484388,0 136.59798051,-1.15554062,0 136.59826207,-1.15570509,0 136.59714950,-1.15911310,0 136.59742407,-1.16036870,0 136.59798574,-1.16085164,0 136.60087064,-1.16114393,0 136.59951666,-1.16136676,0 136.59806722,-1.16095410,0 136.59764893,-1.16115725,0 136.59667878,-1.16077495,0 136.59533259,-1.16133851,0 136.59437014,-1.16113615,0 136.59359457,-1.16182955,0 136.59311591,-1.16289415,0 136.59347071,-1.16478142,0 136.59468493,-1.16628151,0 136.59644094,-1.16916056,0 136.59916524,-1.17221699,0 136.60071773,-1.17323448,0 136.60172970,-1.17356698,0 136.60458668,-1.17428126,0 136.60609733,-1.17417553,0 136.60677354,-1.17339609,0 136.60828728,-1.17248015,0 136.60887432,-1.17137145,0 136.60919227,-1.16987319,0 136.60983152,-1.16905657,0 136.60983871,-1.16862858,0 136.61055553,-1.16801672,0 136.61066268,-1.16761318,0 136.61126248,-1.16708598,0 136.61135349,-1.16659206,0 136.61167662,-1.16611052,0 136.61300319,-1.16512518,0 136.61347847,-1.16396986,0 136.61378409,-1.16418365,0 136.61412040,-1.16363215,0 136.61406882,-1.16323019,0 136.61437116,-1.16314387,0 136.61450178,-1.16206991,0 136.61422199,-1.16169105,0 136.61350864,-1.16138709,0 136.61321658,-1.16032629,0 136.61346792,-1.15917281,0 136.61469339,-1.15703294,0 136.61513491,-1.15588892,0 136.61501595,-1.15572149,0 136.61512492,-1.15503230,0 136.61554304,-1.15453436,0 136.61553811,-1.15423287,0 136.61521473,-1.15410384,0 136.61525251,-1.15365397,0 136.61592078,-1.15311263,0 136.61665888,-1.15433538,0 136.61828298,-1.15532618,0 136.61861493,-1.15532637,0 136.62044522,-1.15327517,0 136.62050187,-1.15256879,0 136.62007913,-1.15161574,0 136.61960960,-1.14863553,0 136.61878659,-1.14608623,0 136.61763829,-1.14339928,0 136.61668475,-1.14209623,0 136.61411202,-1.13981523,0 136.61016541,-1.13745071,0 136.60683998,-1.13605401,0 136.60362001,-1.13520321,0 136.60123486,-1.13497684,0 136.60076488,-1.13569800,0 136.60103609,-1.13606635,0 136.60131741,-1.13752103,0 136.60130852,-1.13865044,0 136.60181089,-1.13916318,0 136.60243239,-1.13902980,0 136.60234674,-1.14120036,0 136.60183807,-1.14303833,0 136.60045912,-1.14623592,0 136.59935024,-1.14944867,0</coordinates></LinearRing></outerBoundaryIs></Polygon><Polygon><tessellate>1</tessellate><altitudeMode>clampToGround</altitudeMode><outerBoundaryIs><LinearRing><coordinates>140.76750166,-2.62267203,0 140.76745883,-2.62274056,0 140.76751880,-2.62273913,0 140.76750166,-2.62267203,0</coordinates></LinearRing></outerBoundaryIs></Polygon><Polygon><tessellate>1</tessellate><altitudeMode>clampToGround</altitudeMode><outerBoundaryIs><LinearRing><coordinates>140.76800516,-2.62233581,0 140.76804704,-2.62235675,0 140.76807369,-2.62226728,0 140.76800516,-2.62233581,0</coordinates></LinearRing></outerBoundaryIs></Polygon><Polygon><tessellate>1</tessellate><altitudeMode>clampToGround</altitudeMode><outerBoundaryIs><LinearRing><coordinates>140.76820456,-2.62198032,0 140.76839484,-2.62198701,0 140.76870321,-2.62161391,0 140.76816173,-2.62131407,0 140.76820456,-2.62198032,0</coordinates></LinearRing></outerBoundaryIs></Polygon><Polygon><tessellate>1</tessellate><altitudeMode>clampToGround</altitudeMode><outerBoundaryIs><LinearRing><coordinates>140.76798231,-2.62122413,0 140.76798612,-2.62128504,0 140.76807178,-2.62130598,0 140.76798231,-2.62122413,0</coordinates></LinearRing></outerBoundaryIs></Polygon><Polygon><tessellate>1</tessellate><altitudeMode>clampToGround</altitudeMode><outerBoundaryIs><LinearRing><coordinates>140.76875461,-2.62068878,0 140.76857139,-2.62068307,0 140.76855664,-2.62084868,0 140.76841197,-2.62074398,0 140.76843750,-2.62120343,0 140.76885264,-2.62124557,0 140.76875461,-2.62068878,0</coordinates></LinearRing></outerBoundaryIs></Polygon><Polygon><tessellate>1</tessellate><altitudeMode>clampToGround</altitudeMode><outerBoundaryIs><LinearRing><coordinates>140.76823715,-2.61997015,0 140.76833352,-2.62000109,0 140.76830854,-2.61992018,0 140.76823715,-2.61997015,0</coordinates></LinearRing></outerBoundaryIs></Polygon><Polygon><tessellate>1</tessellate><altitudeMode>clampToGround</altitudeMode><outerBoundaryIs><LinearRing><coordinates>140.76766221,-2.61980258,0 140.76773954,-2.61999769,0 140.76795726,-2.61994178,0 140.76780353,-2.61967193,0 140.76766221,-2.61980258,0</coordinates></LinearRing></outerBoundaryIs></Polygon><Polygon><tessellate>1</tessellate><altitudeMode>clampToGround</altitudeMode><outerBoundaryIs><LinearRing><coordinates>140.76741624,-2.61906834,0 140.76742481,-2.61910641,0 140.76749429,-2.61905311,0 140.76741624,-2.61906834,0</coordinates></LinearRing></outerBoundaryIs></Polygon><Polygon><tessellate>1</tessellate><altitudeMode>clampToGround</altitudeMode><outerBoundaryIs><LinearRing><coordinates>140.77586731,-2.61158784,0 140.77609336,-2.61164375,0 140.77627658,-2.61110124,0 140.77576091,-2.61062511,0 140.77561390,-2.61109172,0 140.77586731,-2.61158784,0</coordinates></LinearRing></outerBoundaryIs></Polygon><Polygon><tessellate>1</tessellate><altitudeMode>clampToGround</altitudeMode><outerBoundaryIs><LinearRing><coordinates>140.70797869,-2.59719577,0 140.70764729,-2.59696041,0 140.70769553,-2.59668894,0 140.70719584,-2.59685550,0 140.70646059,-2.59684599,0 140.70614829,-2.59727429,0 140.70623454,-2.59812792,0 140.70635649,-2.59779777,0 140.70662120,-2.59805951,0 140.70696593,-2.59763872,0 140.70781442,-2.59770246,0 140.70800486,-2.59753841,0 140.70797869,-2.59719577,0</coordinates></LinearRing></outerBoundaryIs></Polygon><Polygon><tessellate>1</tessellate><altitudeMode>clampToGround</altitudeMode><outerBoundaryIs><LinearRing><coordinates>140.78814770,-2.59582656,0 140.78815959,-2.59569212,0 140.78808702,-2.59570759,0 140.78814770,-2.59582656,0</coordinates></LinearRing></outerBoundaryIs></Polygon><Polygon><tessellate>1</tessellate><altitudeMode>clampToGround</altitudeMode><outerBoundaryIs><LinearRing><coordinates>140.70555610,-2.59616784,0 140.70575240,-2.59636058,0 140.70600582,-2.59618925,0 140.70616733,-2.59582662,0 140.70618428,-2.59491862,0 140.70643893,-2.59467053,0 140.70622354,-2.59440109,0 140.70631990,-2.59411555,0 140.70595942,-2.59384430,0 140.70578810,-2.59391925,0 140.70571071,-2.59424308,0 140.70593375,-2.59461823,0 140.70561759,-2.59548539,0 140.70555610,-2.59616784,0</coordinates></LinearRing></outerBoundaryIs></Polygon><Polygon><tessellate>1</tessellate><altitudeMode>clampToGround</altitudeMode><outerBoundaryIs><LinearRing><coordinates>140.70081198,-2.59188630,0 140.70121182,-2.59197735,0 140.70130710,-2.59165662,0 140.70089073,-2.59102219,0 140.70043808,-2.59097744,0 140.70081198,-2.59188630,0</coordinates></LinearRing></outerBoundaryIs></Polygon><Polygon><tessellate>1</tessellate><altitudeMode>clampToGround</altitudeMode><outerBoundaryIs><LinearRing><coordinates>140.71647555,-2.56817496,0 140.71497944,-2.56882363,0 140.71495338,-2.56908938,0 140.71538692,-2.56983848,0 140.71594428,-2.57004260,0 140.71632224,-2.56983691,0 140.71653308,-2.56989482,0 140.71689779,-2.56961878,0 140.71733032,-2.56967948,0 140.71696735,-2.56949967,0 140.71681115,-2.56918574,0 140.71619259,-2.56897862,0 140.71618773,-2.56842522,0 140.71662132,-2.56835429,0 140.71647555,-2.56817496,0</coordinates></LinearRing></outerBoundaryIs></Polygon><Polygon><tessellate>1</tessellate><altitudeMode>clampToGround</altitudeMode><outerBoundaryIs><LinearRing><coordinates>140.72450692,-2.54540684,0 140.72435677,-2.54567323,0 140.72406936,-2.54572027,0 140.72398889,-2.54639647,0 140.72467886,-2.54645973,0 140.72555556,-2.54700773,0 140.72582532,-2.54738503,0 140.72633156,-2.54682560,0 140.72633059,-2.54629533,0 140.72534794,-2.54544933,0 140.72450692,-2.54540684,0</coordinates></LinearRing></outerBoundaryIs></Polygon><Polygon><tessellate>1</tessellate><altitudeMode>clampToGround</altitudeMode><outerBoundaryIs><LinearRing><coordinates>140.72093649,-2.54421305,0 140.72056321,-2.54419520,0 140.72001593,-2.54444802,0 140.72031039,-2.54490309,0 140.72008732,-2.54544442,0 140.72050372,-2.54571211,0 140.72078926,-2.54541467,0 140.72143251,-2.54532038,0 140.72152500,-2.54515187,0 140.72122351,-2.54501611,0 140.72093649,-2.54421305,0</coordinates></LinearRing></outerBoundaryIs></Polygon><Polygon><tessellate>1</tessellate><altitudeMode>clampToGround</altitudeMode><outerBoundaryIs><LinearRing><coordinates>140.34355690,-2.46030804,0 140.34386719,-2.46007771,0 140.34372251,-2.45998253,0 140.34355690,-2.46030804,0</coordinates></LinearRing></outerBoundaryIs></Polygon><Polygon><tessellate>1</tessellate><altitudeMode>clampToGround</altitudeMode><outerBoundaryIs><LinearRing><coordinates>140.63044203,-2.45162202,0 140.63046345,-2.45140787,0 140.63034067,-2.45140787,0 140.63044203,-2.45162202,0</coordinates></LinearRing></outerBoundaryIs></Polygon><Polygon><tessellate>1</tessellate><altitudeMode>clampToGround</altitudeMode><outerBoundaryIs><LinearRing><coordinates>140.60179920,-2.44862030,0 140.60190675,-2.44860793,0 140.60184584,-2.44851751,0 140.60179920,-2.44862030,0</coordinates></LinearRing></outerBoundaryIs></Polygon><Polygon><tessellate>1</tessellate><altitudeMode>clampToGround</altitudeMode><outerBoundaryIs><LinearRing><coordinates>140.60181757,-2.44828908,0 140.60204263,-2.44848745,0 140.60225203,-2.44835801,0 140.60199885,-2.44811816,0 140.60181757,-2.44828908,0</coordinates></LinearRing></outerBoundaryIs></Polygon><Polygon><tessellate>1</tessellate><altitudeMode>clampToGround</altitudeMode><outerBoundaryIs><LinearRing><coordinates>140.60165994,-2.44782772,0 140.60150718,-2.44791909,0 140.60156144,-2.44812467,0 140.60176988,-2.44797620,0 140.60165994,-2.44782772,0</coordinates></LinearRing></outerBoundaryIs></Polygon><Polygon><tessellate>1</tessellate><altitudeMode>clampToGround</altitudeMode><outerBoundaryIs><LinearRing><coordinates>140.33663263,-2.44678113,0 140.33670996,-2.44702740,0 140.33698241,-2.44719991,0 140.33679205,-2.44656936,0 140.33663263,-2.44678113,0</coordinates></LinearRing></outerBoundaryIs></Polygon><Polygon><tessellate>1</tessellate><altitudeMode>clampToGround</altitudeMode><outerBoundaryIs><LinearRing><coordinates>140.32152876,-2.44677774,0 140.32161442,-2.44691623,0 140.32193422,-2.44656074,0 140.32152876,-2.44677774,0</coordinates></LinearRing></outerBoundaryIs></Polygon><Polygon><tessellate>1</tessellate><altitudeMode>clampToGround</altitudeMode><outerBoundaryIs><LinearRing><coordinates>140.35368401,-2.44401992,0 140.35400999,-2.44403420,0 140.35375777,-2.44372011,0 140.35335802,-2.44358448,0 140.35322239,-2.44375342,0 140.35336992,-2.44402230,0 140.35308676,-2.44415079,0 140.35332233,-2.44423883,0 140.35368401,-2.44401992,0</coordinates></LinearRing></outerBoundaryIs></Polygon><Polygon><tessellate>1</tessellate><altitudeMode>clampToGround</altitudeMode><outerBoundaryIs><LinearRing><coordinates>140.60594320,-2.44326324,0 140.60602458,-2.44324183,0 140.60602030,-2.44315189,0 140.60594320,-2.44326324,0</coordinates></LinearRing></outerBoundaryIs></Polygon><Polygon><tessellate>1</tessellate><altitudeMode>clampToGround</altitudeMode><outerBoundaryIs><LinearRing><coordinates>140.35301538,-2.44274691,0 140.35341037,-2.44310621,0 140.35359835,-2.44296106,0 140.35305583,-2.44228768,0 140.35301538,-2.44274691,0</coordinates></LinearRing></outerBoundaryIs></Polygon><Polygon><tessellate>1</tessellate><altitudeMode>clampToGround</altitudeMode><outerBoundaryIs><LinearRing><coordinates>140.32728788,-2.44235317,0 140.32668111,-2.44231320,0 140.32658689,-2.44248452,0 140.32716081,-2.44250308,0 140.32728788,-2.44235317,0</coordinates></LinearRing></outerBoundaryIs></Polygon><Polygon><tessellate>1</tessellate><altitudeMode>clampToGround</altitudeMode><outerBoundaryIs><LinearRing><coordinates>140.32740352,-2.44224182,0 140.32710656,-2.44219185,0 140.32714499,-2.44223777,0 140.32740352,-2.44224182,0</coordinates></LinearRing></outerBoundaryIs></Polygon><Polygon><tessellate>1</tessellate><altitudeMode>clampToGround</altitudeMode><outerBoundaryIs><LinearRing><coordinates>140.60675088,-2.43819274,0 140.60675444,-2.43793933,0 140.60641894,-2.43798930,0 140.60596565,-2.43781797,0 140.60593710,-2.43802499,0 140.60636540,-2.43837120,0 140.60675088,-2.43819274,0</coordinates></LinearRing></outerBoundaryIs></Polygon><Polygon><tessellate>1</tessellate><altitudeMode>clampToGround</altitudeMode><outerBoundaryIs><LinearRing><coordinates>140.35078149,-2.43802191,0 140.35184511,-2.43828603,0 140.35197598,-2.43773875,0 140.35106226,-2.43747463,0 140.35078149,-2.43802191,0</coordinates></LinearRing></outerBoundaryIs></Polygon><Polygon><tessellate>1</tessellate><altitudeMode>clampToGround</altitudeMode><outerBoundaryIs><LinearRing><coordinates>140.55897974,-2.43734001,0 140.55920056,-2.43755892,0 140.55944326,-2.43745613,0 140.55920151,-2.43723722,0 140.55897974,-2.43734001,0</coordinates></LinearRing></outerBoundaryIs></Polygon><Polygon><tessellate>1</tessellate><altitudeMode>clampToGround</altitudeMode><outerBoundaryIs><LinearRing><coordinates>140.29682275,-2.42906060,0 140.29655150,-2.42889070,0 140.29641872,-2.42921479,0 140.29657719,-2.42922050,0 140.29682275,-2.42906060,0</coordinates></LinearRing></outerBoundaryIs></Polygon><Polygon><tessellate>1</tessellate><altitudeMode>clampToGround</altitudeMode><outerBoundaryIs><LinearRing><coordinates>140.46962705,-2.42894275,0 140.46941861,-2.42897701,0 140.46955852,-2.42918164,0 140.46958422,-2.42915499,0 140.46962705,-2.42894275,0</coordinates></LinearRing></outerBoundaryIs></Polygon><Polygon><tessellate>1</tessellate><altitudeMode>clampToGround</altitudeMode><outerBoundaryIs><LinearRing><coordinates>140.52070488,-2.42858070,0 140.52068876,-2.42828864,0 140.52053647,-2.42839333,0 140.52070488,-2.42858070,0</coordinates></LinearRing></outerBoundaryIs></Polygon><Polygon><tessellate>1</tessellate><altitudeMode>clampToGround</altitudeMode><outerBoundaryIs><LinearRing><coordinates>140.48687409,-2.42889614,0 140.48668849,-2.42814304,0 140.48685624,-2.42774329,0 140.48672418,-2.42746132,0 140.48638258,-2.42852828,0 140.48659073,-2.42857877,0 140.48675107,-2.42904825,0 140.48687409,-2.42889614,0</coordinates></LinearRing></outerBoundaryIs></Polygon><Polygon><tessellate>1</tessellate><altitudeMode>clampToGround</altitudeMode><outerBoundaryIs><LinearRing><coordinates>140.51252985,-2.42855330,0 140.51265120,-2.42840339,0 140.51256911,-2.42790370,0 140.51232952,-2.42815320,0 140.51252985,-2.42855330,0</coordinates></LinearRing></outerBoundaryIs></Polygon><Polygon><tessellate>1</tessellate><altitudeMode>clampToGround</altitudeMode><outerBoundaryIs><LinearRing><coordinates>140.52599287,-2.42695987,0 140.52581767,-2.42678415,0 140.52571552,-2.42681416,0 140.52571866,-2.42695225,0 140.52599287,-2.42695987,0</coordinates></LinearRing></outerBoundaryIs></Polygon><Polygon><tessellate>1</tessellate><altitudeMode>clampToGround</altitudeMode><outerBoundaryIs><LinearRing><coordinates>140.27697527,-2.41839578,0 140.27703356,-2.41862254,0 140.27715825,-2.41869012,0 140.27718680,-2.41819662,0 140.27697527,-2.41839578,0</coordinates></LinearRing></outerBoundaryIs></Polygon><Polygon><tessellate>1</tessellate><altitudeMode>clampToGround</altitudeMode><outerBoundaryIs><LinearRing><coordinates>140.27705518,-2.41679011,0 140.27712751,-2.41701187,0 140.27724323,-2.41670286,0 140.27705518,-2.41679011,0</coordinates></LinearRing></outerBoundaryIs></Polygon><Polygon><tessellate>1</tessellate><altitudeMode>clampToGround</altitudeMode><outerBoundaryIs><LinearRing><coordinates>140.23283107,-2.40261448,0 140.23293671,-2.40242460,0 140.23279252,-2.40244316,0 140.23283107,-2.40261448,0</coordinates></LinearRing></outerBoundaryIs></Polygon><Polygon><tessellate>1</tessellate><altitudeMode>clampToGround</altitudeMode><outerBoundaryIs><LinearRing><coordinates>140.25399803,-2.40135197,0 140.25407775,-2.40153400,0 140.25435852,-2.40124608,0 140.25429071,-2.40120682,0 140.25399803,-2.40135197,0</coordinates></LinearRing></outerBoundaryIs></Polygon><Polygon><tessellate>1</tessellate><altitudeMode>clampToGround</altitudeMode><outerBoundaryIs><LinearRing><coordinates>140.34723135,-2.39609521,0 140.34705146,-2.39604810,0 140.34703714,-2.39612973,0 140.34723135,-2.39609521,0</coordinates></LinearRing></outerBoundaryIs></Polygon><Polygon><tessellate>1</tessellate><altitudeMode>clampToGround</altitudeMode><outerBoundaryIs><LinearRing><coordinates>140.34830117,-2.39528405,0 140.34830420,-2.39532666,0 140.34842198,-2.39530525,0 140.34830117,-2.39528405,0</coordinates></LinearRing></outerBoundaryIs></Polygon><Polygon><tessellate>1</tessellate><altitudeMode>clampToGround</altitudeMode><outerBoundaryIs><LinearRing><coordinates>140.34814317,-2.39538684,0 140.34797185,-2.39499090,0 140.34793759,-2.39514700,0 140.34814317,-2.39538684,0</coordinates></LinearRing></outerBoundaryIs></Polygon><Polygon><tessellate>1</tessellate><altitudeMode>clampToGround</altitudeMode><outerBoundaryIs><LinearRing><coordinates>140.22968443,-2.38663168,0 140.22985385,-2.38686963,0 140.23000994,-2.38664882,0 140.23004420,-2.38607774,0 140.22977961,-2.38637089,0 140.22968443,-2.38663168,0</coordinates></LinearRing></outerBoundaryIs></Polygon><Polygon><tessellate>1</tessellate><altitudeMode>clampToGround</altitudeMode><outerBoundaryIs><LinearRing><coordinates>140.15842710,-2.35154116,0 140.15874547,-2.35113570,0 140.15842567,-2.35117996,0 140.15806590,-2.35149976,0 140.15816013,-2.35161255,0 140.15842710,-2.35154116,0</coordinates></LinearRing></outerBoundaryIs></Polygon><Polygon><tessellate>1</tessellate><altitudeMode>clampToGround</altitudeMode><outerBoundaryIs><LinearRing><coordinates>140.15707144,-2.35096242,0 140.15722849,-2.35075207,0 140.15720279,-2.35074065,0 140.15707144,-2.35096242,0</coordinates></LinearRing></outerBoundaryIs></Polygon><Polygon><tessellate>1</tessellate><altitudeMode>clampToGround</altitudeMode><outerBoundaryIs><LinearRing><coordinates>140.15584332,-2.32914165,0 140.15562489,-2.32887753,0 140.15531651,-2.32918876,0 140.15546071,-2.32925015,0 140.15584332,-2.32914165,0</coordinates></LinearRing></outerBoundaryIs></Polygon><Polygon><tessellate>1</tessellate><altitudeMode>clampToGround</altitudeMode><outerBoundaryIs><LinearRing><coordinates>140.13936876,-2.32442564,0 140.13943444,-2.32412012,0 140.13929119,-2.32404017,0 140.13904516,-2.32435235,0 140.13915747,-2.32456746,0 140.13936876,-2.32442564,0</coordinates></LinearRing></outerBoundaryIs></Polygon><Polygon><tessellate>1</tessellate><altitudeMode>clampToGround</altitudeMode><outerBoundaryIs><LinearRing><coordinates>140.14433339,-2.32369106,0 140.14460322,-2.32362682,0 140.14472600,-2.32316425,0 140.14493301,-2.32302148,0 140.14461806,-2.32273443,0 140.14446102,-2.32286007,0 140.14433339,-2.32369106,0</coordinates></LinearRing></outerBoundaryIs></Polygon><Polygon><tessellate>1</tessellate><altitudeMode>clampToGround</altitudeMode><outerBoundaryIs><LinearRing><coordinates>139.57234477,-2.23585343,0 139.57179180,-2.23624556,0 139.57159423,-2.23677072,0 139.57148880,-2.23746502,0 139.57176643,-2.23801194,0 139.57225684,-2.23775371,0 139.57311118,-2.23670709,0 139.57309287,-2.23628460,0 139.57287053,-2.23601810,0 139.57234477,-2.23585343,0</coordinates></LinearRing></outerBoundaryIs></Polygon><Polygon><tessellate>1</tessellate><altitudeMode>clampToGround</altitudeMode><outerBoundaryIs><LinearRing><coordinates>139.52785896,-2.20741947,0 139.52880123,-2.20950388,0 139.52921526,-2.20968948,0 139.53102841,-2.20847595,0 139.53129966,-2.20774784,0 139.53131394,-2.20696261,0 139.53090943,-2.20652479,0 139.52983868,-2.20631540,0 139.52814450,-2.20687695,0 139.52787324,-2.20716249,0 139.52785896,-2.20741947,0</coordinates></LinearRing></outerBoundaryIs></Polygon><Polygon><tessellate>1</tessellate><altitudeMode>clampToGround</altitudeMode><outerBoundaryIs><LinearRing><coordinates>139.50860663,-2.13420083,0 139.51124982,-2.13638955,0 139.51310849,-2.13853045,0 139.51388758,-2.13891941,0 139.51462966,-2.13895842,0 139.51541023,-2.13855716,0 139.51565800,-2.13813625,0 139.51556625,-2.13607540,0 139.51423390,-2.13355105,0 139.51362960,-2.13015146,0 139.51309877,-2.12810260,0 139.51269972,-2.12752791,0 139.51133049,-2.12666512,0 139.50973342,-2.12528525,0 139.50874449,-2.12470998,0 139.50648026,-2.12453549,0 139.50609947,-2.12476484,0 139.50607971,-2.12553056,0 139.50693192,-2.12976207,0 139.50792234,-2.13309556,0 139.50860663,-2.13420083,0</coordinates></LinearRing></outerBoundaryIs></Polygon><Polygon><tessellate>1</tessellate><altitudeMode>clampToGround</altitudeMode><outerBoundaryIs><LinearRing><coordinates>139.47137971,-2.12275725,0 139.47153408,-2.12320757,0 139.47180607,-2.12351049,0 139.47231793,-2.12353456,0 139.47404943,-2.12246163,0 139.47572001,-2.12113020,0 139.47764744,-2.12083466,0 139.47848716,-2.12030369,0 139.47868653,-2.11736726,0 139.47855851,-2.11482236,0 139.47835516,-2.11414512,0 139.47769071,-2.11299062,0 139.47716085,-2.11241564,0 139.47624288,-2.11232241,0 139.47538586,-2.11250622,0 139.47442329,-2.11364603,0 139.47285372,-2.11798214,0 139.47216883,-2.11939881,0 139.47162752,-2.12009583,0 139.47137971,-2.12275725,0</coordinates></LinearRing></outerBoundaryIs></Polygon><Polygon><tessellate>1</tessellate><altitudeMode>clampToGround</altitudeMode><outerBoundaryIs><LinearRing><coordinates>139.45312157,-2.11876676,0 139.45334332,-2.11906911,0 139.45382612,-2.11955561,0 139.45482784,-2.12001162,0 139.45601888,-2.12017254,0 139.45728334,-2.12005554,0 139.45813931,-2.11943931,0 139.45854891,-2.11891613,0 139.46006040,-2.11427559,0 139.46009921,-2.11260101,0 139.45983948,-2.11200236,0 139.45915203,-2.11144068,0 139.45772038,-2.11130835,0 139.45729255,-2.11145752,0 139.45485489,-2.11325026,0 139.45356930,-2.11510238,0 139.45301871,-2.11712471,0 139.45312157,-2.11876676,0</coordinates></LinearRing></outerBoundaryIs></Polygon><Polygon><tessellate>1</tessellate><altitudeMode>clampToGround</altitudeMode><outerBoundaryIs><LinearRing><coordinates>139.24134685,-2.03600015,0 139.24232143,-2.03492522,0 139.24236623,-2.03457653,0 139.24193981,-2.03407722,0 139.24143331,-2.03304287,0 139.23923113,-2.03229306,0 139.23880200,-2.03235057,0 139.23846235,-2.03298317,0 139.23877100,-2.03436400,0 139.23861292,-2.03544948,0 139.23930424,-2.03648033,0 139.24134685,-2.03600015,0</coordinates></LinearRing></outerBoundaryIs></Polygon><Polygon><tessellate>1</tessellate><altitudeMode>clampToGround</altitudeMode><outerBoundaryIs><LinearRing><coordinates>139.24580125,-2.00372908,0 139.24405138,-2.00430955,0 139.24254038,-2.00399865,0 139.24143191,-2.00455800,0 139.23973456,-2.00484611,0 139.23938830,-2.00527097,0 139.23910859,-2.00633056,0 139.23921510,-2.00720203,0 139.23954236,-2.00791602,0 139.24015311,-2.00868663,0 139.24077477,-2.00896431,0 139.24174728,-2.00873117,0 139.24164109,-2.00657491,0 139.24180162,-2.00616917,0 139.24223113,-2.00575084,0 139.24280598,-2.00558184,0 139.24360734,-2.00633864,0 139.24428289,-2.00673606,0 139.24453171,-2.00728356,0 139.24539172,-2.00799589,0 139.24591026,-2.00868642,0 139.24622277,-2.00989161,0 139.24631021,-2.01236740,0 139.24700961,-2.01367779,0 139.24726415,-2.01519219,0 139.24745599,-2.01545657,0 139.24913552,-2.01539135,0 139.25150303,-2.01496420,0 139.25177728,-2.01465856,0 139.25214379,-2.01352575,0 139.25312634,-2.01216278,0 139.25354615,-2.01081613,0 139.25345446,-2.00792237,0 139.25291796,-2.00683809,0 139.25192547,-2.00607340,0 139.24967194,-2.00494757,0 139.24580125,-2.00372908,0</coordinates></LinearRing></outerBoundaryIs></Polygon><Polygon><tessellate>1</tessellate><altitudeMode>clampToGround</altitudeMode><outerBoundaryIs><LinearRing><coordinates>139.13932226,-2.00414628,0 139.13924507,-2.00377162,0 139.13877442,-2.00376840,0 139.13836480,-2.00326113,0 139.13776088,-2.00108927,0 139.13688816,-2.00005472,0 139.13525888,-1.99936024,0 139.13404156,-1.99910582,0 139.13320812,-1.99917846,0 139.13270497,-1.99991486,0 139.13257271,-2.00122159,0 139.13280775,-2.00323605,0 139.13313196,-2.00380995,0 139.13294099,-2.00653202,0 139.13168268,-2.00898215,0 139.13223829,-2.00971010,0 139.13228526,-2.01023171,0 139.13195821,-2.01100672,0 139.13202717,-2.01115883,0 139.13255299,-2.01112258,0 139.13349566,-2.01075305,0 139.13433586,-2.01072688,0 139.13558525,-2.01149541,0 139.13648987,-2.01042585,0 139.13834659,-2.00688215,0 139.13881934,-2.00587326,0 139.13932226,-2.00414628,0</coordinates></LinearRing></outerBoundaryIs></Polygon><Polygon><tessellate>1</tessellate><altitudeMode>clampToGround</altitudeMode><outerBoundaryIs><LinearRing><coordinates>139.00481875,-1.94858171,0 139.00430075,-1.94932264,0 139.00460228,-1.94994141,0 139.00498603,-1.95020057,0 139.00613611,-1.95035906,0 139.00725034,-1.95018579,0 139.00884816,-1.94946700,0 139.00980372,-1.94863114,0 139.01002327,-1.94753613,0 139.00995447,-1.94693395,0 139.00975240,-1.94680692,0 139.00880968,-1.94701488,0 139.00734672,-1.94787099,0 139.00626209,-1.94830176,0 139.00481875,-1.94858171,0</coordinates></LinearRing></outerBoundaryIs></Polygon><Polygon><tessellate>1</tessellate><altitudeMode>clampToGround</altitudeMode><outerBoundaryIs><LinearRing><coordinates>139.01093402,-1.93367219,0 139.00949748,-1.93315777,0 139.00835930,-1.93313588,0 139.00746164,-1.93338410,0 139.00640534,-1.93403386,0 139.00463315,-1.93461914,0 139.00374556,-1.93509889,0 139.00282315,-1.93597350,0 139.00071429,-1.93719737,0 139.00017408,-1.93796672,0 139.00019629,-1.93849209,0 139.00368415,-1.93869314,0 139.00779208,-1.94082676,0 139.00883368,-1.94119180,0 139.01076912,-1.94266652,0 139.01216045,-1.94339933,0 139.01266964,-1.94398993,0 139.01281006,-1.94418491,0 139.01286553,-1.94521918,0 139.01387013,-1.94744417,0 139.01707273,-1.94867789,0 139.01724257,-1.94839834,0 139.01719731,-1.94745094,0 139.01575455,-1.94408416,0 139.01576586,-1.94357026,0 139.01617934,-1.94297743,0 139.01930433,-1.94200360,0 139.02045488,-1.94087475,0 139.02127489,-1.94054767,0 139.02162903,-1.94066531,0 139.02312493,-1.94037281,0 139.02407268,-1.93913710,0 139.02402449,-1.93763946,0 139.02463577,-1.93574574,0 139.02438771,-1.93433334,0 139.02351780,-1.93354286,0 139.02195902,-1.93329181,0 139.01842208,-1.93408305,0 139.01632250,-1.93435816,0 139.01508826,-1.93495251,0 139.01455446,-1.93569737,0 139.01387646,-1.93601654,0 139.01279180,-1.93588668,0 139.01218121,-1.93563812,0 139.01190824,-1.93458092,0 139.01162116,-1.93414666,0 139.01093402,-1.93367219,0</coordinates></LinearRing></outerBoundaryIs></Polygon><Polygon><tessellate>1</tessellate><altitudeMode>clampToGround</altitudeMode><outerBoundaryIs><LinearRing><coordinates>138.80116001,-1.66336366,0 138.80095065,-1.66363320,0 138.80037340,-1.66331322,0 138.79983129,-1.66345972,0 138.79830890,-1.66340061,0 138.79781668,-1.66356510,0 138.79749831,-1.66450120,0 138.79546876,-1.66522369,0 138.79360209,-1.66655885,0 138.79329915,-1.66648760,0 138.79282717,-1.66677740,0 138.79289011,-1.66753225,0 138.79315912,-1.66796923,0 138.79306558,-1.66836507,0 138.79196249,-1.66970108,0 138.79190158,-1.66996293,0 138.79144891,-1.66983326,0 138.79136046,-1.67018308,0 138.79075722,-1.67027997,0 138.79039264,-1.67125047,0 138.79005647,-1.67153955,0 138.79001671,-1.67202746,0 138.78945176,-1.67266692,0 138.78956987,-1.67306028,0 138.79018489,-1.67342181,0 138.78947456,-1.67532749,0 138.79009787,-1.67597070,0 138.79015731,-1.67701486,0 138.79033168,-1.67731645,0 138.79096402,-1.67744048,0 138.79127864,-1.67861277,0 138.79162129,-1.67870416,0 138.79192277,-1.67969347,0 138.79195032,-1.68056538,0 138.79255905,-1.68143077,0 138.79337354,-1.68321132,0 138.79384377,-1.68481882,0 138.79476863,-1.68550920,0 138.79506526,-1.68806058,0 138.79490031,-1.69086848,0 138.79378652,-1.69733926,0 138.79314623,-1.69782012,0 138.79272362,-1.69866175,0 138.79267498,-1.69920528,0 138.79293950,-1.69959054,0 138.79372060,-1.69948683,0 138.79396196,-1.70030710,0 138.79383098,-1.70120184,0 138.79397286,-1.70185501,0 138.79415081,-1.70213867,0 138.79441776,-1.70213264,0 138.79461878,-1.70254115,0 138.79545581,-1.70329828,0 138.79605070,-1.70466016,0 138.79621715,-1.70571195,0 138.79594442,-1.70684239,0 138.79614566,-1.70716384,0 138.79672832,-1.70718947,0 138.79786241,-1.70663766,0 138.79850688,-1.70608066,0 138.79920785,-1.70515622,0 138.80042566,-1.70181763,0 138.80052826,-1.70145201,0 138.80034923,-1.69981385,0 138.79956595,-1.69625804,0 138.79956800,-1.69379361,0 138.79988790,-1.69227321,0 138.80042875,-1.69207186,0 138.80035539,-1.69145070,0 138.80066925,-1.69045391,0 138.80204233,-1.68863183,0 138.80286653,-1.68667511,0 138.80314070,-1.68528191,0 138.80304574,-1.68411213,0 138.80335316,-1.68342000,0 138.80377429,-1.68305809,0 138.80391015,-1.68272815,0 138.80437624,-1.68042520,0 138.80500197,-1.67884719,0 138.80482417,-1.67842002,0 138.80495383,-1.67725407,0 138.80442809,-1.67549896,0 138.80455691,-1.67514519,0 138.80409341,-1.67506802,0 138.80370089,-1.67535462,0 138.80349783,-1.67520010,0 138.80224129,-1.67332576,0 138.80209561,-1.67287711,0 138.80215005,-1.67201247,0 138.80266942,-1.66987462,0 138.80244792,-1.66706857,0 138.80266750,-1.66689356,0 138.80276556,-1.66638174,0 138.80337116,-1.66586807,0 138.80326491,-1.66561943,0 138.80296679,-1.66563965,0 138.80277472,-1.66542534,0 138.80273532,-1.66510986,0 138.80295045,-1.66492965,0 138.80295751,-1.66466181,0 138.80259426,-1.66370321,0 138.80207401,-1.66342995,0 138.80200232,-1.66377431,0 138.80116001,-1.66336366,0</coordinates></LinearRing></outerBoundaryIs></Polygon></MultiGeometry></Placemark></Document></kml>