<?xml version='1.0' encoding='utf-8'?>
<kml xmlns="http://www.opengis.net/kml/2.2"><Document><name>Province Papua Barat</name><open>1</open><Style id="papua-barat-google-earth"><LineStyle><color>ff00ffff</color><width>2</width></LineStyle><PolyStyle><color>6600ff00</color><fill>1</fill><outline>1</outline></PolyStyle></Style><Folder><name>Province Papua Barat</name><visibility>1</visibility><open>1</open><Placemark><name>Province Papua Barat - Daratan Utama</name><visibility>1</visibility><styleUrl>#papua-barat-google-earth</styleUrl><Polygon><extrude>0</extrude><tessellate>1</tessellate><altitudeMode>clampToGround</altitudeMode><outerBoundaryIs><LinearRing><coordinates>134.13618495,-0.86451273,0 134.13407318,-0.86173471,0 134.12616167,-0.86272173,0 134.12440682,-0.85535135,0 134.09116575,-0.83031942,0 134.08469138,-0.82346310,0 134.08257128,-0.81420224,0 134.06031024,-0.81035108,0 134.03138568,-0.79690451,0 134.02827294,-0.79075884,0 134.00890222,-0.77731710,0 133.99127517,-0.75982330,0 133.98172917,-0.74226986,0 133.98558612,-0.73264562,0 133.97537032,-0.72153381,0 133.97081461,-0.72015144,0 133.96642655,-0.72780698,0 133.96399105,-0.71890831,0 133.96047835,-0.72061701,0 133.95037275,-0.71407263,0 133.94056832,-0.71661979,0 133.93346908,-0.73314144,0 133.92792485,-0.73225571,0 133.92342639,-0.72345103,0 133.91797011,-0.72023610,0 133.91012289,-0.72160424,0 133.90252514,-0.72740329,0 133.89615761,-0.72583122,0 133.89185925,-0.71945667,0 133.87171630,-0.71483012,0 133.86514635,-0.71919767,0 133.86682239,-0.72489216,0 133.86301076,-0.72933479,0 133.85093095,-0.72886021,0 133.84852661,-0.73310880,0 133.83661577,-0.73320333,0 133.83099214,-0.73530332,0 133.81728982,-0.74851028,0 133.80202900,-0.74186257,0 133.79761659,-0.73620387,0 133.79934391,-0.73065606,0 133.79470806,-0.72535992,0 133.78150902,-0.72710985,0 133.77824285,-0.72379269,0 133.77647811,-0.72948503,0 133.76637509,-0.73010023,0 133.75998364,-0.72765305,0 133.76026087,-0.72177110,0 133.75433780,-0.71909905,0 133.74616701,-0.72205658,0 133.73904967,-0.71927363,0 133.73034084,-0.72176017,0 133.74002525,-0.72833938,0 133.73879161,-0.73747958,0 133.73186370,-0.74782716,0 133.71849924,-0.75231006,0 133.69679594,-0.74305336,0 133.65505670,-0.73599422,0 133.62620702,-0.73798986,0 133.60420358,-0.73461321,0 133.58086053,-0.72607162,0 133.57791432,-0.72154283,0 133.57438301,-0.72451159,0 133.57254304,-0.72082409,0 133.56619739,-0.72604658,0 133.56938294,-0.73778438,0 133.54505739,-0.74734226,0 133.52895600,-0.74794246,0 133.48583205,-0.74060198,0 133.49389679,-0.75756217,0 133.49316161,-0.76191171,0 133.47641512,-0.76777623,0 133.46872013,-0.77401677,0 133.46790368,-0.78234093,0 133.47415603,-0.79958993,0 133.44409322,-0.79513175,0 133.43774363,-0.79748167,0 133.43815238,-0.80044446,0 133.42812327,-0.79710265,0 133.42626345,-0.80010467,0 133.43706865,-0.80582278,0 133.44093395,-0.82868232,0 133.44071972,-0.86160891,0 133.44734250,-0.86966748,0 133.44691395,-0.87662402,0 133.45414081,-0.87844653,0 133.45718706,-0.87636459,0 133.45904974,-0.88525156,0 133.46297956,-0.88696849,0 133.46901454,-0.90095757,0 133.47099618,-0.92746619,0 133.46751909,-0.94308050,0 133.45106818,-0.94955190,0 133.45580868,-0.96311354,0 133.45262627,-0.96956315,0 133.45492480,-0.97606485,0 133.44997534,-0.97938689,0 133.44221553,-0.99813379,0 133.44559999,-1.00000001,0 133.44198266,-1.00761459,0 133.44198713,-1.02080488,0 133.44576656,-1.02518597,0 133.44449565,-1.03206181,0 133.43967051,-1.03574392,0 133.43697884,-1.05856495,0 133.43250068,-1.06194369,0 133.43731501,-1.07980354,0 133.43354200,-1.08182850,0 133.43073407,-1.09441429,0 133.43540268,-1.10972533,0 133.43357791,-1.11279476,0 133.43902002,-1.12376728,0 133.42341089,-1.14467617,0 133.43106807,-1.16111045,0 133.43167925,-1.17926595,0 133.41872914,-1.18826519,0 133.40887236,-1.19035871,0 133.41115420,-1.19823667,0 133.40828494,-1.19857821,0 133.40827063,-1.20279736,0 133.39790856,-1.20227874,0 133.39567652,-1.19955185,0 133.39382751,-1.20372025,0 133.38316644,-1.20714584,0 133.38168831,-1.21478557,0 133.36769305,-1.22513325,0 133.36186978,-1.22112039,0 133.35882208,-1.22231898,0 133.35929012,-1.21929825,0 133.35306586,-1.21500279,0 133.34835550,-1.21663868,0 133.34228012,-1.20753395,0 133.33961042,-1.20887842,0 133.33395699,-1.20396842,0 133.33001374,-1.20693733,0 133.32115026,-1.20272200,0 133.31114500,-1.20432750,0 133.30443896,-1.20034070,0 133.29613422,-1.20072546,0 133.28570133,-1.19292296,0 133.27765712,-1.19535845,0 133.26397481,-1.19310792,0 133.26114261,-1.18740449,0 133.25262097,-1.18299357,0 133.24240439,-1.18455837,0 133.23418523,-1.19049637,0 133.23322560,-1.19604007,0 133.24366557,-1.20613991,0 133.24707862,-1.22237000,0 133.24258401,-1.22528749,0 133.24065953,-1.23323560,0 133.23000360,-1.23821849,0 133.23705349,-1.24382324,0 133.23859908,-1.25189745,0 133.22463607,-1.25447348,0 133.21534139,-1.24784097,0 133.21044532,-1.25023613,0 133.20322688,-1.24767533,0 133.19664793,-1.24055776,0 133.19546449,-1.24483959,0 133.19165174,-1.24186733,0 133.17240570,-1.25323024,0 133.15396602,-1.25103537,0 133.14375843,-1.25913223,0 133.13285521,-1.27461070,0 133.11999989,-1.28097619,0 133.11741953,-1.29035673,0 133.10675344,-1.29257478,0 133.10478209,-1.28866025,0 133.09845013,-1.28927263,0 133.09586836,-1.29378277,0 133.08916168,-1.28941596,0 133.07790842,-1.30838690,0 133.07383931,-1.31049509,0 133.07375961,-1.31485333,0 133.06779836,-1.31535957,0 133.06549222,-1.32199579,0 133.05694840,-1.31194903,0 133.03739964,-1.31761652,0 133.03796233,-1.32323540,0 133.03528578,-1.32528578,0 133.04109539,-1.32985228,0 133.03754897,-1.33899402,0 133.03000630,-1.34644576,0 133.02611327,-1.34653507,0 133.02835865,-1.34997247,0 133.01923023,-1.34960898,0 133.01684838,-1.35378209,0 133.01405965,-1.35148656,0 133.00704073,-1.35696950,0 133.00000002,-1.35539018,0 132.97423678,-1.33551793,0 132.95944298,-1.33592086,0 132.96292123,-1.32721564,0 132.94712017,-1.31316677,0 132.94009261,-1.29881095,0 132.93002710,-1.29193820,0 132.91137631,-1.28688889,0 132.90476532,-1.29376632,0 132.90866183,-1.30377193,0 132.90113214,-1.31038721,0 132.89725320,-1.32122255,0 132.90010536,-1.34688500,0 132.90949590,-1.35804761,0 132.89685750,-1.38734879,0 132.90513104,-1.39690184,0 132.89417876,-1.40077962,0 132.88413917,-1.41013187,0 132.88254196,-1.41355342,0 132.88596455,-1.42347589,0 132.85436265,-1.44982153,0 132.86463042,-1.46635868,0 132.85424856,-1.48038666,0 132.85778524,-1.50159952,0 132.84890933,-1.50223818,0 132.84603435,-1.50803176,0 132.84749466,-1.51528513,0 132.84329628,-1.51838718,0 132.84096892,-1.52792143,0 132.82320379,-1.55622954,0 132.82393601,-1.56382330,0 132.81939130,-1.56602471,0 132.80254489,-1.56291665,0 132.78713758,-1.57298266,0 132.78805266,-1.57937100,0 132.78412570,-1.58546231,0 132.78703655,-1.58947879,0 132.78401855,-1.60128367,0 132.78617507,-1.60550102,0 132.78062153,-1.62097101,0 132.77382487,-1.62152122,0 132.77641815,-1.62855415,0 132.77108858,-1.63534681,0 132.77516886,-1.64158538,0 132.76948379,-1.65126948,0 132.77575075,-1.67285010,0 132.76963606,-1.68183176,0 132.77289691,-1.69402768,0 132.76895911,-1.70114676,0 132.77299786,-1.71328993,0 132.77237079,-1.72633678,0 132.76433417,-1.73261942,0 132.76361424,-1.74565477,0 132.75940800,-1.75215010,0 132.76302593,-1.75671482,0 132.75234200,-1.77300394,0 132.75419395,-1.77747060,0 132.74964982,-1.78438577,0 132.75311969,-1.78876978,0 132.74868685,-1.79093690,0 132.74613287,-1.79794072,0 132.74699150,-1.81444402,0 132.74016780,-1.81937228,0 132.73758864,-1.83969747,0 132.74254730,-1.84661249,0 132.73657349,-1.84885817,0 132.73818466,-1.85808175,0 132.73144324,-1.85617286,0 132.72780831,-1.85903707,0 132.72605133,-1.86725296,0 132.72962879,-1.86872202,0 132.72846488,-1.87370623,0 132.73323775,-1.87706361,0 132.72429154,-1.87744016,0 132.72692177,-1.88110120,0 132.72405217,-1.88581098,0 132.72066102,-1.88188927,0 132.70827518,-1.88059365,0 132.68914603,-1.88295490,0 132.68023304,-1.87321526,0 132.67509134,-1.87172191,0 132.64483923,-1.87991196,0 132.62217071,-1.87611224,0 132.62577622,-1.87836318,0 132.63722628,-1.90408029,0 132.63371955,-1.90855048,0 132.61840473,-1.90792626,0 132.61820772,-1.91282168,0 132.63049537,-1.91706316,0 132.63555251,-1.92488539,0 132.64269492,-1.92084327,0 132.64600361,-1.92203361,0 132.64445243,-1.93216898,0 132.63864431,-1.93701274,0 132.63910104,-1.94205595,0 132.65107538,-1.95122286,0 132.65605250,-1.96198111,0 132.65136810,-1.96632475,0 132.65131430,-1.97569168,0 132.64661101,-1.97551095,0 132.64413861,-1.96895231,0 132.63940762,-1.96795941,0 132.63338288,-1.97497270,0 132.62616792,-1.97568746,0 132.62452845,-1.98461142,0 132.61624167,-1.98315889,0 132.61407162,-1.98721630,0 132.62061708,-1.99056131,0 132.63465974,-1.98518706,0 132.63566455,-1.98881411,0 132.63002652,-1.99555355,0 132.63391724,-1.99895274,0 132.64155354,-1.99694297,0 132.64518463,-1.99999898,0 132.63962121,-2.01563965,0 132.64246560,-2.02090229,0 132.65853871,-2.02192820,0 132.66202779,-2.01380639,0 132.66637925,-2.01494489,0 132.66633317,-2.02239422,0 132.65684430,-2.02564488,0 132.65388412,-2.03606886,0 132.65756172,-2.03909740,0 132.66768048,-2.03885746,0 132.67376130,-2.04430610,0 132.68096111,-2.04241600,0 132.68836956,-2.04906248,0 132.68286107,-2.05666444,0 132.69047885,-2.06034059,0 132.68870657,-2.06831546,0 132.69508693,-2.07293902,0 132.69154390,-2.07700480,0 132.68384455,-2.07597712,0 132.68159389,-2.08086091,0 132.68611607,-2.08452642,0 132.69351859,-2.08122405,0 132.69575723,-2.08466250,0 132.69403456,-2.08777519,0 132.68751970,-2.08835556,0 132.68572930,-2.09634135,0 132.67642391,-2.08785125,0 132.67213858,-2.08808879,0 132.67160725,-2.09203136,0 132.68248317,-2.10503328,0 132.67100092,-2.09906169,0 132.66572417,-2.10893445,0 132.66286293,-2.10702321,0 132.66288196,-2.10126820,0 132.65346337,-2.09661562,0 132.65052639,-2.08967716,0 132.63899089,-2.08976094,0 132.63613202,-2.09908939,0 132.63947439,-2.12268917,0 132.63718855,-2.14817213,0 132.62084897,-2.17607292,0 132.61409133,-2.18026830,0 132.60549203,-2.17969999,0 132.60246270,-2.19169882,0 132.59822220,-2.19635065,0 132.61069589,-2.21683077,0 132.60745240,-2.21886193,0 132.60842689,-2.22548820,0 132.62583931,-2.26738743,0 132.64143706,-2.28617801,0 132.65031081,-2.28864771,0 132.65732443,-2.27983065,0 132.66353531,-2.28079626,0 132.67210604,-2.28612556,0 132.67604812,-2.29276019,0 132.70527663,-2.29812353,0 132.71525917,-2.29728282,0 132.73460151,-2.27200508,0 132.76223337,-2.25793362,0 132.78312149,-2.24933187,0 132.82610311,-2.24230508,0 132.85355233,-2.24489159,0 132.86229208,-2.24868709,0 132.87344758,-2.25734764,0 132.88200175,-2.27298069,0 132.89977187,-2.27641411,0 132.89645697,-2.27900073,0 132.90085897,-2.28110655,0 132.93900173,-2.27708526,0 132.93956091,-2.26439084,0 132.94449437,-2.26224240,0 132.95009002,-2.26860249,0 132.94649704,-2.26978032,0 132.95089904,-2.28335514,0 132.95969115,-2.29165946,0 132.97190968,-2.28756679,0 132.98246259,-2.27808464,0 132.99834549,-2.27145784,0 133.01014269,-2.25255680,0 133.02988525,-2.23889492,0 133.06819457,-2.22998383,0 133.09292907,-2.23468327,0 133.11744941,-2.22746161,0 133.13743688,-2.20488052,0 133.15466418,-2.19751609,0 133.17775685,-2.19423243,0 133.21724401,-2.20197758,0 133.21573305,-2.20705773,0 133.22567920,-2.21513600,0 133.24564287,-2.20033575,0 133.25724275,-2.20209655,0 133.27274493,-2.19461315,0 133.27696848,-2.20128753,0 133.28962721,-2.21002016,0 133.30214318,-2.21552861,0 133.32017949,-2.21443406,0 133.32500980,-2.21906211,0 133.36573427,-2.21015103,0 133.37207553,-2.20197758,0 133.38323894,-2.21133478,0 133.39087730,-2.20698996,0 133.40266351,-2.20727188,0 133.40928995,-2.21688564,0 133.41514585,-2.21739725,0 133.41700914,-2.22550304,0 133.42486388,-2.22966261,0 133.44508930,-2.23018609,0 133.45859659,-2.22483264,0 133.46868238,-2.23104112,0 133.48723125,-2.23100882,0 133.49984069,-2.22572460,0 133.51995904,-2.23517106,0 133.52979008,-2.23255802,0 133.53233223,-2.22891308,0 133.54601413,-2.22755678,0 133.55598408,-2.22222679,0 133.56562089,-2.21172147,0 133.57534099,-2.21358935,0 133.57940987,-2.21688490,0 133.57971920,-2.22316668,0 133.59175927,-2.22439210,0 133.58985570,-2.22753299,0 133.59869329,-2.21621324,0 133.60775483,-2.21501979,0 133.62183566,-2.23160187,0 133.63419771,-2.22658776,0 133.63824799,-2.22026968,0 133.64438700,-2.21992466,0 133.65112088,-2.20966919,0 133.65736696,-2.20875309,0 133.65548719,-2.20406555,0 133.66379151,-2.20144815,0 133.66632563,-2.19674871,0 133.67629557,-2.19510688,0 133.69371796,-2.19783190,0 133.70439701,-2.17557151,0 133.71943520,-2.16228222,0 133.75280238,-2.16890807,0 133.77018564,-2.16108867,0 133.77290169,-2.14976645,0 133.78004008,-2.14805324,0 133.78161389,-2.15048901,0 133.81716683,-2.13719314,0 133.82477088,-2.13007850,0 133.83203994,-2.10918841,0 133.84073604,-2.09614759,0 133.85025269,-2.09500069,0 133.87371334,-2.10845439,0 133.89275703,-2.10055879,0 133.90606337,-2.10369456,0 133.92048759,-2.08775598,0 133.92316032,-2.08924909,0 133.94315590,-2.08175951,0 133.94598298,-2.07505064,0 133.93693879,-2.07202076,0 133.93595578,-2.06334027,0 133.95196619,-2.06002583,0 133.94750330,-2.08178795,0 133.95644675,-2.08734712,0 133.94988812,-2.09259454,0 133.95450665,-2.09727018,0 133.96837048,-2.09242407,0 133.96899595,-2.09770048,0 133.97314391,-2.09916728,0 133.96725236,-2.10244141,0 133.97034566,-2.10660071,0 133.96459392,-2.11145931,0 133.96580446,-2.12197717,0 133.94130482,-2.13406697,0 133.93703547,-2.16032037,0 133.94417369,-2.16523798,0 133.94038559,-2.16723435,0 133.94121086,-2.18260873,0 133.93743155,-2.19529063,0 133.94192835,-2.23219773,0 133.94708702,-2.23507212,0 133.95454901,-2.22861902,0 133.96753611,-2.23203474,0 133.97937276,-2.23948814,0 133.98314875,-2.22392169,0 133.98600411,-2.22407040,0 133.99950676,-2.24035514,0 134.00037904,-2.24863167,0 133.99894640,-2.25602151,0 133.98988184,-2.26465871,0 133.98498842,-2.27915815,0 133.99154351,-2.29989424,0 133.98859717,-2.30306940,0 133.97626065,-2.30316359,0 133.96596948,-2.30780354,0 133.94902117,-2.32485728,0 133.95955255,-2.35059355,0 133.97195549,-2.35059950,0 133.98972369,-2.36479339,0 133.98644515,-2.36639080,0 133.98859748,-2.38933475,0 133.98387970,-2.39135085,0 133.97508759,-2.38719869,0 133.96517524,-2.38699553,0 133.94887903,-2.39556407,0 133.94633043,-2.41933030,0 133.95210605,-2.43336458,0 133.96929030,-2.43479650,0 133.98440998,-2.44489695,0 133.98652294,-2.45002707,0 133.97691982,-2.46991714,0 133.97617112,-2.47889305,0 133.97250675,-2.47921487,0 133.96354859,-2.46892876,0 133.95611430,-2.46703112,0 133.93418835,-2.47056332,0 133.90546117,-2.48255094,0 133.89859581,-2.48055140,0 133.88564502,-2.46597085,0 133.87158526,-2.45584894,0 133.86579784,-2.46321139,0 133.86677875,-2.47049690,0 133.85911689,-2.46979258,0 133.85341808,-2.47314286,0 133.85301833,-2.46619722,0 133.84329347,-2.45991544,0 133.83906850,-2.45206703,0 133.82629614,-2.44506026,0 133.82042249,-2.44591826,0 133.81893770,-2.46195583,0 133.80874409,-2.47099778,0 133.79572606,-2.47634681,0 133.79119348,-2.48535220,0 133.78508481,-2.48617919,0 133.78358932,-2.49004462,0 133.80683682,-2.53553428,0 133.80849816,-2.54391569,0 133.81114127,-2.58276500,0 133.80769994,-2.62017752,0 133.80394186,-2.63134994,0 133.79894537,-2.63600636,0 133.80486962,-2.64657525,0 133.78483915,-2.66063487,0 133.76825505,-2.66373483,0 133.76064930,-2.67441881,0 133.74977545,-2.67331481,0 133.74024175,-2.66261138,0 133.75153629,-2.65622943,0 133.75071867,-2.64371710,0 133.75428387,-2.62997002,0 133.75146737,-2.62302519,0 133.74562044,-2.62085269,0 133.72950576,-2.62448538,0 133.71531628,-2.62010479,0 133.69784682,-2.61992671,0 133.69000985,-2.61596905,0 133.67263244,-2.66268902,0 133.66243724,-2.65817278,0 133.66324535,-2.62255867,0 133.67313283,-2.56685617,0 133.66652533,-2.55488908,0 133.64924554,-2.53775617,0 133.63805018,-2.53177183,0 133.61430406,-2.53750641,0 133.58307663,-2.56396099,0 133.57212395,-2.56491969,0 133.56068314,-2.57794581,0 133.57040250,-2.59016328,0 133.56170081,-2.59880073,0 133.56424833,-2.60800526,0 133.56108219,-2.60952011,0 133.55481170,-2.60486557,0 133.53499490,-2.60992069,0 133.53441784,-2.61810609,0 133.52668481,-2.63050295,0 133.52864872,-2.64206178,0 133.51253815,-2.64703057,0 133.50311984,-2.63844576,0 133.49297484,-2.64634613,0 133.48870370,-2.64259536,0 133.47238462,-2.64035273,0 133.46280015,-2.63202462,0 133.45026467,-2.64517765,0 133.43756251,-2.64402123,0 133.43875641,-2.67549674,0 133.42866333,-2.67735370,0 133.41967904,-2.67357872,0 133.41658920,-2.67982287,0 133.42048715,-2.68518855,0 133.41770630,-2.68958079,0 133.41176431,-2.69518384,0 133.40040514,-2.69198697,0 133.39524030,-2.68822742,0 133.39638244,-2.68277370,0 133.39259879,-2.67239470,0 133.38768378,-2.66940010,0 133.38018634,-2.65645955,0 133.38206802,-2.64877627,0 133.37280954,-2.62014778,0 133.37206956,-2.59134076,0 133.37693358,-2.57586070,0 133.38077205,-2.52952546,0 133.37661093,-2.50992461,0 133.36437869,-2.50137840,0 133.36043830,-2.50259906,0 133.35433308,-2.49225768,0 133.33868365,-2.48394644,0 133.32364898,-2.46780284,0 133.31687246,-2.48960383,0 133.31646811,-2.50548640,0 133.31069713,-2.51452079,0 133.31295579,-2.51734130,0 133.30932235,-2.51923298,0 133.30816593,-2.51654181,0 133.28864001,-2.51176267,0 133.29302801,-2.50187935,0 133.28741458,-2.50188196,0 133.28596311,-2.50657545,0 133.28507082,-2.50401158,0 133.28632598,-2.50151909,0 133.29057201,-2.49951321,0 133.29433532,-2.50143841,0 133.29290633,-2.50806723,0 133.30970704,-2.50983782,0 133.30881347,-2.45752167,0 133.30397683,-2.44515647,0 133.27487602,-2.42769123,0 133.24740514,-2.42438378,0 133.23580527,-2.41574633,0 133.21437822,-2.41136812,0 133.19794805,-2.42604940,0 133.18143314,-2.43230567,0 133.16615845,-2.43149836,0 133.15206252,-2.43711151,0 133.12671768,-2.43690539,0 133.10090798,-2.46143625,0 133.08284042,-2.46393607,0 133.06745721,-2.48093256,0 133.04233010,-2.49607545,0 133.02947572,-2.51936940,0 133.00236349,-2.55537786,0 133.00405291,-2.55707918,0 132.99458265,-2.56434843,0 132.95903350,-2.61045049,0 132.93594084,-2.63084247,0 132.93184182,-2.63761671,0 132.93268097,-2.64296582,0 132.92535223,-2.64584497,0 132.90703038,-2.66910420,0 132.83669616,-2.73905951,0 132.81111684,-2.75607963,0 132.80663726,-2.76299689,0 132.80787348,-2.76894639,0 132.80015213,-2.76794701,0 132.78879021,-2.77188502,0 132.79289478,-2.78096266,0 132.78959286,-2.78774663,0 132.79014016,-2.78235068,0 132.77357911,-2.78320729,0 132.77023596,-2.78020917,0 132.74212091,-2.80081729,0 132.72841243,-2.80358288,0 132.72301556,-2.79705099,0 132.71423535,-2.79786001,0 132.70290221,-2.78942038,0 132.70318275,-2.77897899,0 132.69812354,-2.78380596,0 132.69069058,-2.78505851,0 132.68657175,-2.77595179,0 132.67845031,-2.77614732,0 132.67774905,-2.77099135,0 132.67114507,-2.76891674,0 132.67106825,-2.76582958,0 132.66782396,-2.76925889,0 132.66500431,-2.76709114,0 132.66754816,-2.76019759,0 132.65943636,-2.75731399,0 132.65869873,-2.74861706,0 132.65313079,-2.74519064,0 132.65493918,-2.74281118,0 132.65070991,-2.74341761,0 132.65172691,-2.74016998,0 132.64136436,-2.73582746,0 132.64162610,-2.73242483,0 132.63681959,-2.73290072,0 132.64180456,-2.72778488,0 132.63693856,-2.72823698,0 132.63828444,-2.72598501,0 132.63165876,-2.72292687,0 132.62464775,-2.72434515,0 132.62226829,-2.72078786,0 132.61844488,-2.72179500,0 132.62122133,-2.71738523,0 132.61459293,-2.71435977,0 132.61681574,-2.71127329,0 132.61399967,-2.70967578,0 132.61076583,-2.71418553,0 132.60768509,-2.70684070,0 132.60329209,-2.70789118,0 132.60272102,-2.70508342,0 132.60168785,-2.70852105,0 132.59686755,-2.70742719,0 132.59075488,-2.69469000,0 132.58662304,-2.69229599,0 132.58658250,-2.69533137,0 132.58271917,-2.69302395,0 132.57819513,-2.69646414,0 132.58120094,-2.69264288,0 132.57568188,-2.69350969,0 132.56910722,-2.68806923,0 132.56558090,-2.69026752,0 132.56122261,-2.68744490,0 132.55397976,-2.68818101,0 132.55239151,-2.69094838,0 132.54328717,-2.69208054,0 132.53348974,-2.68359818,0 132.52133948,-2.67840489,0 132.51281126,-2.68012438,0 132.51920755,-2.69079889,0 132.51709220,-2.69163842,0 132.51183359,-2.68726021,0 132.51391418,-2.68580273,0 132.50849099,-2.68202831,0 132.50319872,-2.68250724,0 132.50177323,-2.67891487,0 132.49041204,-2.68366376,0 132.48753930,-2.68030029,0 132.48648044,-2.68308426,0 132.47831889,-2.68421450,0 132.47672465,-2.68655827,0 132.48119798,-2.68658571,0 132.47710433,-2.69038102,0 132.47310420,-2.68930442,0 132.47101954,-2.69407843,0 132.46687609,-2.69386126,0 132.47022621,-2.69562462,0 132.47230221,-2.69381211,0 132.47259472,-2.69694052,0 132.47678413,-2.69489828,0 132.47497574,-2.69756328,0 132.49720850,-2.71156216,0 132.48833338,-2.71487583,0 132.48852623,-2.71158957,0 132.48430235,-2.71172558,0 132.48748960,-2.71560032,0 132.48227414,-2.71202186,0 132.47996812,-2.71517538,0 132.47936077,-2.71450481,0 132.47919790,-2.71405922,0 132.47980925,-2.71196469,0 132.47696217,-2.71521565,0 132.47642415,-2.71281481,0 132.46940537,-2.71522666,0 132.46931019,-2.71432247,0 132.47199040,-2.71325116,0 132.46938214,-2.71237367,0 132.47418002,-2.71098922,0 132.46673495,-2.70954192,0 132.46028014,-2.71910518,0 132.45182116,-2.72395928,0 132.46448227,-2.72955102,0 132.45574965,-2.73407199,0 132.44708841,-2.73140700,0 132.43738831,-2.73671049,0 132.42871999,-2.73502734,0 132.42751360,-2.73273814,0 132.43812974,-2.73264432,0 132.42049167,-2.72375657,0 132.42932037,-2.72244147,0 132.44126758,-2.72635387,0 132.44814727,-2.72380462,0 132.44876661,-2.71480565,0 132.45604501,-2.71149348,0 132.45509130,-2.70979124,0 132.44932765,-2.71014219,0 132.45519704,-2.70712123,0 132.44805209,-2.70297244,0 132.44153237,-2.70517344,0 132.44514915,-2.70096179,0 132.44348512,-2.69864109,0 132.44232465,-2.70138347,0 132.44099699,-2.69855854,0 132.44144909,-2.70052159,0 132.43445347,-2.69842767,0 132.43343030,-2.70185409,0 132.43172899,-2.69961740,0 132.43027147,-2.70184643,0 132.42579223,-2.69808265,0 132.42377732,-2.70086185,0 132.42318672,-2.69744019,0 132.41600173,-2.69417477,0 132.42469768,-2.69258609,0 132.42649417,-2.68838634,0 132.43898829,-2.68816089,0 132.44075904,-2.68306825,0 132.43627376,-2.68106950,0 132.43865322,-2.67788102,0 132.43518374,-2.67958088,0 132.43024182,-2.67591797,0 132.42517357,-2.67858296,0 132.42401953,-2.67645335,0 132.41891559,-2.67968941,0 132.41929630,-2.68310394,0 132.41080163,-2.68287789,0 132.40932636,-2.67972510,0 132.40358364,-2.68647114,0 132.40093876,-2.68412711,0 132.39356243,-2.68657795,0 132.38771928,-2.68527450,0 132.38692374,-2.68239010,0 132.36608410,-2.67867039,0 132.36232418,-2.67217395,0 132.35476018,-2.67018811,0 132.35437271,-2.66585285,0 132.35023741,-2.66632042,0 132.34696999,-2.67219312,0 132.34678196,-2.66512698,0 132.33198561,-2.66394695,0 132.32906017,-2.66677945,0 132.32893627,-2.66192674,0 132.32225682,-2.65956022,0 132.31014838,-2.66291285,0 132.30779476,-2.65915466,0 132.30190560,-2.66233124,0 132.26604702,-2.65866981,0 132.24922324,-2.66032372,0 132.24507217,-2.65775078,0 132.24068206,-2.65995178,0 132.23999202,-2.65660864,0 132.23705512,-2.65810029,0 132.22804713,-2.65356293,0 132.22098028,-2.65434979,0 132.22024627,-2.65730303,0 132.21780227,-2.65381262,0 132.21123159,-2.65363912,0 132.19981540,-2.65887666,0 132.20031634,-2.65451891,0 132.19117422,-2.65376623,0 132.18099937,-2.65886145,0 132.18262851,-2.66426054,0 132.18604307,-2.66501481,0 132.18248377,-2.66713800,0 132.17623985,-2.66617889,0 132.16809682,-2.65846187,0 132.16380908,-2.66231563,0 132.14249195,-2.66434933,0 132.11583174,-2.68503130,0 132.11196512,-2.69389479,0 132.12091190,-2.69798335,0 132.12554632,-2.69070509,0 132.13396324,-2.68567376,0 132.17186105,-2.69699914,0 132.20722684,-2.70070005,0 132.20168359,-2.70438707,0 132.17088614,-2.70558857,0 132.16778728,-2.71222854,0 132.16479927,-2.70793918,0 132.16343472,-2.71063398,0 132.15738855,-2.71031037,0 132.15349204,-2.71684024,0 132.15109753,-2.71331161,0 132.14627251,-2.72188865,0 132.14249278,-2.72277017,0 132.13980890,-2.71378151,0 132.13291061,-2.71688927,0 132.13631480,-2.70852228,0 132.12885024,-2.70934918,0 132.12190175,-2.71440099,0 132.12649609,-2.71998015,0 132.12124640,-2.72549519,0 132.11593883,-2.72194452,0 132.11562050,-2.71641202,0 132.10916687,-2.71861264,0 132.10421284,-2.70948978,0 132.09568961,-2.70851896,0 132.09356237,-2.71180262,0 132.10037239,-2.71425822,0 132.09477850,-2.71968162,0 132.08837360,-2.71513607,0 132.08691333,-2.71912461,0 132.09795219,-2.72776537,0 132.10546874,-2.72747586,0 132.11014482,-2.73160624,0 132.10624877,-2.73579629,0 132.10860217,-2.73873557,0 132.10478061,-2.74013217,0 132.10625874,-2.74498088,0 132.10514165,-2.74470786,0 132.10440741,-2.74135138,0 132.09914853,-2.74319777,0 132.09598485,-2.74096025,0 132.09523715,-2.74312515,0 132.09840163,-2.74294567,0 132.09559988,-2.74714309,0 132.08715322,-2.74058177,0 132.08423229,-2.74305796,0 132.08327789,-2.73969341,0 132.08096030,-2.74103173,0 132.08023986,-2.73473148,0 132.08577312,-2.72593709,0 132.07816159,-2.72441893,0 132.06617826,-2.73046997,0 132.07130417,-2.73929848,0 132.06690731,-2.74874110,0 132.05647994,-2.74806836,0 132.05386455,-2.74224830,0 132.05739805,-2.73984504,0 132.05753428,-2.73089386,0 132.04960974,-2.72982648,0 132.04202473,-2.73709797,0 132.03949568,-2.73249598,0 132.03810062,-2.73822701,0 132.03125967,-2.74228399,0 132.02390714,-2.73733471,0 132.01492467,-2.74293834,0 132.00883325,-2.75239670,0 132.00362798,-2.75109731,0 132.00220645,-2.75428837,0 131.99289324,-2.75163527,0 131.99085602,-2.75577032,0 131.98849636,-2.75376727,0 131.98397506,-2.75623940,0 131.98294630,-2.75003313,0 131.96926543,-2.76139051,0 131.95720133,-2.76692331,0 131.95069350,-2.76662588,0 131.95190142,-2.77256790,0 131.97152066,-2.77869556,0 131.98131944,-2.77554909,0 131.98934328,-2.77948863,0 132.00097151,-2.77820195,0 132.00355700,-2.78042385,0 132.00584941,-2.77671479,0 132.02187508,-2.77822575,0 132.02609862,-2.77553696,0 132.02701970,-2.76939502,0 132.03613995,-2.76894585,0 132.04452755,-2.77140859,0 132.04783976,-2.77840421,0 132.05051664,-2.77546030,0 132.05176448,-2.78226638,0 132.05652618,-2.78092173,0 132.05695480,-2.78497962,0 132.07141728,-2.78853957,0 132.05470027,-2.78915991,0 132.05827369,-2.79580759,0 132.05063373,-2.79290375,0 132.05165572,-2.80060405,0 132.04772234,-2.80180179,0 132.04399584,-2.79885006,0 132.04784857,-2.80681627,0 132.04340206,-2.80678880,0 132.04178403,-2.81003676,0 132.03453262,-2.81255899,0 132.02873863,-2.80885893,0 132.02292085,-2.81255899,0 132.01857834,-2.80973933,0 132.01625836,-2.81992342,0 132.00663344,-2.81568798,0 132.00528905,-2.82348072,0 131.99930470,-2.82694283,0 131.98836050,-2.82488207,0 131.97846387,-2.82969524,0 131.97929293,-2.83213391,0 131.99281200,-2.82817845,0 132.01366475,-2.83366481,0 132.02103319,-2.83270932,0 132.02561930,-2.83721808,0 132.03944621,-2.83650827,0 132.02175492,-2.85182010,0 132.02238547,-2.85531791,0 132.02714439,-2.85694784,0 132.02360007,-2.85770059,0 132.02636896,-2.86053308,0 132.02412248,-2.86311064,0 132.02875820,-2.86538358,0 132.02619261,-2.86694157,0 132.03640429,-2.86599770,0 132.02944057,-2.87590024,0 132.02339912,-2.87447970,0 132.02112912,-2.87960506,0 132.00067587,-2.87468117,0 131.97884234,-2.87753623,0 131.97611983,-2.88218837,0 131.98555439,-2.89239625,0 131.98035527,-2.89720276,0 131.97482302,-2.89623908,0 131.97415677,-2.89928479,0 131.98047424,-2.91011134,0 131.97796391,-2.91439437,0 131.98246109,-2.92429293,0 131.98171156,-2.91924847,0 131.98495953,-2.91529857,0 131.98178294,-2.91376381,0 131.98523316,-2.91155091,0 131.97832083,-2.90128354,0 131.98463830,-2.89702430,0 131.98751745,-2.89844008,0 131.98727950,-2.89355029,0 131.99077731,-2.89167052,0 131.98801713,-2.89017146,0 131.99559572,-2.89057597,0 131.99652371,-2.89861854,0 132.00241985,-2.90035828,0 132.00531581,-2.89341942,0 132.00025946,-2.89237246,0 132.00046171,-2.89004059,0 132.01418526,-2.89034080,0 132.01933224,-2.90257532,0 132.02917011,-2.89754161,0 132.03213591,-2.89894493,0 132.03306866,-2.91250785,0 132.03875864,-2.92150321,0 132.04476846,-2.92345403,0 132.04769758,-2.91879915,0 132.04274419,-2.91566567,0 132.05290384,-2.90979527,0 132.05340829,-2.89384336,0 132.05772939,-2.88659314,0 132.06413003,-2.90749664,0 132.07968736,-2.91583672,0 132.07517828,-2.93633578,0 132.07943751,-2.94828067,0 132.08538616,-2.95115982,0 132.08365228,-2.95458348,0 132.08698813,-2.95969293,0 132.09560595,-2.95848856,0 132.09554646,-2.95545475,0 132.09834233,-2.95685863,0 132.10285141,-2.95094567,0 132.11824807,-2.94850271,0 132.10952495,-2.94015331,0 132.11970706,-2.94242868,0 132.11994501,-2.93789581,0 132.11035578,-2.93871672,0 132.11174082,-2.93566647,0 132.09783494,-2.93144431,0 132.10007416,-2.92810255,0 132.10789304,-2.92748567,0 132.11618546,-2.93500477,0 132.11733950,-2.93185198,0 132.12092059,-2.93204234,0 132.13293687,-2.94180289,0 132.15370094,-2.94098197,0 132.14440570,-2.92997646,0 132.14929844,-2.92747477,0 132.15497188,-2.93159281,0 132.15273418,-2.92553398,0 132.16146881,-2.93171893,0 132.16544772,-2.93102486,0 132.16061000,-2.92368329,0 132.17063673,-2.93041300,0 132.18604652,-2.92867393,0 132.17945943,-2.92058586,0 132.18721105,-2.91712639,0 132.18563986,-2.91133281,0 132.18669918,-2.91174645,0 132.18918540,-2.91778914,0 132.18854592,-2.92281117,0 132.19058284,-2.92473143,0 132.19031789,-2.92212737,0 132.19475327,-2.92152045,0 132.19252735,-2.92620585,0 132.19656365,-2.92475405,0 132.19982955,-2.92971522,0 132.20281178,-2.92825515,0 132.20385987,-2.92427855,0 132.20777308,-2.92389115,0 132.20426684,-2.91425306,0 132.20701442,-2.90485766,0 132.20999073,-2.90609587,0 132.21169975,-2.91556350,0 132.21647702,-2.92084903,0 132.21969757,-2.92033816,0 132.21635442,-2.92465689,0 132.22839101,-2.92421904,0 132.23028806,-2.92035959,0 132.23656032,-2.91883942,0 132.23761172,-2.92086016,0 132.23594135,-2.92322971,0 132.25659463,-2.92530736,0 132.25981925,-2.92287279,0 132.25980078,-2.92556138,0 132.26705076,-2.92605337,0 132.26657691,-2.92853590,0 132.27033646,-2.92684649,0 132.27132394,-2.92957097,0 132.27844150,-2.93040245,0 132.28036589,-2.92700115,0 132.28682613,-2.92688218,0 132.29242976,-2.93211699,0 132.30194760,-2.93394918,0 132.29981931,-2.92925786,0 132.30776538,-2.93469871,0 132.31270277,-2.92378888,0 132.31231412,-2.93493208,0 132.31855213,-2.93610319,0 132.32214218,-2.94206626,0 132.32472000,-2.93988547,0 132.32796548,-2.94391377,0 132.33328770,-2.94042148,0 132.33158715,-2.93872488,0 132.33717599,-2.94046835,0 132.33874300,-2.93751796,0 132.34156463,-2.93885220,0 132.33929930,-2.94513001,0 132.34436150,-2.94708380,0 132.34971504,-2.93902329,0 132.34478370,-2.93454251,0 132.34773919,-2.93196781,0 132.34848510,-2.93621247,0 132.35039891,-2.93417881,0 132.35440780,-2.93773114,0 132.35408508,-2.93962604,0 132.35165520,-2.93858310,0 132.35457936,-2.94296284,0 132.35329209,-2.94936332,0 132.35966632,-2.94644666,0 132.36216566,-2.94833148,0 132.34441748,-2.95263446,0 132.34982037,-2.96481034,0 132.35678815,-2.96289508,0 132.36565157,-2.96785496,0 132.36810480,-2.97476322,0 132.37729904,-2.97514801,0 132.38068977,-2.98009729,0 132.40248563,-2.98874663,0 132.40565031,-2.98627199,0 132.40931468,-2.99097142,0 132.42177116,-2.99037656,0 132.41682188,-2.99674162,0 132.41878494,-2.99997768,0 132.43585757,-3.00610480,0 132.43861775,-3.01235088,0 132.44278180,-3.01173222,0 132.46015187,-3.02340348,0 132.47263214,-3.03570529,0 132.48032970,-3.03503904,0 132.48011555,-3.04042852,0 132.48621886,-3.04655563,0 132.49621260,-3.04967273,0 132.49943677,-3.05958318,0 132.50733658,-3.06116552,0 132.50816939,-3.06774473,0 132.51380871,-3.06967210,0 132.51529588,-3.07665581,0 132.51882938,-3.07569213,0 132.52207734,-3.08051054,0 132.52181560,-3.07731017,0 132.53378429,-3.09115863,0 132.54043488,-3.09259820,0 132.56223074,-3.10984930,0 132.56868177,-3.12629323,0 132.57128014,-3.12565553,0 132.57054727,-3.12931038,0 132.57338359,-3.12661683,0 132.57696230,-3.13089986,0 132.57139436,-3.13481170,0 132.58208290,-3.16369835,0 132.59348527,-3.16701056,0 132.60074739,-3.16475483,0 132.59871057,-3.16279416,0 132.60132798,-3.16362221,0 132.60286987,-3.15997688,0 132.60349805,-3.16170912,0 132.60281276,-3.16483098,0 132.60512560,-3.16265139,0 132.60894225,-3.16535446,0 132.60649645,-3.16757369,0 132.60503042,-3.16525928,0 132.60247115,-3.16938846,0 132.59797770,-3.16812415,0 132.59809452,-3.17486468,0 132.60175271,-3.17371350,0 132.61080061,-3.18034506,0 132.62015587,-3.18096978,0 132.61975928,-3.17605489,0 132.62470856,-3.17713755,0 132.62933661,-3.18132540,0 132.63339478,-3.17690317,0 132.63151501,-3.18198332,0 132.63807042,-3.18319685,0 132.64177049,-3.19033523,0 132.64541106,-3.19041851,0 132.64790950,-3.20520686,0 132.63996210,-3.21309477,0 132.63807042,-3.22063767,0 132.59728646,-3.22088751,0 132.59617288,-3.22872783,0 132.61714540,-3.24593819,0 132.62415026,-3.25663553,0 132.63990592,-3.26658861,0 132.63599769,-3.27164405,0 132.64687196,-3.28398334,0 132.65118354,-3.30240037,0 132.65451478,-3.30274301,0 132.65678955,-3.29746060,0 132.66233569,-3.31558322,0 132.67143029,-3.31793026,0 132.67978196,-3.32509703,0 132.69797693,-3.32982607,0 132.71179817,-3.33872998,0 132.72862096,-3.33707387,0 132.73410561,-3.31067256,0 132.72776037,-3.27930595,0 132.73133663,-3.27698771,0 132.73369543,-3.28122284,0 132.73834109,-3.28087309,0 132.74199857,-3.27503760,0 132.74270160,-3.27776636,0 132.75117430,-3.27754884,0 132.75647968,-3.26939962,0 132.76502671,-3.26462166,0 132.76443660,-3.26208040,0 132.76613078,-3.26431709,0 132.76441757,-3.26702016,0 132.76683510,-3.26598271,0 132.77028056,-3.25662667,0 132.77620066,-3.25888240,0 132.77290748,-3.25817808,0 132.77424714,-3.26816107,0 132.78584949,-3.27212853,0 132.78424389,-3.27585928,0 132.79637611,-3.27214314,0 132.79433453,-3.26959474,0 132.78713904,-3.27052273,0 132.78493328,-3.26241352,0 132.79180754,-3.26449793,0 132.80830078,-3.26061249,0 132.81093314,-3.26692852,0 132.80707145,-3.26883248,0 132.80665763,-3.26572607,0 132.80394517,-3.27137933,0 132.80734304,-3.27902216,0 132.79912914,-3.27921252,0 132.80757147,-3.29195691,0 132.81564322,-3.29460061,0 132.81755805,-3.29155203,0 132.82254366,-3.30076817,0 132.82687428,-3.29958796,0 132.82879688,-3.30228151,0 132.84368628,-3.29794613,0 132.84161731,-3.30652771,0 132.83586251,-3.30833182,0 132.83212623,-3.30540936,0 132.82905838,-3.30791731,0 132.82997210,-3.32570140,0 132.82609833,-3.33361073,0 132.82571762,-3.33359169,0 132.82564148,-3.33230679,0 132.82451837,-3.33165005,0 132.82357611,-3.32808086,0 132.82436609,-3.32512081,0 132.82130134,-3.32539683,0 132.81791299,-3.32907072,0 132.81628544,-3.34458480,0 132.81143134,-3.34578405,0 132.80984186,-3.34333797,0 132.79956258,-3.35979789,0 132.80248456,-3.37753915,0 132.81080813,-3.38358692,0 132.81401646,-3.39318580,0 132.81273787,-3.39955072,0 132.81759197,-3.40570163,0 132.81967482,-3.42476913,0 132.81755628,-3.42962711,0 132.82083497,-3.43560276,0 132.81596183,-3.44346450,0 132.82130134,-3.45161177,0 132.83539272,-3.46092535,0 132.84357310,-3.47252247,0 132.85202494,-3.47714815,0 132.86915706,-3.47353137,0 132.87203145,-3.46801102,0 132.87018448,-3.47097017,0 132.85745674,-3.47028489,0 132.86482355,-3.46892145,0 132.87221797,-3.46206535,0 132.88069742,-3.46177196,0 132.88562242,-3.46496441,0 132.89636807,-3.46167124,0 132.89548291,-3.46410780,0 132.88808754,-3.46680135,0 132.88799236,-3.47097969,0 132.89033375,-3.47092258,0 132.88531785,-3.47147462,0 132.88733433,-3.47380906,0 132.88428040,-3.48295314,0 132.89110580,-3.48984910,0 132.88845410,-3.50318021,0 132.89398375,-3.50762246,0 132.89626099,-3.51807398,0 132.90082357,-3.52129801,0 132.90052806,-3.52998396,0 132.90414365,-3.52809586,0 132.91197467,-3.53381086,0 132.92321552,-3.53441612,0 132.92317745,-3.53541549,0 132.92056956,-3.53590090,0 132.91593437,-3.53429239,0 132.91049968,-3.54019345,0 132.90756819,-3.53772833,0 132.90759674,-3.54686546,0 132.91604433,-3.55033906,0 132.91898960,-3.54528550,0 132.92265254,-3.54501305,0 132.92582199,-3.54828719,0 132.93828084,-3.54920090,0 132.93963238,-3.55386464,0 132.92780838,-3.56005797,0 132.91951358,-3.57502002,0 132.90270433,-3.57377359,0 132.90242072,-3.58818534,0 132.89538190,-3.59668689,0 132.89684565,-3.60436805,0 132.89385292,-3.61304380,0 132.90181396,-3.63479660,0 132.89127860,-3.64468398,0 132.87822964,-3.64106720,0 132.87667823,-3.64370364,0 132.86809313,-3.64190477,0 132.86692244,-3.64511228,0 132.85564379,-3.64479819,0 132.85661461,-3.64220934,0 132.85157967,-3.64061034,0 132.83088788,-3.63933495,0 132.82792783,-3.63506144,0 132.82185782,-3.63850690,0 132.80172758,-3.63386695,0 132.79759922,-3.63782875,0 132.79577893,-3.63405731,0 132.76801062,-3.63649625,0 132.75160424,-3.62493207,0 132.74162240,-3.62625267,0 132.74036129,-3.62936977,0 132.73108853,-3.62984328,0 132.73079347,-3.63790489,0 132.72558721,-3.63615361,0 132.73042466,-3.65136075,0 132.73251620,-3.67941935,0 132.73488615,-3.67926706,0 132.73279222,-3.68113256,0 132.73549529,-3.68070426,0 132.73263993,-3.68263638,0 132.73580938,-3.68222711,0 132.73383918,-3.68678616,0 132.74061477,-3.69377925,0 132.74457505,-3.70390534,0 132.74261875,-3.70524251,0 132.75157787,-3.71296672,0 132.75233552,-3.72361566,0 132.76087969,-3.74048137,0 132.75829233,-3.74122184,0 132.76336916,-3.74495455,0 132.76012506,-3.74796198,0 132.76591129,-3.75292809,0 132.76309401,-3.75824381,0 132.76921779,-3.76184054,0 132.77225375,-3.75800357,0 132.77568873,-3.76539901,0 132.78621827,-3.80084931,0 132.78717006,-3.81543064,0 132.78320825,-3.82086771,0 132.78784820,-3.82159940,0 132.78703205,-3.82781217,0 132.79174814,-3.82769796,0 132.79613587,-3.83202857,0 132.79593599,-3.83900515,0 132.79981927,-3.84147028,0 132.79730894,-3.84343095,0 132.79950756,-3.84704773,0 132.79555766,-3.84653377,0 132.80668402,-3.86068204,0 132.81064344,-3.87490170,0 132.82169723,-3.88480502,0 132.83096880,-3.91338116,0 132.83784068,-3.92210902,0 132.83028113,-3.90610952,0 132.84314926,-3.92482161,0 132.83961814,-3.92932355,0 132.83820950,-3.92527846,0 132.83755276,-3.93015160,0 132.84318996,-3.93979397,0 132.84421288,-3.95741070,0 132.82911758,-3.93874621,0 132.82458708,-3.93906982,0 132.82301664,-3.93263576,0 132.82673811,-3.93273093,0 132.82392083,-3.92736287,0 132.81141677,-3.92085266,0 132.80595277,-3.93561522,0 132.81412935,-3.95452680,0 132.81703229,-3.95702047,0 132.82181977,-3.95622097,0 132.82003993,-3.95876224,0 132.81828865,-3.95786756,0 132.82332359,-3.96147482,0 132.82712121,-3.95168096,0 132.83643009,-3.95753801,0 132.83333989,-3.95211553,0 132.83462339,-3.94816444,0 132.84336580,-3.96110649,0 132.83677035,-3.96717245,0 132.83791249,-3.98483757,0 132.84129133,-3.99014852,0 132.86836959,-4.00290243,0 132.87598387,-4.01605609,0 132.89413440,-4.02639247,0 132.89820804,-4.02601176,0 132.90281467,-4.03795665,0 132.91593691,-4.04550227,0 132.91956013,-4.05401564,0 132.91695224,-4.06619848,0 132.92158743,-4.06998658,0 132.91816603,-4.07073531,0 132.91287860,-4.08463454,0 132.91785789,-4.08308709,0 132.93300270,-4.09444714,0 132.94658036,-4.09503437,0 132.95880755,-4.10528767,0 132.97171375,-4.10342217,0 132.97932803,-4.10792411,0 132.99218769,-4.10344798,0 133.00050629,-4.10994867,0 133.00475125,-4.10768342,0 133.01506809,-4.11760126,0 133.01934210,-4.11807691,0 133.02313972,-4.10547528,0 133.01664855,-4.09278800,0 133.03204842,-4.08604936,0 133.02676602,-4.07715018,0 133.03478718,-4.07525732,0 133.04209234,-4.06538031,0 133.06997471,-4.05473158,0 133.07803142,-4.05366127,0 133.12518052,-4.06754345,0 133.15131871,-4.07101434,0 133.18010489,-4.06786643,0 133.22871374,-4.07317253,0 133.25159463,-4.07203990,0 133.26042243,-4.06177491,0 133.26060327,-4.05006796,0 133.26809382,-4.03539144,0 133.30213543,-4.02268458,0 133.31549991,-4.01321908,0 133.31912621,-4.00532403,0 133.31760261,-4.00035163,0 133.32326380,-3.99893138,0 133.32958841,-3.98892336,0 133.32743757,-3.98110166,0 133.33708867,-3.97803692,0 133.34497896,-3.97068914,0 133.35269793,-3.96199935,0 133.35270046,-3.95545721,0 133.37282282,-3.93768908,0 133.40348221,-3.90244668,0 133.40288734,-3.89842539,0 133.39829625,-3.89628485,0 133.39986455,-3.88642407,0 133.41279124,-3.87622255,0 133.43176573,-3.86732858,0 133.43380501,-3.86177008,0 133.44261235,-3.86408077,0 133.44638855,-3.85969067,0 133.45870226,-3.85718688,0 133.45054379,-3.82005104,0 133.43221242,-3.80418480,0 133.42850046,-3.80529839,0 133.41893373,-3.79970667,0 133.41490055,-3.80115220,0 133.40762897,-3.76599891,0 133.39513090,-3.74933346,0 133.39342961,-3.73475077,0 133.40915069,-3.70842577,0 133.40190948,-3.69812041,0 133.40876736,-3.69084529,0 133.43235599,-3.68267901,0 133.45439853,-3.66863724,0 133.47005250,-3.65294645,0 133.48811721,-3.62610987,0 133.51335846,-3.60620909,0 133.54822596,-3.58986813,0 133.56009947,-3.58018373,0 133.58104517,-3.57236901,0 133.59754029,-3.52922757,0 133.56893807,-3.49136878,0 133.54976484,-3.45411068,0 133.54039177,-3.45508807,0 133.53463413,-3.45225628,0 133.50587977,-3.45738834,0 133.47794204,-3.45046887,0 133.48047379,-3.43979936,0 133.49877660,-3.44217216,0 133.51530910,-3.43842213,0 133.51737486,-3.43553360,0 133.51232208,-3.41262028,0 133.51449215,-3.40582454,0 133.49784163,-3.38412412,0 133.49612234,-3.37179172,0 133.49790862,-3.36922672,0 133.50552527,-3.37009047,0 133.50925151,-3.37188934,0 133.50865516,-3.37589435,0 133.52075510,-3.37778488,0 133.53838233,-3.41984784,0 133.53722443,-3.42648355,0 133.54069630,-3.42896307,0 133.58239901,-3.42632020,0 133.58254257,-3.42284940,0 133.58845695,-3.42003844,0 133.59952281,-3.42050063,0 133.60681281,-3.40871972,0 133.61415963,-3.41636378,0 133.62081526,-3.41124786,0 133.63280012,-3.41653209,0 133.64964187,-3.39512240,0 133.66097712,-3.37146312,0 133.66028444,-3.35167394,0 133.66448454,-3.33955534,0 133.66183414,-3.32782071,0 133.65686344,-3.33143746,0 133.65291482,-3.32559177,0 133.65555344,-3.31959842,0 133.66147830,-3.31604112,0 133.65775445,-3.30666604,0 133.66076446,-3.30276373,0 133.66488023,-3.30530006,0 133.66524975,-3.30212127,0 133.65669559,-3.27649448,0 133.65239630,-3.24143805,0 133.64786152,-3.23460233,0 133.65583272,-3.22052068,0 133.66295445,-3.21434122,0 133.66742545,-3.21585932,0 133.67207968,-3.20952043,0 133.66317098,-3.20488524,0 133.65881656,-3.18581148,0 133.66245238,-3.17448287,0 133.64937605,-3.15861662,0 133.65024456,-3.15002677,0 133.65236658,-3.15145978,0 133.65362125,-3.14820714,0 133.64763571,-3.12260865,0 133.65864517,-3.11584050,0 133.66250252,-3.11694432,0 133.66248443,-3.12040777,0 133.66650477,-3.11961604,0 133.67331337,-3.10017759,0 133.70128590,-3.07280503,0 133.71929319,-3.03917779,0 133.72987885,-3.02846877,0 133.75037713,-3.03215087,0 133.75690578,-3.01965146,0 133.77553774,-3.02523873,0 133.78058220,-3.02275665,0 133.78784551,-3.02410105,0 133.79256259,-3.02916670,0 133.79306214,-3.01591986,0 133.79902988,-3.00234969,0 133.79605469,-2.99812623,0 133.79683677,-2.98755355,0 133.80470326,-2.98178574,0 133.80333418,-2.97501634,0 133.80791585,-2.96740039,0 133.80707838,-2.96049853,0 133.82555843,-2.94405939,0 133.81900518,-2.92774480,0 133.81086315,-2.92209441,0 133.80348975,-2.91085098,0 133.80935262,-2.90651814,0 133.81675298,-2.90712889,0 133.83423657,-2.93271298,0 133.83957820,-2.93723564,0 133.85314113,-2.94066920,0 133.85164921,-2.94873558,0 133.85841877,-2.95676864,0 133.85078676,-2.96475210,0 133.85034286,-2.97225774,0 133.85852347,-3.00545241,0 133.86527162,-3.01404702,0 133.85840702,-3.02618075,0 133.87503469,-3.04741506,0 133.87434941,-3.05159339,0 133.87836594,-3.05457248,0 133.88613250,-3.07219001,0 133.89015855,-3.07503584,0 133.89903870,-3.07135244,0 133.90305523,-3.07328456,0 133.90475892,-3.08200291,0 133.90074239,-3.09372889,0 133.90986762,-3.10382732,0 133.91088043,-3.11319906,0 133.90281490,-3.12077860,0 133.89669109,-3.11605331,0 133.89349412,-3.10098236,0 133.88674311,-3.10193490,0 133.89681667,-3.07621142,0 133.88731520,-3.07911580,0 133.87543206,-3.05900780,0 133.86976895,-3.05528632,0 133.86058661,-3.05479139,0 133.85529786,-3.04764666,0 133.84892804,-3.02609112,0 133.84471757,-3.02084735,0 133.83468657,-3.01934297,0 133.82705326,-3.03172569,0 133.82458814,-3.04309951,0 133.82658213,-3.06552355,0 133.83077949,-3.07584565,0 133.82709609,-3.08902311,0 133.82151744,-3.09145611,0 133.81482640,-3.10285849,0 133.80459472,-3.10440038,0 133.80418545,-3.11589793,0 133.79993335,-3.11919111,0 133.79082002,-3.11871521,0 133.78672734,-3.11393250,0 133.78362215,-3.11549104,0 133.77865780,-3.10896498,0 133.77842937,-3.11242947,0 133.77154797,-3.11420931,0 133.77069136,-3.12284199,0 133.77725867,-3.13562446,0 133.77638303,-3.14518037,0 133.77252831,-3.14941581,0 133.77499343,-3.15491713,0 133.77004415,-3.15855294,0 133.77257590,-3.17480942,0 133.76383851,-3.17809784,0 133.73742650,-3.16904637,0 133.72573383,-3.16968882,0 133.72150790,-3.17522821,0 133.71242788,-3.17769809,0 133.69846450,-3.17088211,0 133.69640865,-3.17534598,0 133.70413714,-3.18870904,0 133.70148166,-3.20883690,0 133.69458122,-3.21588010,0 133.67779174,-3.21584203,0 133.66817872,-3.22759657,0 133.66452387,-3.23991266,0 133.66634521,-3.26451214,0 133.67646816,-3.31671956,0 133.67515127,-3.31981969,0 133.66438116,-3.31938362,0 133.67230767,-3.32637288,0 133.68446529,-3.37092479,0 133.69693380,-3.39652328,0 133.70038878,-3.41218013,0 133.69915146,-3.41486417,0 133.69138489,-3.41024801,0 133.68100093,-3.42449622,0 133.68090337,-3.43151563,0 133.66198665,-3.43974381,0 133.65820807,-3.44424575,0 133.63513682,-3.44776735,0 133.63352592,-3.46936572,0 133.62705379,-3.47372489,0 133.62200933,-3.47320141,0 133.62113369,-3.47652314,0 133.62554997,-3.48599339,0 133.63257414,-3.49088556,0 133.63227908,-3.49431206,0 133.64565165,-3.49963246,0 133.64538515,-3.50807479,0 133.65037250,-3.51581280,0 133.65511239,-3.51199614,0 133.65332304,-3.52440741,0 133.66429116,-3.53547904,0 133.66897394,-3.53244285,0 133.66575691,-3.53991436,0 133.66956405,-3.54763333,0 133.67410406,-3.55352488,0 133.67693086,-3.55273489,0 133.67619798,-3.55794116,0 133.68472597,-3.56745900,0 133.68564920,-3.57442606,0 133.69303743,-3.57385499,0 133.68948014,-3.58296357,0 133.69343956,-3.58723708,0 133.69941677,-3.58738936,0 133.70217694,-3.59962931,0 133.70750693,-3.60367440,0 133.70686924,-3.61651397,0 133.69421050,-3.63615880,0 133.69409629,-3.65873512,0 133.69012735,-3.67045159,0 133.70083492,-3.67358296,0 133.71024807,-3.66433162,0 133.72330655,-3.66008666,0 133.73314800,-3.64784671,0 133.75233598,-3.64559098,0 133.76167298,-3.65792611,0 133.76034048,-3.66313237,0 133.75800861,-3.66210444,0 133.76130179,-3.66982341,0 133.76773109,-3.67187213,0 133.78234098,-3.69529554,0 133.80083415,-3.70995302,0 133.81357632,-3.72768889,0 133.81631746,-3.72700361,0 133.81958208,-3.71702891,0 133.81833524,-3.70887211,0 133.79443593,-3.66114964,0 133.78997206,-3.64692998,0 133.79059072,-3.63385247,0 133.78618518,-3.64123152,0 133.78635650,-3.60230568,0 133.78394875,-3.60057282,0 133.79325244,-3.59449330,0 133.78856237,-3.58675596,0 133.80106985,-3.58683332,0 133.80578179,-3.57716227,0 133.81820531,-3.56471378,0 133.83282976,-3.55538724,0 133.83630634,-3.55890772,0 133.83813780,-3.56786095,0 133.83520630,-3.57336702,0 133.84080280,-3.58503114,0 133.83993191,-3.60594660,0 133.83676222,-3.61209043,0 133.83894032,-3.63027962,0 133.85627631,-3.65316931,0 133.88288148,-3.66988206,0 133.88169026,-3.67302360,0 133.88697653,-3.68149978,0 133.89819431,-3.68833831,0 133.90090831,-3.69564831,0 133.89998331,-3.69184431,0 133.90691096,-3.69931665,0 133.90878294,-3.72092370,0 133.91623845,-3.74197563,0 133.91283694,-3.74929349,0 133.91696194,-3.74399349,0 133.92712894,-3.75344649,0 133.92810694,-3.75041949,0 133.93144064,-3.75129443,0 133.93042699,-3.74632611,0 133.93376776,-3.74892448,0 133.93401913,-3.75867887,0 133.94204122,-3.77233094,0 133.93478138,-3.76703900,0 133.92933664,-3.76690085,0 133.91799845,-3.75093028,0 133.91344288,-3.76874064,0 133.91363323,-3.78457357,0 133.92104288,-3.79505272,0 133.92331591,-3.80745255,0 133.92631403,-3.81128111,0 133.92851266,-3.80931805,0 133.92800994,-3.81405509,0 133.93015145,-3.81185647,0 133.93139353,-3.81379811,0 133.93301194,-3.81898549,0 133.92975794,-3.81791349,0 133.93275194,-3.82802749,0 133.94417294,-3.84592549,0 133.95462183,-3.85058934,0 133.95702276,-3.85681566,0 133.96067048,-3.85643019,0 133.96027787,-3.86227414,0 133.97089258,-3.85351893,0 133.96420636,-3.85259569,0 133.96339166,-3.84669344,0 133.97495566,-3.84307044,0 133.96948870,-3.85147259,0 133.97897409,-3.84793477,0 133.97678261,-3.84228117,0 133.98422319,-3.82279338,0 133.98724986,-3.82195819,0 133.99178987,-3.82673377,0 134.00354558,-3.80733468,0 134.01611422,-3.80222284,0 134.02533525,-3.79174515,0 134.04112218,-3.78243923,0 134.04225242,-3.78673416,0 134.04431065,-3.78428332,0 134.04681604,-3.79063191,0 134.04855799,-3.78924449,0 134.04613094,-3.80261944,0 134.04884353,-3.80109659,0 134.05096601,-3.81140441,0 134.05427822,-3.80655983,0 134.05375474,-3.81354593,0 134.05767609,-3.81407893,0 134.05957014,-3.82219289,0 134.06536651,-3.81943747,0 134.06877865,-3.82105075,0 134.09002248,-3.80160579,0 134.11776224,-3.79168344,0 134.11286585,-3.77798672,0 134.11072790,-3.77663400,0 134.10853945,-3.77964813,0 134.10638365,-3.77226704,0 134.09938804,-3.77016835,0 134.09820307,-3.76615658,0 134.10253551,-3.76311519,0 134.10488498,-3.75282345,0 134.11076735,-3.74872438,0 134.11965391,-3.75110346,0 134.11994021,-3.75757403,0 134.12423158,-3.76294065,0 134.12740153,-3.76227431,0 134.12785015,-3.75274882,0 134.13626521,-3.74058889,0 134.14023946,-3.74603820,0 134.14181136,-3.76035690,0 134.14487016,-3.75815828,0 134.14561731,-3.76153711,0 134.14804885,-3.75840664,0 134.14978348,-3.76774602,0 134.15478986,-3.76367238,0 134.15358585,-3.77192435,0 134.15658398,-3.77034201,0 134.15973676,-3.77494627,0 134.15566788,-3.77972899,0 134.16964289,-3.77179061,0 134.16949441,-3.77505713,0 134.17381766,-3.77606864,0 134.16945295,-3.77871055,0 134.16653581,-3.78864930,0 134.17059499,-3.78933744,0 134.16777905,-3.79655776,0 134.17074015,-3.79830428,0 134.17386020,-3.81430057,0 134.17869789,-3.81844765,0 134.17808684,-3.82383285,0 134.17480837,-3.82329813,0 134.18171736,-3.83073417,0 134.18270092,-3.82948696,0 134.17944631,-3.82462610,0 134.18374457,-3.82363719,0 134.19137667,-3.83278175,0 134.18389922,-3.83817464,0 134.18262002,-3.83643858,0 134.17510473,-3.84669501,0 134.14923156,-3.86717759,0 134.12754130,-3.87497852,0 134.10687330,-3.89271503,0 134.10541808,-3.89838829,0 134.11285968,-3.89446751,0 134.10955652,-3.90655280,0 134.11815296,-3.90182899,0 134.11532237,-3.90890667,0 134.11996826,-3.90992984,0 134.11986617,-3.90212880,0 134.12132813,-3.90483026,0 134.12804676,-3.90332805,0 134.13190017,-3.90165790,0 134.12935415,-3.90014932,0 134.13282806,-3.89597004,0 134.13671491,-3.89750717,0 134.14454929,-3.89419377,0 134.15855621,-3.90248572,0 134.16144011,-3.91138015,0 134.16381006,-3.89623250,0 134.16919240,-3.89029337,0 134.16892590,-3.92293005,0 134.16441444,-3.92306330,0 134.16287255,-3.92664201,0 134.17267593,-3.92784126,0 134.17977624,-3.94287945,0 134.19184487,-3.95696586,0 134.21135645,-3.97080481,0 134.24645826,-3.98355872,0 134.24078562,-3.97268934,0 134.23566502,-3.96951038,0 134.23853941,-3.96680731,0 134.24996082,-3.97710562,0 134.26244823,-3.99341921,0 134.27702957,-4.00501194,0 134.29046877,-4.02501845,0 134.28687102,-4.03354644,0 134.28827138,-4.03822675,0 134.29312548,-4.04039682,0 134.29059488,-4.04788983,0 134.29493739,-4.04455858,0 134.30206388,-4.04904387,0 134.31748279,-4.04520104,0 134.32192048,-4.03510022,0 134.32984409,-4.03007956,0 134.32725047,-4.02342897,0 134.33024878,-4.02299106,0 134.33284221,-4.02743836,0 134.33356794,-4.02050223,0 134.32848496,-4.01454933,0 134.32905887,-4.01103198,0 134.32389543,-4.00871200,0 134.32171823,-4.00182346,0 134.32518901,-4.00535774,0 134.31603370,-3.99001420,0 134.31346388,-3.99065189,0 134.31434904,-3.98716836,0 134.30971385,-3.98726354,0 134.30905474,-3.98107932,0 134.30547603,-3.98334457,0 134.30366764,-3.97915672,0 134.30675142,-3.97807168,0 134.29308218,-3.96141193,0 134.27177445,-3.94747895,0 134.26938220,-3.93698764,0 134.27067662,-3.93434167,0 134.28212749,-3.93429436,0 134.30894401,-3.95704201,0 134.31810494,-3.96020669,0 134.31816442,-3.96121796,0 134.31728878,-3.96231727,0 134.33024495,-3.96293831,0 134.33275052,-3.96601495,0 134.33719773,-3.96374495,0 134.33908940,-3.96662172,0 134.34689879,-3.96325954,0 134.34672747,-3.96668596,0 134.34981839,-3.96617914,0 134.34837644,-3.96278127,0 134.35519360,-3.95826981,0 134.36028656,-3.94946601,0 134.35135315,-3.94020970,0 134.34711533,-3.91684181,0 134.34213517,-3.91457905,0 134.34561369,-3.91223408,0 134.35438652,-3.91868666,0 134.36037054,-3.91590485,0 134.33677575,-3.89805469,0 134.32582507,-3.89478060,0 134.32964200,-3.89204997,0 134.32392684,-3.88355075,0 134.33263973,-3.87790026,0 134.34337996,-3.88176380,0 134.35294425,-3.89668957,0 134.37070455,-3.90297598,0 134.37845823,-3.90995626,0 134.38727151,-3.91046987,0 134.39119132,-3.91643190,0 134.40106319,-3.91902357,0 134.40105683,-3.92139873,0 134.40394547,-3.91959347,0 134.40640148,-3.92371578,0 134.41281985,-3.91583018,0 134.41927642,-3.91817781,0 134.41850671,-3.92268358,0 134.42176181,-3.91943799,0 134.43819563,-3.91819489,0 134.44400628,-3.92791737,0 134.44312112,-3.93130096,0 134.45242957,-3.93369946,0 134.45804986,-3.94486865,0 134.45517975,-3.94887298,0 134.46275643,-3.95046157,0 134.46349406,-3.96003890,0 134.46874831,-3.96208882,0 134.46725044,-3.96635044,0 134.46989164,-3.96391863,0 134.47362026,-3.96589239,0 134.47533069,-3.97247515,0 134.47435656,-3.98270883,0 134.46969885,-3.98585711,0 134.45401707,-3.98161149,0 134.45198541,-3.97797974,0 134.44612836,-3.97747172,0 134.44882032,-3.97982214,0 134.44644086,-3.98111656,0 134.45764812,-3.99191932,0 134.46422971,-3.99361825,0 134.46674242,-4.00107072,0 134.47990560,-4.00765231,0 134.48497385,-4.01471931,0 134.49790860,-4.01710353,0 134.50019289,-4.02644054,0 134.49206941,-4.02959570,0 134.49669508,-4.03108049,0 134.50618913,-4.04370115,0 134.51641286,-4.03937887,0 134.53169081,-4.03916978,0 134.54071296,-4.03106381,0 134.54532265,-4.03645637,0 134.54647351,-4.02703087,0 134.55853830,-4.01123613,0 134.56848854,-4.00587893,0 134.56956677,-3.99870297,0 134.58308897,-3.99782724,0 134.58892848,-4.00197200,0 134.60426467,-3.99926875,0 134.61314699,-3.98847287,0 134.61203816,-3.96800435,0 134.62737086,-3.96295659,0 134.62340786,-3.95803349,0 134.62591681,-3.95257213,0 134.63430040,-3.94660824,0 134.64869614,-3.94789315,0 134.66828176,-3.93793031,0 134.66728537,-3.93462360,0 134.65540591,-3.93215491,0 134.65481876,-3.92741731,0 134.67606391,-3.91981170,0 134.68986859,-3.92304110,0 134.69724968,-3.91857723,0 134.69802062,-3.92124223,0 134.71175963,-3.91950046,0 134.73956866,-3.93974254,0 134.74721162,-3.92845379,0 134.74104417,-3.91817080,0 134.74927144,-3.92351892,0 134.75489797,-3.91853010,0 134.77127719,-3.91624304,0 134.78865915,-3.92268186,0 134.80888755,-3.93599971,0 134.85252421,-3.94226163,0 134.85987023,-3.93939208,0 134.87577901,-3.95047498,0 134.88582356,-3.94181189,0 134.88502498,-3.93585024,0 134.88780507,-3.93273524,0 134.89317939,-3.93324949,0 134.89386944,-3.93800841,0 134.91012448,-3.94100138,0 134.92135229,-3.93397277,0 134.93225022,-3.93381810,0 134.93053463,-3.93649381,0 134.93339355,-3.93684716,0 134.91638803,-3.94289770,0 134.90839387,-3.95176799,0 134.91112830,-3.96182737,0 134.91673684,-3.96471502,0 134.96352062,-3.94814927,0 134.96894492,-3.95107716,0 134.97031682,-3.96206949,0 134.94696009,-3.97044648,0 134.94987187,-3.97727125,0 134.94650963,-3.98286102,0 134.92820855,-3.98146287,0 134.92813717,-3.98529381,0 134.92333066,-3.98586488,0 134.91741825,-3.98111017,0 134.89369844,-3.97458030,0 134.88877444,-3.97820799,0 134.86859067,-3.97697067,0 134.87115254,-3.98876936,0 134.87764846,-3.98932615,0 134.87834803,-3.99046829,0 134.87316556,-3.99119641,0 134.88148892,-3.99389472,0 134.87475758,-3.99684192,0 134.87064587,-3.99253033,0 134.86547768,-4.00383753,0 134.86790473,-3.99564267,0 134.86214460,-3.99725690,0 134.86628050,-3.98158359,0 134.85797618,-3.98890281,0 134.84620340,-3.98560488,0 134.84095425,-3.97023826,0 134.82987672,-3.96331115,0 134.83380670,-3.95066204,0 134.81548485,-3.94813386,0 134.80141272,-3.93992710,0 134.76848736,-3.93406963,0 134.76118353,-3.93501375,0 134.76022861,-3.94261501,0 134.74300207,-3.94787287,0 134.74216629,-3.95492416,0 134.73942099,-3.95024555,0 134.73861756,-3.95521363,0 134.73109446,-3.95550387,0 134.73291292,-3.96413656,0 134.72648176,-3.96253337,0 134.72505409,-3.95558535,0 134.71827262,-3.95572811,0 134.68658835,-3.96982634,0 134.68165272,-3.98026036,0 134.67146863,-3.98423406,0 134.66728424,-3.98107998,0 134.66197805,-3.98219833,0 134.67406741,-4.00887845,0 134.66794519,-4.03077456,0 134.67084865,-4.03803318,0 134.67676775,-4.04003907,0 134.67498529,-4.04378215,0 134.68822148,-4.05447492,0 134.69781747,-4.05511698,0 134.70211268,-4.05191524,0 134.72465896,-4.05676579,0 134.70139316,-4.07016251,0 134.69684704,-4.06543933,0 134.67565894,-4.07427762,0 134.67809323,-4.08478167,0 134.66993985,-4.07791321,0 134.65714964,-4.07885355,0 134.65631902,-4.07333941,0 134.64925813,-4.08672347,0 134.64860939,-4.10238647,0 134.64699086,-4.08859775,0 134.64484079,-4.09542755,0 134.64286919,-4.08929877,0 134.65207863,-4.07798459,0 134.65100498,-4.06965193,0 134.65748716,-4.05888113,0 134.65313863,-4.06074202,0 134.65795942,-4.05583526,0 134.65439037,-4.05202112,0 134.63675319,-4.10854862,0 134.62933735,-4.11827688,0 134.65144138,-4.13253405,0 134.69298956,-4.14030281,0 134.71222841,-4.13610141,0 134.71218345,-4.13264694,0 134.70549558,-4.13070493,0 134.69843997,-4.11972256,0 134.68961167,-4.12299230,0 134.68139814,-4.13129691,0 134.67638449,-4.12882075,0 134.67072295,-4.13305458,0 134.66494903,-4.13289544,0 134.65665854,-4.13097373,0 134.65641193,-4.12856432,0 134.66315472,-4.12297264,0 134.68246279,-4.12522706,0 134.69149293,-4.11942097,0 134.69654722,-4.11838954,0 134.70081826,-4.11968505,0 134.70619258,-4.12987440,0 134.71399839,-4.13097225,0 134.71574949,-4.13463933,0 134.71302115,-4.14079596,0 134.71919165,-4.15445513,0 134.71467359,-4.14935903,0 134.71357904,-4.15238095,0 134.72738312,-4.18157287,0 134.72193670,-4.19542512,0 134.73327245,-4.20656099,0 134.73928500,-4.20423296,0 134.74446544,-4.20855974,0 134.76543801,-4.20911654,0 134.78834448,-4.23309639,0 134.80496264,-4.23733659,0 134.80965969,-4.23472394,0 134.81530140,-4.24571348,0 134.81472725,-4.25203377,0 134.82653205,-4.25036715,0 134.83476499,-4.25498331,0 134.85422898,-4.25141412,0 134.88548994,-4.25245506,0 134.89464592,-4.23801607,0 134.90162830,-4.23893555,0 134.91437070,-4.22693323,0 134.93589707,-4.22655935,0 134.93431896,-4.20645587,0 134.94228254,-4.20824234,0 134.94406479,-4.20307776,0 134.95015459,-4.20131868,0 134.95093375,-4.18973363,0 134.95587647,-4.18665735,0 134.95345421,-4.18184555,0 134.95619983,-4.17352838,0 134.96248936,-4.16791677,0 134.95746345,-4.15467150,0 134.96342358,-4.15319722,0 134.96922454,-4.14008121,0 134.97476033,-4.13613702,0 134.98399553,-4.13299437,0 134.98798070,-4.13635895,0 134.99369744,-4.13322747,0 134.99583757,-4.12461009,0 134.99992149,-4.12224116,0 134.99784426,-4.11310247,0 135.00323882,-4.10625419,0 135.00340210,-4.09218966,0 135.01259382,-4.07957866,0 135.02345011,-4.07895256,0 135.03238317,-4.06969919,0 135.04080676,-4.06685645,0 135.04390203,-4.05744313,0 135.04204168,-4.04940403,0 135.04892610,-4.05396883,0 135.05338642,-4.05153394,0 135.04320994,-4.04420136,0 135.05525350,-4.03390105,0 135.05423381,-4.02694847,0 135.04808779,-4.02162020,0 135.03596590,-4.01791802,0 135.03564501,-4.00960529,0 135.03054810,-4.01019287,0 135.03077698,-4.00474644,0 135.03694154,-3.99749064,0 135.03678895,-3.98880553,0 135.04554749,-3.99004745,0 135.04100037,-3.98369217,0 135.04734803,-3.98227334,0 135.05369568,-3.97459196,0 135.05888461,-3.97669171,0 135.05801326,-3.96918397,0 135.07002206,-3.97384153,0 135.07269627,-3.96637236,0 135.07734091,-3.97026236,0 135.08312973,-3.96506740,0 135.09114233,-3.96835873,0 135.09888297,-3.95378659,0 135.09585605,-3.94375516,0 135.08724831,-3.94062442,0 135.09446013,-3.93361381,0 135.09166065,-3.92931865,0 135.09739299,-3.92932381,0 135.09679138,-3.92191824,0 135.08697713,-3.92299935,0 135.09284874,-3.91554033,0 135.08504877,-3.91239590,0 135.08515740,-3.90451163,0 135.07747725,-3.90152155,0 135.07296384,-3.89314409,0 135.06013366,-3.88422989,0 135.06235416,-3.87729823,0 135.05969935,-3.86977346,0 135.05671859,-3.86958152,0 135.05034353,-3.87803280,0 135.04525919,-3.87460118,0 135.04040900,-3.88135259,0 135.03322138,-3.88091523,0 135.03414297,-3.87522924,0 135.02989227,-3.87769644,0 135.02871117,-3.87553925,0 135.03344733,-3.86788858,0 135.02495615,-3.86836865,0 135.02226436,-3.86510045,0 135.02559897,-3.86326505,0 135.02470517,-3.86040413,0 135.01980389,-3.86004086,0 135.02455855,-3.85471172,0 135.02227110,-3.84829494,0 135.02916976,-3.84878877,0 135.02613271,-3.84733955,0 135.02851458,-3.84653883,0 135.02704170,-3.84279432,0 135.02987040,-3.84241968,0 135.02709257,-3.83198848,0 135.04537924,-3.80670669,0 135.04436567,-3.79579959,0 135.03980929,-3.78846830,0 135.04351208,-3.78311714,0 135.04012505,-3.77986609,0 135.03615775,-3.78141655,0 135.03356708,-3.77741189,0 135.03343549,-3.76777055,0 135.04033360,-3.76090646,0 135.02814111,-3.74665584,0 135.02206219,-3.72475721,0 135.01613976,-3.72148408,0 135.02886176,-3.71273407,0 135.04135460,-3.71151878,0 135.05103658,-3.68880169,0 135.06845465,-3.69336984,0 135.09156760,-3.68361082,0 135.10128022,-3.68311612,0 135.11382087,-3.68509120,0 135.12328858,-3.69175987,0 135.12869779,-3.68891831,0 135.14125731,-3.67293523,0 135.14038145,-3.66622258,0 135.14611311,-3.66458608,0 135.14279831,-3.65581801,0 135.14760210,-3.64660485,0 135.15159882,-3.64505626,0 135.15113796,-3.64149006,0 135.15758289,-3.64044648,0 135.15923648,-3.63246025,0 135.16594011,-3.63544590,0 135.16840550,-3.62720940,0 135.17732125,-3.62676525,0 135.17946957,-3.63047622,0 135.18224831,-3.62340371,0 135.18764765,-3.62131064,0 135.18881859,-3.62483477,0 135.19084573,-3.61385284,0 135.18603406,-3.61222953,0 135.18533715,-3.60789385,0 135.18171815,-3.60935250,0 135.18227401,-3.60534525,0 135.18651075,-3.60505425,0 135.19775739,-3.59560293,0 135.19510972,-3.58866138,0 135.19794630,-3.58727432,0 135.19992897,-3.58994547,0 135.20281540,-3.58488847,0 135.19931083,-3.58559167,0 135.19436106,-3.57658505,0 135.18692732,-3.57754695,0 135.18790201,-3.57540638,0 135.18169646,-3.57570703,0 135.17999520,-3.57194506,0 135.17494179,-3.57340940,0 135.16725414,-3.58064522,0 135.16293665,-3.59185729,0 135.14688722,-3.59909006,0 135.13906121,-3.61251992,0 135.13370928,-3.59757789,0 135.13458394,-3.58220647,0 135.11891609,-3.57917011,0 135.07214072,-3.58418010,0 135.04985587,-3.61067187,0 135.03521220,-3.60021571,0 135.01425391,-3.59884514,0 135.00925704,-3.59339141,0 135.01019930,-3.58245541,0 134.99223913,-3.58548208,0 134.98847007,-3.58191289,0 134.99343572,-3.57241599,0 134.99203469,-3.56330170,0 135.00012486,-3.55966855,0 135.00666362,-3.55144513,0 134.99923970,-3.55138802,0 134.98633655,-3.54222996,0 134.98517537,-3.53689996,0 134.98869697,-3.53122733,0 134.97653317,-3.51390485,0 134.96419043,-3.51071828,0 134.95740896,-3.49038816,0 134.95041335,-3.48708071,0 134.94874773,-3.49079267,0 134.93877778,-3.48815147,0 134.92490829,-3.47645804,0 134.92688861,-3.45987765,0 134.91737882,-3.43884778,0 134.89995736,-3.43730970,0 134.89066794,-3.42861419,0 134.88049527,-3.42905582,0 134.86871830,-3.42415507,0 134.86266034,-3.41386324,0 134.86386820,-3.40283786,0 134.85606515,-3.38841273,0 134.84701377,-3.38397629,0 134.83665201,-3.38358488,0 134.83286635,-3.38620714,0 134.82884321,-3.37863927,0 134.82578686,-3.38134746,0 134.80983797,-3.36937039,0 134.78911266,-3.37718347,0 134.76753482,-3.37790530,0 134.76483175,-3.38624293,0 134.76049161,-3.38776579,0 134.75185734,-3.37043012,0 134.72706336,-3.36046018,0 134.72283594,-3.34122973,0 134.72481055,-3.33244298,0 134.72899858,-3.32888042,0 134.72700254,-3.31668909,0 134.70499926,-3.29262216,0 134.69370153,-3.29115936,0 134.69293200,-3.27586214,0 134.68245639,-3.25769684,0 134.68496290,-3.24064671,0 134.68123270,-3.23764517,0 134.67805125,-3.22553148,0 134.68222288,-3.20296017,0 134.67136255,-3.19110052,0 134.66728593,-3.17849860,0 134.67036032,-3.17023603,0 134.66407725,-3.17269024,0 134.65628166,-3.17099664,0 134.65665923,-3.16727191,0 134.65255284,-3.16490601,0 134.64701704,-3.16677446,0 134.64070836,-3.15652526,0 134.64296790,-3.14339159,0 134.62319269,-3.13544212,0 134.61460563,-3.13748285,0 134.60883781,-3.12766043,0 134.61456756,-3.11410147,0 134.63319744,-3.11466113,0 134.62880544,-3.11010243,0 134.62488032,-3.09338691,0 134.61698035,-3.08355513,0 134.62760227,-3.07641675,0 134.63135241,-3.05143009,0 134.62714513,-3.03856676,0 134.62825511,-3.02742813,0 134.62332808,-3.01906750,0 134.62493390,-3.01215144,0 134.62036534,-3.00636935,0 134.62169220,-2.99772320,0 134.61620993,-2.99781838,0 134.61397942,-2.99237148,0 134.61134998,-2.96438874,0 134.62058480,-2.96336109,0 134.60373822,-2.92443311,0 134.60885336,-2.90626785,0 134.60417420,-2.88446711,0 134.59764680,-2.87136161,0 134.59706733,-2.85901318,0 134.59313534,-2.85678027,0 134.59494373,-2.84379793,0 134.59090767,-2.83859585,0 134.59221259,-2.83188237,0 134.58525789,-2.80268342,0 134.58810992,-2.79919731,0 134.58670165,-2.79530330,0 134.60769954,-2.79521307,0 134.62106540,-2.79039348,0 134.63748169,-2.75763725,0 134.66142933,-2.75630111,0 134.65726220,-2.74199691,0 134.65817293,-2.71625102,0 134.65523906,-2.70185290,0 134.65874876,-2.69505954,0 134.65407312,-2.67887921,0 134.65584582,-2.65601259,0 134.65966485,-2.64956425,0 134.65651207,-2.63901134,0 134.66134237,-2.61233758,0 134.65621464,-2.60404516,0 134.65864169,-2.59321861,0 134.65170556,-2.57268386,0 134.65074108,-2.53192766,0 134.64131842,-2.51594720,0 134.64148974,-2.50626755,0 134.62769838,-2.49279029,0 134.62860775,-2.48731287,0 134.63276316,-2.48594209,0 134.63115931,-2.47439943,0 134.61856720,-2.48846681,0 134.60287228,-2.48862861,0 134.57132062,-2.47433281,0 134.57055920,-2.46595710,0 134.57423308,-2.46274959,0 134.56960741,-2.46117915,0 134.56735168,-2.45590626,0 134.55738650,-2.45645830,0 134.53271115,-2.44927845,0 134.52994146,-2.45102973,0 134.53393895,-2.45959579,0 134.54348535,-2.46295559,0 134.55130902,-2.47236874,0 134.51850101,-2.46323161,0 134.51226682,-2.47376786,0 134.52757152,-2.47424375,0 134.53686093,-2.47858389,0 134.55823801,-2.47527168,0 134.56404390,-2.48058264,0 134.57131597,-2.47874998,0 134.56896444,-2.48502520,0 134.55269837,-2.48194954,0 134.54613131,-2.48480856,0 134.55448661,-2.48959614,0 134.55267593,-2.49394781,0 134.52903952,-2.48411995,0 134.51330159,-2.48392629,0 134.48737498,-2.50999566,0 134.48714655,-2.51652490,0 134.47700053,-2.52294945,0 134.46653090,-2.55010386,0 134.46081068,-2.54939954,0 134.46583610,-2.55604299,0 134.46112477,-2.57320367,0 134.46137223,-2.59110673,0 134.46579803,-2.59740754,0 134.47570610,-2.60139552,0 134.47667692,-2.61297873,0 134.47266991,-2.61299777,0 134.47029045,-2.61848957,0 134.47424987,-2.62778850,0 134.47471625,-2.64126577,0 134.48245425,-2.65140227,0 134.49737823,-2.66005399,0 134.49901530,-2.67463533,0 134.49365676,-2.68454340,0 134.50149946,-2.69763996,0 134.49724498,-2.71274478,0 134.50061430,-2.71546688,0 134.50357435,-2.72750695,0 134.51116007,-2.73084772,0 134.51228318,-2.73528303,0 134.50553503,-2.74963594,0 134.50639163,-2.76192348,0 134.51622356,-2.76864307,0 134.51477685,-2.78022629,0 134.52422235,-2.79245534,0 134.52033907,-2.81724932,0 134.51428572,-2.83344869,0 134.50001039,-2.84541519,0 134.49613186,-2.84474894,0 134.49893963,-2.85022171,0 134.49261026,-2.84803260,0 134.49063531,-2.85100693,0 134.49594151,-2.85555170,0 134.49613424,-2.85980617,0 134.48654739,-2.86194412,0 134.47879035,-2.85781338,0 134.48100801,-2.86267699,0 134.47799085,-2.86404756,0 134.47411709,-2.86045934,0 134.47171859,-2.86599872,0 134.46619824,-2.86174424,0 134.45905272,-2.86314932,0 134.44296757,-2.84577925,0 134.44902092,-2.84288583,0 134.44776456,-2.82232728,0 134.45018209,-2.81990023,0 134.44532799,-2.81543636,0 134.44911609,-2.81248583,0 134.44668904,-2.81016348,0 134.44886863,-2.80929736,0 134.45354189,-2.81429422,0 134.45467451,-2.81118189,0 134.45142893,-2.80766980,0 134.43979104,-2.80720630,0 134.43007332,-2.78960781,0 134.42620907,-2.79700318,0 134.42362022,-2.79139717,0 134.42818878,-2.78620042,0 134.42782711,-2.78513442,0 134.42435309,-2.78918903,0 134.42245904,-2.78877024,0 134.42548572,-2.78564839,0 134.42243049,-2.78410650,0 134.42166906,-2.77379867,0 134.40579330,-2.76762159,0 134.40976224,-2.74929022,0 134.40682122,-2.73838277,0 134.40471778,-2.74067657,0 134.40245253,-2.73474696,0 134.40852751,-2.71863903,0 134.40345926,-2.71781812,0 134.40027554,-2.72352883,0 134.39728244,-2.72141380,0 134.39571174,-2.70947335,0 134.38281506,-2.69714774,0 134.38229634,-2.69478732,0 134.38791186,-2.69234123,0 134.37964562,-2.67383378,0 134.36994455,-2.67380523,0 134.36628256,-2.66753773,0 134.36523322,-2.65999246,0 134.37324249,-2.65182615,0 134.37545539,-2.64381688,0 134.36804334,-2.64749562,0 134.35796516,-2.63947080,0 134.35740836,-2.63372440,0 134.35455301,-2.63357449,0 134.35230442,-2.63009810,0 134.35423178,-2.62859904,0 134.34908501,-2.62389485,0 134.35667311,-2.62479428,0 134.36025658,-2.61829122,0 134.34287936,-2.60594624,0 134.33547449,-2.58670387,0 134.32706072,-2.58283011,0 134.32396742,-2.58713217,0 134.31923705,-2.58703699,0 134.32004607,-2.57879454,0 134.33174944,-2.58245606,0 134.33484631,-2.58055534,0 134.33346743,-2.57738587,0 134.34110404,-2.57700049,0 134.33539751,-2.57071728,0 134.33616654,-2.56700308,0 134.33241822,-2.56574335,0 134.33265959,-2.55797426,0 134.33600749,-2.55791477,0 134.33923404,-2.55123324,0 134.32778169,-2.54616023,0 134.32659672,-2.54213419,0 134.31964394,-2.54596036,0 134.32032922,-2.54159167,0 134.31683142,-2.54062085,0 134.32111445,-2.53775122,0 134.31003568,-2.53405354,0 134.31250556,-2.53119818,0 134.31770841,-2.53278296,0 134.32080384,-2.52659285,0 134.31652256,-2.51989533,0 134.31161802,-2.51977915,0 134.31076269,-2.51565898,0 134.28644271,-2.51968171,0 134.29103892,-2.51463656,0 134.30934581,-2.51381208,0 134.31325915,-2.51089145,0 134.31267619,-2.50684636,0 134.30619047,-2.50316099,0 134.29800512,-2.50416989,0 134.29578746,-2.49844014,0 134.29989917,-2.49374785,0 134.29561614,-2.49168247,0 134.29040036,-2.49394772,0 134.28987373,-2.48442385,0 134.27792247,-2.48115574,0 134.28180575,-2.47891905,0 134.27391784,-2.47381034,0 134.27640199,-2.46558693,0 134.26952059,-2.46091366,0 134.26612272,-2.46528711,0 134.26579912,-2.46202249,0 134.26368615,-2.46327885,0 134.26815716,-2.45163615,0 134.26533750,-2.44829538,0 134.26154702,-2.45179319,0 134.25959824,-2.44851667,0 134.25714740,-2.44104576,0 134.26149705,-2.43687932,0 134.26060237,-2.43082597,0 134.25095128,-2.42762798,0 134.24888591,-2.43833555,0 134.24146433,-2.43995474,0 134.23375729,-2.42487494,0 134.22791810,-2.42703787,0 134.23250808,-2.42151276,0 134.22639048,-2.42302610,0 134.21360837,-2.41902803,0 134.21240996,-2.41208534,0 134.20114658,-2.39767722,0 134.20370827,-2.39384915,0 134.19895978,-2.39160696,0 134.20331299,-2.38308389,0 134.20183909,-2.37619876,0 134.19539417,-2.38610646,0 134.19342806,-2.37750894,0 134.19062752,-2.37665580,0 134.19083477,-2.36708776,0 134.18408194,-2.36104865,0 134.18509610,-2.35546776,0 134.17630573,-2.35640326,0 134.17424547,-2.35254669,0 134.17180392,-2.31919721,0 134.16691580,-2.31229067,0 134.16057059,-2.31099760,0 134.16124853,-2.30478940,0 134.15498842,-2.29374328,0 134.15606385,-2.28772920,0 134.15130112,-2.27418206,0 134.15578292,-2.26931592,0 134.15523278,-2.26323013,0 134.14847344,-2.25566214,0 134.15799874,-2.25173553,0 134.15118391,-2.25110906,0 134.14834925,-2.24753672,0 134.15578906,-2.24296561,0 134.13547875,-2.23705230,0 134.13758667,-2.23039455,0 134.13411169,-2.22506714,0 134.14199817,-2.22534992,0 134.14264113,-2.22200359,0 134.13785694,-2.22074656,0 134.13778260,-2.21757393,0 134.13428888,-2.21837169,0 134.13555568,-2.21381923,0 134.12755107,-2.21496178,0 134.12508111,-2.20923031,0 134.12514443,-2.20301318,0 134.13018653,-2.21220365,0 134.13914787,-2.21325195,0 134.14561555,-2.20247274,0 134.14627528,-2.19640480,0 134.13925824,-2.19114574,0 134.14370566,-2.18970096,0 134.13976168,-2.17895286,0 134.14401398,-2.16875922,0 134.14014733,-2.16524506,0 134.13681442,-2.16691831,0 134.13906464,-2.16160551,0 134.14173693,-2.16183953,0 134.13914363,-2.15917942,0 134.14085782,-2.15656189,0 134.13561906,-2.15320155,0 134.12787597,-2.15646450,0 134.12798211,-2.15341301,0 134.12422962,-2.15331809,0 134.12499450,-2.16431355,0 134.12154095,-2.16631650,0 134.11779428,-2.16422501,0 134.11900921,-2.15879126,0 134.11379816,-2.14922509,0 134.11575840,-2.14252621,0 134.11234578,-2.13213539,0 134.11529017,-2.11013426,0 134.10505592,-2.09873240,0 134.11241287,-2.09631349,0 134.10365222,-2.07212183,0 134.10367881,-2.06413134,0 134.10714038,-2.05982855,0 134.10194572,-2.05181687,0 134.10907536,-2.03886116,0 134.11471249,-2.03656380,0 134.11803852,-2.04121165,0 134.12021300,-2.03914539,0 134.11955381,-2.02311306,0 134.12272896,-2.02107351,0 134.12424441,-2.02799205,0 134.13028421,-2.02963586,0 134.12841418,-2.01843057,0 134.13705372,-2.00984047,0 134.14284911,-1.99330034,0 134.13682167,-1.97702939,0 134.13925049,-1.96197636,0 134.13448804,-1.95998078,0 134.13725840,-1.94197744,0 134.13393825,-1.93916352,0 134.13395253,-1.92781453,0 134.12777633,-1.91485040,0 134.12159977,-1.88637860,0 134.12382976,-1.87739415,0 134.12030254,-1.87382889,0 134.12300341,-1.87015883,0 134.11974752,-1.86514354,0 134.12138498,-1.86268376,0 134.11588234,-1.86773733,0 134.11037017,-1.86822546,0 134.10679059,-1.86727791,0 134.10796157,-1.86340159,0 134.10194484,-1.86193721,0 134.10510553,-1.85611794,0 134.10224472,-1.85307910,0 134.10814087,-1.85178635,0 134.09919193,-1.83319915,0 134.10096473,-1.82535002,0 134.10489272,-1.82403876,0 134.10078390,-1.81047936,0 134.10246619,-1.79765520,0 134.09588460,-1.79187825,0 134.10194414,-1.76567873,0 134.09682748,-1.75480403,0 134.10158015,-1.74588970,0 134.09736748,-1.73978807,0 134.09017977,-1.73740007,0 134.09299298,-1.72913855,0 134.08429537,-1.71877615,0 134.09170918,-1.71345817,0 134.08600899,-1.70895373,0 134.08740132,-1.70490991,0 134.09159018,-1.70413225,0 134.08917444,-1.70065672,0 134.08270074,-1.70196079,0 134.08129652,-1.69750421,0 134.08524143,-1.69509347,0 134.07999940,-1.69304763,0 134.09562434,-1.68432589,0 134.07669710,-1.68891408,0 134.07847023,-1.67757223,0 134.06662359,-1.67373778,0 134.08133626,-1.66544215,0 134.08172897,-1.65916107,0 134.06928137,-1.65754593,0 134.07213742,-1.65014023,0 134.08210977,-1.64596480,0 134.09066601,-1.64669460,0 134.09404566,-1.64082029,0 134.10320880,-1.63829589,0 134.11671552,-1.64012638,0 134.13178115,-1.62371179,0 134.14303873,-1.59928134,0 134.16243603,-1.58522366,0 134.18233314,-1.56067355,0 134.20161144,-1.54977436,0 134.20330127,-1.52225718,0 134.21153620,-1.50392834,0 134.20138534,-1.48230939,0 134.19805488,-1.45547694,0 134.21088328,-1.43512617,0 134.21360842,-1.40707058,0 134.22195045,-1.39493907,0 134.22842415,-1.37614362,0 134.23834891,-1.36280375,0 134.25314084,-1.35472804,0 134.26251818,-1.34443899,0 134.26961070,-1.34576699,0 134.26750436,-1.34945191,0 134.27435887,-1.35442894,0 134.27825023,-1.34378097,0 134.27501338,-1.33588472,0 134.25950744,-1.32709117,0 134.24554852,-1.31279417,0 134.24187136,-1.29123501,0 134.21200189,-1.25420638,0 134.20145833,-1.23314970,0 134.20047061,-1.21715380,0 134.18898693,-1.20082290,0 134.15651133,-1.18134547,0 134.13009291,-1.15248823,0 134.10421001,-1.13138368,0 134.09724348,-1.10290623,0 134.08166462,-1.08899458,0 134.07101048,-1.07157691,0 134.06906672,-1.02843158,0 134.06099686,-1.01739585,0 134.04491733,-1.00592951,0 134.03482597,-0.98879700,0 134.02220002,-0.98052801,0 134.00924158,-0.95679375,0 134.01003688,-0.94613272,0 134.02075809,-0.93154643,0 134.04485937,-0.92799737,0 134.04507528,-0.91806709,0 134.03874017,-0.90971817,0 134.04026778,-0.90422162,0 134.03803703,-0.90217647,0 134.04986191,-0.90242072,0 134.05294927,-0.89529424,0 134.04952698,-0.88199653,0 134.05193819,-0.87932019,0 134.05084490,-0.86908149,0 134.05489293,-0.86770526,0 134.06429369,-0.87603728,0 134.06918850,-0.87543647,0 134.06624218,-0.87081899,0 134.06915107,-0.87061674,0 134.06729212,-0.86556633,0 134.06953988,-0.85834047,0 134.07103600,-0.86580339,0 134.08628171,-0.87764735,0 134.09711420,-0.87863483,0 134.10018371,-0.87308474,0 134.10913430,-0.87006785,0 134.12136973,-0.88051055,0 134.13437656,-0.87050897,0 134.13618495,-0.86451273,0</coordinates></LinearRing></outerBoundaryIs><innerBoundaryIs><LinearRing><coordinates>133.94654593,-0.72432672,0 133.94675283,-0.72435371,0 133.94632947,-0.72430548,0 133.94654593,-0.72432672,0</coordinates></LinearRing></innerBoundaryIs><innerBoundaryIs><LinearRing><coordinates>133.94235258,-0.72376165,0 133.94211475,-0.72371644,0 133.94253268,-0.72379114,0 133.94235258,-0.72376165,0</coordinates></LinearRing></innerBoundaryIs><innerBoundaryIs><LinearRing><coordinates>133.94076865,-0.72338988,0 133.94095056,-0.72343443,0 133.94052571,-0.72334130,0 133.94076865,-0.72338988,0</coordinates></LinearRing></innerBoundaryIs><innerBoundaryIs><LinearRing><coordinates>133.95092410,-0.72747786,0 133.95099478,-0.72769669,0 133.95081679,-0.72726813,0 133.95092410,-0.72747786,0</coordinates></LinearRing></innerBoundaryIs><innerBoundaryIs><LinearRing><coordinates>133.95099478,-0.72769669,0 133.95106549,-0.72809373,0 133.95109440,-0.72831463,0 133.95099478,-0.72769669,0</coordinates></LinearRing></innerBoundaryIs><innerBoundaryIs><LinearRing><coordinates>133.89779565,-0.82669034,0 133.89755618,-0.82675561,0 133.89779565,-0.82669033,0 133.89779565,-0.82669034,0</coordinates></LinearRing></innerBoundaryIs><innerBoundaryIs><LinearRing><coordinates>133.84642982,-0.78171811,0 133.84653000,-0.78146636,0 133.84635615,-0.78190368,0 133.84642982,-0.78171811,0</coordinates></LinearRing></innerBoundaryIs><innerBoundaryIs><LinearRing><coordinates>133.84881185,-0.75801096,0 133.85042989,-0.76262711,0 133.84985881,-0.76200845,0 133.84924015,-0.76015247,0 133.84881185,-0.75801096,0</coordinates></LinearRing></innerBoundaryIs><innerBoundaryIs><LinearRing><coordinates>133.84805043,-0.75429900,0 133.84847873,-0.75544114,0 133.84805042,-0.75429900,0 133.84805043,-0.75429900,0</coordinates></LinearRing></innerBoundaryIs><innerBoundaryIs><LinearRing><coordinates>133.84543302,-0.75011114,0 133.84505230,-0.74892141,0 133.84652757,-0.75220507,0 133.84543302,-0.75011114,0</coordinates></LinearRing></innerBoundaryIs><innerBoundaryIs><LinearRing><coordinates>133.84509989,-0.74768410,0 133.84505230,-0.74892141,0 133.84509989,-0.74768409,0 133.84509989,-0.74768410,0</coordinates></LinearRing></innerBoundaryIs><innerBoundaryIs><LinearRing><coordinates>133.84495713,-0.74482874,0 133.84533784,-0.74568535,0 133.84448123,-0.74421008,0 133.84495713,-0.74482874,0</coordinates></LinearRing></innerBoundaryIs><innerBoundaryIs><LinearRing><coordinates>133.84281561,-0.73854696,0 133.84314729,-0.74101160,0 133.84281561,-0.73854697,0 133.84281561,-0.73854696,0</coordinates></LinearRing></innerBoundaryIs><innerBoundaryIs><LinearRing><coordinates>133.84306763,-0.73369231,0 133.84281561,-0.73854696,0 133.84281561,-0.73854696,0 133.84306763,-0.73369231,0</coordinates></LinearRing></innerBoundaryIs><innerBoundaryIs><LinearRing><coordinates>133.88606273,-0.73155524,0 133.88606924,-0.73176396,0 133.88602029,-0.73136093,0 133.88606273,-0.73155524,0</coordinates></LinearRing></innerBoundaryIs><innerBoundaryIs><LinearRing><coordinates>133.87713007,-0.77242301,0 133.87714597,-0.77239325,0 133.87713008,-0.77242301,0 133.87713007,-0.77242301,0</coordinates></LinearRing></innerBoundaryIs><innerBoundaryIs><LinearRing><coordinates>133.80158171,-0.74605334,0 133.80140087,-0.74587251,0 133.80178634,-0.74618184,0 133.80158171,-0.74605334,0</coordinates></LinearRing></innerBoundaryIs><innerBoundaryIs><LinearRing><coordinates>133.80082504,-0.74503969,0 133.80100588,-0.74523005,0 133.80066324,-0.74493024,0 133.80082504,-0.74503969,0</coordinates></LinearRing></innerBoundaryIs><innerBoundaryIs><LinearRing><coordinates>133.80640726,-0.74619135,0 133.80661189,-0.74616116,0 133.80615027,-0.74624846,0 133.80640726,-0.74619135,0</coordinates></LinearRing></innerBoundaryIs><innerBoundaryIs><LinearRing><coordinates>133.89794897,-0.84408623,0 133.89781822,-0.84436225,0 133.89794896,-0.84408623,0 133.89794897,-0.84408623,0</coordinates></LinearRing></innerBoundaryIs><innerBoundaryIs><LinearRing><coordinates>133.94343314,-0.74335395,0 133.94377454,-0.74290661,0 133.94343315,-0.74335395,0 133.94343314,-0.74335395,0</coordinates></LinearRing></innerBoundaryIs><innerBoundaryIs><LinearRing><coordinates>133.92448931,-0.77132213,0 133.92467808,-0.77099853,0 133.92426088,-0.77185513,0 133.92448931,-0.77132213,0</coordinates></LinearRing></innerBoundaryIs><innerBoundaryIs><LinearRing><coordinates>133.92306163,-0.77735645,0 133.92306163,-0.77735644,0 133.92317703,-0.77814881,0 133.92306163,-0.77735645,0</coordinates></LinearRing></innerBoundaryIs><innerBoundaryIs><LinearRing><coordinates>133.92120684,-0.78081142,0 133.92117829,-0.78056158,0 133.92119256,-0.78026177,0 133.92120684,-0.78081142,0</coordinates></LinearRing></innerBoundaryIs><innerBoundaryIs><LinearRing><coordinates>133.91990765,-0.78154668,0 133.92002900,-0.78144674,0 133.92002901,-0.78144674,0 133.91990765,-0.78154668,0</coordinates></LinearRing></innerBoundaryIs><innerBoundaryIs><LinearRing><coordinates>133.91976251,-0.78465901,0 133.91967922,-0.78448055,0 133.91997666,-0.78502783,0 133.91976251,-0.78465901,0</coordinates></LinearRing></innerBoundaryIs><innerBoundaryIs><LinearRing><coordinates>133.90986871,-0.81316019,0 133.91015424,-0.81189908,0 133.90982112,-0.81549207,0 133.90986871,-0.81316019,0</coordinates></LinearRing></innerBoundaryIs><innerBoundaryIs><LinearRing><coordinates>133.90139783,-0.83850145,0 133.90301586,-0.83612199,0 133.90128293,-0.83869589,0 133.90139783,-0.83850145,0</coordinates></LinearRing></innerBoundaryIs><innerBoundaryIs><LinearRing><coordinates>133.90108849,-0.83902494,0 133.90128293,-0.83869589,0 133.90085055,-0.83954842,0 133.90108849,-0.83902494,0</coordinates></LinearRing></innerBoundaryIs><innerBoundaryIs><LinearRing><coordinates>133.95069102,-0.72991254,0 133.95077928,-0.72970561,0 133.95069103,-0.72991254,0 133.95069102,-0.72991254,0</coordinates></LinearRing></innerBoundaryIs><innerBoundaryIs><LinearRing><coordinates>133.98244741,-0.76344697,0 133.98225483,-0.76379675,0 133.98244741,-0.76344696,0 133.98244741,-0.76344697,0</coordinates></LinearRing></innerBoundaryIs><innerBoundaryIs><LinearRing><coordinates>133.98280480,-0.76244837,0 133.98276397,-0.76256282,0 133.98280480,-0.76244836,0 133.98280480,-0.76244837,0</coordinates></LinearRing></innerBoundaryIs><innerBoundaryIs><LinearRing><coordinates>133.98283313,-0.76909561,0 133.98277602,-0.76934783,0 133.98297113,-0.76841508,0 133.98283313,-0.76909561,0</coordinates></LinearRing></innerBoundaryIs><innerBoundaryIs><LinearRing><coordinates>133.90531427,-0.79429275,0 133.90625730,-0.79373009,0 133.90531427,-0.79429276,0 133.90531427,-0.79429275,0</coordinates></LinearRing></innerBoundaryIs><innerBoundaryIs><LinearRing><coordinates>133.92775316,-0.74837106,0 133.92767258,-0.74840348,0 133.92775316,-0.74837105,0 133.92775316,-0.74837106,0</coordinates></LinearRing></innerBoundaryIs><innerBoundaryIs><LinearRing><coordinates>133.93244034,-0.73898581,0 133.93243833,-0.73899339,0 133.93243833,-0.73899338,0 133.93244034,-0.73898581,0</coordinates></LinearRing></innerBoundaryIs><innerBoundaryIs><LinearRing><coordinates>133.83051552,-0.77970184,0 133.83050743,-0.77980594,0 133.83051552,-0.77970183,0 133.83051552,-0.77970184,0</coordinates></LinearRing></innerBoundaryIs><innerBoundaryIs><LinearRing><coordinates>133.84339098,-0.80464720,0 133.84324502,-0.80741332,0 133.84324502,-0.80741332,0 133.84339098,-0.80464720,0</coordinates></LinearRing></innerBoundaryIs><innerBoundaryIs><LinearRing><coordinates>133.84324502,-0.80741333,0 133.84324502,-0.80741332,0 133.84339274,-0.80939394,0 133.84324502,-0.80741333,0</coordinates></LinearRing></innerBoundaryIs><innerBoundaryIs><LinearRing><coordinates>133.84512718,-0.79726254,0 133.84461426,-0.79859913,0 133.84556500,-0.79585390,0 133.84512718,-0.79726254,0</coordinates></LinearRing></innerBoundaryIs><innerBoundaryIs><LinearRing><coordinates>133.84681972,-0.77856667,0 133.84687221,-0.77838651,0 133.84687221,-0.77838651,0 133.84681972,-0.77856667,0</coordinates></LinearRing></innerBoundaryIs><innerBoundaryIs><LinearRing><coordinates>133.84674521,-0.77805554,0 133.84645968,-0.77765579,0 133.84674521,-0.77805553,0 133.84674521,-0.77805554,0</coordinates></LinearRing></innerBoundaryIs><innerBoundaryIs><LinearRing><coordinates>133.84677649,-0.77493743,0 133.84660743,-0.77510630,0 133.84694874,-0.77473723,0 133.84677649,-0.77493743,0</coordinates></LinearRing></innerBoundaryIs><innerBoundaryIs><LinearRing><coordinates>133.84809942,-0.77239164,0 133.84802222,-0.77257515,0 133.84809941,-0.77239164,0 133.84809942,-0.77239164,0</coordinates></LinearRing></innerBoundaryIs><innerBoundaryIs><LinearRing><coordinates>133.84950214,-0.77090785,0 133.84934558,-0.77110224,0 133.84986465,-0.77044352,0 133.84950214,-0.77090785,0</coordinates></LinearRing></innerBoundaryIs><innerBoundaryIs><LinearRing><coordinates>133.88574024,-0.72801252,0 133.88568577,-0.72815097,0 133.88580683,-0.72779733,0 133.88574024,-0.72801252,0</coordinates></LinearRing></innerBoundaryIs><innerBoundaryIs><LinearRing><coordinates>133.88566434,-0.72820544,0 133.88568577,-0.72815097,0 133.88559500,-0.72838594,0 133.88566434,-0.72820544,0</coordinates></LinearRing></innerBoundaryIs><innerBoundaryIs><LinearRing><coordinates>133.87653170,-0.77322276,0 133.87659964,-0.77312272,0 133.87639251,-0.77344185,0 133.87653170,-0.77322276,0</coordinates></LinearRing></innerBoundaryIs><innerBoundaryIs><LinearRing><coordinates>133.87043898,-0.78936478,0 133.86937947,-0.79124455,0 133.87043898,-0.78936477,0 133.87043898,-0.78936478,0</coordinates></LinearRing></innerBoundaryIs><innerBoundaryIs><LinearRing><coordinates>133.86791675,-0.80521198,0 133.86791675,-0.80521199,0 133.86777399,-0.80449815,0 133.86791675,-0.80521198,0</coordinates></LinearRing></innerBoundaryIs><innerBoundaryIs><LinearRing><coordinates>133.80718772,-0.74605335,0 133.80711450,-0.74610093,0 133.80718772,-0.74605334,0 133.80718772,-0.74605335,0</coordinates></LinearRing></innerBoundaryIs><innerBoundaryIs><LinearRing><coordinates>133.81601586,-0.75000288,0 133.81597923,-0.75048829,0 133.81601586,-0.75000287,0 133.81601586,-0.75000288,0</coordinates></LinearRing></innerBoundaryIs><innerBoundaryIs><LinearRing><coordinates>133.81624429,-0.75587539,0 133.81619670,-0.75614188,0 133.81624429,-0.75587538,0 133.81624429,-0.75587539,0</coordinates></LinearRing></innerBoundaryIs><innerBoundaryIs><LinearRing><coordinates>133.81604442,-0.75404796,0 133.81597779,-0.75328653,0 133.81610152,-0.75461903,0 133.81604442,-0.75404796,0</coordinates></LinearRing></innerBoundaryIs><innerBoundaryIs><LinearRing><coordinates>133.81595876,-0.75209680,0 133.81597768,-0.75051684,0 133.81597779,-0.75328653,0 133.81595876,-0.75209680,0</coordinates></LinearRing></innerBoundaryIs><innerBoundaryIs><LinearRing><coordinates>133.81555901,-0.75708415,0 133.81516877,-0.75742679,0 133.81587973,-0.75667012,0 133.81555901,-0.75708415,0</coordinates></LinearRing></innerBoundaryIs><innerBoundaryIs><LinearRing><coordinates>133.81105707,-0.75911145,0 133.81115145,-0.75904483,0 133.81058117,-0.75963493,0 133.81105707,-0.75911145,0</coordinates></LinearRing></innerBoundaryIs><innerBoundaryIs><LinearRing><coordinates>133.80896314,-0.76452710,0 133.80919157,-0.76321364,0 133.80889919,-0.76532184,0 133.80896314,-0.76452710,0</coordinates></LinearRing></innerBoundaryIs></Polygon></Placemark><Placemark><name>Province Papua Barat - Bagian 0002</name><visibility>1</visibility><styleUrl>#papua-barat-google-earth</styleUrl><Polygon><extrude>0</extrude><tessellate>1</tessellate><altitudeMode>clampToGround</altitudeMode><outerBoundaryIs><LinearRing><coordinates>133.33568704,-4.09463110,0 133.32781103,-4.09272468,0 133.31859775,-4.09834021,0 133.32785862,-4.11041835,0 133.32574565,-4.11829913,0 133.32892461,-4.12373382,0 133.32675455,-4.12758854,0 133.32982881,-4.12934934,0 133.32372787,-4.13787733,0 133.32293789,-4.14752843,0 133.32880088,-4.15152592,0 133.33959412,-4.14995548,0 133.34839812,-4.16698290,0 133.34543807,-4.17525391,0 133.33177045,-4.17951790,0 133.33180852,-4.18196399,0 133.34880739,-4.17607244,0 133.36291284,-4.17735735,0 133.38058747,-4.18699893,0 133.38564145,-4.19432766,0 133.38498472,-4.20274144,0 133.39107614,-4.20355046,0 133.39253237,-4.20094257,0 133.42000086,-4.20613931,0 133.45369403,-4.23654882,0 133.45586410,-4.24161231,0 133.45380825,-4.24598100,0 133.45955702,-4.25131100,0 133.47323417,-4.24507681,0 133.48780598,-4.24422972,0 133.50216841,-4.25061619,0 133.50873572,-4.24824625,0 133.50977317,-4.24113642,0 133.52139446,-4.23482609,0 133.54836803,-4.23404563,0 133.55817141,-4.23978489,0 133.57542182,-4.26698609,0 133.59134877,-4.27252684,0 133.60163916,-4.28388978,0 133.61451704,-4.28782668,0 133.62909794,-4.30583791,0 133.63116263,-4.31425945,0 133.63912538,-4.30831522,0 133.63536826,-4.29572649,0 133.61313457,-4.27335004,0 133.57410190,-4.24870834,0 133.56624968,-4.23226151,0 133.55419057,-4.21793715,0 133.50566444,-4.19862960,0 133.45333532,-4.18467595,0 133.43177231,-4.16997804,0 133.42588051,-4.15761979,0 133.42032923,-4.15391775,0 133.41463611,-4.15777614,0 133.40473544,-4.15156069,0 133.40395356,-4.14733081,0 133.39286073,-4.14256297,0 133.39378396,-4.13436810,0 133.37101728,-4.13618601,0 133.36264158,-4.10768959,0 133.34591872,-4.10654744,0 133.33568704,-4.09463110,0</coordinates></LinearRing></outerBoundaryIs></Polygon></Placemark><Placemark><name>Province Papua Barat - Bagian 0003</name><visibility>1</visibility><styleUrl>#papua-barat-google-earth</styleUrl><Polygon><extrude>0</extrude><tessellate>1</tessellate><altitudeMode>clampToGround</altitudeMode><outerBoundaryIs><LinearRing><coordinates>134.34320120,-2.15356338,0 134.34639078,-2.15539769,0 134.34909078,-2.16690677,0 134.35827772,-2.16309029,0 134.35493377,-2.15819705,0 134.36057446,-2.15684513,0 134.36554873,-2.14832682,0 134.36923779,-2.14757310,0 134.36579864,-2.14484533,0 134.36797637,-2.14104080,0 134.36838098,-2.14591011,0 134.37289115,-2.14364894,0 134.37462857,-2.12851459,0 134.38357752,-2.11421771,0 134.38199630,-2.10626502,0 134.38506052,-2.10260888,0 134.39285026,-2.10290254,0 134.38854720,-2.09841205,0 134.39168858,-2.09722244,0 134.39310739,-2.09990205,0 134.39408885,-2.09600844,0 134.38741973,-2.09258467,0 134.38482308,-2.08185006,0 134.38981432,-2.08356728,0 134.39415879,-2.07625557,0 134.40225349,-2.07782057,0 134.41117608,-2.07333668,0 134.40551799,-2.07253284,0 134.40323514,-2.06721181,0 134.39932986,-2.06622823,0 134.40327635,-2.06233907,0 134.40526342,-2.04227920,0 134.41052624,-2.04583490,0 134.41252243,-2.04209722,0 134.40912305,-2.03412476,0 134.41022881,-2.02318685,0 134.40493829,-2.01315752,0 134.40840474,-2.00442487,0 134.39473332,-1.99591948,0 134.37923169,-1.99463882,0 134.36267725,-2.00215058,0 134.34812973,-2.02687412,0 134.34357889,-2.04666177,0 134.33654725,-2.05069035,0 134.31565430,-2.07853022,0 134.31765020,-2.08443267,0 134.33036084,-2.08889213,0 134.32647753,-2.09540417,0 134.32428205,-2.09257058,0 134.32209027,-2.09420228,0 134.32142126,-2.08994459,0 134.31646275,-2.08980153,0 134.31397870,-2.09824416,0 134.31582073,-2.10028787,0 134.32100741,-2.09789518,0 134.32479906,-2.10289245,0 134.32492224,-2.09982747,0 134.33662356,-2.10610621,0 134.33943973,-2.11124605,0 134.33671889,-2.13385076,0 134.34375669,-2.14584691,0 134.34320120,-2.15356338,0</coordinates></LinearRing></outerBoundaryIs></Polygon></Placemark><Placemark><name>Province Papua Barat - Bagian 0004</name><visibility>1</visibility><styleUrl>#papua-barat-google-earth</styleUrl><Polygon><extrude>0</extrude><tessellate>1</tessellate><altitudeMode>clampToGround</altitudeMode><outerBoundaryIs><LinearRing><coordinates>134.20365437,-1.73712184,0 134.20163729,-1.75876466,0 134.19544919,-1.76262902,0 134.18245418,-1.78483414,0 134.17956244,-1.79828163,0 134.16653174,-1.81047889,0 134.16650199,-1.81407405,0 134.17069085,-1.81461243,0 134.16885227,-1.81601820,0 134.16448490,-1.81480386,0 134.15082944,-1.82589444,0 134.15080329,-1.82203648,0 134.14747954,-1.82983657,0 134.14540048,-1.85097576,0 134.15018088,-1.86541138,0 134.14670603,-1.87619090,0 134.14862649,-1.88676149,0 134.14101179,-1.89664926,0 134.14847320,-1.89867714,0 134.14939547,-1.90188946,0 134.13816169,-1.90221249,0 134.13469874,-1.90684254,0 134.13897682,-1.91424933,0 134.14454610,-1.90789647,0 134.14743785,-1.91308883,0 134.15049620,-1.90597028,0 134.15380445,-1.90885359,0 134.16621634,-1.95091881,0 134.17117872,-1.94376437,0 134.17013150,-1.93109456,0 134.17649810,-1.91624731,0 134.17276144,-1.91274187,0 134.17850923,-1.91411772,0 134.18206739,-1.91127031,0 134.18576835,-1.88590674,0 134.18880290,-1.88779704,0 134.18987391,-1.88114509,0 134.19127813,-1.88658868,0 134.18680366,-1.90515673,0 134.19115913,-1.90419961,0 134.21573302,-1.83044186,0 134.20824780,-1.81089275,0 134.20539176,-1.81031848,0 134.19700212,-1.83466513,0 134.19858485,-1.81640814,0 134.19420558,-1.80257780,0 134.19568120,-1.79389196,0 134.20605552,-1.78046963,0 134.20900978,-1.78604050,0 134.20876223,-1.80005311,0 134.22093340,-1.79249218,0 134.22475336,-1.78012144,0 134.22851382,-1.77815935,0 134.23442821,-1.76062018,0 134.23855757,-1.75685153,0 134.23956318,-1.74691435,0 134.22186760,-1.73394541,0 134.22071328,-1.74299615,0 134.21033037,-1.73977186,0 134.20991386,-1.74424639,0 134.20365437,-1.73712184,0</coordinates></LinearRing></outerBoundaryIs></Polygon></Placemark><Placemark><name>Province Papua Barat - Bagian 0005</name><visibility>1</visibility><styleUrl>#papua-barat-google-earth</styleUrl><Polygon><extrude>0</extrude><tessellate>1</tessellate><altitudeMode>clampToGround</altitudeMode><outerBoundaryIs><LinearRing><coordinates>133.86767362,-2.38531524,0 133.85083656,-2.38749483,0 133.83861267,-2.39536212,0 133.86622489,-2.44029872,0 133.88951688,-2.46086881,0 133.89910635,-2.47645000,0 133.90695857,-2.47896271,0 133.93002030,-2.46854067,0 133.95543422,-2.46479783,0 133.96432514,-2.46667860,0 133.97473271,-2.47645336,0 133.98471455,-2.44906576,0 133.96770617,-2.43679726,0 133.95460961,-2.43702569,0 133.94653848,-2.43120077,0 133.94121801,-2.39602282,0 133.91229328,-2.39651775,0 133.86767362,-2.38531524,0</coordinates></LinearRing></outerBoundaryIs></Polygon></Placemark><Placemark><name>Province Papua Barat - Bagian 0006</name><visibility>1</visibility><styleUrl>#papua-barat-google-earth</styleUrl><Polygon><extrude>0</extrude><tessellate>1</tessellate><altitudeMode>clampToGround</altitudeMode><outerBoundaryIs><LinearRing><coordinates>133.50592051,-2.41770826,0 133.49065768,-2.41427341,0 133.48412141,-2.42865187,0 133.49471036,-2.44274452,0 133.50460229,-2.44999689,0 133.50539703,-2.46103824,0 133.51193887,-2.46668377,0 133.51245757,-2.47404721,0 133.51861493,-2.48173956,0 133.55146660,-2.49617655,0 133.56457696,-2.51395001,0 133.58284170,-2.52172609,0 133.59615681,-2.52059615,0 133.60680564,-2.50661737,0 133.61508467,-2.50237322,0 133.61553716,-2.48809701,0 133.59949007,-2.45792544,0 133.59481211,-2.46149152,0 133.59123632,-2.45651224,0 133.58306977,-2.45648158,0 133.57668353,-2.44954264,0 133.56536682,-2.44764383,0 133.56120663,-2.44393009,0 133.55402185,-2.44928204,0 133.54931809,-2.44785161,0 133.54414655,-2.43957313,0 133.50592051,-2.41770826,0</coordinates></LinearRing></outerBoundaryIs></Polygon></Placemark><Placemark><name>Province Papua Barat - Bagian 0007</name><visibility>1</visibility><styleUrl>#papua-barat-google-earth</styleUrl><Polygon><extrude>0</extrude><tessellate>1</tessellate><altitudeMode>clampToGround</altitudeMode><outerBoundaryIs><LinearRing><coordinates>133.72987556,-2.55619610,0 133.71992696,-2.55661260,0 133.70702076,-2.55145393,0 133.69893059,-2.53805281,0 133.69369578,-2.53818606,0 133.70247347,-2.57318991,0 133.69334657,-2.59975918,0 133.69334657,-2.61040810,0 133.72988032,-2.62059156,0 133.74366574,-2.61788484,0 133.75245989,-2.62006921,0 133.75759377,-2.63070609,0 133.75464654,-2.65696549,0 133.75143463,-2.66125602,0 133.74333451,-2.66330736,0 133.75000856,-2.67122776,0 133.75850798,-2.67236738,0 133.76757784,-2.66080017,0 133.78463374,-2.65829297,0 133.79614027,-2.64543435,0 133.78200930,-2.61129651,0 133.77458529,-2.58181510,0 133.75315346,-2.55740004,0 133.74094236,-2.56212344,0 133.72987556,-2.55619610,0</coordinates></LinearRing></outerBoundaryIs></Polygon></Placemark><Placemark><name>Province Papua Barat - Bagian 0008</name><visibility>1</visibility><styleUrl>#papua-barat-google-earth</styleUrl><Polygon><extrude>0</extrude><tessellate>1</tessellate><altitudeMode>clampToGround</altitudeMode><outerBoundaryIs><LinearRing><coordinates>133.99856276,-2.24453107,0 133.98595996,-2.22731424,0 133.98400525,-2.23919241,0 133.98043529,-2.24202935,0 133.95422189,-2.23391078,0 133.94815426,-2.24466595,0 133.95423527,-2.23969436,0 133.95985675,-2.24100306,0 133.95845882,-2.24472097,0 133.96167109,-2.24701120,0 133.95307529,-2.24564301,0 133.94684292,-2.25134393,0 133.94136195,-2.27703390,0 133.92710502,-2.30603834,0 133.91455098,-2.30907929,0 133.90422225,-2.30673586,0 133.88181011,-2.30834675,0 133.87931881,-2.31171607,0 133.87246121,-2.30635205,0 133.85928851,-2.30728480,0 133.83107881,-2.31790820,0 133.82331104,-2.33199965,0 133.83959726,-2.33336682,0 133.85445283,-2.34252715,0 133.87201587,-2.33882233,0 133.89786276,-2.32670136,0 133.94576131,-2.32344150,0 133.96642158,-2.30448419,0 133.98986257,-2.29923334,0 133.98252788,-2.28014512,0 133.98895266,-2.26164869,0 133.99776856,-2.25408701,0 133.99856276,-2.24453107,0</coordinates></LinearRing></outerBoundaryIs></Polygon></Placemark><Placemark><name>Province Papua Barat - Bagian 0009</name><visibility>1</visibility><styleUrl>#papua-barat-google-earth</styleUrl><Polygon><extrude>0</extrude><tessellate>1</tessellate><altitudeMode>clampToGround</altitudeMode><outerBoundaryIs><LinearRing><coordinates>133.83183410,-2.40893896,0 133.79365399,-2.41827549,0 133.76527161,-2.41915128,0 133.75922556,-2.42049553,0 133.76055503,-2.42358907,0 133.75167488,-2.42021023,0 133.73720776,-2.42456940,0 133.72918818,-2.44072753,0 133.74766838,-2.47195822,0 133.76773900,-2.48119425,0 133.77541837,-2.48161398,0 133.80900108,-2.46603898,0 133.81556839,-2.45949071,0 133.81871879,-2.44423360,0 133.82570489,-2.44258702,0 133.83771641,-2.44926854,0 133.84370274,-2.45872571,0 133.85244726,-2.46398432,0 133.85380355,-2.47212921,0 133.85869298,-2.46873200,0 133.86541793,-2.46941312,0 133.86462911,-2.46313987,0 133.86939152,-2.45443783,0 133.84765633,-2.42849456,0 133.84187424,-2.41441053,0 133.83183410,-2.40893896,0</coordinates></LinearRing></outerBoundaryIs></Polygon></Placemark><Placemark><name>Province Papua Barat - Bagian 0010</name><visibility>1</visibility><styleUrl>#papua-barat-google-earth</styleUrl><Polygon><extrude>0</extrude><tessellate>1</tessellate><altitudeMode>clampToGround</altitudeMode><outerBoundaryIs><LinearRing><coordinates>133.93646846,-2.32759881,0 133.89838713,-2.33288609,0 133.88809820,-2.34055847,0 133.82481451,-2.36876416,0 133.82642144,-2.37249198,0 133.82268568,-2.37468109,0 133.87058423,-2.37157827,0 133.91627298,-2.38756611,0 133.93819971,-2.38816097,0 133.94860985,-2.39460931,0 133.96550534,-2.38630571,0 133.98812449,-2.38891835,0 133.98609739,-2.36598313,0 133.97055697,-2.35244764,0 133.95833606,-2.35273318,0 133.95055998,-2.34173055,0 133.94688871,-2.32894214,0 133.93646846,-2.32759881,0</coordinates></LinearRing></outerBoundaryIs></Polygon></Placemark><Placemark><name>Province Papua Barat - Bagian 0011</name><visibility>1</visibility><styleUrl>#papua-barat-google-earth</styleUrl><Polygon><extrude>0</extrude><tessellate>1</tessellate><altitudeMode>clampToGround</altitudeMode><outerBoundaryIs><LinearRing><coordinates>134.09782151,-3.91551812,0 134.05963204,-3.91916087,0 134.05411388,-3.91702676,0 134.05063362,-3.92160725,0 134.06195202,-3.92977479,0 134.06259272,-3.93445944,0 134.06598089,-3.93526553,0 134.06462582,-3.93978577,0 134.07021007,-3.93879946,0 134.07148583,-3.94364053,0 134.07476732,-3.94150057,0 134.07242975,-3.95452755,0 134.07903833,-3.97363622,0 134.08361488,-3.97802657,0 134.08323226,-3.98394287,0 134.08477986,-3.98160148,0 134.09625838,-3.98976208,0 134.10648626,-3.98715323,0 134.11075680,-3.99252817,0 134.12080836,-3.99645101,0 134.12882048,-3.99315594,0 134.13445123,-3.99856969,0 134.13768349,-3.99614264,0 134.14190655,-4.00047946,0 134.15007845,-4.00038988,0 134.15991535,-4.00815511,0 134.17044741,-4.00644677,0 134.17036262,-4.00896551,0 134.16544230,-4.00795730,0 134.16738676,-4.01343718,0 134.16503349,-4.01264569,0 134.16399097,-4.01621235,0 134.17003267,-4.01703166,0 134.17390324,-4.01286884,0 134.17279565,-4.01906300,0 134.17573277,-4.01497682,0 134.17696362,-4.01634098,0 134.17663875,-4.01978548,0 134.18679886,-4.02110096,0 134.18794799,-4.02417368,0 134.18979904,-4.02181626,0 134.19113452,-4.02464990,0 134.19644289,-4.01996298,0 134.19295270,-4.02731067,0 134.20364440,-4.03128120,0 134.20496584,-4.02467073,0 134.20986286,-4.02500653,0 134.20543299,-4.01565009,0 134.20306477,-4.01476283,0 134.19917375,-4.02018343,0 134.18821685,-4.00957501,0 134.18057298,-4.01071881,0 134.18019138,-4.00661574,0 134.17656277,-4.00887067,0 134.17949789,-4.00255299,0 134.17338321,-3.99954756,0 134.17308057,-3.99328942,0 134.16821454,-3.99455066,0 134.16829076,-3.98887645,0 134.16369785,-3.98229943,0 134.16675470,-3.97932040,0 134.16508044,-3.97444736,0 134.15644903,-3.96605225,0 134.15406359,-3.96692779,0 134.15868320,-3.97134466,0 134.15697475,-3.97367653,0 134.16433680,-3.97581804,0 134.16181749,-3.98268557,0 134.14876077,-3.96934043,0 134.14565887,-3.95942677,0 134.11911565,-3.93837838,0 134.12321697,-3.93380279,0 134.11628323,-3.93454051,0 134.11628171,-3.93107223,0 134.10661893,-3.92318404,0 134.10359062,-3.92705917,0 134.09782151,-3.91551812,0</coordinates></LinearRing></outerBoundaryIs></Polygon></Placemark><Placemark><name>Province Papua Barat - Bagian 0012</name><visibility>1</visibility><styleUrl>#papua-barat-google-earth</styleUrl><Polygon><extrude>0</extrude><tessellate>1</tessellate><altitudeMode>clampToGround</altitudeMode><outerBoundaryIs><LinearRing><coordinates>134.51205194,-2.36444446,0 134.50655538,-2.35919775,0 134.50296240,-2.35985210,0 134.50692420,-2.36846575,0 134.50504442,-2.37305811,0 134.51328926,-2.38158848,0 134.52502000,-2.38273062,0 134.50927986,-2.38575254,0 134.50694799,-2.39066612,0 134.51139758,-2.39981515,0 134.51854996,-2.40267932,0 134.52356853,-2.39950582,0 134.53010015,-2.40088591,0 134.53241302,-2.41416007,0 134.55037316,-2.41040375,0 134.56431680,-2.41757783,0 134.54631718,-2.42018100,0 134.54410025,-2.42393306,0 134.53153934,-2.42811627,0 134.53682136,-2.43189906,0 134.54331902,-2.43079631,0 134.54450207,-2.43568372,0 134.55454673,-2.43435303,0 134.56351730,-2.44124157,0 134.56845468,-2.43337745,0 134.57816288,-2.43074815,0 134.57643777,-2.42450206,0 134.57935737,-2.42008578,0 134.56672719,-2.41316631,0 134.56069164,-2.40580374,0 134.56378618,-2.40115479,0 134.57093884,-2.40087877,0 134.57487685,-2.40416243,0 134.57574535,-2.39783306,0 134.58093257,-2.39700025,0 134.58514422,-2.40018873,0 134.59055749,-2.39584621,0 134.58627226,-2.38168645,0 134.57782738,-2.38205723,0 134.57783927,-2.37044547,0 134.57203339,-2.36167715,0 134.57623314,-2.33929832,0 134.57227134,-2.33151748,0 134.57824854,-2.32049820,0 134.57546933,-2.31453051,0 134.56839819,-2.31075811,0 134.56899720,-2.30082482,0 134.57303276,-2.29361029,0 134.57071993,-2.28288368,0 134.56246407,-2.28122717,0 134.56017231,-2.28546225,0 134.56405444,-2.29504934,0 134.56118370,-2.29817593,0 134.56211907,-2.30414597,0 134.55782325,-2.30566940,0 134.56144003,-2.30818211,0 134.56379543,-2.31985821,0 134.55105606,-2.33341391,0 134.56911141,-2.34040953,0 134.56611140,-2.35186477,0 134.55826107,-2.35299212,0 134.56333657,-2.35983590,0 134.56357758,-2.36712807,0 134.55704754,-2.37023845,0 134.55357353,-2.36697859,0 134.51205194,-2.36444446,0</coordinates></LinearRing></outerBoundaryIs></Polygon></Placemark><Placemark><name>Province Papua Barat - Bagian 0013</name><visibility>1</visibility><styleUrl>#papua-barat-google-earth</styleUrl><Polygon><extrude>0</extrude><tessellate>1</tessellate><altitudeMode>clampToGround</altitudeMode><outerBoundaryIs><LinearRing><coordinates>133.48215194,-2.51440455,0 133.47416921,-2.50250434,0 133.46229767,-2.51479181,0 133.46237326,-2.53189116,0 133.47056241,-2.56842955,0 133.46350851,-2.58805397,0 133.46341333,-2.61864194,0 133.47579486,-2.63754259,0 133.49515438,-2.64297577,0 133.51362805,-2.62786455,0 133.51379585,-2.62035384,0 133.50123347,-2.61464340,0 133.49714682,-2.60461087,0 133.50049217,-2.59840259,0 133.51466953,-2.58853830,0 133.50946411,-2.57111859,0 133.48858450,-2.53743471,0 133.48215194,-2.51440455,0</coordinates></LinearRing></outerBoundaryIs></Polygon></Placemark><Placemark><name>Province Papua Barat - Bagian 0014</name><visibility>1</visibility><styleUrl>#papua-barat-google-earth</styleUrl><Polygon><extrude>0</extrude><tessellate>1</tessellate><altitudeMode>clampToGround</altitudeMode><outerBoundaryIs><LinearRing><coordinates>133.41373485,-2.54209622,0 133.40470479,-2.54624362,0 133.42069437,-2.56251049,0 133.42332129,-2.56879940,0 133.42024822,-2.58418857,0 133.43223985,-2.59256052,0 133.43617072,-2.60551907,0 133.43187041,-2.62942797,0 133.41986858,-2.64175794,0 133.40745850,-2.64001166,0 133.40609452,-2.65637529,0 133.39969961,-2.67056713,0 133.39906579,-2.68588073,0 133.41050413,-2.69380455,0 133.41965480,-2.68576202,0 133.41582221,-2.68107299,0 133.41903089,-2.67326780,0 133.42841924,-2.67665104,0 133.43450560,-2.67485537,0 133.43395012,-2.64355965,0 133.43646835,-2.64081543,0 133.45272567,-2.63952189,0 133.45793408,-2.62218636,0 133.45175679,-2.58464814,0 133.45249091,-2.55736034,0 133.44168538,-2.55480238,0 133.43360513,-2.54652047,0 133.41373485,-2.54209622,0</coordinates></LinearRing></outerBoundaryIs></Polygon></Placemark><Placemark><name>Province Papua Barat - Bagian 0015</name><visibility>1</visibility><styleUrl>#papua-barat-google-earth</styleUrl><Polygon><extrude>0</extrude><tessellate>1</tessellate><altitudeMode>clampToGround</altitudeMode><outerBoundaryIs><LinearRing><coordinates>132.65638286,-3.40130123,0 132.64525412,-3.39966654,0 132.63090597,-3.40509171,0 132.63035631,-3.42245226,0 132.63903983,-3.43145434,0 132.66053104,-3.43873920,0 132.67525808,-3.44678210,0 132.67807997,-3.45170892,0 132.67926732,-3.44924856,0 132.68377640,-3.45161612,0 132.68068310,-3.45116402,0 132.68011203,-3.45558982,0 132.67674510,-3.45531618,0 132.67372318,-3.46070566,0 132.67878905,-3.48001499,0 132.67720671,-3.48937817,0 132.69392242,-3.49976451,0 132.69446732,-3.50866846,0 132.70259080,-3.51123352,0 132.71825955,-3.50542763,0 132.72462461,-3.49251906,0 132.71936600,-3.49135312,0 132.72287571,-3.48301311,0 132.71310802,-3.47047335,0 132.71508297,-3.46822476,0 132.71215623,-3.46291856,0 132.70213870,-3.45136628,0 132.68186926,-3.44492627,0 132.68605712,-3.44179490,0 132.68299237,-3.43463748,0 132.68683758,-3.43114443,0 132.68666626,-3.43003084,0 132.68328742,-3.43103973,0 132.68560978,-3.42732777,0 132.67144723,-3.41027180,0 132.65638286,-3.40130123,0</coordinates></LinearRing></outerBoundaryIs></Polygon></Placemark><Placemark><name>Province Papua Barat - Bagian 0016</name><visibility>1</visibility><styleUrl>#papua-barat-google-earth</styleUrl><Polygon><extrude>0</extrude><tessellate>1</tessellate><altitudeMode>clampToGround</altitudeMode><outerBoundaryIs><LinearRing><coordinates>133.87173441,-3.71647052,0 133.86602675,-3.72747664,0 133.87732837,-3.76961018,0 133.88467648,-3.77858610,0 133.88230548,-3.78385433,0 133.88364094,-3.79724996,0 133.88838618,-3.80987657,0 133.89197104,-3.80885704,0 133.89029570,-3.81498765,0 133.89553334,-3.83217501,0 133.91178773,-3.85313713,0 133.91468067,-3.85204268,0 133.91267736,-3.85562502,0 133.91475889,-3.85880345,0 133.92139426,-3.86178206,0 133.91778540,-3.87061326,0 133.92516827,-3.87384417,0 133.92284905,-3.86192165,0 133.92762498,-3.85894700,0 133.93045594,-3.85173622,0 133.92670172,-3.84957120,0 133.92480809,-3.84146194,0 133.91958670,-3.84461201,0 133.92326396,-3.82898594,0 133.91042325,-3.80385205,0 133.90451400,-3.80205739,0 133.90690028,-3.79589339,0 133.90089662,-3.78701575,0 133.89853452,-3.76404816,0 133.89699677,-3.75824164,0 133.89468211,-3.75853417,0 133.89816053,-3.74459118,0 133.89149936,-3.73076636,0 133.88754364,-3.72795225,0 133.88504379,-3.73196304,0 133.88657914,-3.72422288,0 133.88400829,-3.72074292,0 133.87173441,-3.71647052,0</coordinates></LinearRing></outerBoundaryIs></Polygon></Placemark><Placemark><name>Province Papua Barat - Bagian 0017</name><visibility>1</visibility><styleUrl>#papua-barat-google-earth</styleUrl><Polygon><extrude>0</extrude><tessellate>1</tessellate><altitudeMode>clampToGround</altitudeMode><outerBoundaryIs><LinearRing><coordinates>133.76305971,-2.51188341,0 133.76087748,-2.52092029,0 133.76077070,-2.54885888,0 133.76733581,-2.56230383,0 133.78387638,-2.58308759,0 133.78922860,-2.61174211,0 133.79793664,-2.63307645,0 133.80434122,-2.62301435,0 133.80628327,-2.58739952,0 133.80138902,-2.54206110,0 133.78481173,-2.51614673,0 133.76305971,-2.51188341,0</coordinates></LinearRing></outerBoundaryIs></Polygon></Placemark><Placemark><name>Province Papua Barat - Bagian 0018</name><visibility>1</visibility><styleUrl>#papua-barat-google-earth</styleUrl><Polygon><extrude>0</extrude><tessellate>1</tessellate><altitudeMode>clampToGround</altitudeMode><outerBoundaryIs><LinearRing><coordinates>133.89474508,-2.18640158,0 133.88831406,-2.19401600,0 133.85403898,-2.20491477,0 133.85607818,-2.20855653,0 133.86506540,-2.20884682,0 133.86904386,-2.21210193,0 133.86270624,-2.21990432,0 133.86774848,-2.22852098,0 133.85818305,-2.23363206,0 133.85604729,-2.23793870,0 133.84964178,-2.23831180,0 133.84722901,-2.24250441,0 133.84334573,-2.26627522,0 133.84922204,-2.28384849,0 133.85546307,-2.27878307,0 133.85561298,-2.28130292,0 133.86951320,-2.27709023,0 133.88931920,-2.26498571,0 133.88253726,-2.24891489,0 133.88253726,-2.23989673,0 133.88591609,-2.23036699,0 133.89705197,-2.22431126,0 133.90198269,-2.21535259,0 133.90023543,-2.20580119,0 133.90474927,-2.19495085,0 133.89474508,-2.18640158,0</coordinates></LinearRing></outerBoundaryIs></Polygon></Placemark><Placemark><name>Province Papua Barat - Bagian 0019</name><visibility>1</visibility><styleUrl>#papua-barat-google-earth</styleUrl><Polygon><extrude>0</extrude><tessellate>1</tessellate><altitudeMode>clampToGround</altitudeMode><outerBoundaryIs><LinearRing><coordinates>133.84584789,-2.20186065,0 133.83467898,-2.20638686,0 133.83394213,-2.21070616,0 133.84448730,-2.21120268,0 133.84530108,-2.21357262,0 133.83405099,-2.21273029,0 133.82943959,-2.21851238,0 133.82865437,-2.22539378,0 133.83836257,-2.22650737,0 133.84273097,-2.23134422,0 133.83630642,-2.24146644,0 133.82404268,-2.24152355,0 133.81944556,-2.24514985,0 133.80962077,-2.23815447,0 133.80686535,-2.23962498,0 133.80954938,-2.24763425,0 133.80485233,-2.25227419,0 133.80619434,-2.26555159,0 133.79891289,-2.28248086,0 133.81939874,-2.29215915,0 133.82936868,-2.29240899,0 133.84352620,-2.28525448,0 133.84094496,-2.26536409,0 133.84499956,-2.24234994,0 133.84864014,-2.23699615,0 133.86523770,-2.22856674,0 133.86147733,-2.21961062,0 133.86586068,-2.21104193,0 133.85541992,-2.20973171,0 133.84584789,-2.20186065,0</coordinates></LinearRing></outerBoundaryIs></Polygon></Placemark><Placemark><name>Province Papua Barat - Bagian 0020</name><visibility>1</visibility><styleUrl>#papua-barat-google-earth</styleUrl><Polygon><extrude>0</extrude><tessellate>1</tessellate><altitudeMode>clampToGround</altitudeMode><outerBoundaryIs><LinearRing><coordinates>133.69439534,-2.49864656,0 133.69159947,-2.50830717,0 133.69518056,-2.52658143,0 133.70713735,-2.54940046,0 133.73010500,-2.55421382,0 133.73733271,-2.56015879,0 133.74390003,-2.56061089,0 133.75134781,-2.55471689,0 133.74474307,-2.53851618,0 133.74160385,-2.51842305,0 133.73490566,-2.50535981,0 133.69439534,-2.49864656,0</coordinates></LinearRing></outerBoundaryIs></Polygon></Placemark><Placemark><name>Province Papua Barat - Bagian 0021</name><visibility>1</visibility><styleUrl>#papua-barat-google-earth</styleUrl><Polygon><extrude>0</extrude><tessellate>1</tessellate><altitudeMode>clampToGround</altitudeMode><outerBoundaryIs><LinearRing><coordinates>133.83699757,-2.14712142,0 133.81900842,-2.14998333,0 133.78246446,-2.17602375,0 133.77633740,-2.18500633,0 133.77577805,-2.19512783,0 133.79837944,-2.19791343,0 133.84068230,-2.18954535,0 133.84241645,-2.18332288,0 133.83670152,-2.17396038,0 133.83493120,-2.16081148,0 133.83777228,-2.15742789,0 133.85239394,-2.15620028,0 133.85925036,-2.15233252,0 133.83699757,-2.14712142,0</coordinates></LinearRing></outerBoundaryIs></Polygon></Placemark><Placemark><name>Province Papua Barat - Bagian 0022</name><visibility>1</visibility><styleUrl>#papua-barat-google-earth</styleUrl><Polygon><extrude>0</extrude><tessellate>1</tessellate><altitudeMode>clampToGround</altitudeMode><outerBoundaryIs><LinearRing><coordinates>133.81924573,-2.22172516,0 133.81683057,-2.22762623,0 133.81032513,-2.23078139,0 133.79650815,-2.22225230,0 133.76780241,-2.23442760,0 133.76292071,-2.24613034,0 133.77052309,-2.26102101,0 133.77142966,-2.27170003,0 133.77908915,-2.26983691,0 133.77594934,-2.27435913,0 133.78038747,-2.27835828,0 133.78847764,-2.28113035,0 133.79335554,-2.27871520,0 133.80298211,-2.26586416,0 133.80294642,-2.25068320,0 133.80841918,-2.24745903,0 133.80628956,-2.23801257,0 133.80921630,-2.23639454,0 133.81843671,-2.24315221,0 133.83487879,-2.24009460,0 133.84170784,-2.23209961,0 133.81924573,-2.22172516,0</coordinates></LinearRing></outerBoundaryIs></Polygon></Placemark><Placemark><name>Province Papua Barat - Bagian 0023</name><visibility>1</visibility><styleUrl>#papua-barat-google-earth</styleUrl><Polygon><extrude>0</extrude><tessellate>1</tessellate><altitudeMode>clampToGround</altitudeMode><outerBoundaryIs><LinearRing><coordinates>133.39905920,-2.54887106,0 133.39389577,-2.55416774,0 133.39126408,-2.56567482,0 133.40212394,-2.59179654,0 133.40126453,-2.60315627,0 133.41272326,-2.61401478,0 133.40097348,-2.61996105,0 133.40796810,-2.63742610,0 133.41883590,-2.64101555,0 133.43164695,-2.62661154,0 133.43259421,-2.59889051,0 133.42975918,-2.59394845,0 133.41925186,-2.58827335,0 133.41879064,-2.56479679,0 133.39905920,-2.54887106,0</coordinates></LinearRing></outerBoundaryIs></Polygon></Placemark><Placemark><name>Province Papua Barat - Bagian 0024</name><visibility>1</visibility><styleUrl>#papua-barat-google-earth</styleUrl><Polygon><extrude>0</extrude><tessellate>1</tessellate><altitudeMode>clampToGround</altitudeMode><outerBoundaryIs><LinearRing><coordinates>133.71799555,-2.17678166,0 133.71531152,-2.19435636,0 133.70826681,-2.20566149,0 133.69049024,-2.21799784,0 133.67435351,-2.22120605,0 133.67445267,-2.23126333,0 133.67929487,-2.23177492,0 133.68593119,-2.23931781,0 133.69464954,-2.23615789,0 133.71592637,-2.21914888,0 133.73594953,-2.20737055,0 133.74723021,-2.20455235,0 133.76209173,-2.18695623,0 133.76567995,-2.17699581,0 133.74881909,-2.18096475,0 133.71799555,-2.17678166,0</coordinates></LinearRing></outerBoundaryIs></Polygon></Placemark><Placemark><name>Province Papua Barat - Bagian 0025</name><visibility>1</visibility><styleUrl>#papua-barat-google-earth</styleUrl><Polygon><extrude>0</extrude><tessellate>1</tessellate><altitudeMode>clampToGround</altitudeMode><outerBoundaryIs><LinearRing><coordinates>133.53242239,-2.54772291,0 133.52058336,-2.56514196,0 133.51938372,-2.57997047,0 133.53283639,-2.60428397,0 133.55484815,-2.60261853,0 133.56102544,-2.60597347,0 133.55997965,-2.59749112,0 133.56682483,-2.58956075,0 133.55925354,-2.58262519,0 133.55776448,-2.57525538,0 133.56878407,-2.55421014,0 133.56270455,-2.55081941,0 133.55248476,-2.55310369,0 133.53242239,-2.54772291,0</coordinates></LinearRing></outerBoundaryIs></Polygon></Placemark><Placemark><name>Province Papua Barat - Bagian 0026</name><visibility>1</visibility><styleUrl>#papua-barat-google-earth</styleUrl><Polygon><extrude>0</extrude><tessellate>1</tessellate><altitudeMode>clampToGround</altitudeMode><outerBoundaryIs><LinearRing><coordinates>133.33278352,-2.42286860,0 133.32610727,-2.42283711,0 133.31485019,-2.44060390,0 133.33226171,-2.46012513,0 133.33846686,-2.47431909,0 133.36644933,-2.49676217,0 133.36923805,-2.49602929,0 133.36911432,-2.47726010,0 133.36017707,-2.44725034,0 133.33278352,-2.42286860,0</coordinates></LinearRing></outerBoundaryIs></Polygon></Placemark><Placemark><name>Province Papua Barat - Bagian 0027</name><visibility>1</visibility><styleUrl>#papua-barat-google-earth</styleUrl><Polygon><extrude>0</extrude><tessellate>1</tessellate><altitudeMode>clampToGround</altitudeMode><outerBoundaryIs><LinearRing><coordinates>134.37487203,-3.98053177,0 134.37991887,-3.99727366,0 134.37999501,-4.00045262,0 134.37658762,-4.00077623,0 134.37902419,-4.00484986,0 134.38054704,-4.00290822,0 134.38281229,-4.00722932,0 134.38029958,-4.00681054,0 134.38095155,-4.01265450,0 134.38600791,-4.01772275,0 134.37948818,-4.01896007,0 134.37740616,-4.02360002,0 134.36869733,-4.02093502,0 134.37002983,-4.02393314,0 134.36377184,-4.02812099,0 134.36839990,-4.02922744,0 134.36216571,-4.03004836,0 134.36268919,-4.03304648,0 134.40291606,-4.03227629,0 134.42266250,-4.02484463,0 134.43401586,-4.02788021,0 134.44457834,-4.01970960,0 134.42771986,-4.01131010,0 134.42654203,-4.01310659,0 134.42501917,-4.01179789,0 134.42774365,-4.00720553,0 134.42256833,-4.00302958,0 134.41312187,-4.00460002,0 134.40493652,-3.99527253,0 134.40147440,-3.99609345,0 134.39833352,-3.99203647,0 134.39315819,-3.99365450,0 134.39181379,-3.99075156,0 134.38966038,-3.99250046,0 134.38654329,-3.98526690,0 134.38477059,-3.98831261,0 134.37961905,-3.98593315,0 134.38065412,-3.98348230,0 134.37487203,-3.98053177,0</coordinates></LinearRing></outerBoundaryIs></Polygon></Placemark><Placemark><name>Province Papua Barat - Bagian 0028</name><visibility>1</visibility><styleUrl>#papua-barat-google-earth</styleUrl><Polygon><extrude>0</extrude><tessellate>1</tessellate><altitudeMode>clampToGround</altitudeMode><outerBoundaryIs><LinearRing><coordinates>132.43766572,-3.09696567,0 132.44201290,-3.10488171,0 132.44723115,-3.10542466,0 132.45861687,-3.11750042,0 132.45864067,-3.12195001,0 132.46577191,-3.12314133,0 132.47160326,-3.12972642,0 132.47485193,-3.12552079,0 132.47833547,-3.13246882,0 132.48841374,-3.13100225,0 132.48874824,-3.13449552,0 132.51446916,-3.13491588,0 132.52748825,-3.14156042,0 132.53078656,-3.14654961,0 132.54534014,-3.14984777,0 132.54540890,-3.14388435,0 132.54290081,-3.14345849,0 132.54649417,-3.14207883,0 132.54698196,-3.13438127,0 132.54244909,-3.14022285,0 132.54171744,-3.13655402,0 132.52660174,-3.13045652,0 132.52053848,-3.12300680,0 132.50412835,-3.11415007,0 132.47309589,-3.10718546,0 132.46734949,-3.10114163,0 132.43766572,-3.09696567,0</coordinates></LinearRing></outerBoundaryIs></Polygon></Placemark><Placemark><name>Province Papua Barat - Bagian 0029</name><visibility>1</visibility><styleUrl>#papua-barat-google-earth</styleUrl><Polygon><extrude>0</extrude><tessellate>1</tessellate><altitudeMode>clampToGround</altitudeMode><outerBoundaryIs><LinearRing><coordinates>133.44215181,-2.49917174,0 133.42288266,-2.50417484,0 133.41758359,-2.51615205,0 133.40151644,-2.53676259,0 133.40338148,-2.54434384,0 133.41373997,-2.54100933,0 133.42557422,-2.54169640,0 133.44244056,-2.55384367,0 133.45169190,-2.55501436,0 133.45235228,-2.54637204,0 133.44983005,-2.54344054,0 133.45238337,-2.53327358,0 133.44215181,-2.49917174,0</coordinates></LinearRing></outerBoundaryIs></Polygon></Placemark><Placemark><name>Province Papua Barat - Bagian 0030</name><visibility>1</visibility><styleUrl>#papua-barat-google-earth</styleUrl><Polygon><extrude>0</extrude><tessellate>1</tessellate><altitudeMode>clampToGround</altitudeMode><outerBoundaryIs><LinearRing><coordinates>133.93308202,-2.19082206,0 133.92030717,-2.18707964,0 133.90560825,-2.19338279,0 133.90316870,-2.21751612,0 133.89701435,-2.22610934,0 133.90379581,-2.22933589,0 133.92128314,-2.25161479,0 133.93243308,-2.25688335,0 133.93434211,-2.24502449,0 133.93112270,-2.23949225,0 133.93358370,-2.23266097,0 133.93048283,-2.21635956,0 133.93308202,-2.19082206,0</coordinates></LinearRing></outerBoundaryIs></Polygon></Placemark><Placemark><name>Province Papua Barat - Bagian 0031</name><visibility>1</visibility><styleUrl>#papua-barat-google-earth</styleUrl><Polygon><extrude>0</extrude><tessellate>1</tessellate><altitudeMode>clampToGround</altitudeMode><outerBoundaryIs><LinearRing><coordinates>133.91682404,-2.13609294,0 133.90314809,-2.14312425,0 133.88102426,-2.14398006,0 133.87535452,-2.14750918,0 133.87132946,-2.16238607,0 133.87807646,-2.16419761,0 133.88587371,-2.17447981,0 133.91240869,-2.16162596,0 133.93015947,-2.16115006,0 133.93398016,-2.15197327,0 133.93627907,-2.15414566,0 133.93917414,-2.14335861,0 133.93816186,-2.13564084,0 133.91682404,-2.13609294,0</coordinates></LinearRing></outerBoundaryIs></Polygon></Placemark><Placemark><name>Province Papua Barat - Bagian 0032</name><visibility>1</visibility><styleUrl>#papua-barat-google-earth</styleUrl><Polygon><extrude>0</extrude><tessellate>1</tessellate><altitudeMode>clampToGround</altitudeMode><outerBoundaryIs><LinearRing><coordinates>132.46967725,-2.62510640,0 132.46386841,-2.62462371,0 132.46676659,-2.62590862,0 132.46740904,-2.63664474,0 132.46479640,-2.63478877,0 132.46302608,-2.62932076,0 132.45817271,-2.63207132,0 132.46052764,-2.63928595,0 132.45608809,-2.64243147,0 132.45993442,-2.64411123,0 132.46115582,-2.64045664,0 132.46355432,-2.64556772,0 132.45121324,-2.64534677,0 132.45341538,-2.65261517,0 132.45736974,-2.65240327,0 132.45290841,-2.65338978,0 132.45856582,-2.65695366,0 132.45578455,-2.65977048,0 132.45769918,-2.65819241,0 132.45793784,-2.66273144,0 132.46100536,-2.66305560,0 132.46115589,-2.66790098,0 132.47190159,-2.66788731,0 132.48159452,-2.65899773,0 132.49592926,-2.65924147,0 132.49825638,-2.65517123,0 132.50186535,-2.65663995,0 132.50864711,-2.65355495,0 132.50609432,-2.65228732,0 132.50980628,-2.64888945,0 132.50870697,-2.63676372,0 132.50187316,-2.63632590,0 132.49973164,-2.63056760,0 132.49468719,-2.63551688,0 132.48956659,-2.63239503,0 132.47795913,-2.63228655,0 132.46967725,-2.62510640,0</coordinates></LinearRing></outerBoundaryIs></Polygon></Placemark><Placemark><name>Province Papua Barat - Bagian 0033</name><visibility>1</visibility><styleUrl>#papua-barat-google-earth</styleUrl><Polygon><extrude>0</extrude><tessellate>1</tessellate><altitudeMode>clampToGround</altitudeMode><outerBoundaryIs><LinearRing><coordinates>133.89625492,-2.26804823,0 133.87327781,-2.27843046,0 133.86665279,-2.29063637,0 133.88026932,-2.29694479,0 133.92069891,-2.30111412,0 133.92605591,-2.29292292,0 133.92603545,-2.27568080,0 133.91315463,-2.27438644,0 133.89625492,-2.26804823,0</coordinates></LinearRing></outerBoundaryIs></Polygon></Placemark><Placemark><name>Province Papua Barat - Bagian 0034</name><visibility>1</visibility><styleUrl>#papua-barat-google-earth</styleUrl><Polygon><extrude>0</extrude><tessellate>1</tessellate><altitudeMode>clampToGround</altitudeMode><outerBoundaryIs><LinearRing><coordinates>133.75609707,-2.21610361,0 133.74316232,-2.21594657,0 133.71974810,-2.22821380,0 133.69868511,-2.24688543,0 133.67765962,-2.25422797,0 133.67610300,-2.26411233,0 133.69335885,-2.25573663,0 133.70826379,-2.25291935,0 133.72077976,-2.24522893,0 133.73007869,-2.24471497,0 133.74656360,-2.24987364,0 133.75659540,-2.22394703,0 133.75609707,-2.21610361,0</coordinates></LinearRing></outerBoundaryIs></Polygon></Placemark><Placemark><name>Province Papua Barat - Bagian 0035</name><visibility>1</visibility><styleUrl>#papua-barat-google-earth</styleUrl><Polygon><extrude>0</extrude><tessellate>1</tessellate><altitudeMode>clampToGround</altitudeMode><outerBoundaryIs><LinearRing><coordinates>134.02131609,-3.80828153,0 134.01757902,-3.81581187,0 134.02824262,-3.82084478,0 134.02501131,-3.82157289,0 134.02198235,-3.81895387,0 134.01812953,-3.82327878,0 134.01560159,-3.81548176,0 134.00594288,-3.82419249,0 134.00702792,-3.81835044,0 133.99776854,-3.81743481,0 133.99568289,-3.82775471,0 134.00352085,-3.83202377,0 134.00679975,-3.82998695,0 134.00610971,-3.83419860,0 134.00138410,-3.83167637,0 133.99660138,-3.83324682,0 133.99835755,-3.84000494,0 133.99416256,-3.83458096,0 133.99821500,-3.85248756,0 134.00444158,-3.84703077,0 134.02756230,-3.84255398,0 134.03254737,-3.84462266,0 134.04014832,-3.84117953,0 134.04594743,-3.82809316,0 134.04464158,-3.82324477,0 134.03879382,-3.82132597,0 134.03443931,-3.81405622,0 134.02745902,-3.81545156,0 134.02131609,-3.80828153,0</coordinates></LinearRing></outerBoundaryIs></Polygon></Placemark><Placemark><name>Province Papua Barat - Bagian 0036</name><visibility>1</visibility><styleUrl>#papua-barat-google-earth</styleUrl><Polygon><extrude>0</extrude><tessellate>1</tessellate><altitudeMode>clampToGround</altitudeMode><outerBoundaryIs><LinearRing><coordinates>133.90092595,-2.22998605,0 133.89538181,-2.22764228,0 133.88915952,-2.23125906,0 133.88441250,-2.24210941,0 133.88574420,-2.25039628,0 133.89439354,-2.26315138,0 133.89965027,-2.26183700,0 133.91725114,-2.27193517,0 133.92529070,-2.27036686,0 133.93188369,-2.26224012,0 133.93180490,-2.25770902,0 133.92122038,-2.25330477,0 133.90092595,-2.22998605,0</coordinates></LinearRing></outerBoundaryIs></Polygon></Placemark><Placemark><name>Province Papua Barat - Bagian 0037</name><visibility>1</visibility><styleUrl>#papua-barat-google-earth</styleUrl><Polygon><extrude>0</extrude><tessellate>1</tessellate><altitudeMode>clampToGround</altitudeMode><outerBoundaryIs><LinearRing><coordinates>132.25024076,-2.96829533,0 132.24675837,-2.97075859,0 132.24286228,-2.96837836,0 132.21494246,-2.97006022,0 132.19597271,-2.97516285,0 132.19039488,-2.97134706,0 132.18338737,-2.97388118,0 132.17893778,-2.96991938,0 132.18123684,-2.96581306,0 132.17358086,-2.96506997,0 132.16970916,-2.96890870,0 132.17975915,-2.97906935,0 132.19165600,-2.97677223,0 132.19789736,-2.98001525,0 132.20596846,-2.97687931,0 132.21623920,-2.98221700,0 132.22237484,-2.97809283,0 132.23339906,-2.97965580,0 132.24627653,-2.97690310,0 132.25789440,-2.98118435,0 132.28357111,-2.98304782,0 132.29093901,-2.98738463,0 132.30360748,-2.98625272,0 132.31571535,-2.99349501,0 132.32083527,-2.99228531,0 132.31252981,-2.98697254,0 132.31191531,-2.98190707,0 132.30688140,-2.98239966,0 132.30286249,-2.97796196,0 132.29782279,-2.98290886,0 132.29067013,-2.97594894,0 132.28286788,-2.97958951,0 132.28029221,-2.97424591,0 132.27698481,-2.97805953,0 132.26802718,-2.97903986,0 132.26490098,-2.97557651,0 132.26668544,-2.97181979,0 132.26000822,-2.97122093,0 132.25439049,-2.97495908,0 132.25024076,-2.96829533,0</coordinates></LinearRing></outerBoundaryIs></Polygon></Placemark><Placemark><name>Province Papua Barat - Bagian 0038</name><visibility>1</visibility><styleUrl>#papua-barat-google-earth</styleUrl><Polygon><extrude>0</extrude><tessellate>1</tessellate><altitudeMode>clampToGround</altitudeMode><outerBoundaryIs><LinearRing><coordinates>133.77358479,-3.04990517,0 133.77308986,-3.05275100,0 133.76724590,-3.05115200,0 133.76262023,-3.05634875,0 133.75929850,-3.06136465,0 133.75946982,-3.07598406,0 133.76209675,-3.07992445,0 133.76393369,-3.07836352,0 133.77383463,-3.10085657,0 133.78297176,-3.09891017,0 133.79024101,-3.10295525,0 133.78955097,-3.10918944,0 133.79262048,-3.10922513,0 133.79322724,-3.08615626,0 133.78523225,-3.07778055,0 133.77358479,-3.04990517,0</coordinates></LinearRing></outerBoundaryIs></Polygon></Placemark><Placemark><name>Province Papua Barat - Bagian 0039</name><visibility>1</visibility><styleUrl>#papua-barat-google-earth</styleUrl><Polygon><extrude>0</extrude><tessellate>1</tessellate><altitudeMode>clampToGround</altitudeMode><outerBoundaryIs><LinearRing><coordinates>133.85125435,-2.10048248,0 133.84410407,-2.10062524,0 133.84141766,-2.10378636,0 133.83610310,-2.13083418,0 133.86925320,-2.14013165,0 133.87347624,-2.11245999,0 133.85125435,-2.10048248,0</coordinates></LinearRing></outerBoundaryIs></Polygon></Placemark><Placemark><name>Province Papua Barat - Bagian 0040</name><visibility>1</visibility><styleUrl>#papua-barat-google-earth</styleUrl><Polygon><extrude>0</extrude><tessellate>1</tessellate><altitudeMode>clampToGround</altitudeMode><outerBoundaryIs><LinearRing><coordinates>134.23944565,-4.00159275,0 134.23002656,-4.00181705,0 134.22695642,-4.00848511,0 134.22751565,-4.01401556,0 134.23079718,-4.01404441,0 134.23323997,-4.03544936,0 134.24230716,-4.04187121,0 134.24350665,-4.03980920,0 134.24342038,-4.04205452,0 134.25992539,-4.04237873,0 134.26127618,-4.04655748,0 134.26290349,-4.03318071,0 134.25898404,-4.01761737,0 134.23944565,-4.00159275,0</coordinates></LinearRing></outerBoundaryIs></Polygon></Placemark><Placemark><name>Province Papua Barat - Bagian 0041</name><visibility>1</visibility><styleUrl>#papua-barat-google-earth</styleUrl><Polygon><extrude>0</extrude><tessellate>1</tessellate><altitudeMode>clampToGround</altitudeMode><outerBoundaryIs><LinearRing><coordinates>133.92195486,-2.11211877,0 133.92173307,-2.09253115,0 133.91177741,-2.10279139,0 133.91587484,-2.10765976,0 133.89615982,-2.10729541,0 133.87588681,-2.11474312,0 133.87823058,-2.13417142,0 133.89887993,-2.13137729,0 133.92195486,-2.11211877,0</coordinates></LinearRing></outerBoundaryIs></Polygon></Placemark><Placemark><name>Province Papua Barat - Bagian 0042</name><visibility>1</visibility><styleUrl>#papua-barat-google-earth</styleUrl><Polygon><extrude>0</extrude><tessellate>1</tessellate><altitudeMode>clampToGround</altitudeMode><outerBoundaryIs><LinearRing><coordinates>134.68075000,-3.93673721,0 134.67852813,-3.94303323,0 134.69126652,-3.95367494,0 134.68880811,-3.95746433,0 134.69236965,-3.96380317,0 134.71738484,-3.95411225,0 134.72700381,-3.95393379,0 134.73121081,-3.95963899,0 134.73051946,-3.95452271,0 134.73793759,-3.95360368,0 134.73382188,-3.94703269,0 134.71817674,-3.93916664,0 134.68075000,-3.93673721,0</coordinates></LinearRing></outerBoundaryIs></Polygon></Placemark><Placemark><name>Province Papua Barat - Bagian 0043</name><visibility>1</visibility><styleUrl>#papua-barat-google-earth</styleUrl><Polygon><extrude>0</extrude><tessellate>1</tessellate><altitudeMode>clampToGround</altitudeMode><outerBoundaryIs><LinearRing><coordinates>134.37795619,-2.52610131,0 134.37669984,-2.52124721,0 134.36982795,-2.52397883,0 134.36949032,-2.54901477,0 134.37325378,-2.55163352,0 134.37758119,-2.56419999,0 134.38194036,-2.56564670,0 134.38274938,-2.57466962,0 134.38717366,-2.57595785,0 134.39136663,-2.57338460,0 134.39359995,-2.56086209,0 134.39360353,-2.53722767,0 134.37795619,-2.52610131,0</coordinates></LinearRing></outerBoundaryIs></Polygon></Placemark><Placemark><name>Province Papua Barat - Bagian 0044</name><visibility>1</visibility><styleUrl>#papua-barat-google-earth</styleUrl><Polygon><extrude>0</extrude><tessellate>1</tessellate><altitudeMode>clampToGround</altitudeMode><outerBoundaryIs><LinearRing><coordinates>133.66586851,-2.49298386,0 133.65282150,-2.48939188,0 133.63819884,-2.50759003,0 133.67110904,-2.53353130,0 133.67483031,-2.53277995,0 133.67517375,-2.52358793,0 133.66586851,-2.49298386,0</coordinates></LinearRing></outerBoundaryIs></Polygon></Placemark><Placemark><name>Province Papua Barat - Bagian 0045</name><visibility>1</visibility><styleUrl>#papua-barat-google-earth</styleUrl><Polygon><extrude>0</extrude><tessellate>1</tessellate><altitudeMode>clampToGround</altitudeMode><outerBoundaryIs><LinearRing><coordinates>133.39620321,-2.58650874,0 133.38990715,-2.58007468,0 133.38692410,-2.59918512,0 133.39294255,-2.63320427,0 133.38898896,-2.65550012,0 133.39508430,-2.66400719,0 133.40498060,-2.63746160,0 133.39910016,-2.61846716,0 133.41003858,-2.61353767,0 133.39951542,-2.60546115,0 133.39620321,-2.58650874,0</coordinates></LinearRing></outerBoundaryIs></Polygon></Placemark><Placemark><name>Province Papua Barat - Bagian 0046</name><visibility>1</visibility><styleUrl>#papua-barat-google-earth</styleUrl><Polygon><extrude>0</extrude><tessellate>1</tessellate><altitudeMode>clampToGround</altitudeMode><outerBoundaryIs><LinearRing><coordinates>133.52846425,-2.60997417,0 133.51615493,-2.59338572,0 133.49951787,-2.60423080,0 133.50162560,-2.61328042,0 133.51557070,-2.62135500,0 133.51390051,-2.62977410,0 133.50344588,-2.63661609,0 133.51260660,-2.64503816,0 133.52435581,-2.64159966,0 133.52281883,-2.62657076,0 133.52846425,-2.60997417,0</coordinates></LinearRing></outerBoundaryIs></Polygon></Placemark><Placemark><name>Province Papua Barat - Bagian 0047</name><visibility>1</visibility><styleUrl>#papua-barat-google-earth</styleUrl><Polygon><extrude>0</extrude><tessellate>1</tessellate><altitudeMode>clampToGround</altitudeMode><outerBoundaryIs><LinearRing><coordinates>133.94658700,-2.08262444,0 133.93673960,-2.08938687,0 133.92656741,-2.08994366,0 133.92814975,-2.11253208,0 133.92451631,-2.11621549,0 133.92892783,-2.11827848,0 133.92217492,-2.11813571,0 133.90173393,-2.13592761,0 133.93611010,-2.12613085,0 133.93917589,-2.10674897,0 133.95240308,-2.09951606,0 133.94737175,-2.09211539,0 133.95034547,-2.08874527,0 133.94658700,-2.08262444,0</coordinates></LinearRing></outerBoundaryIs></Polygon></Placemark><Placemark><name>Province Papua Barat - Bagian 0048</name><visibility>1</visibility><styleUrl>#papua-barat-google-earth</styleUrl><Polygon><extrude>0</extrude><tessellate>1</tessellate><altitudeMode>clampToGround</altitudeMode><outerBoundaryIs><LinearRing><coordinates>133.93464395,-2.17000880,0 133.92303307,-2.16799492,0 133.91438269,-2.17029351,0 133.89837129,-2.17798829,0 133.89518281,-2.18336587,0 133.90091494,-2.18456631,0 133.90556242,-2.19092473,0 133.91958220,-2.18501414,0 133.93367337,-2.18826925,0 133.93746023,-2.17766153,0 133.93464395,-2.17000880,0</coordinates></LinearRing></outerBoundaryIs></Polygon></Placemark><Placemark><name>Province Papua Barat - Bagian 0049</name><visibility>1</visibility><styleUrl>#papua-barat-google-earth</styleUrl><Polygon><extrude>0</extrude><tessellate>1</tessellate><altitudeMode>clampToGround</altitudeMode><outerBoundaryIs><LinearRing><coordinates>133.60943235,-3.41824712,0 133.60331538,-3.42747216,0 133.59724219,-3.42888700,0 133.59737908,-3.43265396,0 133.60630206,-3.43710117,0 133.60866598,-3.44458427,0 133.61688546,-3.45241146,0 133.62305931,-3.44456880,0 133.62170074,-3.44028989,0 133.62810065,-3.42815863,0 133.62341606,-3.42198843,0 133.60943235,-3.41824712,0</coordinates></LinearRing></outerBoundaryIs></Polygon></Placemark><Placemark><name>Province Papua Barat - Bagian 0050</name><visibility>1</visibility><styleUrl>#papua-barat-google-earth</styleUrl><Polygon><extrude>0</extrude><tessellate>1</tessellate><altitudeMode>clampToGround</altitudeMode><outerBoundaryIs><LinearRing><coordinates>133.96787096,-2.09607987,0 133.95689213,-2.09801437,0 133.95404677,-2.10374217,0 133.94208760,-2.10659753,0 133.93966975,-2.12773253,0 133.95098108,-2.12761579,0 133.96131137,-2.12044772,0 133.96094560,-2.11381086,0 133.96745618,-2.10811680,0 133.96787096,-2.09607987,0</coordinates></LinearRing></outerBoundaryIs></Polygon></Placemark><Placemark><name>Province Papua Barat - Bagian 0051</name><visibility>1</visibility><styleUrl>#papua-barat-google-earth</styleUrl><Polygon><extrude>0</extrude><tessellate>1</tessellate><altitudeMode>clampToGround</altitudeMode><outerBoundaryIs><LinearRing><coordinates>133.83922917,-2.35179796,0 133.84778005,-2.34468166,0 133.83609964,-2.33835713,0 133.81518513,-2.33542280,0 133.80510769,-2.34237530,0 133.80564830,-2.35314025,0 133.83922917,-2.35179796,0</coordinates></LinearRing></outerBoundaryIs></Polygon></Placemark><Placemark><name>Province Papua Barat - Bagian 0052</name><visibility>1</visibility><styleUrl>#papua-barat-google-earth</styleUrl><Polygon><extrude>0</extrude><tessellate>1</tessellate><altitudeMode>clampToGround</altitudeMode><outerBoundaryIs><LinearRing><coordinates>133.86445131,-2.17199361,0 133.85940763,-2.18897594,0 133.85124141,-2.19742205,0 133.85415886,-2.20014653,0 133.88624911,-2.19111302,0 133.88980402,-2.18732968,0 133.89116507,-2.18164277,0 133.87941054,-2.18074452,0 133.86445131,-2.17199361,0</coordinates></LinearRing></outerBoundaryIs></Polygon></Placemark><Placemark><name>Province Papua Barat - Bagian 0053</name><visibility>1</visibility><styleUrl>#papua-barat-google-earth</styleUrl><Polygon><extrude>0</extrude><tessellate>1</tessellate><altitudeMode>clampToGround</altitudeMode><outerBoundaryIs><LinearRing><coordinates>131.66866529,-2.62200460,0 131.66579804,-2.61791193,0 131.66511990,-2.62133835,0 131.65716351,-2.62047828,0 131.65167594,-2.62505031,0 131.64600093,-2.62314674,0 131.64375234,-2.63095138,0 131.63990465,-2.63045922,0 131.63915998,-2.63372345,0 131.63792266,-2.63122501,0 131.60783437,-2.64495450,0 131.59378365,-2.64757191,0 131.58727177,-2.65802658,0 131.60095773,-2.65543603,0 131.60718002,-2.64790504,0 131.61888697,-2.64395513,0 131.62771477,-2.64566834,0 131.65127143,-2.63222439,0 131.65724388,-2.62526446,0 131.66866529,-2.62200460,0</coordinates></LinearRing></outerBoundaryIs></Polygon></Placemark><Placemark><name>Province Papua Barat - Bagian 0054</name><visibility>1</visibility><styleUrl>#papua-barat-google-earth</styleUrl><Polygon><extrude>0</extrude><tessellate>1</tessellate><altitudeMode>clampToGround</altitudeMode><outerBoundaryIs><LinearRing><coordinates>134.84056379,-3.95654251,0 134.84325556,-3.95201142,0 134.83671212,-3.95282298,0 134.83137261,-3.96319505,0 134.84397043,-3.97065609,0 134.84609338,-3.98063793,0 134.85316688,-3.97999813,0 134.86056225,-3.98499500,0 134.86609842,-3.97630874,0 134.86463698,-3.96923135,0 134.85908552,-3.96924764,0 134.85104294,-3.96388076,0 134.84410443,-3.96600800,0 134.84056379,-3.95654251,0</coordinates></LinearRing></outerBoundaryIs></Polygon></Placemark><Placemark><name>Province Papua Barat - Bagian 0055</name><visibility>1</visibility><styleUrl>#papua-barat-google-earth</styleUrl><Polygon><extrude>0</extrude><tessellate>1</tessellate><altitudeMode>clampToGround</altitudeMode><outerBoundaryIs><LinearRing><coordinates>134.73661422,-2.01675482,0 134.72370961,-2.02488494,0 134.73008772,-2.03764711,0 134.73070555,-2.04701441,0 134.73817705,-2.05256613,0 134.74233741,-2.05014665,0 134.74528580,-2.03755191,0 134.73932949,-2.02662361,0 134.73661422,-2.01675482,0</coordinates></LinearRing></outerBoundaryIs></Polygon></Placemark><Placemark><name>Province Papua Barat - Bagian 0056</name><visibility>1</visibility><styleUrl>#papua-barat-google-earth</styleUrl><Polygon><extrude>0</extrude><tessellate>1</tessellate><altitudeMode>clampToGround</altitudeMode><outerBoundaryIs><LinearRing><coordinates>132.56243940,-3.13175915,0 132.55344678,-3.13322014,0 132.55229640,-3.14428188,0 132.55559051,-3.14505634,0 132.55864168,-3.15347249,0 132.57766511,-3.16137626,0 132.57681041,-3.15590160,0 132.57419559,-3.15609156,0 132.57340110,-3.14177754,0 132.56243940,-3.13175915,0</coordinates></LinearRing></outerBoundaryIs></Polygon></Placemark><Placemark><name>Province Papua Barat - Bagian 0057</name><visibility>1</visibility><styleUrl>#papua-barat-google-earth</styleUrl><Polygon><extrude>0</extrude><tessellate>1</tessellate><altitudeMode>clampToGround</altitudeMode><outerBoundaryIs><LinearRing><coordinates>132.75588121,-3.44673585,0 132.75096048,-3.44303341,0 132.74882849,-3.43524781,0 132.74038616,-3.44188175,0 132.74140457,-3.47131092,0 132.75018954,-3.47451843,0 132.75588121,-3.44673585,0</coordinates></LinearRing></outerBoundaryIs></Polygon></Placemark><Placemark><name>Province Papua Barat - Bagian 0058</name><visibility>1</visibility><styleUrl>#papua-barat-google-earth</styleUrl><Polygon><extrude>0</extrude><tessellate>1</tessellate><altitudeMode>clampToGround</altitudeMode><outerBoundaryIs><LinearRing><coordinates>133.72262601,-2.25000959,0 133.71305764,-2.25824074,0 133.72141549,-2.26740524,0 133.73108086,-2.26679848,0 133.74674902,-2.25745552,0 133.74787834,-2.25346251,0 133.74100500,-2.25443599,0 133.72262601,-2.25000959,0</coordinates></LinearRing></outerBoundaryIs></Polygon></Placemark><Placemark><name>Province Papua Barat - Bagian 0059</name><visibility>1</visibility><styleUrl>#papua-barat-google-earth</styleUrl><Polygon><extrude>0</extrude><tessellate>1</tessellate><altitudeMode>clampToGround</altitudeMode><outerBoundaryIs><LinearRing><coordinates>134.10126708,-0.88999482,0 134.09327812,-0.88929534,0 134.08900939,-0.89535676,0 134.10732224,-0.92264987,0 134.11064815,-0.92134776,0 134.11162539,-0.91545719,0 134.10578855,-0.90933071,0 134.10476445,-0.89405138,0 134.10126708,-0.88999482,0</coordinates></LinearRing></outerBoundaryIs></Polygon></Placemark><Placemark><name>Province Papua Barat - Bagian 0060</name><visibility>1</visibility><styleUrl>#papua-barat-google-earth</styleUrl><Polygon><extrude>0</extrude><tessellate>1</tessellate><altitudeMode>clampToGround</altitudeMode><outerBoundaryIs><LinearRing><coordinates>132.74127912,-3.39424261,0 132.73706067,-3.41296442,0 132.73869580,-3.42082080,0 132.74523634,-3.42507795,0 132.75514390,-3.41408676,0 132.74650381,-3.40316329,0 132.74625225,-3.39358469,0 132.74127912,-3.39424261,0</coordinates></LinearRing></outerBoundaryIs></Polygon></Placemark><Placemark><name>Province Papua Barat - Bagian 0061</name><visibility>1</visibility><styleUrl>#papua-barat-google-earth</styleUrl><Polygon><extrude>0</extrude><tessellate>1</tessellate><altitudeMode>clampToGround</altitudeMode><outerBoundaryIs><LinearRing><coordinates>133.60982338,-2.53777176,0 133.60608212,-2.53506738,0 133.59332821,-2.53591209,0 133.57604913,-2.55283637,0 133.57374383,-2.56269658,0 133.58128196,-2.56078349,0 133.59009073,-2.55280278,0 133.59167545,-2.54257847,0 133.60488146,-2.54163621,0 133.60982338,-2.53777176,0</coordinates></LinearRing></outerBoundaryIs></Polygon></Placemark><Placemark><name>Province Papua Barat - Bagian 0062</name><visibility>1</visibility><styleUrl>#papua-barat-google-earth</styleUrl><Polygon><extrude>0</extrude><tessellate>1</tessellate><altitudeMode>clampToGround</altitudeMode><outerBoundaryIs><LinearRing><coordinates>134.15008930,-2.00055957,0 134.15391640,-2.00953252,0 134.15027495,-2.00893672,0 134.14878950,-2.01367529,0 134.14822573,-2.02540387,0 134.15173867,-2.03153419,0 134.14802581,-2.03569764,0 134.15689112,-2.05166854,0 134.15927129,-2.04809963,0 134.15660882,-2.03766151,0 134.15863185,-2.03329468,0 134.15550210,-2.03145822,0 134.15517750,-2.02493657,0 134.15838849,-2.02379353,0 134.15795057,-2.01245411,0 134.15271686,-2.01302121,0 134.15529444,-2.00933871,0 134.15008930,-2.00055957,0</coordinates></LinearRing></outerBoundaryIs></Polygon></Placemark><Placemark><name>Province Papua Barat - Bagian 0063</name><visibility>1</visibility><styleUrl>#papua-barat-google-earth</styleUrl><Polygon><extrude>0</extrude><tessellate>1</tessellate><altitudeMode>clampToGround</altitudeMode><outerBoundaryIs><LinearRing><coordinates>133.42963611,-2.48318503,0 133.42308307,-2.48094357,0 133.41869297,-2.48690412,0 133.42226335,-2.49900606,0 133.42665345,-2.50054081,0 133.44252803,-2.49608408,0 133.43886604,-2.48671139,0 133.43119104,-2.48730725,0 133.42963611,-2.48318503,0</coordinates></LinearRing></outerBoundaryIs></Polygon></Placemark><Placemark><name>Province Papua Barat - Bagian 0064</name><visibility>1</visibility><styleUrl>#papua-barat-google-earth</styleUrl><Polygon><extrude>0</extrude><tessellate>1</tessellate><altitudeMode>clampToGround</altitudeMode><outerBoundaryIs><LinearRing><coordinates>133.83392290,-2.20672033,0 133.80159258,-2.21999015,0 133.81212536,-2.22901341,0 133.81782466,-2.22038851,0 133.82736154,-2.22370072,0 133.83392290,-2.20672033,0</coordinates></LinearRing></outerBoundaryIs></Polygon></Placemark><Placemark><name>Province Papua Barat - Bagian 0065</name><visibility>1</visibility><styleUrl>#papua-barat-google-earth</styleUrl><Polygon><extrude>0</extrude><tessellate>1</tessellate><altitudeMode>clampToGround</altitudeMode><outerBoundaryIs><LinearRing><coordinates>133.62030119,-2.23487243,0 133.60525325,-2.21806575,0 133.60045212,-2.21915826,0 133.59603128,-2.22623578,0 133.59595902,-2.23385046,0 133.62030119,-2.23487243,0</coordinates></LinearRing></outerBoundaryIs></Polygon></Placemark><Placemark><name>Province Papua Barat - Bagian 0066</name><visibility>1</visibility><styleUrl>#papua-barat-google-earth</styleUrl><Polygon><extrude>0</extrude><tessellate>1</tessellate><altitudeMode>clampToGround</altitudeMode><outerBoundaryIs><LinearRing><coordinates>134.03555564,-3.84801054,0 134.03129926,-3.84826133,0 134.01838675,-3.85672482,0 134.01062099,-3.85467350,0 134.00552053,-3.85684188,0 134.01071612,-3.85963153,0 134.01133523,-3.86348108,0 134.01633151,-3.86245758,0 134.02009581,-3.86724505,0 134.02723249,-3.86496910,0 134.03555564,-3.84801054,0</coordinates></LinearRing></outerBoundaryIs></Polygon></Placemark><Placemark><name>Province Papua Barat - Bagian 0067</name><visibility>1</visibility><styleUrl>#papua-barat-google-earth</styleUrl><Polygon><extrude>0</extrude><tessellate>1</tessellate><altitudeMode>clampToGround</altitudeMode><outerBoundaryIs><LinearRing><coordinates>133.86145369,-2.16088780,0 133.84062585,-2.16093225,0 133.83790647,-2.16312071,0 133.84913712,-2.17810701,0 133.86145369,-2.16088780,0</coordinates></LinearRing></outerBoundaryIs></Polygon></Placemark><Placemark><name>Province Papua Barat - Bagian 0068</name><visibility>1</visibility><styleUrl>#papua-barat-google-earth</styleUrl><Polygon><extrude>0</extrude><tessellate>1</tessellate><altitudeMode>clampToGround</altitudeMode><outerBoundaryIs><LinearRing><coordinates>132.54293338,-2.64282816,0 132.54598820,-2.64973568,0 132.54058903,-2.64734460,0 132.54000569,-2.64420786,0 132.53641308,-2.64740408,0 132.54543123,-2.65124691,0 132.54837373,-2.65647026,0 132.55068984,-2.65397139,0 132.54845315,-2.65015236,0 132.55285515,-2.64870089,0 132.55786392,-2.65056877,0 132.55449698,-2.65425693,0 132.56005302,-2.65237716,0 132.56302735,-2.65570840,0 132.56330099,-2.64710665,0 132.56663223,-2.65187747,0 132.56876185,-2.64936714,0 132.57452014,-2.65194885,0 132.57352077,-2.64658317,0 132.54293338,-2.64282816,0</coordinates></LinearRing></outerBoundaryIs></Polygon></Placemark><Placemark><name>Province Papua Barat - Bagian 0069</name><visibility>1</visibility><styleUrl>#papua-barat-google-earth</styleUrl><Polygon><extrude>0</extrude><tessellate>1</tessellate><altitudeMode>clampToGround</altitudeMode><outerBoundaryIs><LinearRing><coordinates>134.51653094,-2.34098255,0 134.51022537,-2.34468261,0 134.50475261,-2.34149413,0 134.50129049,-2.34292181,0 134.50389600,-2.35135700,0 134.52968936,-2.35176151,0 134.51653094,-2.34098255,0</coordinates></LinearRing></outerBoundaryIs></Polygon></Placemark><Placemark><name>Province Papua Barat - Bagian 0070</name><visibility>1</visibility><styleUrl>#papua-barat-google-earth</styleUrl><Polygon><extrude>0</extrude><tessellate>1</tessellate><altitudeMode>clampToGround</altitudeMode><outerBoundaryIs><LinearRing><coordinates>131.98794895,-2.93629279,0 131.97718444,-2.93625543,0 131.97546868,-2.93881502,0 131.99047017,-2.94208715,0 131.99816824,-2.94735539,0 132.01328701,-2.94587583,0 132.00930379,-2.94160708,0 132.00235659,-2.94277682,0 132.00066635,-2.93957978,0 131.99803787,-2.94099223,0 131.98794895,-2.93629279,0</coordinates></LinearRing></outerBoundaryIs></Polygon></Placemark><Placemark><name>Province Papua Barat - Bagian 0071</name><visibility>1</visibility><styleUrl>#papua-barat-google-earth</styleUrl><Polygon><extrude>0</extrude><tessellate>1</tessellate><altitudeMode>clampToGround</altitudeMode><outerBoundaryIs><LinearRing><coordinates>134.84127741,-3.95605756,0 134.84423120,-3.96525927,0 134.84997046,-3.96305113,0 134.85828326,-3.96739728,0 134.86099965,-3.96546420,0 134.86134943,-3.96266929,0 134.85550738,-3.96225526,0 134.85227615,-3.95258430,0 134.84127741,-3.95605756,0</coordinates></LinearRing></outerBoundaryIs></Polygon></Placemark><Placemark><name>Province Papua Barat - Bagian 0072</name><visibility>1</visibility><styleUrl>#papua-barat-google-earth</styleUrl><Polygon><extrude>0</extrude><tessellate>1</tessellate><altitudeMode>clampToGround</altitudeMode><outerBoundaryIs><LinearRing><coordinates>133.51225372,-3.44358190,0 133.48723216,-3.44646211,0 133.50645228,-3.45191720,0 133.51952550,-3.44807323,0 133.51225372,-3.44358190,0</coordinates></LinearRing></outerBoundaryIs></Polygon></Placemark><Placemark><name>Province Papua Barat - Bagian 0073</name><visibility>1</visibility><styleUrl>#papua-barat-google-earth</styleUrl><Polygon><extrude>0</extrude><tessellate>1</tessellate><altitudeMode>clampToGround</altitudeMode><outerBoundaryIs><LinearRing><coordinates>134.35347452,-4.02350596,0 134.33899499,-4.02605791,0 134.34410003,-4.03074407,0 134.34371314,-4.03403293,0 134.36045580,-4.03328547,0 134.35986190,-4.02877663,0 134.35490468,-4.02910420,0 134.35347452,-4.02350596,0</coordinates></LinearRing></outerBoundaryIs></Polygon></Placemark><Placemark><name>Province Papua Barat - Bagian 0074</name><visibility>1</visibility><styleUrl>#papua-barat-google-earth</styleUrl><Polygon><extrude>0</extrude><tessellate>1</tessellate><altitudeMode>clampToGround</altitudeMode><outerBoundaryIs><LinearRing><coordinates>133.37758255,-2.47332820,0 133.37898167,-2.46130003,0 133.37080108,-2.45147048,0 133.36767447,-2.45772370,0 133.37289263,-2.46995889,0 133.37758255,-2.47332820,0</coordinates></LinearRing></outerBoundaryIs></Polygon></Placemark><Placemark><name>Province Papua Barat - Bagian 0075</name><visibility>1</visibility><styleUrl>#papua-barat-google-earth</styleUrl><Polygon><extrude>0</extrude><tessellate>1</tessellate><altitudeMode>clampToGround</altitudeMode><outerBoundaryIs><LinearRing><coordinates>133.83055533,-2.31810788,0 133.81626904,-2.32123925,0 133.81118651,-2.32599817,0 133.82295057,-2.33177550,0 133.83055533,-2.31810788,0</coordinates></LinearRing></outerBoundaryIs></Polygon></Placemark><Placemark><name>Province Papua Barat - Bagian 0076</name><visibility>1</visibility><styleUrl>#papua-barat-google-earth</styleUrl><Polygon><extrude>0</extrude><tessellate>1</tessellate><altitudeMode>clampToGround</altitudeMode><outerBoundaryIs><LinearRing><coordinates>133.81693725,-2.90824358,0 133.80931303,-2.90718675,0 133.80595243,-2.91006680,0 133.82207715,-2.92210116,0 133.82282966,-2.91756326,0 133.81693725,-2.90824358,0</coordinates></LinearRing></outerBoundaryIs></Polygon></Placemark><Placemark><name>Province Papua Barat - Bagian 0077</name><visibility>1</visibility><styleUrl>#papua-barat-google-earth</styleUrl><Polygon><extrude>0</extrude><tessellate>1</tessellate><altitudeMode>clampToGround</altitudeMode><outerBoundaryIs><LinearRing><coordinates>133.47186170,-4.01577590,0 133.46110090,-4.01733225,0 133.46219874,-4.02476519,0 133.46736342,-4.02588372,0 133.47517997,-4.02177196,0 133.47595701,-4.01902137,0 133.47186170,-4.01577590,0</coordinates></LinearRing></outerBoundaryIs></Polygon></Placemark><Placemark><name>Province Papua Barat - Bagian 0078</name><visibility>1</visibility><styleUrl>#papua-barat-google-earth</styleUrl><Polygon><extrude>0</extrude><tessellate>1</tessellate><altitudeMode>clampToGround</altitudeMode><outerBoundaryIs><LinearRing><coordinates>134.14672005,-1.96163417,0 134.14038915,-1.96122740,0 134.13760451,-1.96508577,0 134.13934789,-1.96725124,0 134.14648205,-1.96500800,0 134.14448830,-1.97208760,0 134.15593675,-1.96778364,0 134.15315210,-1.96228022,0 134.14846938,-1.96472087,0 134.14672005,-1.96163417,0</coordinates></LinearRing></outerBoundaryIs></Polygon></Placemark><Placemark><name>Province Papua Barat - Bagian 0079</name><visibility>1</visibility><styleUrl>#papua-barat-google-earth</styleUrl><Polygon><extrude>0</extrude><tessellate>1</tessellate><altitudeMode>clampToGround</altitudeMode><outerBoundaryIs><LinearRing><coordinates>134.62017723,-4.07171054,0 134.60292702,-4.07367097,0 134.59750857,-4.07955790,0 134.60540779,-4.08076411,0 134.62017723,-4.07171054,0</coordinates></LinearRing></outerBoundaryIs></Polygon></Placemark><Placemark><name>Province Papua Barat - Bagian 0080</name><visibility>1</visibility><styleUrl>#papua-barat-google-earth</styleUrl><Polygon><extrude>0</extrude><tessellate>1</tessellate><altitudeMode>clampToGround</altitudeMode><outerBoundaryIs><LinearRing><coordinates>134.30563733,-2.49927081,0 134.30763408,-2.49785103,0 134.30385749,-2.47594892,0 134.30101880,-2.47998449,0 134.30156301,-2.49383539,0 134.30563733,-2.49927081,0</coordinates></LinearRing></outerBoundaryIs></Polygon></Placemark><Placemark><name>Province Papua Barat - Bagian 0081</name><visibility>1</visibility><styleUrl>#papua-barat-google-earth</styleUrl><Polygon><extrude>0</extrude><tessellate>1</tessellate><altitudeMode>clampToGround</altitudeMode><outerBoundaryIs><LinearRing><coordinates>132.80683921,-3.29689441,0 132.80219451,-3.29900737,0 132.80115706,-3.30743066,0 132.80396483,-3.31021939,0 132.81005625,-3.30716416,0 132.81017046,-3.30180562,0 132.80683921,-3.29689441,0</coordinates></LinearRing></outerBoundaryIs></Polygon></Placemark><Placemark><name>Province Papua Barat - Bagian 0082</name><visibility>1</visibility><styleUrl>#papua-barat-google-earth</styleUrl><Polygon><extrude>0</extrude><tessellate>1</tessellate><altitudeMode>clampToGround</altitudeMode><outerBoundaryIs><LinearRing><coordinates>134.89970827,-3.94138309,0 134.89711029,-3.94984520,0 134.90905254,-3.94759125,0 134.91288911,-3.94213448,0 134.89970827,-3.94138309,0</coordinates></LinearRing></outerBoundaryIs></Polygon></Placemark><Placemark><name>Province Papua Barat - Bagian 0083</name><visibility>1</visibility><styleUrl>#papua-barat-google-earth</styleUrl><Polygon><extrude>0</extrude><tessellate>1</tessellate><altitudeMode>clampToGround</altitudeMode><outerBoundaryIs><LinearRing><coordinates>132.13384640,-2.96672773,0 132.10988057,-2.97053014,0 132.11679552,-2.97183954,0 132.12223911,-2.96903535,0 132.12294631,-2.97164559,0 132.12826894,-2.96987100,0 132.13480565,-2.97259668,0 132.14373484,-2.97055866,0 132.13384640,-2.96672773,0</coordinates></LinearRing></outerBoundaryIs></Polygon></Placemark><Placemark><name>Province Papua Barat - Bagian 0084</name><visibility>1</visibility><styleUrl>#papua-barat-google-earth</styleUrl><Polygon><extrude>0</extrude><tessellate>1</tessellate><altitudeMode>clampToGround</altitudeMode><outerBoundaryIs><LinearRing><coordinates>134.51415386,-2.29784292,0 134.52047371,-2.30173572,0 134.52374784,-2.31031130,0 134.53287546,-2.30686584,0 134.52962318,-2.30283794,0 134.51415386,-2.29784292,0</coordinates></LinearRing></outerBoundaryIs></Polygon></Placemark><Placemark><name>Province Papua Barat - Bagian 0085</name><visibility>1</visibility><styleUrl>#papua-barat-google-earth</styleUrl><Polygon><extrude>0</extrude><tessellate>1</tessellate><altitudeMode>clampToGround</altitudeMode><outerBoundaryIs><LinearRing><coordinates>133.66134896,-3.43408069,0 133.66471828,-3.43703122,0 133.67704388,-3.43147280,0 133.66707870,-3.42842709,0 133.66134896,-3.43408069,0</coordinates></LinearRing></outerBoundaryIs></Polygon></Placemark><Placemark><name>Province Papua Barat - Bagian 0086</name><visibility>1</visibility><styleUrl>#papua-barat-google-earth</styleUrl><Polygon><extrude>0</extrude><tessellate>1</tessellate><altitudeMode>clampToGround</altitudeMode><outerBoundaryIs><LinearRing><coordinates>134.13400580,-1.88054924,0 134.13192803,-1.88451888,0 134.13576941,-1.89721741,0 134.13585509,-1.89422403,0 134.14098883,-1.89242226,0 134.13400580,-1.88054924,0</coordinates></LinearRing></outerBoundaryIs></Polygon></Placemark><Placemark><name>Province Papua Barat - Bagian 0087</name><visibility>1</visibility><styleUrl>#papua-barat-google-earth</styleUrl><Polygon><extrude>0</extrude><tessellate>1</tessellate><altitudeMode>clampToGround</altitudeMode><outerBoundaryIs><LinearRing><coordinates>134.72789855,-2.08456921,0 134.72751659,-2.07309943,0 134.72238487,-2.07210975,0 134.72204406,-2.08172333,0 134.72789855,-2.08456921,0</coordinates></LinearRing></outerBoundaryIs></Polygon></Placemark><Placemark><name>Province Papua Barat - Bagian 0088</name><visibility>1</visibility><styleUrl>#papua-barat-google-earth</styleUrl><Polygon><extrude>0</extrude><tessellate>1</tessellate><altitudeMode>clampToGround</altitudeMode><outerBoundaryIs><LinearRing><coordinates>134.73515560,-2.14692769,0 134.73991378,-2.15713706,0 134.74561913,-2.15876805,0 134.74130301,-2.14879163,0 134.73515560,-2.14692769,0</coordinates></LinearRing></outerBoundaryIs></Polygon></Placemark><Placemark><name>Province Papua Barat - Bagian 0089</name><visibility>1</visibility><styleUrl>#papua-barat-google-earth</styleUrl><Polygon><extrude>0</extrude><tessellate>1</tessellate><altitudeMode>clampToGround</altitudeMode><outerBoundaryIs><LinearRing><coordinates>133.55194428,-2.43651331,0 133.54962645,-2.43926618,0 133.55251750,-2.44802259,0 133.55845210,-2.44409189,0 133.55194428,-2.43651331,0</coordinates></LinearRing></outerBoundaryIs></Polygon></Placemark><Placemark><name>Province Papua Barat - Bagian 0090</name><visibility>1</visibility><styleUrl>#papua-barat-google-earth</styleUrl><Polygon><extrude>0</extrude><tessellate>1</tessellate><altitudeMode>clampToGround</altitudeMode><outerBoundaryIs><LinearRing><coordinates>133.93197150,-3.87274986,0 133.92495493,-3.87909628,0 133.92939320,-3.88333821,0 133.93446525,-3.87827947,0 133.93197150,-3.87274986,0</coordinates></LinearRing></outerBoundaryIs></Polygon></Placemark><Placemark><name>Province Papua Barat - Bagian 0091</name><visibility>1</visibility><styleUrl>#papua-barat-google-earth</styleUrl><Polygon><extrude>0</extrude><tessellate>1</tessellate><altitudeMode>clampToGround</altitudeMode><outerBoundaryIs><LinearRing><coordinates>134.16594205,-3.78056997,0 134.16359661,-3.77758079,0 134.15980026,-3.78315786,0 134.16033221,-3.79068600,0 134.16358141,-3.78939219,0 134.16594205,-3.78056997,0</coordinates></LinearRing></outerBoundaryIs></Polygon></Placemark><Placemark><name>Province Papua Barat - Bagian 0092</name><visibility>1</visibility><styleUrl>#papua-barat-google-earth</styleUrl><Polygon><extrude>0</extrude><tessellate>1</tessellate><altitudeMode>clampToGround</altitudeMode><outerBoundaryIs><LinearRing><coordinates>134.48327468,-2.85972432,0 134.49028934,-2.85986709,0 134.48690098,-2.85157705,0 134.48047644,-2.85585056,0 134.48327468,-2.85972432,0</coordinates></LinearRing></outerBoundaryIs></Polygon></Placemark><Placemark><name>Province Papua Barat - Bagian 0093</name><visibility>1</visibility><styleUrl>#papua-barat-google-earth</styleUrl><Polygon><extrude>0</extrude><tessellate>1</tessellate><altitudeMode>clampToGround</altitudeMode><outerBoundaryIs><LinearRing><coordinates>134.85974385,-3.95085658,0 134.85362387,-3.95300087,0 134.85791166,-3.96206979,0 134.86057071,-3.96157605,0 134.85974385,-3.95085658,0</coordinates></LinearRing></outerBoundaryIs></Polygon></Placemark><Placemark><name>Province Papua Barat - Bagian 0094</name><visibility>1</visibility><styleUrl>#papua-barat-google-earth</styleUrl><Polygon><extrude>0</extrude><tessellate>1</tessellate><altitudeMode>clampToGround</altitudeMode><outerBoundaryIs><LinearRing><coordinates>134.70305659,-1.96883880,0 134.69615114,-1.97298220,0 134.69769824,-1.97809559,0 134.69468224,-1.97749921,0 134.70218556,-1.98568259,0 134.69911234,-1.97884994,0 134.70305659,-1.96883880,0</coordinates></LinearRing></outerBoundaryIs></Polygon></Placemark><Placemark><name>Province Papua Barat - Bagian 0095</name><visibility>1</visibility><styleUrl>#papua-barat-google-earth</styleUrl><Polygon><extrude>0</extrude><tessellate>1</tessellate><altitudeMode>clampToGround</altitudeMode><outerBoundaryIs><LinearRing><coordinates>133.94824543,-2.06298774,0 133.93795991,-2.07046938,0 133.94698997,-2.07213976,0 133.94824543,-2.06298774,0</coordinates></LinearRing></outerBoundaryIs></Polygon></Placemark><Placemark><name>Province Papua Barat - Bagian 0096</name><visibility>1</visibility><styleUrl>#papua-barat-google-earth</styleUrl><Polygon><extrude>0</extrude><tessellate>1</tessellate><altitudeMode>clampToGround</altitudeMode><outerBoundaryIs><LinearRing><coordinates>133.69198375,-3.15393025,0 133.68995645,-3.15551973,0 133.69563860,-3.16029768,0 133.69479151,-3.16482818,0 133.69941719,-3.17014865,0 133.70107329,-3.16705535,0 133.69198375,-3.15393025,0</coordinates></LinearRing></outerBoundaryIs></Polygon></Placemark><Placemark><name>Province Papua Barat - Bagian 0097</name><visibility>1</visibility><styleUrl>#papua-barat-google-earth</styleUrl><Polygon><extrude>0</extrude><tessellate>1</tessellate><altitudeMode>clampToGround</altitudeMode><outerBoundaryIs><LinearRing><coordinates>133.75927618,-2.20076853,0 133.76169083,-2.19125054,0 133.74984757,-2.20462326,0 133.75927618,-2.20076853,0</coordinates></LinearRing></outerBoundaryIs></Polygon></Placemark><Placemark><name>Province Papua Barat - Bagian 0098</name><visibility>1</visibility><styleUrl>#papua-barat-google-earth</styleUrl><Polygon><extrude>0</extrude><tessellate>1</tessellate><altitudeMode>clampToGround</altitudeMode><outerBoundaryIs><LinearRing><coordinates>133.60256603,-2.54354196,0 133.59288055,-2.54342695,0 133.59189307,-2.55230234,0 133.59447558,-2.54958896,0 133.60256603,-2.54354196,0</coordinates></LinearRing></outerBoundaryIs></Polygon></Placemark><Placemark><name>Province Papua Barat - Bagian 0099</name><visibility>1</visibility><styleUrl>#papua-barat-google-earth</styleUrl><Polygon><extrude>0</extrude><tessellate>1</tessellate><altitudeMode>clampToGround</altitudeMode><outerBoundaryIs><LinearRing><coordinates>133.52471941,-3.98642179,0 133.52117185,-3.98424986,0 133.51262771,-3.98525778,0 133.51950903,-3.99052640,0 133.52471941,-3.98642179,0</coordinates></LinearRing></outerBoundaryIs></Polygon></Placemark><Placemark><name>Province Papua Barat - Bagian 0100</name><visibility>1</visibility><styleUrl>#papua-barat-google-earth</styleUrl><Polygon><extrude>0</extrude><tessellate>1</tessellate><altitudeMode>clampToGround</altitudeMode><outerBoundaryIs><LinearRing><coordinates>131.99104898,-2.73783338,0 131.98733855,-2.73904618,0 131.98805362,-2.74346250,0 131.99472305,-2.74787572,0 131.99530602,-2.74697153,0 131.99104898,-2.73783338,0</coordinates></LinearRing></outerBoundaryIs></Polygon></Placemark><Placemark><name>Province Papua Barat - Bagian 0101</name><visibility>1</visibility><styleUrl>#papua-barat-google-earth</styleUrl><Polygon><extrude>0</extrude><tessellate>1</tessellate><altitudeMode>clampToGround</altitudeMode><outerBoundaryIs><LinearRing><coordinates>132.44557987,-2.63634493,0 132.44199640,-2.63861494,0 132.44308144,-2.64740943,0 132.44729237,-2.64404581,0 132.44557987,-2.63634493,0</coordinates></LinearRing></outerBoundaryIs></Polygon></Placemark><Placemark><name>Province Papua Barat - Bagian 0102</name><visibility>1</visibility><styleUrl>#papua-barat-google-earth</styleUrl><Polygon><extrude>0</extrude><tessellate>1</tessellate><altitudeMode>clampToGround</altitudeMode><outerBoundaryIs><LinearRing><coordinates>134.16526596,-3.78986939,0 134.15962189,-3.79161882,0 134.16106610,-3.79992163,0 134.16303915,-3.80040419,0 134.16526596,-3.78986939,0</coordinates></LinearRing></outerBoundaryIs></Polygon></Placemark><Placemark><name>Province Papua Barat - Bagian 0103</name><visibility>1</visibility><styleUrl>#papua-barat-google-earth</styleUrl><Polygon><extrude>0</extrude><tessellate>1</tessellate><altitudeMode>clampToGround</altitudeMode><outerBoundaryIs><LinearRing><coordinates>134.66048049,-4.12929277,0 134.66518059,-4.13173522,0 134.67016726,-4.12773996,0 134.66152736,-4.12504092,0 134.66048049,-4.12929277,0</coordinates></LinearRing></outerBoundaryIs></Polygon></Placemark><Placemark><name>Province Papua Barat - Bagian 0104</name><visibility>1</visibility><styleUrl>#papua-barat-google-earth</styleUrl><Polygon><extrude>0</extrude><tessellate>1</tessellate><altitudeMode>clampToGround</altitudeMode><outerBoundaryIs><LinearRing><coordinates>133.62886606,-3.46892311,0 133.62956087,-3.46280313,0 133.62467044,-3.46024766,0 133.62323150,-3.46640088,0 133.62886606,-3.46892311,0</coordinates></LinearRing></outerBoundaryIs></Polygon></Placemark><Placemark><name>Province Papua Barat - Bagian 0105</name><visibility>1</visibility><styleUrl>#papua-barat-google-earth</styleUrl><Polygon><extrude>0</extrude><tessellate>1</tessellate><altitudeMode>clampToGround</altitudeMode><outerBoundaryIs><LinearRing><coordinates>134.52946959,-2.43409129,0 134.52409201,-2.43231859,0 134.51922601,-2.43536430,0 134.52283090,-2.43910005,0 134.52946959,-2.43409129,0</coordinates></LinearRing></outerBoundaryIs></Polygon></Placemark><Placemark><name>Province Papua Barat - Bagian 0106</name><visibility>1</visibility><styleUrl>#papua-barat-google-earth</styleUrl><Polygon><extrude>0</extrude><tessellate>1</tessellate><altitudeMode>clampToGround</altitudeMode><outerBoundaryIs><LinearRing><coordinates>132.41149766,-2.60522249,0 132.41007158,-2.60130482,0 132.40442906,-2.60163782,0 132.40401075,-2.60719319,0 132.41123621,-2.60690827,0 132.40560320,-2.60662335,0 132.41149766,-2.60522249,0</coordinates></LinearRing></outerBoundaryIs></Polygon></Placemark><Placemark><name>Province Papua Barat - Bagian 0107</name><visibility>1</visibility><styleUrl>#papua-barat-google-earth</styleUrl><Polygon><extrude>0</extrude><tessellate>1</tessellate><altitudeMode>clampToGround</altitudeMode><outerBoundaryIs><LinearRing><coordinates>132.97015758,-4.11569067,0 132.97170899,-4.12209618,0 132.97793366,-4.12451371,0 132.97777186,-4.12051622,0 132.97015758,-4.11569067,0</coordinates></LinearRing></outerBoundaryIs></Polygon></Placemark><Placemark><name>Province Papua Barat - Bagian 0108</name><visibility>1</visibility><styleUrl>#papua-barat-google-earth</styleUrl><Polygon><extrude>0</extrude><tessellate>1</tessellate><altitudeMode>clampToGround</altitudeMode><outerBoundaryIs><LinearRing><coordinates>134.92997306,-3.93615243,0 134.92312410,-3.93567400,0 134.91607519,-3.94103255,0 134.92352766,-3.93986661,0 134.92997306,-3.93615243,0</coordinates></LinearRing></outerBoundaryIs></Polygon></Placemark><Placemark><name>Province Papua Barat - Bagian 0109</name><visibility>1</visibility><styleUrl>#papua-barat-google-earth</styleUrl><Polygon><extrude>0</extrude><tessellate>1</tessellate><altitudeMode>clampToGround</altitudeMode><outerBoundaryIs><LinearRing><coordinates>132.49444159,-2.67051278,0 132.49331896,-2.66706637,0 132.48528533,-2.67124136,0 132.49144187,-2.67324916,0 132.49444159,-2.67051278,0</coordinates></LinearRing></outerBoundaryIs></Polygon></Placemark><Placemark><name>Province Papua Barat - Bagian 0110</name><visibility>1</visibility><styleUrl>#papua-barat-google-earth</styleUrl><Polygon><extrude>0</extrude><tessellate>1</tessellate><altitudeMode>clampToGround</altitudeMode><outerBoundaryIs><LinearRing><coordinates>134.31937268,-2.50685392,0 134.31508965,-2.50456250,0 134.31369767,-2.51135110,0 134.31639597,-2.51300007,0 134.31937268,-2.50685392,0</coordinates></LinearRing></outerBoundaryIs></Polygon></Placemark><Placemark><name>Province Papua Barat - Bagian 0111</name><visibility>1</visibility><styleUrl>#papua-barat-google-earth</styleUrl><Polygon><extrude>0</extrude><tessellate>1</tessellate><altitudeMode>clampToGround</altitudeMode><outerBoundaryIs><LinearRing><coordinates>134.85548900,-3.98275807,0 134.85277047,-3.98037266,0 134.84578675,-3.98115788,0 134.84716089,-3.98489958,0 134.85548900,-3.98275807,0</coordinates></LinearRing></outerBoundaryIs></Polygon></Placemark><Placemark><name>Province Papua Barat - Bagian 0112</name><visibility>1</visibility><styleUrl>#papua-barat-google-earth</styleUrl><Polygon><extrude>0</extrude><tessellate>1</tessellate><altitudeMode>clampToGround</altitudeMode><outerBoundaryIs><LinearRing><coordinates>133.74754499,-3.04319129,0 133.75257421,-3.03724550,0 133.75135863,-3.03379077,0 133.74792788,-3.03545290,0 133.74754499,-3.04319129,0</coordinates></LinearRing></outerBoundaryIs></Polygon></Placemark><Placemark><name>Province Papua Barat - Bagian 0113</name><visibility>1</visibility><styleUrl>#papua-barat-google-earth</styleUrl><Polygon><extrude>0</extrude><tessellate>1</tessellate><altitudeMode>clampToGround</altitudeMode><outerBoundaryIs><LinearRing><coordinates>134.52617626,-2.45220935,0 134.52009436,-2.45085782,0 134.51941859,-2.45497904,0 134.52522448,-2.45614974,0 134.52617626,-2.45220935,0</coordinates></LinearRing></outerBoundaryIs></Polygon></Placemark><Placemark><name>Province Papua Barat - Bagian 0114</name><visibility>1</visibility><styleUrl>#papua-barat-google-earth</styleUrl><Polygon><extrude>0</extrude><tessellate>1</tessellate><altitudeMode>clampToGround</altitudeMode><outerBoundaryIs><LinearRing><coordinates>134.20662774,-1.80354753,0 134.20640506,-1.80937497,0 134.21116752,-1.80945393,0 134.21079623,-1.80461571,0 134.20662774,-1.80354753,0</coordinates></LinearRing></outerBoundaryIs></Polygon></Placemark><Placemark><name>Province Papua Barat - Bagian 0115</name><visibility>1</visibility><styleUrl>#papua-barat-google-earth</styleUrl><Polygon><extrude>0</extrude><tessellate>1</tessellate><altitudeMode>clampToGround</altitudeMode><outerBoundaryIs><LinearRing><coordinates>132.77973186,-3.81821342,0 132.77829467,-3.82407642,0 132.78109291,-3.82664623,0 132.78367225,-3.82262019,0 132.77973186,-3.81821342,0</coordinates></LinearRing></outerBoundaryIs></Polygon></Placemark><Placemark><name>Province Papua Barat - Bagian 0116</name><visibility>1</visibility><styleUrl>#papua-barat-google-earth</styleUrl><Polygon><extrude>0</extrude><tessellate>1</tessellate><altitudeMode>clampToGround</altitudeMode><outerBoundaryIs><LinearRing><coordinates>131.62437163,-2.67347234,0 131.62220226,-2.67626044,0 131.63104601,-2.67758881,0 131.63074829,-2.67485805,0 131.62437163,-2.67347234,0</coordinates></LinearRing></outerBoundaryIs></Polygon></Placemark><Placemark><name>Province Papua Barat - Bagian 0117</name><visibility>1</visibility><styleUrl>#papua-barat-google-earth</styleUrl><Polygon><extrude>0</extrude><tessellate>1</tessellate><altitudeMode>clampToGround</altitudeMode><outerBoundaryIs><LinearRing><coordinates>133.35872065,-4.06026806,0 133.35806310,-4.05638962,0 133.35202255,-4.05628932,0 133.35441871,-4.06047982,0 133.35872065,-4.06026806,0</coordinates></LinearRing></outerBoundaryIs></Polygon></Placemark><Placemark><name>Province Papua Barat - Bagian 0118</name><visibility>1</visibility><styleUrl>#papua-barat-google-earth</styleUrl><Polygon><extrude>0</extrude><tessellate>1</tessellate><altitudeMode>clampToGround</altitudeMode><outerBoundaryIs><LinearRing><coordinates>134.13476622,-2.01479536,0 134.13122994,-2.02056400,0 134.13346175,-2.02364480,0 134.13575497,-2.02183581,0 134.13476622,-2.01479536,0</coordinates></LinearRing></outerBoundaryIs></Polygon></Placemark><Placemark><name>Province Papua Barat - Bagian 0119</name><visibility>1</visibility><styleUrl>#papua-barat-google-earth</styleUrl><Polygon><extrude>0</extrude><tessellate>1</tessellate><altitudeMode>clampToGround</altitudeMode><outerBoundaryIs><LinearRing><coordinates>134.21851760,-3.99619107,0 134.22600961,-3.99812634,0 134.22580131,-4.00401154,0 134.22736546,-4.00254125,0 134.22794690,-4.00012398,0 134.23230385,-4.00111162,0 134.23024912,-3.99824193,0 134.21851760,-3.99619107,0</coordinates></LinearRing></outerBoundaryIs></Polygon></Placemark><Placemark><name>Province Papua Barat - Bagian 0120</name><visibility>1</visibility><styleUrl>#papua-barat-google-earth</styleUrl><Polygon><extrude>0</extrude><tessellate>1</tessellate><altitudeMode>clampToGround</altitudeMode><outerBoundaryIs><LinearRing><coordinates>133.66627309,-3.30891281,0 133.66632171,-3.31317520,0 133.67099734,-3.31645795,0 133.67180801,-3.31349062,0 133.66627309,-3.30891281,0</coordinates></LinearRing></outerBoundaryIs></Polygon></Placemark><Placemark><name>Province Papua Barat - Bagian 0121</name><visibility>1</visibility><styleUrl>#papua-barat-google-earth</styleUrl><Polygon><extrude>0</extrude><tessellate>1</tessellate><altitudeMode>clampToGround</altitudeMode><outerBoundaryIs><LinearRing><coordinates>134.15059805,-2.07357031,0 134.14890346,-2.07746577,0 134.15214031,-2.08543852,0 134.15274008,-2.08207905,0 134.15059805,-2.07357031,0</coordinates></LinearRing></outerBoundaryIs></Polygon></Placemark><Placemark><name>Province Papua Barat - Bagian 0122</name><visibility>1</visibility><styleUrl>#papua-barat-google-earth</styleUrl><Polygon><extrude>0</extrude><tessellate>1</tessellate><altitudeMode>clampToGround</altitudeMode><outerBoundaryIs><LinearRing><coordinates>134.81571795,-2.12715612,0 134.81385272,-2.12995109,0 134.81793660,-2.13423037,0 134.81943392,-2.13079032,0 134.81571795,-2.12715612,0</coordinates></LinearRing></outerBoundaryIs></Polygon></Placemark><Placemark><name>Province Papua Barat - Bagian 0123</name><visibility>1</visibility><styleUrl>#papua-barat-google-earth</styleUrl><Polygon><extrude>0</extrude><tessellate>1</tessellate><altitudeMode>clampToGround</altitudeMode><outerBoundaryIs><LinearRing><coordinates>134.15022529,-3.77449549,0 134.15038227,-3.76978823,0 134.14660709,-3.76624265,0 134.14744581,-3.77336727,0 134.15022529,-3.77449549,0</coordinates></LinearRing></outerBoundaryIs></Polygon></Placemark><Placemark><name>Province Papua Barat - Bagian 0124</name><visibility>1</visibility><styleUrl>#papua-barat-google-earth</styleUrl><Polygon><extrude>0</extrude><tessellate>1</tessellate><altitudeMode>clampToGround</altitudeMode><outerBoundaryIs><LinearRing><coordinates>132.53381377,-2.68016821,0 132.53289912,-2.68241321,0 132.54265949,-2.68284947,0 132.54226100,-2.68154445,0 132.53381377,-2.68016821,0</coordinates></LinearRing></outerBoundaryIs></Polygon></Placemark><Placemark><name>Province Papua Barat - Bagian 0125</name><visibility>1</visibility><styleUrl>#papua-barat-google-earth</styleUrl><Polygon><extrude>0</extrude><tessellate>1</tessellate><altitudeMode>clampToGround</altitudeMode><outerBoundaryIs><LinearRing><coordinates>134.15313009,-2.06792653,0 134.15601469,-2.06547632,0 134.15405371,-2.06275603,0 134.14972188,-2.06543804,0 134.15313009,-2.06792653,0</coordinates></LinearRing></outerBoundaryIs></Polygon></Placemark><Placemark><name>Province Papua Barat - Bagian 0126</name><visibility>1</visibility><styleUrl>#papua-barat-google-earth</styleUrl><Polygon><extrude>0</extrude><tessellate>1</tessellate><altitudeMode>clampToGround</altitudeMode><outerBoundaryIs><LinearRing><coordinates>133.82207168,-3.56547197,0 133.81866429,-3.56753734,0 133.82212879,-3.57167760,0 133.82391814,-3.56994535,0 133.82207168,-3.56547197,0</coordinates></LinearRing></outerBoundaryIs></Polygon></Placemark><Placemark><name>Province Papua Barat - Bagian 0127</name><visibility>1</visibility><styleUrl>#papua-barat-google-earth</styleUrl><Polygon><extrude>0</extrude><tessellate>1</tessellate><altitudeMode>clampToGround</altitudeMode><outerBoundaryIs><LinearRing><coordinates>134.04102721,-3.90821712,0 134.03762205,-3.91122688,0 134.04932205,-3.91007271,0 134.04102721,-3.90821712,0</coordinates></LinearRing></outerBoundaryIs></Polygon></Placemark><Placemark><name>Province Papua Barat - Bagian 0128</name><visibility>1</visibility><styleUrl>#papua-barat-google-earth</styleUrl><Polygon><extrude>0</extrude><tessellate>1</tessellate><altitudeMode>clampToGround</altitudeMode><outerBoundaryIs><LinearRing><coordinates>132.50281473,-2.66784741,0 132.49681699,-2.66785949,0 132.49674385,-2.67164145,0 132.49806177,-2.67221245,0 132.50281473,-2.66784741,0</coordinates></LinearRing></outerBoundaryIs></Polygon></Placemark><Placemark><name>Province Papua Barat - Bagian 0129</name><visibility>1</visibility><styleUrl>#papua-barat-google-earth</styleUrl><Polygon><extrude>0</extrude><tessellate>1</tessellate><altitudeMode>clampToGround</altitudeMode><outerBoundaryIs><LinearRing><coordinates>134.42503241,-1.81038883,0 134.42198490,-1.80514628,0 134.41935414,-1.80632468,0 134.42141334,-1.81011357,0 134.42503241,-1.81038883,0</coordinates></LinearRing></outerBoundaryIs></Polygon></Placemark><Placemark><name>Province Papua Barat - Bagian 0130</name><visibility>1</visibility><styleUrl>#papua-barat-google-earth</styleUrl><Polygon><extrude>0</extrude><tessellate>1</tessellate><altitudeMode>clampToGround</altitudeMode><outerBoundaryIs><LinearRing><coordinates>131.62074295,-2.67520935,0 131.61661458,-2.67448362,0 131.61438533,-2.67811741,0 131.61875610,-2.67826696,0 131.62074295,-2.67520935,0</coordinates></LinearRing></outerBoundaryIs></Polygon></Placemark><Placemark><name>Province Papua Barat - Bagian 0131</name><visibility>1</visibility><styleUrl>#papua-barat-google-earth</styleUrl><Polygon><extrude>0</extrude><tessellate>1</tessellate><altitudeMode>clampToGround</altitudeMode><outerBoundaryIs><LinearRing><coordinates>133.90217934,-3.09902723,0 133.90430920,-3.10346564,0 133.90764997,-3.10375118,0 133.90663156,-3.09998211,0 133.90217934,-3.09902723,0</coordinates></LinearRing></outerBoundaryIs></Polygon></Placemark><Placemark><name>Province Papua Barat - Bagian 0132</name><visibility>1</visibility><styleUrl>#papua-barat-google-earth</styleUrl><Polygon><extrude>0</extrude><tessellate>1</tessellate><altitudeMode>clampToGround</altitudeMode><outerBoundaryIs><LinearRing><coordinates>134.02205351,-3.84496982,0 134.01727825,-3.84496104,0 134.01720060,-3.84957440,0 134.01894237,-3.84952681,0 134.02205351,-3.84496982,0</coordinates></LinearRing></outerBoundaryIs></Polygon></Placemark><Placemark><name>Province Papua Barat - Bagian 0133</name><visibility>1</visibility><styleUrl>#papua-barat-google-earth</styleUrl><Polygon><extrude>0</extrude><tessellate>1</tessellate><altitudeMode>clampToGround</altitudeMode><outerBoundaryIs><LinearRing><coordinates>134.45145379,-3.93942222,0 134.45344194,-3.94607514,0 134.45716355,-3.94453941,0 134.45145379,-3.93942222,0</coordinates></LinearRing></outerBoundaryIs></Polygon></Placemark><Placemark><name>Province Papua Barat - Bagian 0134</name><visibility>1</visibility><styleUrl>#papua-barat-google-earth</styleUrl><Polygon><extrude>0</extrude><tessellate>1</tessellate><altitudeMode>clampToGround</altitudeMode><outerBoundaryIs><LinearRing><coordinates>134.49600956,-2.85632645,0 134.49094607,-2.85502251,0 134.48966116,-2.85373760,0 134.49101269,-2.85927698,0 134.49600956,-2.85632645,0</coordinates></LinearRing></outerBoundaryIs></Polygon></Placemark><Placemark><name>Province Papua Barat - Bagian 0135</name><visibility>1</visibility><styleUrl>#papua-barat-google-earth</styleUrl><Polygon><extrude>0</extrude><tessellate>1</tessellate><altitudeMode>clampToGround</altitudeMode><outerBoundaryIs><LinearRing><coordinates>134.36602734,-3.97146409,0 134.36614155,-3.96891331,0 134.36492327,-3.96959859,0 134.36418087,-3.97213034,0 134.36728369,-3.97544255,0 134.36846390,-3.97055038,0 134.36602734,-3.97146409,0</coordinates></LinearRing></outerBoundaryIs></Polygon></Placemark><Placemark><name>Province Papua Barat - Bagian 0136</name><visibility>1</visibility><styleUrl>#papua-barat-google-earth</styleUrl><Polygon><extrude>0</extrude><tessellate>1</tessellate><altitudeMode>clampToGround</altitudeMode><outerBoundaryIs><LinearRing><coordinates>134.09911030,-3.83419775,0 134.09338385,-3.84313520,0 134.09433129,-3.84319482,0 134.09704474,-3.84157401,0 134.09911030,-3.83419775,0</coordinates></LinearRing></outerBoundaryIs></Polygon></Placemark><Placemark><name>Province Papua Barat - Bagian 0137</name><visibility>1</visibility><styleUrl>#papua-barat-google-earth</styleUrl><Polygon><extrude>0</extrude><tessellate>1</tessellate><altitudeMode>clampToGround</altitudeMode><outerBoundaryIs><LinearRing><coordinates>134.00871167,-3.81249114,0 134.00811373,-3.80860867,0 134.00312150,-3.81495141,0 134.00513155,-3.81673232,0 134.00605184,-3.81177248,0 134.00871167,-3.81249114,0</coordinates></LinearRing></outerBoundaryIs></Polygon></Placemark><Placemark><name>Province Papua Barat - Bagian 0138</name><visibility>1</visibility><styleUrl>#papua-barat-google-earth</styleUrl><Polygon><extrude>0</extrude><tessellate>1</tessellate><altitudeMode>clampToGround</altitudeMode><outerBoundaryIs><LinearRing><coordinates>133.50350767,-4.32981465,0 133.50686747,-4.32604558,0 133.50620122,-4.32300939,0 133.50352670,-4.32554114,0 133.50350767,-4.32981465,0</coordinates></LinearRing></outerBoundaryIs></Polygon></Placemark><Placemark><name>Province Papua Barat - Bagian 0139</name><visibility>1</visibility><styleUrl>#papua-barat-google-earth</styleUrl><Polygon><extrude>0</extrude><tessellate>1</tessellate><altitudeMode>clampToGround</altitudeMode><outerBoundaryIs><LinearRing><coordinates>134.15131226,-1.94260487,0 134.14799726,-1.94194787,0 134.14947626,-1.94943887,0 134.15131226,-1.94260487,0</coordinates></LinearRing></outerBoundaryIs></Polygon></Placemark><Placemark><name>Province Papua Barat - Bagian 0140</name><visibility>1</visibility><styleUrl>#papua-barat-google-earth</styleUrl><Polygon><extrude>0</extrude><tessellate>1</tessellate><altitudeMode>clampToGround</altitudeMode><outerBoundaryIs><LinearRing><coordinates>133.75936513,-3.11408558,0 133.76124966,-3.11266742,0 133.75934609,-3.10423461,0 133.75886068,-3.10486279,0 133.75936513,-3.11408558,0</coordinates></LinearRing></outerBoundaryIs></Polygon></Placemark><Placemark><name>Province Papua Barat - Bagian 0141</name><visibility>1</visibility><styleUrl>#papua-barat-google-earth</styleUrl><Polygon><extrude>0</extrude><tessellate>1</tessellate><altitudeMode>clampToGround</altitudeMode><outerBoundaryIs><LinearRing><coordinates>134.00764033,-3.92321783,0 134.00516961,-3.92097697,0 134.00117268,-3.92278642,0 134.00171137,-3.92426541,0 134.00764033,-3.92321783,0</coordinates></LinearRing></outerBoundaryIs></Polygon></Placemark><Placemark><name>Province Papua Barat - Bagian 0142</name><visibility>1</visibility><styleUrl>#papua-barat-google-earth</styleUrl><Polygon><extrude>0</extrude><tessellate>1</tessellate><altitudeMode>clampToGround</altitudeMode><outerBoundaryIs><LinearRing><coordinates>131.60312304,-2.67474536,0 131.60385152,-2.67818637,0 131.60941204,-2.67510176,0 131.60312304,-2.67474536,0</coordinates></LinearRing></outerBoundaryIs></Polygon></Placemark><Placemark><name>Province Papua Barat - Bagian 0143</name><visibility>1</visibility><styleUrl>#papua-barat-google-earth</styleUrl><Polygon><extrude>0</extrude><tessellate>1</tessellate><altitudeMode>clampToGround</altitudeMode><outerBoundaryIs><LinearRing><coordinates>134.28166069,-2.47459620,0 134.28529651,-2.46989438,0 134.28198430,-2.46832394,0 134.28166069,-2.47459620,0</coordinates></LinearRing></outerBoundaryIs></Polygon></Placemark><Placemark><name>Province Papua Barat - Bagian 0144</name><visibility>1</visibility><styleUrl>#papua-barat-google-earth</styleUrl><Polygon><extrude>0</extrude><tessellate>1</tessellate><altitudeMode>clampToGround</altitudeMode><outerBoundaryIs><LinearRing><coordinates>134.55037316,-2.35264234,0 134.54651843,-2.35059600,0 134.54112895,-2.35215455,0 134.54148587,-2.35251147,0 134.55037316,-2.35264234,0</coordinates></LinearRing></outerBoundaryIs></Polygon></Placemark><Placemark><name>Province Papua Barat - Bagian 0145</name><visibility>1</visibility><styleUrl>#papua-barat-google-earth</styleUrl><Polygon><extrude>0</extrude><tessellate>1</tessellate><altitudeMode>clampToGround</altitudeMode><outerBoundaryIs><LinearRing><coordinates>134.34750536,-2.60319112,0 134.34600944,-2.60738089,0 134.34832218,-2.60851690,0 134.34953573,-2.60586059,0 134.34750536,-2.60319112,0</coordinates></LinearRing></outerBoundaryIs></Polygon></Placemark><Placemark><name>Province Papua Barat - Bagian 0146</name><visibility>1</visibility><styleUrl>#papua-barat-google-earth</styleUrl><Polygon><extrude>0</extrude><tessellate>1</tessellate><altitudeMode>clampToGround</altitudeMode><outerBoundaryIs><LinearRing><coordinates>133.75866081,-3.12519290,0 133.76074522,-3.12402221,0 133.76080232,-3.11920618,0 133.75816588,-3.12204249,0 133.75866081,-3.12519290,0</coordinates></LinearRing></outerBoundaryIs></Polygon></Placemark><Placemark><name>Province Papua Barat - Bagian 0147</name><visibility>1</visibility><styleUrl>#papua-barat-google-earth</styleUrl><Polygon><extrude>0</extrude><tessellate>1</tessellate><altitudeMode>clampToGround</altitudeMode><outerBoundaryIs><LinearRing><coordinates>133.03658058,-4.07713495,0 133.03466749,-4.08074697,0 133.03977144,-4.08126094,0 133.03658058,-4.07713495,0</coordinates></LinearRing></outerBoundaryIs></Polygon></Placemark><Placemark><name>Province Papua Barat - Bagian 0148</name><visibility>1</visibility><styleUrl>#papua-barat-google-earth</styleUrl><Polygon><extrude>0</extrude><tessellate>1</tessellate><altitudeMode>clampToGround</altitudeMode><outerBoundaryIs><LinearRing><coordinates>134.13211070,-2.02811139,0 134.13517095,-2.03241542,0 134.13675021,-2.02862446,0 134.13211070,-2.02811139,0</coordinates></LinearRing></outerBoundaryIs></Polygon></Placemark><Placemark><name>Province Papua Barat - Bagian 0149</name><visibility>1</visibility><styleUrl>#papua-barat-google-earth</styleUrl><Polygon><extrude>0</extrude><tessellate>1</tessellate><altitudeMode>clampToGround</altitudeMode><outerBoundaryIs><LinearRing><coordinates>134.53141255,-2.43711293,0 134.54160051,-2.43587520,0 134.53887629,-2.43441126,0 134.53141255,-2.43711293,0</coordinates></LinearRing></outerBoundaryIs></Polygon></Placemark><Placemark><name>Province Papua Barat - Bagian 0150</name><visibility>1</visibility><styleUrl>#papua-barat-google-earth</styleUrl><Polygon><extrude>0</extrude><tessellate>1</tessellate><altitudeMode>clampToGround</altitudeMode><outerBoundaryIs><LinearRing><coordinates>133.59741042,-2.45696414,0 133.59467880,-2.45535087,0 133.59311193,-2.45556760,0 133.59551901,-2.45983799,0 133.59741042,-2.45696414,0</coordinates></LinearRing></outerBoundaryIs></Polygon></Placemark><Placemark><name>Province Papua Barat - Bagian 0151</name><visibility>1</visibility><styleUrl>#papua-barat-google-earth</styleUrl><Polygon><extrude>0</extrude><tessellate>1</tessellate><altitudeMode>clampToGround</altitudeMode><outerBoundaryIs><LinearRing><coordinates>134.67094255,-4.12456208,0 134.66845251,-4.12316437,0 134.66416301,-4.12405803,0 134.66627677,-4.12560095,0 134.67094255,-4.12456208,0</coordinates></LinearRing></outerBoundaryIs></Polygon></Placemark><Placemark><name>Province Papua Barat - Bagian 0152</name><visibility>1</visibility><styleUrl>#papua-barat-google-earth</styleUrl><Polygon><extrude>0</extrude><tessellate>1</tessellate><altitudeMode>clampToGround</altitudeMode><outerBoundaryIs><LinearRing><coordinates>132.43068086,-2.61821162,0 132.42659177,-2.61738539,0 132.42527831,-2.62055483,0 132.42699032,-2.61871971,0 132.42891888,-2.62095458,0 132.43068086,-2.61821162,0</coordinates></LinearRing></outerBoundaryIs></Polygon></Placemark><Placemark><name>Province Papua Barat - Bagian 0153</name><visibility>1</visibility><styleUrl>#papua-barat-google-earth</styleUrl><Polygon><extrude>0</extrude><tessellate>1</tessellate><altitudeMode>clampToGround</altitudeMode><outerBoundaryIs><LinearRing><coordinates>132.09906278,-2.73691940,0 132.09608881,-2.73757236,0 132.10435668,-2.74122220,0 132.09906278,-2.73691940,0</coordinates></LinearRing></outerBoundaryIs></Polygon></Placemark><Placemark><name>Province Papua Barat - Bagian 0154</name><visibility>1</visibility><styleUrl>#papua-barat-google-earth</styleUrl><Polygon><extrude>0</extrude><tessellate>1</tessellate><altitudeMode>clampToGround</altitudeMode><outerBoundaryIs><LinearRing><coordinates>134.07976199,-0.88912654,0 134.08385482,-0.88876805,0 134.08434050,-0.88849622,0 134.07985355,-0.88580966,0 134.07976199,-0.88912654,0</coordinates></LinearRing></outerBoundaryIs></Polygon></Placemark><Placemark><name>Province Papua Barat - Bagian 0155</name><visibility>1</visibility><styleUrl>#papua-barat-google-earth</styleUrl><Polygon><extrude>0</extrude><tessellate>1</tessellate><altitudeMode>clampToGround</altitudeMode><outerBoundaryIs><LinearRing><coordinates>134.13313085,-2.13201952,0 134.13466359,-2.13948500,0 134.13648932,-2.13801104,0 134.13313085,-2.13201952,0</coordinates></LinearRing></outerBoundaryIs></Polygon></Placemark><Placemark><name>Province Papua Barat - Bagian 0156</name><visibility>1</visibility><styleUrl>#papua-barat-google-earth</styleUrl><Polygon><extrude>0</extrude><tessellate>1</tessellate><altitudeMode>clampToGround</altitudeMode><outerBoundaryIs><LinearRing><coordinates>134.72706235,-3.96259524,0 134.73147387,-3.96242392,0 134.72739072,-3.95919737,0 134.72706235,-3.96259524,0</coordinates></LinearRing></outerBoundaryIs></Polygon></Placemark><Placemark><name>Province Papua Barat - Bagian 0157</name><visibility>1</visibility><styleUrl>#papua-barat-google-earth</styleUrl><Polygon><extrude>0</extrude><tessellate>1</tessellate><altitudeMode>clampToGround</altitudeMode><outerBoundaryIs><LinearRing><coordinates>134.16128886,-2.06699813,0 134.15898498,-2.06383966,0 134.15612894,-2.06632815,0 134.16128886,-2.06699813,0</coordinates></LinearRing></outerBoundaryIs></Polygon></Placemark><Placemark><name>Province Papua Barat - Bagian 0158</name><visibility>1</visibility><styleUrl>#papua-barat-google-earth</styleUrl><Polygon><extrude>0</extrude><tessellate>1</tessellate><altitudeMode>clampToGround</altitudeMode><outerBoundaryIs><LinearRing><coordinates>134.52535074,-2.42418797,0 134.52406584,-2.42183706,0 134.52007786,-2.42587263,0 134.52535074,-2.42418797,0</coordinates></LinearRing></outerBoundaryIs></Polygon></Placemark><Placemark><name>Province Papua Barat - Bagian 0159</name><visibility>1</visibility><styleUrl>#papua-barat-google-earth</styleUrl><Polygon><extrude>0</extrude><tessellate>1</tessellate><altitudeMode>clampToGround</altitudeMode><outerBoundaryIs><LinearRing><coordinates>134.21240247,-1.73013929,0 134.20960724,-1.73479019,0 134.21132087,-1.73705736,0 134.21240247,-1.73013929,0</coordinates></LinearRing></outerBoundaryIs></Polygon></Placemark><Placemark><name>Province Papua Barat - Bagian 0160</name><visibility>1</visibility><styleUrl>#papua-barat-google-earth</styleUrl><Polygon><extrude>0</extrude><tessellate>1</tessellate><altitudeMode>clampToGround</altitudeMode><outerBoundaryIs><LinearRing><coordinates>134.71803676,-2.06172618,0 134.71537176,-2.06435310,0 134.72066368,-2.06446731,0 134.71803676,-2.06172618,0</coordinates></LinearRing></outerBoundaryIs></Polygon></Placemark><Placemark><name>Province Papua Barat - Bagian 0161</name><visibility>1</visibility><styleUrl>#papua-barat-google-earth</styleUrl><Polygon><extrude>0</extrude><tessellate>1</tessellate><altitudeMode>clampToGround</altitudeMode><outerBoundaryIs><LinearRing><coordinates>132.08708935,-2.71119574,0 132.09146495,-2.71466466,0 132.09194399,-2.71188480,0 132.08708935,-2.71119574,0</coordinates></LinearRing></outerBoundaryIs></Polygon></Placemark><Placemark><name>Province Papua Barat - Bagian 0162</name><visibility>1</visibility><styleUrl>#papua-barat-google-earth</styleUrl><Polygon><extrude>0</extrude><tessellate>1</tessellate><altitudeMode>clampToGround</altitudeMode><outerBoundaryIs><LinearRing><coordinates>134.85601843,-3.98326370,0 134.85501351,-3.98684103,0 134.85908714,-3.98599394,0 134.85601843,-3.98326370,0</coordinates></LinearRing></outerBoundaryIs></Polygon></Placemark><Placemark><name>Province Papua Barat - Bagian 0163</name><visibility>1</visibility><styleUrl>#papua-barat-google-earth</styleUrl><Polygon><extrude>0</extrude><tessellate>1</tessellate><altitudeMode>clampToGround</altitudeMode><outerBoundaryIs><LinearRing><coordinates>133.66053556,-3.15895228,0 133.66261640,-3.16309254,0 133.66488640,-3.16104739,0 133.66053556,-3.15895228,0</coordinates></LinearRing></outerBoundaryIs></Polygon></Placemark><Placemark><name>Province Papua Barat - Bagian 0164</name><visibility>1</visibility><styleUrl>#papua-barat-google-earth</styleUrl><Polygon><extrude>0</extrude><tessellate>1</tessellate><altitudeMode>clampToGround</altitudeMode><outerBoundaryIs><LinearRing><coordinates>134.48601733,-4.03144374,0 134.48187965,-4.03255603,0 134.48893285,-4.03390828,0 134.48601733,-4.03144374,0</coordinates></LinearRing></outerBoundaryIs></Polygon></Placemark><Placemark><name>Province Papua Barat - Bagian 0165</name><visibility>1</visibility><styleUrl>#papua-barat-google-earth</styleUrl><Polygon><extrude>0</extrude><tessellate>1</tessellate><altitudeMode>clampToGround</altitudeMode><outerBoundaryIs><LinearRing><coordinates>133.90499008,-3.11793893,0 133.90627519,-3.11585348,0 133.90206658,-3.11225778,0 133.90499008,-3.11793893,0</coordinates></LinearRing></outerBoundaryIs></Polygon></Placemark><Placemark><name>Province Papua Barat - Bagian 0166</name><visibility>1</visibility><styleUrl>#papua-barat-google-earth</styleUrl><Polygon><extrude>0</extrude><tessellate>1</tessellate><altitudeMode>clampToGround</altitudeMode><outerBoundaryIs><LinearRing><coordinates>133.89090284,-2.30395277,0 133.88691011,-2.30598602,0 133.89119314,-2.30713768,0 133.89090284,-2.30395277,0</coordinates></LinearRing></outerBoundaryIs></Polygon></Placemark><Placemark><name>Province Papua Barat - Bagian 0167</name><visibility>1</visibility><styleUrl>#papua-barat-google-earth</styleUrl><Polygon><extrude>0</extrude><tessellate>1</tessellate><altitudeMode>clampToGround</altitudeMode><outerBoundaryIs><LinearRing><coordinates>133.81716704,-2.92443774,0 133.81028846,-2.91840070,0 133.81100992,-2.92092523,0 133.81716704,-2.92443774,0</coordinates></LinearRing></outerBoundaryIs></Polygon></Placemark><Placemark><name>Province Papua Barat - Bagian 0168</name><visibility>1</visibility><styleUrl>#papua-barat-google-earth</styleUrl><Polygon><extrude>0</extrude><tessellate>1</tessellate><altitudeMode>clampToGround</altitudeMode><outerBoundaryIs><LinearRing><coordinates>133.59088006,-3.42752461,0 133.59352465,-3.43063576,0 133.59584638,-3.42850153,0 133.59088006,-3.42752461,0</coordinates></LinearRing></outerBoundaryIs></Polygon></Placemark><Placemark><name>Province Papua Barat - Bagian 0169</name><visibility>1</visibility><styleUrl>#papua-barat-google-earth</styleUrl><Polygon><extrude>0</extrude><tessellate>1</tessellate><altitudeMode>clampToGround</altitudeMode><outerBoundaryIs><LinearRing><coordinates>133.99288914,-0.74050964,0 133.99528811,-0.74212920,0 133.99527520,-0.73699214,0 133.99288914,-0.74050964,0</coordinates></LinearRing></outerBoundaryIs></Polygon></Placemark><Placemark><name>Province Papua Barat - Bagian 0170</name><visibility>1</visibility><styleUrl>#papua-barat-google-earth</styleUrl><Polygon><extrude>0</extrude><tessellate>1</tessellate><altitudeMode>clampToGround</altitudeMode><outerBoundaryIs><LinearRing><coordinates>133.64252428,-3.57158363,0 133.64798530,-3.57842331,0 133.64790249,-3.57629750,0 133.64252428,-3.57158363,0</coordinates></LinearRing></outerBoundaryIs></Polygon></Placemark><Placemark><name>Province Papua Barat - Bagian 0171</name><visibility>1</visibility><styleUrl>#papua-barat-google-earth</styleUrl><Polygon><extrude>0</extrude><tessellate>1</tessellate><altitudeMode>clampToGround</altitudeMode><outerBoundaryIs><LinearRing><coordinates>132.81077193,-3.91788310,0 132.80974400,-3.91946068,0 132.81551896,-3.92065993,0 132.81077193,-3.91788310,0</coordinates></LinearRing></outerBoundaryIs></Polygon></Placemark><Placemark><name>Province Papua Barat - Bagian 0172</name><visibility>1</visibility><styleUrl>#papua-barat-google-earth</styleUrl><Polygon><extrude>0</extrude><tessellate>1</tessellate><altitudeMode>clampToGround</altitudeMode><outerBoundaryIs><LinearRing><coordinates>134.64858936,-4.10101684,0 134.64877797,-4.09719971,0 134.64850394,-4.09628382,0 134.64672337,-4.09784283,0 134.64858936,-4.10101684,0</coordinates></LinearRing></outerBoundaryIs></Polygon></Placemark><Placemark><name>Province Papua Barat - Bagian 0173</name><visibility>1</visibility><styleUrl>#papua-barat-google-earth</styleUrl><Polygon><extrude>0</extrude><tessellate>1</tessellate><altitudeMode>clampToGround</altitudeMode><outerBoundaryIs><LinearRing><coordinates>133.70510886,-3.17067213,0 133.70768819,-3.16996781,0 133.70576559,-3.16670319,0 133.70510886,-3.17067213,0</coordinates></LinearRing></outerBoundaryIs></Polygon></Placemark><Placemark><name>Province Papua Barat - Bagian 0174</name><visibility>1</visibility><styleUrl>#papua-barat-google-earth</styleUrl><Polygon><extrude>0</extrude><tessellate>1</tessellate><altitudeMode>clampToGround</altitudeMode><outerBoundaryIs><LinearRing><coordinates>134.13890607,-3.75985843,0 134.14027101,-3.76385430,0 134.14192464,-3.76179115,0 134.13890607,-3.75985843,0</coordinates></LinearRing></outerBoundaryIs></Polygon></Placemark><Placemark><name>Province Papua Barat - Bagian 0175</name><visibility>1</visibility><styleUrl>#papua-barat-google-earth</styleUrl><Polygon><extrude>0</extrude><tessellate>1</tessellate><altitudeMode>clampToGround</altitudeMode><outerBoundaryIs><LinearRing><coordinates>134.76721703,-2.20760424,0 134.77000582,-2.21213902,0 134.77476261,-2.21398162,0 134.77449681,-2.21309035,0 134.76962185,-2.21115861,0 134.76721703,-2.20760424,0</coordinates></LinearRing></outerBoundaryIs></Polygon></Placemark><Placemark><name>Province Papua Barat - Bagian 0176</name><visibility>1</visibility><styleUrl>#papua-barat-google-earth</styleUrl><Polygon><extrude>0</extrude><tessellate>1</tessellate><altitudeMode>clampToGround</altitudeMode><outerBoundaryIs><LinearRing><coordinates>134.07186007,-3.96763382,0 134.07024452,-3.96009228,0 134.06961410,-3.96237256,0 134.07186007,-3.96763382,0</coordinates></LinearRing></outerBoundaryIs></Polygon></Placemark><Placemark><name>Province Papua Barat - Bagian 0177</name><visibility>1</visibility><styleUrl>#papua-barat-google-earth</styleUrl><Polygon><extrude>0</extrude><tessellate>1</tessellate><altitudeMode>clampToGround</altitudeMode><outerBoundaryIs><LinearRing><coordinates>134.14226214,-1.95794828,0 134.14549899,-1.95788128,0 134.14410805,-1.95531316,0 134.14226214,-1.95794828,0</coordinates></LinearRing></outerBoundaryIs></Polygon></Placemark><Placemark><name>Province Papua Barat - Bagian 0178</name><visibility>1</visibility><styleUrl>#papua-barat-google-earth</styleUrl><Polygon><extrude>0</extrude><tessellate>1</tessellate><altitudeMode>clampToGround</altitudeMode><outerBoundaryIs><LinearRing><coordinates>131.60244575,-2.67100511,0 131.59924452,-2.67287748,0 131.60004164,-2.67501899,0 131.60244575,-2.67100511,0</coordinates></LinearRing></outerBoundaryIs></Polygon></Placemark><Placemark><name>Province Papua Barat - Bagian 0179</name><visibility>1</visibility><styleUrl>#papua-barat-google-earth</styleUrl><Polygon><extrude>0</extrude><tessellate>1</tessellate><altitudeMode>clampToGround</altitudeMode><outerBoundaryIs><LinearRing><coordinates>132.81261244,-3.91556312,0 132.81970324,-3.92117865,0 132.81926304,-3.91970338,0 132.81261244,-3.91556312,0</coordinates></LinearRing></outerBoundaryIs></Polygon></Placemark><Placemark><name>Province Papua Barat - Bagian 0180</name><visibility>1</visibility><styleUrl>#papua-barat-google-earth</styleUrl><Polygon><extrude>0</extrude><tessellate>1</tessellate><altitudeMode>clampToGround</altitudeMode><outerBoundaryIs><LinearRing><coordinates>134.45959784,-2.85110657,0 134.45487790,-2.84743173,0 134.45470117,-2.84894121,0 134.45959784,-2.85110657,0</coordinates></LinearRing></outerBoundaryIs></Polygon></Placemark><Placemark><name>Province Papua Barat - Bagian 0181</name><visibility>1</visibility><styleUrl>#papua-barat-google-earth</styleUrl><Polygon><extrude>0</extrude><tessellate>1</tessellate><altitudeMode>clampToGround</altitudeMode><outerBoundaryIs><LinearRing><coordinates>132.44752151,-2.64565338,0 132.44969158,-2.64606741,0 132.44983321,-2.64252785,0 132.44752151,-2.64565338,0</coordinates></LinearRing></outerBoundaryIs></Polygon></Placemark><Placemark><name>Province Papua Barat - Bagian 0182</name><visibility>1</visibility><styleUrl>#papua-barat-google-earth</styleUrl><Polygon><extrude>0</extrude><tessellate>1</tessellate><altitudeMode>clampToGround</altitudeMode><outerBoundaryIs><LinearRing><coordinates>134.12953064,-3.86458989,0 134.13004625,-3.86703062,0 134.13283497,-3.86534358,0 134.12953064,-3.86458989,0</coordinates></LinearRing></outerBoundaryIs></Polygon></Placemark><Placemark><name>Province Papua Barat - Bagian 0183</name><visibility>1</visibility><styleUrl>#papua-barat-google-earth</styleUrl><Polygon><extrude>0</extrude><tessellate>1</tessellate><altitudeMode>clampToGround</altitudeMode><outerBoundaryIs><LinearRing><coordinates>132.43294493,-2.61752815,0 132.43328952,-2.62096735,0 132.43645503,-2.62007357,0 132.43437261,-2.61956973,0 132.43294493,-2.61752815,0</coordinates></LinearRing></outerBoundaryIs></Polygon></Placemark><Placemark><name>Province Papua Barat - Bagian 0184</name><visibility>1</visibility><styleUrl>#papua-barat-google-earth</styleUrl><Polygon><extrude>0</extrude><tessellate>1</tessellate><altitudeMode>clampToGround</altitudeMode><outerBoundaryIs><LinearRing><coordinates>132.13043460,-2.95913323,0 132.12970898,-2.95616397,0 132.12797505,-2.95947847,0 132.13043460,-2.95913323,0</coordinates></LinearRing></outerBoundaryIs></Polygon></Placemark><Placemark><name>Province Papua Barat - Bagian 0185</name><visibility>1</visibility><styleUrl>#papua-barat-google-earth</styleUrl><Polygon><extrude>0</extrude><tessellate>1</tessellate><altitudeMode>clampToGround</altitudeMode><outerBoundaryIs><LinearRing><coordinates>134.15754358,-3.92848873,0 134.15191983,-3.93206516,0 134.15371394,-3.93226504,0 134.15754358,-3.92848873,0</coordinates></LinearRing></outerBoundaryIs></Polygon></Placemark><Placemark><name>Province Papua Barat - Bagian 0186</name><visibility>1</visibility><styleUrl>#papua-barat-google-earth</styleUrl><Polygon><extrude>0</extrude><tessellate>1</tessellate><altitudeMode>clampToGround</altitudeMode><outerBoundaryIs><LinearRing><coordinates>134.01920596,-3.85217900,0 134.01657959,-3.85091959,0 134.01636075,-3.85465985,0 134.01720770,-3.85278302,0 134.01920596,-3.85217900,0</coordinates></LinearRing></outerBoundaryIs></Polygon></Placemark><Placemark><name>Province Papua Barat - Bagian 0187</name><visibility>1</visibility><styleUrl>#papua-barat-google-earth</styleUrl><Polygon><extrude>0</extrude><tessellate>1</tessellate><altitudeMode>clampToGround</altitudeMode><outerBoundaryIs><LinearRing><coordinates>134.13719997,-2.03825627,0 134.13518646,-2.03621762,0 134.13464331,-2.03632319,0 134.13472235,-2.03852187,0 134.13719997,-2.03825627,0</coordinates></LinearRing></outerBoundaryIs></Polygon></Placemark><Placemark><name>Province Papua Barat - Bagian 0188</name><visibility>1</visibility><styleUrl>#papua-barat-google-earth</styleUrl><Polygon><extrude>0</extrude><tessellate>1</tessellate><altitudeMode>clampToGround</altitudeMode><outerBoundaryIs><LinearRing><coordinates>132.45408882,-2.64294080,0 132.45430329,-2.64068403,0 132.45125937,-2.64157370,0 132.45408882,-2.64294080,0</coordinates></LinearRing></outerBoundaryIs></Polygon></Placemark><Placemark><name>Province Papua Barat - Bagian 0189</name><visibility>1</visibility><styleUrl>#papua-barat-google-earth</styleUrl><Polygon><extrude>0</extrude><tessellate>1</tessellate><altitudeMode>clampToGround</altitudeMode><outerBoundaryIs><LinearRing><coordinates>133.34594757,-4.03601437,0 133.34844124,-4.03378720,0 133.34472929,-4.03444393,0 133.34594757,-4.03601437,0</coordinates></LinearRing></outerBoundaryIs></Polygon></Placemark><Placemark><name>Province Papua Barat - Bagian 0190</name><visibility>1</visibility><styleUrl>#papua-barat-google-earth</styleUrl><Polygon><extrude>0</extrude><tessellate>1</tessellate><altitudeMode>clampToGround</altitudeMode><outerBoundaryIs><LinearRing><coordinates>134.15401749,-3.92284878,0 134.15268767,-3.92127818,0 134.15237961,-3.92530116,0 134.15401749,-3.92284878,0</coordinates></LinearRing></outerBoundaryIs></Polygon></Placemark><Placemark><name>Province Papua Barat - Bagian 0191</name><visibility>1</visibility><styleUrl>#papua-barat-google-earth</styleUrl><Polygon><extrude>0</extrude><tessellate>1</tessellate><altitudeMode>clampToGround</altitudeMode><outerBoundaryIs><LinearRing><coordinates>133.76273654,-2.24315697,0 133.76498275,-2.24259542,0 133.76327906,-2.24055828,0 133.76273654,-2.24315697,0</coordinates></LinearRing></outerBoundaryIs></Polygon></Placemark><Placemark><name>Province Papua Barat - Bagian 0192</name><visibility>1</visibility><styleUrl>#papua-barat-google-earth</styleUrl><Polygon><extrude>0</extrude><tessellate>1</tessellate><altitudeMode>clampToGround</altitudeMode><outerBoundaryIs><LinearRing><coordinates>134.12527802,-3.99654096,0 134.12474561,-3.99514659,0 134.12166956,-3.99717746,0 134.12527802,-3.99654096,0</coordinates></LinearRing></outerBoundaryIs></Polygon></Placemark><Placemark><name>Province Papua Barat - Bagian 0193</name><visibility>1</visibility><styleUrl>#papua-barat-google-earth</styleUrl><Polygon><extrude>0</extrude><tessellate>1</tessellate><altitudeMode>clampToGround</altitudeMode><outerBoundaryIs><LinearRing><coordinates>134.12977229,-3.86630975,0 134.12504063,-3.86872688,0 134.12712526,-3.86877462,0 134.12977229,-3.86630975,0</coordinates></LinearRing></outerBoundaryIs></Polygon></Placemark><Placemark><name>Province Papua Barat - Bagian 0194</name><visibility>1</visibility><styleUrl>#papua-barat-google-earth</styleUrl><Polygon><extrude>0</extrude><tessellate>1</tessellate><altitudeMode>clampToGround</altitudeMode><outerBoundaryIs><LinearRing><coordinates>133.82412753,-3.56783239,0 133.82386103,-3.56346370,0 133.82276648,-3.56526257,0 133.82412753,-3.56783239,0</coordinates></LinearRing></outerBoundaryIs></Polygon></Placemark><Placemark><name>Province Papua Barat - Bagian 0195</name><visibility>1</visibility><styleUrl>#papua-barat-google-earth</styleUrl><Polygon><extrude>0</extrude><tessellate>1</tessellate><altitudeMode>clampToGround</altitudeMode><outerBoundaryIs><LinearRing><coordinates>133.60009259,-3.62948080,0 133.59741332,-3.62561180,0 133.59855223,-3.62921356,0 133.60009259,-3.62948080,0</coordinates></LinearRing></outerBoundaryIs></Polygon></Placemark><Placemark><name>Province Papua Barat - Bagian 0196</name><visibility>1</visibility><styleUrl>#papua-barat-google-earth</styleUrl><Polygon><extrude>0</extrude><tessellate>1</tessellate><altitudeMode>clampToGround</altitudeMode><outerBoundaryIs><LinearRing><coordinates>134.45450224,-3.94821922,0 134.45560772,-3.94633333,0 134.45277848,-3.94644038,0 134.45450224,-3.94821922,0</coordinates></LinearRing></outerBoundaryIs></Polygon></Placemark><Placemark><name>Province Papua Barat - Bagian 0197</name><visibility>1</visibility><styleUrl>#papua-barat-google-earth</styleUrl><Polygon><extrude>0</extrude><tessellate>1</tessellate><altitudeMode>clampToGround</altitudeMode><outerBoundaryIs><LinearRing><coordinates>134.18708193,-1.91365380,0 134.18606727,-1.91693908,0 134.18740961,-1.91764974,0 134.18708193,-1.91365380,0</coordinates></LinearRing></outerBoundaryIs></Polygon></Placemark><Placemark><name>Province Papua Barat - Bagian 0198</name><visibility>1</visibility><styleUrl>#papua-barat-google-earth</styleUrl><Polygon><extrude>0</extrude><tessellate>1</tessellate><altitudeMode>clampToGround</altitudeMode><outerBoundaryIs><LinearRing><coordinates>133.76241084,-3.14084024,0 133.76331503,-3.14137323,0 133.76206820,-3.13497724,0 133.76241084,-3.14084024,0</coordinates></LinearRing></outerBoundaryIs></Polygon></Placemark><Placemark><name>Province Papua Barat - Bagian 0199</name><visibility>1</visibility><styleUrl>#papua-barat-google-earth</styleUrl><Polygon><extrude>0</extrude><tessellate>1</tessellate><altitudeMode>clampToGround</altitudeMode><outerBoundaryIs><LinearRing><coordinates>132.48111044,-2.70906499,0 132.47835560,-2.71038878,0 132.47989667,-2.71148569,0 132.48111044,-2.70906499,0</coordinates></LinearRing></outerBoundaryIs></Polygon></Placemark><Placemark><name>Province Papua Barat - Bagian 0200</name><visibility>1</visibility><styleUrl>#papua-barat-google-earth</styleUrl><Polygon><extrude>0</extrude><tessellate>1</tessellate><altitudeMode>clampToGround</altitudeMode><outerBoundaryIs><LinearRing><coordinates>134.69923216,-1.99279735,0 134.69803584,-1.99159760,0 134.69633984,-1.99398528,0 134.69923216,-1.99279735,0</coordinates></LinearRing></outerBoundaryIs></Polygon></Placemark><Placemark><name>Province Papua Barat - Bagian 0201</name><visibility>1</visibility><styleUrl>#papua-barat-google-earth</styleUrl><Polygon><extrude>0</extrude><tessellate>1</tessellate><altitudeMode>clampToGround</altitudeMode><outerBoundaryIs><LinearRing><coordinates>134.45538412,-4.01412764,0 134.45443829,-4.01479984,0 134.45825732,-4.01707817,0 134.45538412,-4.01412764,0</coordinates></LinearRing></outerBoundaryIs></Polygon></Placemark><Placemark><name>Province Papua Barat - Bagian 0202</name><visibility>1</visibility><styleUrl>#papua-barat-google-earth</styleUrl><Polygon><extrude>0</extrude><tessellate>1</tessellate><altitudeMode>clampToGround</altitudeMode><outerBoundaryIs><LinearRing><coordinates>134.12220677,-1.86158063,0 134.12343844,-1.85965444,0 134.12306358,-1.85872723,0 134.12191521,-1.85940918,0 134.12220677,-1.86158063,0</coordinates></LinearRing></outerBoundaryIs></Polygon></Placemark><Placemark><name>Province Papua Barat - Bagian 0203</name><visibility>1</visibility><styleUrl>#papua-barat-google-earth</styleUrl><Polygon><extrude>0</extrude><tessellate>1</tessellate><altitudeMode>clampToGround</altitudeMode><outerBoundaryIs><LinearRing><coordinates>134.37526464,-3.97982983,0 134.37704924,-3.98281605,0 134.37790584,-3.98172150,0 134.37526464,-3.97982983,0</coordinates></LinearRing></outerBoundaryIs></Polygon></Placemark><Placemark><name>Province Papua Barat - Bagian 0204</name><visibility>1</visibility><styleUrl>#papua-barat-google-earth</styleUrl><Polygon><extrude>0</extrude><tessellate>1</tessellate><altitudeMode>clampToGround</altitudeMode><outerBoundaryIs><LinearRing><coordinates>132.32284687,-2.95092894,0 132.32208848,-2.95414802,0 132.32372439,-2.95314928,0 132.32284687,-2.95092894,0</coordinates></LinearRing></outerBoundaryIs></Polygon></Placemark><Placemark><name>Province Papua Barat - Bagian 0205</name><visibility>1</visibility><styleUrl>#papua-barat-google-earth</styleUrl><Polygon><extrude>0</extrude><tessellate>1</tessellate><altitudeMode>clampToGround</altitudeMode><outerBoundaryIs><LinearRing><coordinates>132.48574037,-2.70937319,0 132.48558571,-2.70794551,0 132.48266584,-2.70977868,0 132.48574037,-2.70937319,0</coordinates></LinearRing></outerBoundaryIs></Polygon></Placemark><Placemark><name>Province Papua Barat - Bagian 0206</name><visibility>1</visibility><styleUrl>#papua-barat-google-earth</styleUrl><Polygon><extrude>0</extrude><tessellate>1</tessellate><altitudeMode>clampToGround</altitudeMode><outerBoundaryIs><LinearRing><coordinates>132.10149976,-2.95636667,0 132.09965734,-2.95800979,0 132.10279745,-2.95761997,0 132.10149976,-2.95636667,0</coordinates></LinearRing></outerBoundaryIs></Polygon></Placemark><Placemark><name>Province Papua Barat - Bagian 0207</name><visibility>1</visibility><styleUrl>#papua-barat-google-earth</styleUrl><Polygon><extrude>0</extrude><tessellate>1</tessellate><altitudeMode>clampToGround</altitudeMode><outerBoundaryIs><LinearRing><coordinates>132.51608627,-2.64654631,0 132.51743095,-2.64567051,0 132.51735045,-2.64244042,0 132.51608627,-2.64654631,0</coordinates></LinearRing></outerBoundaryIs></Polygon></Placemark><Placemark><name>Province Papua Barat - Bagian 0208</name><visibility>1</visibility><styleUrl>#papua-barat-google-earth</styleUrl><Polygon><extrude>0</extrude><tessellate>1</tessellate><altitudeMode>clampToGround</altitudeMode><outerBoundaryIs><LinearRing><coordinates>132.65550464,-3.30587438,0 132.65668485,-3.30734013,0 132.65556175,-3.30221001,0 132.65550464,-3.30587438,0</coordinates></LinearRing></outerBoundaryIs></Polygon></Placemark><Placemark><name>Province Papua Barat - Bagian 0209</name><visibility>1</visibility><styleUrl>#papua-barat-google-earth</styleUrl><Polygon><extrude>0</extrude><tessellate>1</tessellate><altitudeMode>clampToGround</altitudeMode><outerBoundaryIs><LinearRing><coordinates>134.46996255,-2.84432897,0 134.46923920,-2.84395777,0 134.46910595,-2.84977318,0 134.46996255,-2.84432897,0</coordinates></LinearRing></outerBoundaryIs></Polygon></Placemark><Placemark><name>Province Papua Barat - Bagian 0210</name><visibility>1</visibility><styleUrl>#papua-barat-google-earth</styleUrl><Polygon><extrude>0</extrude><tessellate>1</tessellate><altitudeMode>clampToGround</altitudeMode><outerBoundaryIs><LinearRing><coordinates>134.10313002,-3.91614644,0 134.10124117,-3.91384393,0 134.10017057,-3.91471470,0 134.10313002,-3.91614644,0</coordinates></LinearRing></outerBoundaryIs></Polygon></Placemark><Placemark><name>Province Papua Barat - Bagian 0211</name><visibility>1</visibility><styleUrl>#papua-barat-google-earth</styleUrl><Polygon><extrude>0</extrude><tessellate>1</tessellate><altitudeMode>clampToGround</altitudeMode><outerBoundaryIs><LinearRing><coordinates>133.78312246,-3.11210031,0 133.78413373,-3.11344471,0 133.78372922,-3.10895942,0 133.78312246,-3.11210031,0</coordinates></LinearRing></outerBoundaryIs></Polygon></Placemark><Placemark><name>Province Papua Barat - Bagian 0212</name><visibility>1</visibility><styleUrl>#papua-barat-google-earth</styleUrl><Polygon><extrude>0</extrude><tessellate>1</tessellate><altitudeMode>clampToGround</altitudeMode><outerBoundaryIs><LinearRing><coordinates>134.10975408,-3.82370286,0 134.10750597,-3.82206083,0 134.10689442,-3.82337163,0 134.10975408,-3.82370286,0</coordinates></LinearRing></outerBoundaryIs></Polygon></Placemark><Placemark><name>Province Papua Barat - Bagian 0213</name><visibility>1</visibility><styleUrl>#papua-barat-google-earth</styleUrl><Polygon><extrude>0</extrude><tessellate>1</tessellate><altitudeMode>clampToGround</altitudeMode><outerBoundaryIs><LinearRing><coordinates>132.45920346,-2.62309211,0 132.46372599,-2.62598586,0 132.46161838,-2.62377009,0 132.45920346,-2.62309211,0</coordinates></LinearRing></outerBoundaryIs></Polygon></Placemark><Placemark><name>Province Papua Barat - Bagian 0214</name><visibility>1</visibility><styleUrl>#papua-barat-google-earth</styleUrl><Polygon><extrude>0</extrude><tessellate>1</tessellate><altitudeMode>clampToGround</altitudeMode><outerBoundaryIs><LinearRing><coordinates>132.40107778,-2.60438731,0 132.40209029,-2.60259943,0 132.39994405,-2.60252108,0 132.40107778,-2.60438731,0</coordinates></LinearRing></outerBoundaryIs></Polygon></Placemark><Placemark><name>Province Papua Barat - Bagian 0215</name><visibility>1</visibility><styleUrl>#papua-barat-google-earth</styleUrl><Polygon><extrude>0</extrude><tessellate>1</tessellate><altitudeMode>clampToGround</altitudeMode><outerBoundaryIs><LinearRing><coordinates>134.37235202,-3.97414925,0 134.37119203,-3.97432176,0 134.36923493,-3.97783147,0 134.37235202,-3.97414925,0</coordinates></LinearRing></outerBoundaryIs></Polygon></Placemark><Placemark><name>Province Papua Barat - Bagian 0216</name><visibility>1</visibility><styleUrl>#papua-barat-google-earth</styleUrl><Polygon><extrude>0</extrude><tessellate>1</tessellate><altitudeMode>clampToGround</altitudeMode><outerBoundaryIs><LinearRing><coordinates>132.11733418,-2.94197707,0 132.11538460,-2.94158367,0 132.11809764,-2.94402291,0 132.11733418,-2.94197707,0</coordinates></LinearRing></outerBoundaryIs></Polygon></Placemark><Placemark><name>Province Papua Barat - Bagian 0217</name><visibility>1</visibility><styleUrl>#papua-barat-google-earth</styleUrl><Polygon><extrude>0</extrude><tessellate>1</tessellate><altitudeMode>clampToGround</altitudeMode><outerBoundaryIs><LinearRing><coordinates>134.46045690,-4.01707080,0 134.45867668,-4.01782245,0 134.46009998,-4.01926942,0 134.46045690,-4.01707080,0</coordinates></LinearRing></outerBoundaryIs></Polygon></Placemark><Placemark><name>Province Papua Barat - Bagian 0218</name><visibility>1</visibility><styleUrl>#papua-barat-google-earth</styleUrl><Polygon><extrude>0</extrude><tessellate>1</tessellate><altitudeMode>clampToGround</altitudeMode><outerBoundaryIs><LinearRing><coordinates>132.49904186,-3.11257902,0 132.49977529,-3.11105502,0 132.49735750,-3.11119045,0 132.49904186,-3.11257902,0</coordinates></LinearRing></outerBoundaryIs></Polygon></Placemark><Placemark><name>Province Papua Barat - Bagian 0219</name><visibility>1</visibility><styleUrl>#papua-barat-google-earth</styleUrl><Polygon><extrude>0</extrude><tessellate>1</tessellate><altitudeMode>clampToGround</altitudeMode><outerBoundaryIs><LinearRing><coordinates>132.10844395,-2.93266265,0 132.10921852,-2.93539537,0 132.11042284,-2.93503254,0 132.10844395,-2.93266265,0</coordinates></LinearRing></outerBoundaryIs></Polygon></Placemark><Placemark><name>Province Papua Barat - Bagian 0220</name><visibility>1</visibility><styleUrl>#papua-barat-google-earth</styleUrl><Polygon><extrude>0</extrude><tessellate>1</tessellate><altitudeMode>clampToGround</altitudeMode><outerBoundaryIs><LinearRing><coordinates>133.61199582,-3.64027745,0 133.61240511,-3.64351426,0 133.61340449,-3.64272012,0 133.61199582,-3.64027745,0</coordinates></LinearRing></outerBoundaryIs></Polygon></Placemark><Placemark><name>Province Papua Barat - Bagian 0221</name><visibility>1</visibility><styleUrl>#papua-barat-google-earth</styleUrl><Polygon><extrude>0</extrude><tessellate>1</tessellate><altitudeMode>clampToGround</altitudeMode><outerBoundaryIs><LinearRing><coordinates>132.52155606,-2.64184625,0 132.52023284,-2.64315430,0 132.52179092,-2.64424572,0 132.52155606,-2.64184625,0</coordinates></LinearRing></outerBoundaryIs></Polygon></Placemark><Placemark><name>Province Papua Barat - Bagian 0222</name><visibility>1</visibility><styleUrl>#papua-barat-google-earth</styleUrl><Polygon><extrude>0</extrude><tessellate>1</tessellate><altitudeMode>clampToGround</altitudeMode><outerBoundaryIs><LinearRing><coordinates>132.44553225,-2.61825978,0 132.44423785,-2.61884162,0 132.44669275,-2.62031627,0 132.44553225,-2.61825978,0</coordinates></LinearRing></outerBoundaryIs></Polygon></Placemark><Placemark><name>Province Papua Barat - Bagian 0223</name><visibility>1</visibility><styleUrl>#papua-barat-google-earth</styleUrl><Polygon><extrude>0</extrude><tessellate>1</tessellate><altitudeMode>clampToGround</altitudeMode><outerBoundaryIs><LinearRing><coordinates>133.96796868,-2.10609773,0 133.96876588,-2.10785956,0 133.96961051,-2.10567538,0 133.96796868,-2.10609773,0</coordinates></LinearRing></outerBoundaryIs></Polygon></Placemark><Placemark><name>Province Papua Barat - Bagian 0224</name><visibility>1</visibility><styleUrl>#papua-barat-google-earth</styleUrl><Polygon><extrude>0</extrude><tessellate>1</tessellate><altitudeMode>clampToGround</altitudeMode><outerBoundaryIs><LinearRing><coordinates>133.66123675,-3.16804562,0 133.66007081,-3.16795045,0 133.66061214,-3.17075821,0 133.66123675,-3.16804562,0</coordinates></LinearRing></outerBoundaryIs></Polygon></Placemark><Placemark><name>Province Papua Barat - Bagian 0225</name><visibility>1</visibility><styleUrl>#papua-barat-google-earth</styleUrl><Polygon><extrude>0</extrude><tessellate>1</tessellate><altitudeMode>clampToGround</altitudeMode><outerBoundaryIs><LinearRing><coordinates>133.95269661,-2.08707367,0 133.95034808,-2.08663823,0 133.95061934,-2.08803735,0 133.95269661,-2.08707367,0</coordinates></LinearRing></outerBoundaryIs></Polygon></Placemark><Placemark><name>Province Papua Barat - Bagian 0226</name><visibility>1</visibility><styleUrl>#papua-barat-google-earth</styleUrl><Polygon><extrude>0</extrude><tessellate>1</tessellate><altitudeMode>clampToGround</altitudeMode><outerBoundaryIs><LinearRing><coordinates>134.28821848,-2.47602388,0 134.28629588,-2.47531004,0 134.28604842,-2.47682337,0 134.28821848,-2.47602388,0</coordinates></LinearRing></outerBoundaryIs></Polygon></Placemark><Placemark><name>Province Papua Barat - Bagian 0227</name><visibility>1</visibility><styleUrl>#papua-barat-google-earth</styleUrl><Polygon><extrude>0</extrude><tessellate>1</tessellate><altitudeMode>clampToGround</altitudeMode><outerBoundaryIs><LinearRing><coordinates>132.81185950,-3.30372778,0 132.81091342,-3.30482258,0 132.81318794,-3.30543782,0 132.81185950,-3.30372778,0</coordinates></LinearRing></outerBoundaryIs></Polygon></Placemark><Placemark><name>Province Papua Barat - Bagian 0228</name><visibility>1</visibility><styleUrl>#papua-barat-google-earth</styleUrl><Polygon><extrude>0</extrude><tessellate>1</tessellate><altitudeMode>clampToGround</altitudeMode><outerBoundaryIs><LinearRing><coordinates>133.77019643,-3.15105288,0 133.76803588,-3.14695069,0 133.76856888,-3.14933015,0 133.77019643,-3.15105288,0</coordinates></LinearRing></outerBoundaryIs></Polygon></Placemark><Placemark><name>Province Papua Barat - Bagian 0229</name><visibility>1</visibility><styleUrl>#papua-barat-google-earth</styleUrl><Polygon><extrude>0</extrude><tessellate>1</tessellate><altitudeMode>clampToGround</altitudeMode><outerBoundaryIs><LinearRing><coordinates>132.55146251,-3.14039734,0 132.55152520,-3.13828264,0 132.55010145,-3.13939890,0 132.55146251,-3.14039734,0</coordinates></LinearRing></outerBoundaryIs></Polygon></Placemark><Placemark><name>Province Papua Barat - Bagian 0230</name><visibility>1</visibility><styleUrl>#papua-barat-google-earth</styleUrl><Polygon><extrude>0</extrude><tessellate>1</tessellate><altitudeMode>clampToGround</altitudeMode><outerBoundaryIs><LinearRing><coordinates>134.36556096,-3.96785683,0 134.36620817,-3.96486823,0 134.36518025,-3.96511569,0 134.36556096,-3.96785683,0</coordinates></LinearRing></outerBoundaryIs></Polygon></Placemark><Placemark><name>Province Papua Barat - Bagian 0231</name><visibility>1</visibility><styleUrl>#papua-barat-google-earth</styleUrl><Polygon><extrude>0</extrude><tessellate>1</tessellate><altitudeMode>clampToGround</altitudeMode><outerBoundaryIs><LinearRing><coordinates>134.15969356,-2.03826322,0 134.16058607,-2.03846062,0 134.16028017,-2.03514730,0 134.15969356,-2.03826322,0</coordinates></LinearRing></outerBoundaryIs></Polygon></Placemark><Placemark><name>Province Papua Barat - Bagian 0232</name><visibility>1</visibility><styleUrl>#papua-barat-google-earth</styleUrl><Polygon><extrude>0</extrude><tessellate>1</tessellate><altitudeMode>clampToGround</altitudeMode><outerBoundaryIs><LinearRing><coordinates>133.76012656,-3.13103686,0 133.76088798,-3.13212189,0 133.76174459,-3.12958063,0 133.76012656,-3.13103686,0</coordinates></LinearRing></outerBoundaryIs></Polygon></Placemark><Placemark><name>Province Papua Barat - Bagian 0233</name><visibility>1</visibility><styleUrl>#papua-barat-google-earth</styleUrl><Polygon><extrude>0</extrude><tessellate>1</tessellate><altitudeMode>clampToGround</altitudeMode><outerBoundaryIs><LinearRing><coordinates>132.54094660,-2.64496747,0 132.54231512,-2.64523680,0 132.54205240,-2.64312105,0 132.54094660,-2.64496747,0</coordinates></LinearRing></outerBoundaryIs></Polygon></Placemark><Placemark><name>Province Papua Barat - Bagian 0234</name><visibility>1</visibility><styleUrl>#papua-barat-google-earth</styleUrl><Polygon><extrude>0</extrude><tessellate>1</tessellate><altitudeMode>clampToGround</altitudeMode><outerBoundaryIs><LinearRing><coordinates>132.58626609,-2.68901968,0 132.58370970,-2.69131516,0 132.58404920,-2.69211010,0 132.58626609,-2.68901968,0</coordinates></LinearRing></outerBoundaryIs></Polygon></Placemark><Placemark><name>Province Papua Barat - Bagian 0235</name><visibility>1</visibility><styleUrl>#papua-barat-google-earth</styleUrl><Polygon><extrude>0</extrude><tessellate>1</tessellate><altitudeMode>clampToGround</altitudeMode><outerBoundaryIs><LinearRing><coordinates>133.93988410,-2.06455257,0 133.93821848,-2.06437649,0 133.93814614,-2.06604877,0 133.93988410,-2.06455257,0</coordinates></LinearRing></outerBoundaryIs></Polygon></Placemark><Placemark><name>Province Papua Barat - Bagian 0236</name><visibility>1</visibility><styleUrl>#papua-barat-google-earth</styleUrl><Polygon><extrude>0</extrude><tessellate>1</tessellate><altitudeMode>clampToGround</altitudeMode><outerBoundaryIs><LinearRing><coordinates>132.48430322,-2.62877825,0 132.48465762,-2.62717906,0 132.48285795,-2.62740705,0 132.48430322,-2.62877825,0</coordinates></LinearRing></outerBoundaryIs></Polygon></Placemark><Placemark><name>Province Papua Barat - Bagian 0237</name><visibility>1</visibility><styleUrl>#papua-barat-google-earth</styleUrl><Polygon><extrude>0</extrude><tessellate>1</tessellate><altitudeMode>clampToGround</altitudeMode><outerBoundaryIs><LinearRing><coordinates>134.69772045,-2.00315639,0 134.69799343,-2.00487220,0 134.69944333,-2.00395277,0 134.69772045,-2.00315639,0</coordinates></LinearRing></outerBoundaryIs></Polygon></Placemark><Placemark><name>Province Papua Barat - Bagian 0238</name><visibility>1</visibility><styleUrl>#papua-barat-google-earth</styleUrl><Polygon><extrude>0</extrude><tessellate>1</tessellate><altitudeMode>clampToGround</altitudeMode><outerBoundaryIs><LinearRing><coordinates>133.90074165,-2.20635645,0 133.90173151,-2.20708932,0 133.90224132,-2.20470367,0 133.90074165,-2.20635645,0</coordinates></LinearRing></outerBoundaryIs></Polygon></Placemark><Placemark><name>Province Papua Barat - Bagian 0239</name><visibility>1</visibility><styleUrl>#papua-barat-google-earth</styleUrl><Polygon><extrude>0</extrude><tessellate>1</tessellate><altitudeMode>clampToGround</altitudeMode><outerBoundaryIs><LinearRing><coordinates>132.51090762,-2.68357337,0 132.51257685,-2.68485891,0 132.51353312,-2.68395771,0 132.51090762,-2.68357337,0</coordinates></LinearRing></outerBoundaryIs></Polygon></Placemark><Placemark><name>Province Papua Barat - Bagian 0240</name><visibility>1</visibility><styleUrl>#papua-barat-google-earth</styleUrl><Polygon><extrude>0</extrude><tessellate>1</tessellate><altitudeMode>clampToGround</altitudeMode><outerBoundaryIs><LinearRing><coordinates>132.54746595,-2.68742905,0 132.54785280,-2.68936098,0 132.54909810,-2.68854267,0 132.54746595,-2.68742905,0</coordinates></LinearRing></outerBoundaryIs></Polygon></Placemark><Placemark><name>Province Papua Barat - Bagian 0241</name><visibility>1</visibility><styleUrl>#papua-barat-google-earth</styleUrl><Polygon><extrude>0</extrude><tessellate>1</tessellate><altitudeMode>clampToGround</altitudeMode><outerBoundaryIs><LinearRing><coordinates>134.14182032,-1.81041051,0 134.14315314,-1.81368600,0 134.14132527,-1.80715631,0 134.14182032,-1.81041051,0</coordinates></LinearRing></outerBoundaryIs></Polygon></Placemark><Placemark><name>Province Papua Barat - Bagian 0242</name><visibility>1</visibility><styleUrl>#papua-barat-google-earth</styleUrl><Polygon><extrude>0</extrude><tessellate>1</tessellate><altitudeMode>clampToGround</altitudeMode><outerBoundaryIs><LinearRing><coordinates>134.15944103,-2.03342620,0 134.16045969,-2.03455081,0 134.16024073,-2.03166033,0 134.15944103,-2.03342620,0</coordinates></LinearRing></outerBoundaryIs></Polygon></Placemark><Placemark><name>Province Papua Barat - Bagian 0243</name><visibility>1</visibility><styleUrl>#papua-barat-google-earth</styleUrl><Polygon><extrude>0</extrude><tessellate>1</tessellate><altitudeMode>clampToGround</altitudeMode><outerBoundaryIs><LinearRing><coordinates>133.87701073,-2.30726338,0 133.87638256,-2.30739187,0 133.87929026,-2.31106648,0 133.87701073,-2.30726338,0</coordinates></LinearRing></outerBoundaryIs></Polygon></Placemark><Placemark><name>Province Papua Barat - Bagian 0244</name><visibility>1</visibility><styleUrl>#papua-barat-google-earth</styleUrl><Polygon><extrude>0</extrude><tessellate>1</tessellate><altitudeMode>clampToGround</altitudeMode><outerBoundaryIs><LinearRing><coordinates>132.12766709,-2.95642751,0 132.12770839,-2.95459491,0 132.12625719,-2.95526102,0 132.12766709,-2.95642751,0</coordinates></LinearRing></outerBoundaryIs></Polygon></Placemark><Placemark><name>Province Papua Barat - Bagian 0245</name><visibility>1</visibility><styleUrl>#papua-barat-google-earth</styleUrl><Polygon><extrude>0</extrude><tessellate>1</tessellate><altitudeMode>clampToGround</altitudeMode><outerBoundaryIs><LinearRing><coordinates>132.51108624,-2.67071307,0 132.51010443,-2.67138844,0 132.51176595,-2.67291467,0 132.51108624,-2.67071307,0</coordinates></LinearRing></outerBoundaryIs></Polygon></Placemark><Placemark><name>Province Papua Barat - Bagian 0246</name><visibility>1</visibility><styleUrl>#papua-barat-google-earth</styleUrl><Polygon><extrude>0</extrude><tessellate>1</tessellate><altitudeMode>clampToGround</altitudeMode><outerBoundaryIs><LinearRing><coordinates>134.15135864,-1.95681676,0 134.15377438,-1.95905402,0 134.15405999,-1.95824047,0 134.15135864,-1.95681676,0</coordinates></LinearRing></outerBoundaryIs></Polygon></Placemark><Placemark><name>Province Papua Barat - Bagian 0247</name><visibility>1</visibility><styleUrl>#papua-barat-google-earth</styleUrl><Polygon><extrude>0</extrude><tessellate>1</tessellate><altitudeMode>clampToGround</altitudeMode><outerBoundaryIs><LinearRing><coordinates>134.16231504,-3.97793360,0 134.16241617,-3.97539947,0 134.16133351,-3.97747555,0 134.16231504,-3.97793360,0</coordinates></LinearRing></outerBoundaryIs></Polygon></Placemark><Placemark><name>Province Papua Barat - Bagian 0248</name><visibility>1</visibility><styleUrl>#papua-barat-google-earth</styleUrl><Polygon><extrude>0</extrude><tessellate>1</tessellate><altitudeMode>clampToGround</altitudeMode><outerBoundaryIs><LinearRing><coordinates>134.09147676,-3.84623710,0 134.09036785,-3.84868923,0 134.09135542,-3.84878270,0 134.09147676,-3.84623710,0</coordinates></LinearRing></outerBoundaryIs></Polygon></Placemark><Placemark><name>Province Papua Barat - Bagian 0249</name><visibility>1</visibility><styleUrl>#papua-barat-google-earth</styleUrl><Polygon><extrude>0</extrude><tessellate>1</tessellate><altitudeMode>clampToGround</altitudeMode><outerBoundaryIs><LinearRing><coordinates>133.68788066,-3.20216489,0 133.68772837,-3.20363064,0 133.68951773,-3.20293583,0 133.68788066,-3.20216489,0</coordinates></LinearRing></outerBoundaryIs></Polygon></Placemark><Placemark><name>Province Papua Barat - Bagian 0250</name><visibility>1</visibility><styleUrl>#papua-barat-google-earth</styleUrl><Polygon><extrude>0</extrude><tessellate>1</tessellate><altitudeMode>clampToGround</altitudeMode><outerBoundaryIs><LinearRing><coordinates>134.03555895,-3.90740873,0 134.03341154,-3.90695643,0 134.03428718,-3.90829368,0 134.03555895,-3.90740873,0</coordinates></LinearRing></outerBoundaryIs></Polygon></Placemark><Placemark><name>Province Papua Barat - Bagian 0251</name><visibility>1</visibility><styleUrl>#papua-barat-google-earth</styleUrl><Polygon><extrude>0</extrude><tessellate>1</tessellate><altitudeMode>clampToGround</altitudeMode><outerBoundaryIs><LinearRing><coordinates>132.52764748,-2.64778538,0 132.52988636,-2.64714662,0 132.52286999,-2.64804932,0 132.52764748,-2.64778538,0</coordinates></LinearRing></outerBoundaryIs></Polygon></Placemark><Placemark><name>Province Papua Barat - Bagian 0252</name><visibility>1</visibility><styleUrl>#papua-barat-google-earth</styleUrl><Polygon><extrude>0</extrude><tessellate>1</tessellate><altitudeMode>clampToGround</altitudeMode><outerBoundaryIs><LinearRing><coordinates>133.68607227,-3.20478230,0 133.68681466,-3.20333558,0 133.68527277,-3.20307860,0 133.68607227,-3.20478230,0</coordinates></LinearRing></outerBoundaryIs></Polygon></Placemark><Placemark><name>Province Papua Barat - Bagian 0253</name><visibility>1</visibility><styleUrl>#papua-barat-google-earth</styleUrl><Polygon><extrude>0</extrude><tessellate>1</tessellate><altitudeMode>clampToGround</altitudeMode><outerBoundaryIs><LinearRing><coordinates>132.50490469,-2.67279153,0 132.50380646,-2.67397878,0 132.50558981,-2.67416815,0 132.50490469,-2.67279153,0</coordinates></LinearRing></outerBoundaryIs></Polygon></Placemark><Placemark><name>Province Papua Barat - Bagian 0254</name><visibility>1</visibility><styleUrl>#papua-barat-google-earth</styleUrl><Polygon><extrude>0</extrude><tessellate>1</tessellate><altitudeMode>clampToGround</altitudeMode><outerBoundaryIs><LinearRing><coordinates>134.37712062,-3.97504711,0 134.37756446,-3.97722773,0 134.37866620,-3.97750168,0 134.37712062,-3.97504711,0</coordinates></LinearRing></outerBoundaryIs></Polygon></Placemark><Placemark><name>Province Papua Barat - Bagian 0255</name><visibility>1</visibility><styleUrl>#papua-barat-google-earth</styleUrl><Polygon><extrude>0</extrude><tessellate>1</tessellate><altitudeMode>clampToGround</altitudeMode><outerBoundaryIs><LinearRing><coordinates>132.05326123,-2.78660690,0 132.05284120,-2.78361157,0 132.05219990,-2.78444073,0 132.05326123,-2.78660690,0</coordinates></LinearRing></outerBoundaryIs></Polygon></Placemark><Placemark><name>Province Papua Barat - Bagian 0256</name><visibility>1</visibility><styleUrl>#papua-barat-google-earth</styleUrl><Polygon><extrude>0</extrude><tessellate>1</tessellate><altitudeMode>clampToGround</altitudeMode><outerBoundaryIs><LinearRing><coordinates>133.67199062,-3.31550813,0 133.67175267,-3.31638378,0 133.67416069,-3.31699292,0 133.67199062,-3.31550813,0</coordinates></LinearRing></outerBoundaryIs></Polygon></Placemark><Placemark><name>Province Papua Barat - Bagian 0257</name><visibility>1</visibility><styleUrl>#papua-barat-google-earth</styleUrl><Polygon><extrude>0</extrude><tessellate>1</tessellate><altitudeMode>clampToGround</altitudeMode><outerBoundaryIs><LinearRing><coordinates>132.45999940,-2.63017737,0 132.45814630,-2.62883750,0 132.45797465,-2.62990791,0 132.45999940,-2.63017737,0</coordinates></LinearRing></outerBoundaryIs></Polygon></Placemark><Placemark><name>Province Papua Barat - Bagian 0258</name><visibility>1</visibility><styleUrl>#papua-barat-google-earth</styleUrl><Polygon><extrude>0</extrude><tessellate>1</tessellate><altitudeMode>clampToGround</altitudeMode><outerBoundaryIs><LinearRing><coordinates>134.11337091,-3.90601116,0 134.11379921,-3.90349369,0 134.11275053,-3.90449398,0 134.11337091,-3.90601116,0</coordinates></LinearRing></outerBoundaryIs></Polygon></Placemark><Placemark><name>Province Papua Barat - Bagian 0259</name><visibility>1</visibility><styleUrl>#papua-barat-google-earth</styleUrl><Polygon><extrude>0</extrude><tessellate>1</tessellate><altitudeMode>clampToGround</altitudeMode><outerBoundaryIs><LinearRing><coordinates>134.11567964,-3.82822784,0 134.11578830,-3.82929367,0 134.11771535,-3.82796272,0 134.11567964,-3.82822784,0</coordinates></LinearRing></outerBoundaryIs></Polygon></Placemark><Placemark><name>Province Papua Barat - Bagian 0260</name><visibility>1</visibility><styleUrl>#papua-barat-google-earth</styleUrl><Polygon><extrude>0</extrude><tessellate>1</tessellate><altitudeMode>clampToGround</altitudeMode><outerBoundaryIs><LinearRing><coordinates>134.14011718,-3.75646446,0 134.13941762,-3.75615751,0 134.14014573,-3.75961605,0 134.14011718,-3.75646446,0</coordinates></LinearRing></outerBoundaryIs></Polygon></Placemark><Placemark><name>Province Papua Barat - Bagian 0261</name><visibility>1</visibility><styleUrl>#papua-barat-google-earth</styleUrl><Polygon><extrude>0</extrude><tessellate>1</tessellate><altitudeMode>clampToGround</altitudeMode><outerBoundaryIs><LinearRing><coordinates>132.12559813,-2.95808519,0 132.12407820,-2.95473938,0 132.12379652,-2.95554578,0 132.12559813,-2.95808519,0</coordinates></LinearRing></outerBoundaryIs></Polygon></Placemark><Placemark><name>Province Papua Barat - Bagian 0262</name><visibility>1</visibility><styleUrl>#papua-barat-google-earth</styleUrl><Polygon><extrude>0</extrude><tessellate>1</tessellate><altitudeMode>clampToGround</altitudeMode><outerBoundaryIs><LinearRing><coordinates>134.70206540,-1.98822699,0 134.70081580,-1.98848879,0 134.70072994,-1.99023789,0 134.70206540,-1.98822699,0</coordinates></LinearRing></outerBoundaryIs></Polygon></Placemark><Placemark><name>Province Papua Barat - Bagian 0263</name><visibility>1</visibility><styleUrl>#papua-barat-google-earth</styleUrl><Polygon><extrude>0</extrude><tessellate>1</tessellate><altitudeMode>clampToGround</altitudeMode><outerBoundaryIs><LinearRing><coordinates>131.61196274,-2.67594698,0 131.61274796,-2.67786245,0 131.61356191,-2.67719319,0 131.61196274,-2.67594698,0</coordinates></LinearRing></outerBoundaryIs></Polygon></Placemark><Placemark><name>Province Papua Barat - Bagian 0264</name><visibility>1</visibility><styleUrl>#papua-barat-google-earth</styleUrl><Polygon><extrude>0</extrude><tessellate>1</tessellate><altitudeMode>clampToGround</altitudeMode><outerBoundaryIs><LinearRing><coordinates>132.45648988,-2.63530349,0 132.45723144,-2.63395014,0 132.45557719,-2.63419232,0 132.45648988,-2.63530349,0</coordinates></LinearRing></outerBoundaryIs></Polygon></Placemark><Placemark><name>Province Papua Barat - Bagian 0265</name><visibility>1</visibility><styleUrl>#papua-barat-google-earth</styleUrl><Polygon><extrude>0</extrude><tessellate>1</tessellate><altitudeMode>clampToGround</altitudeMode><outerBoundaryIs><LinearRing><coordinates>132.47464595,-2.71296280,0 132.47501101,-2.71121226,0 132.47365250,-2.71221293,0 132.47464595,-2.71296280,0</coordinates></LinearRing></outerBoundaryIs></Polygon></Placemark><Placemark><name>Province Papua Barat - Bagian 0266</name><visibility>1</visibility><styleUrl>#papua-barat-google-earth</styleUrl><Polygon><extrude>0</extrude><tessellate>1</tessellate><altitudeMode>clampToGround</altitudeMode><outerBoundaryIs><LinearRing><coordinates>131.61594833,-2.67581611,0 131.61523450,-2.67493571,0 131.61411615,-2.67636339,0 131.61594833,-2.67581611,0</coordinates></LinearRing></outerBoundaryIs></Polygon></Placemark><Placemark><name>Province Papua Barat - Bagian 0267</name><visibility>1</visibility><styleUrl>#papua-barat-google-earth</styleUrl><Polygon><extrude>0</extrude><tessellate>1</tessellate><altitudeMode>clampToGround</altitudeMode><outerBoundaryIs><LinearRing><coordinates>132.81635668,-3.29796702,0 132.81581197,-3.29702625,0 132.81439655,-3.29822575,0 132.81635668,-3.29796702,0</coordinates></LinearRing></outerBoundaryIs></Polygon></Placemark><Placemark><name>Province Papua Barat - Bagian 0268</name><visibility>1</visibility><styleUrl>#papua-barat-google-earth</styleUrl><Polygon><extrude>0</extrude><tessellate>1</tessellate><altitudeMode>clampToGround</altitudeMode><outerBoundaryIs><LinearRing><coordinates>132.48446210,-2.68104607,0 132.48361427,-2.67875855,0 132.48335870,-2.68040674,0 132.48446210,-2.68104607,0</coordinates></LinearRing></outerBoundaryIs></Polygon></Placemark><Placemark><name>Province Papua Barat - Bagian 0269</name><visibility>1</visibility><styleUrl>#papua-barat-google-earth</styleUrl><Polygon><extrude>0</extrude><tessellate>1</tessellate><altitudeMode>clampToGround</altitudeMode><outerBoundaryIs><LinearRing><coordinates>132.82790067,-3.96291131,0 132.82801965,-3.96499929,0 132.82903092,-3.96610574,0 132.82790067,-3.96291131,0</coordinates></LinearRing></outerBoundaryIs></Polygon></Placemark><Placemark><name>Province Papua Barat - Bagian 0270</name><visibility>1</visibility><styleUrl>#papua-barat-google-earth</styleUrl><Polygon><extrude>0</extrude><tessellate>1</tessellate><altitudeMode>clampToGround</altitudeMode><outerBoundaryIs><LinearRing><coordinates>133.90323117,-3.11795335,0 133.90310408,-3.11916162,0 133.90466652,-3.11947702,0 133.90323117,-3.11795335,0</coordinates></LinearRing></outerBoundaryIs></Polygon></Placemark><Placemark><name>Province Papua Barat - Bagian 0271</name><visibility>1</visibility><styleUrl>#papua-barat-google-earth</styleUrl><Polygon><extrude>0</extrude><tessellate>1</tessellate><altitudeMode>clampToGround</altitudeMode><outerBoundaryIs><LinearRing><coordinates>132.62394155,-2.71745264,0 132.62193536,-2.71799085,0 132.62322584,-2.71859388,0 132.62394155,-2.71745264,0</coordinates></LinearRing></outerBoundaryIs></Polygon></Placemark><Placemark><name>Province Papua Barat - Bagian 0272</name><visibility>1</visibility><styleUrl>#papua-barat-google-earth</styleUrl><Polygon><extrude>0</extrude><tessellate>1</tessellate><altitudeMode>clampToGround</altitudeMode><outerBoundaryIs><LinearRing><coordinates>132.65086930,-2.73845797,0 132.65114283,-2.73716055,0 132.64965542,-2.73725437,0 132.65086930,-2.73845797,0</coordinates></LinearRing></outerBoundaryIs></Polygon></Placemark><Placemark><name>Province Papua Barat - Bagian 0273</name><visibility>1</visibility><styleUrl>#papua-barat-google-earth</styleUrl><Polygon><extrude>0</extrude><tessellate>1</tessellate><altitudeMode>clampToGround</altitudeMode><outerBoundaryIs><LinearRing><coordinates>133.99445519,-3.82444615,0 133.99481425,-3.82539297,0 133.99613900,-3.82376812,0 133.99445519,-3.82444615,0</coordinates></LinearRing></outerBoundaryIs></Polygon></Placemark><Placemark><name>Province Papua Barat - Bagian 0274</name><visibility>1</visibility><styleUrl>#papua-barat-google-earth</styleUrl><Polygon><extrude>0</extrude><tessellate>1</tessellate><altitudeMode>clampToGround</altitudeMode><outerBoundaryIs><LinearRing><coordinates>132.48413642,-2.66943943,0 132.48523735,-2.66874016,0 132.48423697,-2.66773089,0 132.48413642,-2.66943943,0</coordinates></LinearRing></outerBoundaryIs></Polygon></Placemark><Placemark><name>Province Papua Barat - Bagian 0275</name><visibility>1</visibility><styleUrl>#papua-barat-google-earth</styleUrl><Polygon><extrude>0</extrude><tessellate>1</tessellate><altitudeMode>clampToGround</altitudeMode><outerBoundaryIs><LinearRing><coordinates>134.86436637,-3.99820928,0 134.86480181,-3.99504697,0 134.86415936,-3.99558235,0 134.86436637,-3.99820928,0</coordinates></LinearRing></outerBoundaryIs></Polygon></Placemark><Placemark><name>Province Papua Barat - Bagian 0276</name><visibility>1</visibility><styleUrl>#papua-barat-google-earth</styleUrl><Polygon><extrude>0</extrude><tessellate>1</tessellate><altitudeMode>clampToGround</altitudeMode><outerBoundaryIs><LinearRing><coordinates>132.57165604,-3.13221786,0 132.57144735,-3.13380613,0 132.57257368,-3.13382577,0 132.57165604,-3.13221786,0</coordinates></LinearRing></outerBoundaryIs></Polygon></Placemark><Placemark><name>Province Papua Barat - Bagian 0277</name><visibility>1</visibility><styleUrl>#papua-barat-google-earth</styleUrl><Polygon><extrude>0</extrude><tessellate>1</tessellate><altitudeMode>clampToGround</altitudeMode><outerBoundaryIs><LinearRing><coordinates>134.15759504,-2.06221256,0 134.15831910,-2.06279451,0 134.15791667,-2.05999842,0 134.15759504,-2.06221256,0</coordinates></LinearRing></outerBoundaryIs></Polygon></Placemark><Placemark><name>Province Papua Barat - Bagian 0278</name><visibility>1</visibility><styleUrl>#papua-barat-google-earth</styleUrl><Polygon><extrude>0</extrude><tessellate>1</tessellate><altitudeMode>clampToGround</altitudeMode><outerBoundaryIs><LinearRing><coordinates>134.32075172,-3.96418922,0 134.32179868,-3.96250456,0 134.32102773,-3.96203819,0 134.32075172,-3.96418922,0</coordinates></LinearRing></outerBoundaryIs></Polygon></Placemark><Placemark><name>Province Papua Barat - Bagian 0279</name><visibility>1</visibility><styleUrl>#papua-barat-google-earth</styleUrl><Polygon><extrude>0</extrude><tessellate>1</tessellate><altitudeMode>clampToGround</altitudeMode><outerBoundaryIs><LinearRing><coordinates>132.45756974,-2.71076663,0 132.45675414,-2.70915546,0 132.45591826,-2.70966962,0 132.45756974,-2.71076663,0</coordinates></LinearRing></outerBoundaryIs></Polygon></Placemark><Placemark><name>Province Papua Barat - Bagian 0280</name><visibility>1</visibility><styleUrl>#papua-barat-google-earth</styleUrl><Polygon><extrude>0</extrude><tessellate>1</tessellate><altitudeMode>clampToGround</altitudeMode><outerBoundaryIs><LinearRing><coordinates>133.75837289,-3.09285444,0 133.75859180,-3.09380622,0 133.76003852,-3.09221674,0 133.75837289,-3.09285444,0</coordinates></LinearRing></outerBoundaryIs></Polygon></Placemark><Placemark><name>Province Papua Barat - Bagian 0281</name><visibility>1</visibility><styleUrl>#papua-barat-google-earth</styleUrl><Polygon><extrude>0</extrude><tessellate>1</tessellate><altitudeMode>clampToGround</altitudeMode><outerBoundaryIs><LinearRing><coordinates>133.93373825,-3.88122532,0 133.93423794,-3.88208668,0 133.93581314,-3.88136333,0 133.93373825,-3.88122532,0</coordinates></LinearRing></outerBoundaryIs></Polygon></Placemark><Placemark><name>Province Papua Barat - Bagian 0282</name><visibility>1</visibility><styleUrl>#papua-barat-google-earth</styleUrl><Polygon><extrude>0</extrude><tessellate>1</tessellate><altitudeMode>clampToGround</altitudeMode><outerBoundaryIs><LinearRing><coordinates>132.49091002,-2.71202405,0 132.49101088,-2.71090794,0 132.48932575,-2.71260260,0 132.49091002,-2.71202405,0</coordinates></LinearRing></outerBoundaryIs></Polygon></Placemark><Placemark><name>Province Papua Barat - Bagian 0283</name><visibility>1</visibility><styleUrl>#papua-barat-google-earth</styleUrl><Polygon><extrude>0</extrude><tessellate>1</tessellate><altitudeMode>clampToGround</altitudeMode><outerBoundaryIs><LinearRing><coordinates>134.86770000,-3.99449137,0 134.86776662,-3.99240696,0 134.86691126,-3.99364131,0 134.86770000,-3.99449137,0</coordinates></LinearRing></outerBoundaryIs></Polygon></Placemark><Placemark><name>Province Papua Barat - Bagian 0284</name><visibility>1</visibility><styleUrl>#papua-barat-google-earth</styleUrl><Polygon><extrude>0</extrude><tessellate>1</tessellate><altitudeMode>clampToGround</altitudeMode><outerBoundaryIs><LinearRing><coordinates>132.35978620,-2.94856943,0 132.36110680,-2.94835528,0 132.36023830,-2.94721314,0 132.35978620,-2.94856943,0</coordinates></LinearRing></outerBoundaryIs></Polygon></Placemark><Placemark><name>Province Papua Barat - Bagian 0285</name><visibility>1</visibility><styleUrl>#papua-barat-google-earth</styleUrl><Polygon><extrude>0</extrude><tessellate>1</tessellate><altitudeMode>clampToGround</altitudeMode><outerBoundaryIs><LinearRing><coordinates>132.35491131,-2.66675058,0 132.35553739,-2.66826369,0 132.35640482,-2.66767843,0 132.35491131,-2.66675058,0</coordinates></LinearRing></outerBoundaryIs></Polygon></Placemark><Placemark><name>Province Papua Barat - Bagian 0286</name><visibility>1</visibility><styleUrl>#papua-barat-google-earth</styleUrl><Polygon><extrude>0</extrude><tessellate>1</tessellate><altitudeMode>clampToGround</altitudeMode><outerBoundaryIs><LinearRing><coordinates>133.86988187,-2.30621880,0 133.87139521,-2.30765599,0 133.87146183,-2.30661855,0 133.86988187,-2.30621880,0</coordinates></LinearRing></outerBoundaryIs></Polygon></Placemark><Placemark><name>Province Papua Barat - Bagian 0287</name><visibility>1</visibility><styleUrl>#papua-barat-google-earth</styleUrl><Polygon><extrude>0</extrude><tessellate>1</tessellate><altitudeMode>clampToGround</altitudeMode><outerBoundaryIs><LinearRing><coordinates>134.13780172,-2.04484243,0 134.13884418,-2.04568469,0 134.13849431,-2.04381114,0 134.13780172,-2.04484243,0</coordinates></LinearRing></outerBoundaryIs></Polygon></Placemark><Placemark><name>Province Papua Barat - Bagian 0288</name><visibility>1</visibility><styleUrl>#papua-barat-google-earth</styleUrl><Polygon><extrude>0</extrude><tessellate>1</tessellate><altitudeMode>clampToGround</altitudeMode><outerBoundaryIs><LinearRing><coordinates>134.21868709,-2.41382275,0 134.21870137,-2.41248073,0 134.21748070,-2.41240935,0 134.21868709,-2.41382275,0</coordinates></LinearRing></outerBoundaryIs></Polygon></Placemark><Placemark><name>Province Papua Barat - Bagian 0289</name><visibility>1</visibility><styleUrl>#papua-barat-google-earth</styleUrl><Polygon><extrude>0</extrude><tessellate>1</tessellate><altitudeMode>clampToGround</altitudeMode><outerBoundaryIs><LinearRing><coordinates>133.86774640,-3.05327091,0 133.86786776,-3.05477711,0 133.86891710,-3.05430598,0 133.86774640,-3.05327091,0</coordinates></LinearRing></outerBoundaryIs></Polygon></Placemark><Placemark><name>Province Papua Barat - Bagian 0290</name><visibility>1</visibility><styleUrl>#papua-barat-google-earth</styleUrl><Polygon><extrude>0</extrude><tessellate>1</tessellate><altitudeMode>clampToGround</altitudeMode><outerBoundaryIs><LinearRing><coordinates>133.53732382,-3.42097009,0 133.53694787,-3.41967566,0 133.53626734,-3.42149833,0 133.53732382,-3.42097009,0</coordinates></LinearRing></outerBoundaryIs></Polygon></Placemark><Placemark><name>Province Papua Barat - Bagian 0291</name><visibility>1</visibility><styleUrl>#papua-barat-google-earth</styleUrl><Polygon><extrude>0</extrude><tessellate>1</tessellate><altitudeMode>clampToGround</altitudeMode><outerBoundaryIs><LinearRing><coordinates>132.47707272,-2.71030430,0 132.47616564,-2.71061574,0 132.47719957,-2.71196869,0 132.47707272,-2.71030430,0</coordinates></LinearRing></outerBoundaryIs></Polygon></Placemark><Placemark><name>Province Papua Barat - Bagian 0292</name><visibility>1</visibility><styleUrl>#papua-barat-google-earth</styleUrl><Polygon><extrude>0</extrude><tessellate>1</tessellate><altitudeMode>clampToGround</altitudeMode><outerBoundaryIs><LinearRing><coordinates>133.98173466,-3.83161836,0 133.98208682,-3.83026682,0 133.98101606,-3.83010978,0 133.98173466,-3.83161836,0</coordinates></LinearRing></outerBoundaryIs></Polygon></Placemark><Placemark><name>Province Papua Barat - Bagian 0293</name><visibility>1</visibility><styleUrl>#papua-barat-google-earth</styleUrl><Polygon><extrude>0</extrude><tessellate>1</tessellate><altitudeMode>clampToGround</altitudeMode><outerBoundaryIs><LinearRing><coordinates>132.09404967,-2.71574932,0 132.09411179,-2.71480922,0 132.09252712,-2.71511978,0 132.09404967,-2.71574932,0</coordinates></LinearRing></outerBoundaryIs></Polygon></Placemark><Placemark><name>Province Papua Barat - Bagian 0294</name><visibility>1</visibility><styleUrl>#papua-barat-google-earth</styleUrl><Polygon><extrude>0</extrude><tessellate>1</tessellate><altitudeMode>clampToGround</altitudeMode><outerBoundaryIs><LinearRing><coordinates>134.06808919,-3.95929406,0 134.06834547,-3.96117830,0 134.06903861,-3.96057705,0 134.06808919,-3.95929406,0</coordinates></LinearRing></outerBoundaryIs></Polygon></Placemark><Placemark><name>Province Papua Barat - Bagian 0295</name><visibility>1</visibility><styleUrl>#papua-barat-google-earth</styleUrl><Polygon><extrude>0</extrude><tessellate>1</tessellate><altitudeMode>clampToGround</altitudeMode><outerBoundaryIs><LinearRing><coordinates>132.54675994,-2.67908015,0 132.54593007,-2.67875514,0 132.54629098,-2.68065553,0 132.54675994,-2.67908015,0</coordinates></LinearRing></outerBoundaryIs></Polygon></Placemark><Placemark><name>Province Papua Barat - Bagian 0296</name><visibility>1</visibility><styleUrl>#papua-barat-google-earth</styleUrl><Polygon><extrude>0</extrude><tessellate>1</tessellate><altitudeMode>clampToGround</altitudeMode><outerBoundaryIs><LinearRing><coordinates>132.69325264,-2.78385835,0 132.69399803,-2.78216746,0 132.69317670,-2.78207454,0 132.69325264,-2.78385835,0</coordinates></LinearRing></outerBoundaryIs></Polygon></Placemark><Placemark><name>Province Papua Barat - Bagian 0297</name><visibility>1</visibility><styleUrl>#papua-barat-google-earth</styleUrl><Polygon><extrude>0</extrude><tessellate>1</tessellate><altitudeMode>clampToGround</altitudeMode><outerBoundaryIs><LinearRing><coordinates>132.54335246,-2.68353405,0 132.54227906,-2.68542509,0 132.54292190,-2.68564587,0 132.54335246,-2.68353405,0</coordinates></LinearRing></outerBoundaryIs></Polygon></Placemark><Placemark><name>Province Papua Barat - Bagian 0298</name><visibility>1</visibility><styleUrl>#papua-barat-google-earth</styleUrl><Polygon><extrude>0</extrude><tessellate>1</tessellate><altitudeMode>clampToGround</altitudeMode><outerBoundaryIs><LinearRing><coordinates>132.65433923,-2.73731246,0 132.65305381,-2.73570420,0 132.65300595,-2.73676827,0 132.65433923,-2.73731246,0</coordinates></LinearRing></outerBoundaryIs></Polygon></Placemark><Placemark><name>Province Papua Barat - Bagian 0299</name><visibility>1</visibility><styleUrl>#papua-barat-google-earth</styleUrl><Polygon><extrude>0</extrude><tessellate>1</tessellate><altitudeMode>clampToGround</altitudeMode><outerBoundaryIs><LinearRing><coordinates>134.36768489,-3.98589647,0 134.36667093,-3.98566241,0 134.36669535,-3.98706496,0 134.36768489,-3.98589647,0</coordinates></LinearRing></outerBoundaryIs></Polygon></Placemark><Placemark><name>Province Papua Barat - Bagian 0300</name><visibility>1</visibility><styleUrl>#papua-barat-google-earth</styleUrl><Polygon><extrude>0</extrude><tessellate>1</tessellate><altitudeMode>clampToGround</altitudeMode><outerBoundaryIs><LinearRing><coordinates>132.44629355,-2.70199816,0 132.44627100,-2.70058859,0 132.44528696,-2.70153740,0 132.44629355,-2.70199816,0</coordinates></LinearRing></outerBoundaryIs></Polygon></Placemark><Placemark><name>Province Papua Barat - Bagian 0301</name><visibility>1</visibility><styleUrl>#papua-barat-google-earth</styleUrl><Polygon><extrude>0</extrude><tessellate>1</tessellate><altitudeMode>clampToGround</altitudeMode><outerBoundaryIs><LinearRing><coordinates>134.37529009,-3.99242299,0 134.37383427,-3.99210041,0 134.37360695,-3.99301629,0 134.37529009,-3.99242299,0</coordinates></LinearRing></outerBoundaryIs></Polygon></Placemark><Placemark><name>Province Papua Barat - Bagian 0302</name><visibility>1</visibility><styleUrl>#papua-barat-google-earth</styleUrl><Polygon><extrude>0</extrude><tessellate>1</tessellate><altitudeMode>clampToGround</altitudeMode><outerBoundaryIs><LinearRing><coordinates>131.99144887,-2.75342677,0 131.99173926,-2.75253944,0 131.99016416,-2.75259472,0 131.99144887,-2.75342677,0</coordinates></LinearRing></outerBoundaryIs></Polygon></Placemark><Placemark><name>Province Papua Barat - Bagian 0303</name><visibility>1</visibility><styleUrl>#papua-barat-google-earth</styleUrl><Polygon><extrude>0</extrude><tessellate>1</tessellate><altitudeMode>clampToGround</altitudeMode><outerBoundaryIs><LinearRing><coordinates>134.50640072,-2.38550269,0 134.50807824,-2.38512198,0 134.50731681,-2.38447953,0 134.50640072,-2.38550269,0</coordinates></LinearRing></outerBoundaryIs></Polygon></Placemark><Placemark><name>Province Papua Barat - Bagian 0304</name><visibility>1</visibility><styleUrl>#papua-barat-google-earth</styleUrl><Polygon><extrude>0</extrude><tessellate>1</tessellate><altitudeMode>clampToGround</altitudeMode><outerBoundaryIs><LinearRing><coordinates>132.12959050,-2.95604923,0 132.12952745,-2.95508932,0 132.12816523,-2.95601329,0 132.12959050,-2.95604923,0</coordinates></LinearRing></outerBoundaryIs></Polygon></Placemark><Placemark><name>Province Papua Barat - Bagian 0305</name><visibility>1</visibility><styleUrl>#papua-barat-google-earth</styleUrl><Polygon><extrude>0</extrude><tessellate>1</tessellate><altitudeMode>clampToGround</altitudeMode><outerBoundaryIs><LinearRing><coordinates>132.59746849,-2.69943636,0 132.59662168,-2.69998313,0 132.59783199,-2.70080464,0 132.59746849,-2.69943636,0</coordinates></LinearRing></outerBoundaryIs></Polygon></Placemark><Placemark><name>Province Papua Barat - Bagian 0306</name><visibility>1</visibility><styleUrl>#papua-barat-google-earth</styleUrl><Polygon><extrude>0</extrude><tessellate>1</tessellate><altitudeMode>clampToGround</altitudeMode><outerBoundaryIs><LinearRing><coordinates>134.16464996,-1.95399021,0 134.16553653,-1.95339800,0 134.16459638,-1.95250420,0 134.16464996,-1.95399021,0</coordinates></LinearRing></outerBoundaryIs></Polygon></Placemark><Placemark><name>Province Papua Barat - Bagian 0307</name><visibility>1</visibility><styleUrl>#papua-barat-google-earth</styleUrl><Polygon><extrude>0</extrude><tessellate>1</tessellate><altitudeMode>clampToGround</altitudeMode><outerBoundaryIs><LinearRing><coordinates>134.36923033,-3.98457254,0 134.37014404,-3.98537204,0 134.37038675,-3.98411569,0 134.36923033,-3.98457254,0</coordinates></LinearRing></outerBoundaryIs></Polygon></Placemark><Placemark><name>Province Papua Barat - Bagian 0308</name><visibility>1</visibility><styleUrl>#papua-barat-google-earth</styleUrl><Polygon><extrude>0</extrude><tessellate>1</tessellate><altitudeMode>clampToGround</altitudeMode><outerBoundaryIs><LinearRing><coordinates>134.10780708,-3.90817348,0 134.10750073,-3.90565125,0 134.10701591,-3.90600519,0 134.10780708,-3.90817348,0</coordinates></LinearRing></outerBoundaryIs></Polygon></Placemark><Placemark><name>Province Papua Barat - Bagian 0309</name><visibility>1</visibility><styleUrl>#papua-barat-google-earth</styleUrl><Polygon><extrude>0</extrude><tessellate>1</tessellate><altitudeMode>clampToGround</altitudeMode><outerBoundaryIs><LinearRing><coordinates>132.97894255,-4.11155993,0 132.97938989,-4.11275917,0 132.98004662,-4.11159800,0 132.97894255,-4.11155993,0</coordinates></LinearRing></outerBoundaryIs></Polygon></Placemark><Placemark><name>Province Papua Barat - Bagian 0310</name><visibility>1</visibility><styleUrl>#papua-barat-google-earth</styleUrl><Polygon><extrude>0</extrude><tessellate>1</tessellate><altitudeMode>clampToGround</altitudeMode><outerBoundaryIs><LinearRing><coordinates>134.37528037,-3.99626092,0 134.37611425,-3.99489032,0 134.37519646,-3.99483842,0 134.37528037,-3.99626092,0</coordinates></LinearRing></outerBoundaryIs></Polygon></Placemark><Placemark><name>Province Papua Barat - Bagian 0311</name><visibility>1</visibility><styleUrl>#papua-barat-google-earth</styleUrl><Polygon><extrude>0</extrude><tessellate>1</tessellate><altitudeMode>clampToGround</altitudeMode><outerBoundaryIs><LinearRing><coordinates>134.01470412,-3.80743607,0 134.01582246,-3.80693163,0 134.01472798,-3.80626222,0 134.01470412,-3.80743607,0</coordinates></LinearRing></outerBoundaryIs></Polygon></Placemark><Placemark><name>Province Papua Barat - Bagian 0312</name><visibility>1</visibility><styleUrl>#papua-barat-google-earth</styleUrl><Polygon><extrude>0</extrude><tessellate>1</tessellate><altitudeMode>clampToGround</altitudeMode><outerBoundaryIs><LinearRing><coordinates>134.15341650,-1.94108623,0 134.15235977,-1.94145950,0 134.15319401,-1.94239238,0 134.15341650,-1.94108623,0</coordinates></LinearRing></outerBoundaryIs></Polygon></Placemark><Placemark><name>Province Papua Barat - Bagian 0313</name><visibility>1</visibility><styleUrl>#papua-barat-google-earth</styleUrl><Polygon><extrude>0</extrude><tessellate>1</tessellate><altitudeMode>clampToGround</altitudeMode><outerBoundaryIs><LinearRing><coordinates>132.79997623,-3.29609717,0 132.80088043,-3.29668728,0 132.80103271,-3.29535478,0 132.79997623,-3.29609717,0</coordinates></LinearRing></outerBoundaryIs></Polygon></Placemark><Placemark><name>Province Papua Barat - Bagian 0314</name><visibility>1</visibility><styleUrl>#papua-barat-google-earth</styleUrl><Polygon><extrude>0</extrude><tessellate>1</tessellate><altitudeMode>clampToGround</altitudeMode><outerBoundaryIs><LinearRing><coordinates>134.05589806,-3.82090223,0 134.05620144,-3.81911407,0 134.05535198,-3.81988858,0 134.05589806,-3.82090223,0</coordinates></LinearRing></outerBoundaryIs></Polygon></Placemark><Placemark><name>Province Papua Barat - Bagian 0315</name><visibility>1</visibility><styleUrl>#papua-barat-google-earth</styleUrl><Polygon><extrude>0</extrude><tessellate>1</tessellate><altitudeMode>clampToGround</altitudeMode><outerBoundaryIs><LinearRing><coordinates>132.12171326,-2.95645840,0 132.12260801,-2.95407058,0 132.12206127,-2.95409490,0 132.12171326,-2.95645840,0</coordinates></LinearRing></outerBoundaryIs></Polygon></Placemark><Placemark><name>Province Papua Barat - Bagian 0316</name><visibility>1</visibility><styleUrl>#papua-barat-google-earth</styleUrl><Polygon><extrude>0</extrude><tessellate>1</tessellate><altitudeMode>clampToGround</altitudeMode><outerBoundaryIs><LinearRing><coordinates>134.15683198,-3.97178248,0 134.15550900,-3.97092587,0 134.15494516,-3.97152781,0 134.15683198,-3.97178248,0</coordinates></LinearRing></outerBoundaryIs></Polygon></Placemark><Placemark><name>Province Papua Barat - Bagian 0317</name><visibility>1</visibility><styleUrl>#papua-barat-google-earth</styleUrl><Polygon><extrude>0</extrude><tessellate>1</tessellate><altitudeMode>clampToGround</altitudeMode><outerBoundaryIs><LinearRing><coordinates>134.13730554,-2.01404534,0 134.13702983,-2.01336599,0 134.13577517,-2.01485237,0 134.13730554,-2.01404534,0</coordinates></LinearRing></outerBoundaryIs></Polygon></Placemark><Placemark><name>Province Papua Barat - Bagian 0318</name><visibility>1</visibility><styleUrl>#papua-barat-google-earth</styleUrl><Polygon><extrude>0</extrude><tessellate>1</tessellate><altitudeMode>clampToGround</altitudeMode><outerBoundaryIs><LinearRing><coordinates>132.45904423,-2.62096998,0 132.46029448,-2.62164121,0 132.46017058,-2.62058330,0 132.45904423,-2.62096998,0</coordinates></LinearRing></outerBoundaryIs></Polygon></Placemark><Placemark><name>Province Papua Barat - Bagian 0319</name><visibility>1</visibility><styleUrl>#papua-barat-google-earth</styleUrl><Polygon><extrude>0</extrude><tessellate>1</tessellate><altitudeMode>clampToGround</altitudeMode><outerBoundaryIs><LinearRing><coordinates>134.22142109,-2.41702074,0 134.22163524,-2.41754898,0 134.22330562,-2.41589288,0 134.22142109,-2.41702074,0</coordinates></LinearRing></outerBoundaryIs></Polygon></Placemark><Placemark><name>Province Papua Barat - Bagian 0320</name><visibility>1</visibility><styleUrl>#papua-barat-google-earth</styleUrl><Polygon><extrude>0</extrude><tessellate>1</tessellate><altitudeMode>clampToGround</altitudeMode><outerBoundaryIs><LinearRing><coordinates>132.57932792,-2.69031246,0 132.57823360,-2.69085222,0 132.57935313,-2.69142860,0 132.57932792,-2.69031246,0</coordinates></LinearRing></outerBoundaryIs></Polygon></Placemark><Placemark><name>Province Papua Barat - Bagian 0321</name><visibility>1</visibility><styleUrl>#papua-barat-google-earth</styleUrl><Polygon><extrude>0</extrude><tessellate>1</tessellate><altitudeMode>clampToGround</altitudeMode><outerBoundaryIs><LinearRing><coordinates>134.13598003,-2.03426575,0 134.13536682,-2.03345340,0 134.13521470,-2.03526337,0 134.13598003,-2.03426575,0</coordinates></LinearRing></outerBoundaryIs></Polygon></Placemark><Placemark><name>Province Papua Barat - Bagian 0322</name><visibility>1</visibility><styleUrl>#papua-barat-google-earth</styleUrl><Polygon><extrude>0</extrude><tessellate>1</tessellate><altitudeMode>clampToGround</altitudeMode><outerBoundaryIs><LinearRing><coordinates>132.64103053,-2.72512820,0 132.64054949,-2.72456292,0 132.63933534,-2.72569897,0 132.64103053,-2.72512820,0</coordinates></LinearRing></outerBoundaryIs></Polygon></Placemark><Placemark><name>Province Papua Barat - Bagian 0323</name><visibility>1</visibility><styleUrl>#papua-barat-google-earth</styleUrl><Polygon><extrude>0</extrude><tessellate>1</tessellate><altitudeMode>clampToGround</altitudeMode><outerBoundaryIs><LinearRing><coordinates>134.36870209,-3.98046083,0 134.36860215,-3.98156015,0 134.36977284,-3.98088914,0 134.36870209,-3.98046083,0</coordinates></LinearRing></outerBoundaryIs></Polygon></Placemark><Placemark><name>Province Papua Barat - Bagian 0324</name><visibility>1</visibility><styleUrl>#papua-barat-google-earth</styleUrl><Polygon><extrude>0</extrude><tessellate>1</tessellate><altitudeMode>clampToGround</altitudeMode><outerBoundaryIs><LinearRing><coordinates>134.00643557,-3.81515598,0 134.00761824,-3.81512396,0 134.00760843,-3.81410971,0 134.00643557,-3.81515598,0</coordinates></LinearRing></outerBoundaryIs></Polygon></Placemark><Placemark><name>Province Papua Barat - Bagian 0325</name><visibility>1</visibility><styleUrl>#papua-barat-google-earth</styleUrl><Polygon><extrude>0</extrude><tessellate>1</tessellate><altitudeMode>clampToGround</altitudeMode><outerBoundaryIs><LinearRing><coordinates>132.54461042,-2.68129778,0 132.54500490,-2.68061947,0 132.54364041,-2.67992419,0 132.54461042,-2.68129778,0</coordinates></LinearRing></outerBoundaryIs></Polygon></Placemark><Placemark><name>Province Papua Barat - Bagian 0326</name><visibility>1</visibility><styleUrl>#papua-barat-google-earth</styleUrl><Polygon><extrude>0</extrude><tessellate>1</tessellate><altitudeMode>clampToGround</altitudeMode><outerBoundaryIs><LinearRing><coordinates>134.15043547,-1.94177429,0 134.15016771,-1.94049415,0 134.14915620,-1.94018906,0 134.14989401,-1.94109234,0 134.15043547,-1.94177429,0</coordinates></LinearRing></outerBoundaryIs></Polygon></Placemark><Placemark><name>Province Papua Barat - Bagian 0327</name><visibility>1</visibility><styleUrl>#papua-barat-google-earth</styleUrl><Polygon><extrude>0</extrude><tessellate>1</tessellate><altitudeMode>clampToGround</altitudeMode><outerBoundaryIs><LinearRing><coordinates>132.45852890,-2.63618789,0 132.45858600,-2.63551688,0 132.45665864,-2.63740141,0 132.45852890,-2.63618789,0</coordinates></LinearRing></outerBoundaryIs></Polygon></Placemark><Placemark><name>Province Papua Barat - Bagian 0328</name><visibility>1</visibility><styleUrl>#papua-barat-google-earth</styleUrl><Polygon><extrude>0</extrude><tessellate>1</tessellate><altitudeMode>clampToGround</altitudeMode><outerBoundaryIs><LinearRing><coordinates>132.49808178,-2.67962990,0 132.49788580,-2.67885537,0 132.49659269,-2.67977001,0 132.49808178,-2.67962990,0</coordinates></LinearRing></outerBoundaryIs></Polygon></Placemark><Placemark><name>Province Papua Barat - Bagian 0329</name><visibility>1</visibility><styleUrl>#papua-barat-google-earth</styleUrl><Polygon><extrude>0</extrude><tessellate>1</tessellate><altitudeMode>clampToGround</altitudeMode><outerBoundaryIs><LinearRing><coordinates>132.28225131,-2.92748836,0 132.28073140,-2.92788825,0 132.28086278,-2.92862572,0 132.28225131,-2.92748836,0</coordinates></LinearRing></outerBoundaryIs></Polygon></Placemark><Placemark><name>Province Papua Barat - Bagian 0330</name><visibility>1</visibility><styleUrl>#papua-barat-google-earth</styleUrl><Polygon><extrude>0</extrude><tessellate>1</tessellate><altitudeMode>clampToGround</altitudeMode><outerBoundaryIs><LinearRing><coordinates>132.08279381,-2.71124636,0 132.08414018,-2.71181820,0 132.08398809,-2.71088742,0 132.08279381,-2.71124636,0</coordinates></LinearRing></outerBoundaryIs></Polygon></Placemark><Placemark><name>Province Papua Barat - Bagian 0331</name><visibility>1</visibility><styleUrl>#papua-barat-google-earth</styleUrl><Polygon><extrude>0</extrude><tessellate>1</tessellate><altitudeMode>clampToGround</altitudeMode><outerBoundaryIs><LinearRing><coordinates>132.93752893,-3.55276057,0 132.93923263,-3.55353152,0 132.93935636,-3.55290334,0 132.93752893,-3.55276057,0</coordinates></LinearRing></outerBoundaryIs></Polygon></Placemark><Placemark><name>Province Papua Barat - Bagian 0332</name><visibility>1</visibility><styleUrl>#papua-barat-google-earth</styleUrl><Polygon><extrude>0</extrude><tessellate>1</tessellate><altitudeMode>clampToGround</altitudeMode><outerBoundaryIs><LinearRing><coordinates>134.22843217,-2.40582062,0 134.22734952,-2.40774203,0 134.22801577,-2.40763496,0 134.22843217,-2.40582062,0</coordinates></LinearRing></outerBoundaryIs></Polygon></Placemark><Placemark><name>Province Papua Barat - Bagian 0333</name><visibility>1</visibility><styleUrl>#papua-barat-google-earth</styleUrl><Polygon><extrude>0</extrude><tessellate>1</tessellate><altitudeMode>clampToGround</altitudeMode><outerBoundaryIs><LinearRing><coordinates>132.50467129,-2.63500412,0 132.50522062,-2.63413110,0 132.50406513,-2.63385779,0 132.50467129,-2.63500412,0</coordinates></LinearRing></outerBoundaryIs></Polygon></Placemark><Placemark><name>Province Papua Barat - Bagian 0334</name><visibility>1</visibility><styleUrl>#papua-barat-google-earth</styleUrl><Polygon><extrude>0</extrude><tessellate>1</tessellate><altitudeMode>clampToGround</altitudeMode><outerBoundaryIs><LinearRing><coordinates>134.14226777,-1.79966209,0 134.14217257,-1.79826470,0 134.14137287,-1.79868583,0 134.14226777,-1.79966209,0</coordinates></LinearRing></outerBoundaryIs></Polygon></Placemark><Placemark><name>Province Papua Barat - Bagian 0335</name><visibility>1</visibility><styleUrl>#papua-barat-google-earth</styleUrl><Polygon><extrude>0</extrude><tessellate>1</tessellate><altitudeMode>clampToGround</altitudeMode><outerBoundaryIs><LinearRing><coordinates>132.49545490,-2.71081591,0 132.49533521,-2.70934664,0 132.49458100,-2.70964046,0 132.49545490,-2.71081591,0</coordinates></LinearRing></outerBoundaryIs></Polygon></Placemark><Placemark><name>Province Papua Barat - Bagian 0336</name><visibility>1</visibility><styleUrl>#papua-barat-google-earth</styleUrl><Polygon><extrude>0</extrude><tessellate>1</tessellate><altitudeMode>clampToGround</altitudeMode><outerBoundaryIs><LinearRing><coordinates>134.21055030,-4.02593257,0 134.20992279,-4.02538349,0 134.20993089,-4.02721117,0 134.21055030,-4.02593257,0</coordinates></LinearRing></outerBoundaryIs></Polygon></Placemark><Placemark><name>Province Papua Barat - Bagian 0337</name><visibility>1</visibility><styleUrl>#papua-barat-google-earth</styleUrl><Polygon><extrude>0</extrude><tessellate>1</tessellate><altitudeMode>clampToGround</altitudeMode><outerBoundaryIs><LinearRing><coordinates>132.12993849,-2.95262189,0 132.12923945,-2.95278978,0 132.12949620,-2.95435359,0 132.12993849,-2.95262189,0</coordinates></LinearRing></outerBoundaryIs></Polygon></Placemark><Placemark><name>Province Papua Barat - Bagian 0338</name><visibility>1</visibility><styleUrl>#papua-barat-google-earth</styleUrl><Polygon><extrude>0</extrude><tessellate>1</tessellate><altitudeMode>clampToGround</altitudeMode><outerBoundaryIs><LinearRing><coordinates>134.16125585,-2.07371643,0 134.16186514,-2.07485540,0 134.16236495,-2.07400357,0 134.16125585,-2.07371643,0</coordinates></LinearRing></outerBoundaryIs></Polygon></Placemark><Placemark><name>Province Papua Barat - Bagian 0339</name><visibility>1</visibility><styleUrl>#papua-barat-google-earth</styleUrl><Polygon><extrude>0</extrude><tessellate>1</tessellate><altitudeMode>clampToGround</altitudeMode><outerBoundaryIs><LinearRing><coordinates>133.91103813,-3.85555469,0 133.91173878,-3.85615307,0 133.91228079,-3.85507185,0 133.91103813,-3.85555469,0</coordinates></LinearRing></outerBoundaryIs></Polygon></Placemark><Placemark><name>Province Papua Barat - Bagian 0340</name><visibility>1</visibility><styleUrl>#papua-barat-google-earth</styleUrl><Polygon><extrude>0</extrude><tessellate>1</tessellate><altitudeMode>clampToGround</altitudeMode><outerBoundaryIs><LinearRing><coordinates>132.51359997,-2.64332796,0 132.51297808,-2.64352775,0 132.51339927,-2.64510135,0 132.51359997,-2.64332796,0</coordinates></LinearRing></outerBoundaryIs></Polygon></Placemark><Placemark><name>Province Papua Barat - Bagian 0341</name><visibility>1</visibility><styleUrl>#papua-barat-google-earth</styleUrl><Polygon><extrude>0</extrude><tessellate>1</tessellate><altitudeMode>clampToGround</altitudeMode><outerBoundaryIs><LinearRing><coordinates>134.13464597,-3.89717642,0 134.13357521,-3.89661249,0 134.13381078,-3.89772608,0 134.13464597,-3.89717642,0</coordinates></LinearRing></outerBoundaryIs></Polygon></Placemark><Placemark><name>Province Papua Barat - Bagian 0342</name><visibility>1</visibility><styleUrl>#papua-barat-google-earth</styleUrl><Polygon><extrude>0</extrude><tessellate>1</tessellate><altitudeMode>clampToGround</altitudeMode><outerBoundaryIs><LinearRing><coordinates>132.53495842,-2.67882190,0 132.53463615,-2.67937425,0 132.53624008,-2.67990995,0 132.53495842,-2.67882190,0</coordinates></LinearRing></outerBoundaryIs></Polygon></Placemark><Placemark><name>Province Papua Barat - Bagian 0343</name><visibility>1</visibility><styleUrl>#papua-barat-google-earth</styleUrl><Polygon><extrude>0</extrude><tessellate>1</tessellate><altitudeMode>clampToGround</altitudeMode><outerBoundaryIs><LinearRing><coordinates>134.09645736,-3.84351129,0 134.09488411,-3.84439838,0 134.09529112,-3.84483331,0 134.09645736,-3.84351129,0</coordinates></LinearRing></outerBoundaryIs></Polygon></Placemark><Placemark><name>Province Papua Barat - Bagian 0344</name><visibility>1</visibility><styleUrl>#papua-barat-google-earth</styleUrl><Polygon><extrude>0</extrude><tessellate>1</tessellate><altitudeMode>clampToGround</altitudeMode><outerBoundaryIs><LinearRing><coordinates>132.57484620,-2.64867907,0 132.57566619,-2.64778872,0 132.57497692,-2.64726639,0 132.57484620,-2.64867907,0</coordinates></LinearRing></outerBoundaryIs></Polygon></Placemark><Placemark><name>Province Papua Barat - Bagian 0345</name><visibility>1</visibility><styleUrl>#papua-barat-google-earth</styleUrl><Polygon><extrude>0</extrude><tessellate>1</tessellate><altitudeMode>clampToGround</altitudeMode><outerBoundaryIs><LinearRing><coordinates>134.15592050,-3.77711842,0 134.15566049,-3.77885685,0 134.15629586,-3.77860793,0 134.15592050,-3.77711842,0</coordinates></LinearRing></outerBoundaryIs></Polygon></Placemark><Placemark><name>Province Papua Barat - Bagian 0346</name><visibility>1</visibility><styleUrl>#papua-barat-google-earth</styleUrl><Polygon><extrude>0</extrude><tessellate>1</tessellate><altitudeMode>clampToGround</altitudeMode><outerBoundaryIs><LinearRing><coordinates>132.65280752,-3.30622416,0 132.65242086,-3.30757450,0 132.65343808,-3.30668221,0 132.65280752,-3.30622416,0</coordinates></LinearRing></outerBoundaryIs></Polygon></Placemark><Placemark><name>Province Papua Barat - Bagian 0347</name><visibility>1</visibility><styleUrl>#papua-barat-google-earth</styleUrl><Polygon><extrude>0</extrude><tessellate>1</tessellate><altitudeMode>clampToGround</altitudeMode><outerBoundaryIs><LinearRing><coordinates>133.69443935,-3.15193150,0 133.69368744,-3.15143657,0 133.69412526,-3.15308316,0 133.69443935,-3.15193150,0</coordinates></LinearRing></outerBoundaryIs></Polygon></Placemark><Placemark><name>Province Papua Barat - Bagian 0348</name><visibility>1</visibility><styleUrl>#papua-barat-google-earth</styleUrl><Polygon><extrude>0</extrude><tessellate>1</tessellate><altitudeMode>clampToGround</altitudeMode><outerBoundaryIs><LinearRing><coordinates>134.44816431,-2.81046805,0 134.44948729,-2.81132466,0 134.44953488,-2.81060130,0 134.44816431,-2.81046805,0</coordinates></LinearRing></outerBoundaryIs></Polygon></Placemark><Placemark><name>Province Papua Barat - Bagian 0349</name><visibility>1</visibility><styleUrl>#papua-barat-google-earth</styleUrl><Polygon><extrude>0</extrude><tessellate>1</tessellate><altitudeMode>clampToGround</altitudeMode><outerBoundaryIs><LinearRing><coordinates>132.77917269,-3.82782883,0 132.77977231,-3.82698650,0 132.77884432,-3.82662958,0 132.77917269,-3.82782883,0</coordinates></LinearRing></outerBoundaryIs></Polygon></Placemark><Placemark><name>Province Papua Barat - Bagian 0350</name><visibility>1</visibility><styleUrl>#papua-barat-google-earth</styleUrl><Polygon><extrude>0</extrude><tessellate>1</tessellate><altitudeMode>clampToGround</altitudeMode><outerBoundaryIs><LinearRing><coordinates>132.44175561,-2.64650480,0 132.44194472,-2.64753224,0 132.44278488,-2.64684345,0 132.44175561,-2.64650480,0</coordinates></LinearRing></outerBoundaryIs></Polygon></Placemark><Placemark><name>Province Papua Barat - Bagian 0351</name><visibility>1</visibility><styleUrl>#papua-barat-google-earth</styleUrl><Polygon><extrude>0</extrude><tessellate>1</tessellate><altitudeMode>clampToGround</altitudeMode><outerBoundaryIs><LinearRing><coordinates>133.98796082,-0.73004368,0 133.98686032,-0.72950235,0 133.98652125,-0.73023403,0 133.98796082,-0.73004368,0</coordinates></LinearRing></outerBoundaryIs></Polygon></Placemark><Placemark><name>Province Papua Barat - Bagian 0352</name><visibility>1</visibility><styleUrl>#papua-barat-google-earth</styleUrl><Polygon><extrude>0</extrude><tessellate>1</tessellate><altitudeMode>clampToGround</altitudeMode><outerBoundaryIs><LinearRing><coordinates>134.00138854,-3.81652200,0 134.00223856,-3.81643158,0 134.00181149,-3.81531411,0 134.00138854,-3.81652200,0</coordinates></LinearRing></outerBoundaryIs></Polygon></Placemark><Placemark><name>Province Papua Barat - Bagian 0353</name><visibility>1</visibility><styleUrl>#papua-barat-google-earth</styleUrl><Polygon><extrude>0</extrude><tessellate>1</tessellate><altitudeMode>clampToGround</altitudeMode><outerBoundaryIs><LinearRing><coordinates>134.14721358,-2.04379416,0 134.14677565,-2.04466513,0 134.14787523,-2.04472256,0 134.14721358,-2.04379416,0</coordinates></LinearRing></outerBoundaryIs></Polygon></Placemark><Placemark><name>Province Papua Barat - Bagian 0354</name><visibility>1</visibility><styleUrl>#papua-barat-google-earth</styleUrl><Polygon><extrude>0</extrude><tessellate>1</tessellate><altitudeMode>clampToGround</altitudeMode><outerBoundaryIs><LinearRing><coordinates>131.62580578,-2.61374558,0 131.62698157,-2.61387379,0 131.62707641,-2.61305343,0 131.62580578,-2.61374558,0</coordinates></LinearRing></outerBoundaryIs></Polygon></Placemark><Placemark><name>Province Papua Barat - Bagian 0355</name><visibility>1</visibility><styleUrl>#papua-barat-google-earth</styleUrl><Polygon><extrude>0</extrude><tessellate>1</tessellate><altitudeMode>clampToGround</altitudeMode><outerBoundaryIs><LinearRing><coordinates>132.43096046,-2.61715696,0 132.43179143,-2.61834248,0 132.43227392,-2.61785652,0 132.43096046,-2.61715696,0</coordinates></LinearRing></outerBoundaryIs></Polygon></Placemark><Placemark><name>Province Papua Barat - Bagian 0356</name><visibility>1</visibility><styleUrl>#papua-barat-google-earth</styleUrl><Polygon><extrude>0</extrude><tessellate>1</tessellate><altitudeMode>clampToGround</altitudeMode><outerBoundaryIs><LinearRing><coordinates>132.80053816,-3.35654992,0 132.79831813,-3.35539351,0 132.79953165,-3.35646426,0 132.80053816,-3.35654992,0</coordinates></LinearRing></outerBoundaryIs></Polygon></Placemark><Placemark><name>Province Papua Barat - Bagian 0357</name><visibility>1</visibility><styleUrl>#papua-barat-google-earth</styleUrl><Polygon><extrude>0</extrude><tessellate>1</tessellate><altitudeMode>clampToGround</altitudeMode><outerBoundaryIs><LinearRing><coordinates>132.44290608,-2.61598024,0 132.44383610,-2.61596466,0 132.44333844,-2.61492785,0 132.44290608,-2.61598024,0</coordinates></LinearRing></outerBoundaryIs></Polygon></Placemark><Placemark><name>Province Papua Barat - Bagian 0358</name><visibility>1</visibility><styleUrl>#papua-barat-google-earth</styleUrl><Polygon><extrude>0</extrude><tessellate>1</tessellate><altitudeMode>clampToGround</altitudeMode><outerBoundaryIs><LinearRing><coordinates>134.02298432,-3.86662232,0 134.02274340,-3.86764846,0 134.02378441,-3.86721421,0 134.02298432,-3.86662232,0</coordinates></LinearRing></outerBoundaryIs></Polygon></Placemark><Placemark><name>Province Papua Barat - Bagian 0359</name><visibility>1</visibility><styleUrl>#papua-barat-google-earth</styleUrl><Polygon><extrude>0</extrude><tessellate>1</tessellate><altitudeMode>clampToGround</altitudeMode><outerBoundaryIs><LinearRing><coordinates>133.98311624,-0.72860529,0 133.98387291,-0.72844825,0 133.98333039,-0.72729183,0 133.98311624,-0.72860529,0</coordinates></LinearRing></outerBoundaryIs></Polygon></Placemark><Placemark><name>Province Papua Barat - Bagian 0360</name><visibility>1</visibility><styleUrl>#papua-barat-google-earth</styleUrl><Polygon><extrude>0</extrude><tessellate>1</tessellate><altitudeMode>clampToGround</altitudeMode><outerBoundaryIs><LinearRing><coordinates>132.45847213,-2.63954870,0 132.45954169,-2.63885066,0 132.45915665,-2.63820961,0 132.45847213,-2.63954870,0</coordinates></LinearRing></outerBoundaryIs></Polygon></Placemark><Placemark><name>Province Papua Barat - Bagian 0361</name><visibility>1</visibility><styleUrl>#papua-barat-google-earth</styleUrl><Polygon><extrude>0</extrude><tessellate>1</tessellate><altitudeMode>clampToGround</altitudeMode><outerBoundaryIs><LinearRing><coordinates>133.75950790,-3.11695996,0 133.75979343,-3.11747393,0 133.76060245,-3.11560843,0 133.75950790,-3.11695996,0</coordinates></LinearRing></outerBoundaryIs></Polygon></Placemark><Placemark><name>Province Papua Barat - Bagian 0362</name><visibility>1</visibility><styleUrl>#papua-barat-google-earth</styleUrl><Polygon><extrude>0</extrude><tessellate>1</tessellate><altitudeMode>clampToGround</altitudeMode><outerBoundaryIs><LinearRing><coordinates>132.80722891,-3.91846606,0 132.80709209,-3.91932862,0 132.80821044,-3.91910852,0 132.80722891,-3.91846606,0</coordinates></LinearRing></outerBoundaryIs></Polygon></Placemark><Placemark><name>Province Papua Barat - Bagian 0363</name><visibility>1</visibility><styleUrl>#papua-barat-google-earth</styleUrl><Polygon><extrude>0</extrude><tessellate>1</tessellate><altitudeMode>clampToGround</altitudeMode><outerBoundaryIs><LinearRing><coordinates>132.89708904,-3.53087548,0 132.89548053,-3.53180823,0 132.89659411,-3.53174160,0 132.89708904,-3.53087548,0</coordinates></LinearRing></outerBoundaryIs></Polygon></Placemark><Placemark><name>Province Papua Barat - Bagian 0364</name><visibility>1</visibility><styleUrl>#papua-barat-google-earth</styleUrl><Polygon><extrude>0</extrude><tessellate>1</tessellate><altitudeMode>clampToGround</altitudeMode><outerBoundaryIs><LinearRing><coordinates>133.71593065,-3.16152548,0 133.71540716,-3.16124947,0 133.71532150,-3.16297220,0 133.71593065,-3.16152548,0</coordinates></LinearRing></outerBoundaryIs></Polygon></Placemark><Placemark><name>Province Papua Barat - Bagian 0365</name><visibility>1</visibility><styleUrl>#papua-barat-google-earth</styleUrl><Polygon><extrude>0</extrude><tessellate>1</tessellate><altitudeMode>clampToGround</altitudeMode><outerBoundaryIs><LinearRing><coordinates>132.83431927,-3.95839271,0 132.83327707,-3.95805364,0 132.83387312,-3.95913154,0 132.83431927,-3.95839271,0</coordinates></LinearRing></outerBoundaryIs></Polygon></Placemark><Placemark><name>Province Papua Barat - Bagian 0366</name><visibility>1</visibility><styleUrl>#papua-barat-google-earth</styleUrl><Polygon><extrude>0</extrude><tessellate>1</tessellate><altitudeMode>clampToGround</altitudeMode><outerBoundaryIs><LinearRing><coordinates>132.48106512,-2.62554412,0 132.48085969,-2.62612936,0 132.48291815,-2.62471310,0 132.48106512,-2.62554412,0</coordinates></LinearRing></outerBoundaryIs></Polygon></Placemark><Placemark><name>Province Papua Barat - Bagian 0367</name><visibility>1</visibility><styleUrl>#papua-barat-google-earth</styleUrl><Polygon><extrude>0</extrude><tessellate>1</tessellate><altitudeMode>clampToGround</altitudeMode><outerBoundaryIs><LinearRing><coordinates>134.12251626,-3.86875692,0 134.12291092,-3.86797582,0 134.12137205,-3.86872159,0 134.12251626,-3.86875692,0</coordinates></LinearRing></outerBoundaryIs></Polygon></Placemark><Placemark><name>Province Papua Barat - Bagian 0368</name><visibility>1</visibility><styleUrl>#papua-barat-google-earth</styleUrl><Polygon><extrude>0</extrude><tessellate>1</tessellate><altitudeMode>clampToGround</altitudeMode><outerBoundaryIs><LinearRing><coordinates>132.59776214,-2.69709632,0 132.59697677,-2.69661179,0 132.59671209,-2.69759681,0 132.59776214,-2.69709632,0</coordinates></LinearRing></outerBoundaryIs></Polygon></Placemark><Placemark><name>Province Papua Barat - Bagian 0369</name><visibility>1</visibility><styleUrl>#papua-barat-google-earth</styleUrl><Polygon><extrude>0</extrude><tessellate>1</tessellate><altitudeMode>clampToGround</altitudeMode><outerBoundaryIs><LinearRing><coordinates>132.11445579,-2.69662669,0 132.11502949,-2.69762719,0 132.11568014,-2.69720403,0 132.11445579,-2.69662669,0</coordinates></LinearRing></outerBoundaryIs></Polygon></Placemark><Placemark><name>Province Papua Barat - Bagian 0370</name><visibility>1</visibility><styleUrl>#papua-barat-google-earth</styleUrl><Polygon><extrude>0</extrude><tessellate>1</tessellate><altitudeMode>clampToGround</altitudeMode><outerBoundaryIs><LinearRing><coordinates>132.45064861,-2.65161044,0 132.45070816,-2.65224428,0 132.45203113,-2.65135545,0 132.45064861,-2.65161044,0</coordinates></LinearRing></outerBoundaryIs></Polygon></Placemark><Placemark><name>Province Papua Barat - Bagian 0371</name><visibility>1</visibility><styleUrl>#papua-barat-google-earth</styleUrl><Polygon><extrude>0</extrude><tessellate>1</tessellate><altitudeMode>clampToGround</altitudeMode><outerBoundaryIs><LinearRing><coordinates>134.12879240,-3.76315278,0 134.12775363,-3.76286373,0 134.12778654,-3.76372365,0 134.12879240,-3.76315278,0</coordinates></LinearRing></outerBoundaryIs></Polygon></Placemark><Placemark><name>Province Papua Barat - Bagian 0372</name><visibility>1</visibility><styleUrl>#papua-barat-google-earth</styleUrl><Polygon><extrude>0</extrude><tessellate>1</tessellate><altitudeMode>clampToGround</altitudeMode><outerBoundaryIs><LinearRing><coordinates>134.13037387,-1.88180450,0 134.13115928,-1.88256540,0 134.13097364,-1.88127330,0 134.13037387,-1.88180450,0</coordinates></LinearRing></outerBoundaryIs></Polygon></Placemark><Placemark><name>Province Papua Barat - Bagian 0373</name><visibility>1</visibility><styleUrl>#papua-barat-google-earth</styleUrl><Polygon><extrude>0</extrude><tessellate>1</tessellate><altitudeMode>clampToGround</altitudeMode><outerBoundaryIs><LinearRing><coordinates>134.15215028,-3.76925029,0 134.15289730,-3.77010193,0 134.15286869,-3.76890279,0 134.15215028,-3.76925029,0</coordinates></LinearRing></outerBoundaryIs></Polygon></Placemark><Placemark><name>Province Papua Barat - Bagian 0374</name><visibility>1</visibility><styleUrl>#papua-barat-google-earth</styleUrl><Polygon><extrude>0</extrude><tessellate>1</tessellate><altitudeMode>clampToGround</altitudeMode><outerBoundaryIs><LinearRing><coordinates>133.83932862,-3.58654290,0 133.83896099,-3.58790276,0 133.83967483,-3.58763150,0 133.83932862,-3.58654290,0</coordinates></LinearRing></outerBoundaryIs></Polygon></Placemark><Placemark><name>Province Papua Barat - Bagian 0375</name><visibility>1</visibility><styleUrl>#papua-barat-google-earth</styleUrl><Polygon><extrude>0</extrude><tessellate>1</tessellate><altitudeMode>clampToGround</altitudeMode><outerBoundaryIs><LinearRing><coordinates>132.54349055,-2.69067605,0 132.54325141,-2.68953894,0 132.54251983,-2.68969953,0 132.54349055,-2.69067605,0</coordinates></LinearRing></outerBoundaryIs></Polygon></Placemark><Placemark><name>Province Papua Barat - Bagian 0376</name><visibility>1</visibility><styleUrl>#papua-barat-google-earth</styleUrl><Polygon><extrude>0</extrude><tessellate>1</tessellate><altitudeMode>clampToGround</altitudeMode><outerBoundaryIs><LinearRing><coordinates>134.22284163,-2.41414397,0 134.22366968,-2.41457228,0 134.22393380,-2.41366570,0 134.22284163,-2.41414397,0</coordinates></LinearRing></outerBoundaryIs></Polygon></Placemark><Placemark><name>Province Papua Barat - Bagian 0377</name><visibility>1</visibility><styleUrl>#papua-barat-google-earth</styleUrl><Polygon><extrude>0</extrude><tessellate>1</tessellate><altitudeMode>clampToGround</altitudeMode><outerBoundaryIs><LinearRing><coordinates>132.36647197,-2.67483654,0 132.36600028,-2.67452808,0 132.36602451,-2.67637302,0 132.36647197,-2.67483654,0</coordinates></LinearRing></outerBoundaryIs></Polygon></Placemark><Placemark><name>Province Papua Barat - Bagian 0378</name><visibility>1</visibility><styleUrl>#papua-barat-google-earth</styleUrl><Polygon><extrude>0</extrude><tessellate>1</tessellate><altitudeMode>clampToGround</altitudeMode><outerBoundaryIs><LinearRing><coordinates>132.45719473,-2.71286817,0 132.45807236,-2.71202498,0 132.45755548,-2.71154464,0 132.45719473,-2.71286817,0</coordinates></LinearRing></outerBoundaryIs></Polygon></Placemark><Placemark><name>Province Papua Barat - Bagian 0379</name><visibility>1</visibility><styleUrl>#papua-barat-google-earth</styleUrl><Polygon><extrude>0</extrude><tessellate>1</tessellate><altitudeMode>clampToGround</altitudeMode><outerBoundaryIs><LinearRing><coordinates>132.44217048,-2.61671754,0 132.44333847,-2.61721379,0 132.44345719,-2.61653224,0 132.44217048,-2.61671754,0</coordinates></LinearRing></outerBoundaryIs></Polygon></Placemark><Placemark><name>Province Papua Barat - Bagian 0380</name><visibility>1</visibility><styleUrl>#papua-barat-google-earth</styleUrl><Polygon><extrude>0</extrude><tessellate>1</tessellate><altitudeMode>clampToGround</altitudeMode><outerBoundaryIs><LinearRing><coordinates>134.36955021,-3.97422658,0 134.36934795,-3.97548770,0 134.37010343,-3.97499991,0 134.36955021,-3.97422658,0</coordinates></LinearRing></outerBoundaryIs></Polygon></Placemark><Placemark><name>Province Papua Barat - Bagian 0381</name><visibility>1</visibility><styleUrl>#papua-barat-google-earth</styleUrl><Polygon><extrude>0</extrude><tessellate>1</tessellate><altitudeMode>clampToGround</altitudeMode><outerBoundaryIs><LinearRing><coordinates>132.05452070,-2.78337240,0 132.05388390,-2.78325207,0 132.05474966,-2.78474484,0 132.05452070,-2.78337240,0</coordinates></LinearRing></outerBoundaryIs></Polygon></Placemark><Placemark><name>Province Papua Barat - Bagian 0382</name><visibility>1</visibility><styleUrl>#papua-barat-google-earth</styleUrl><Polygon><extrude>0</extrude><tessellate>1</tessellate><altitudeMode>clampToGround</altitudeMode><outerBoundaryIs><LinearRing><coordinates>133.83247129,-3.55864756,0 133.83352301,-3.55830730,0 133.83328983,-3.55757919,0 133.83247129,-3.55864756,0</coordinates></LinearRing></outerBoundaryIs></Polygon></Placemark><Placemark><name>Province Papua Barat - Bagian 0383</name><visibility>1</visibility><styleUrl>#papua-barat-google-earth</styleUrl><Polygon><extrude>0</extrude><tessellate>1</tessellate><altitudeMode>clampToGround</altitudeMode><outerBoundaryIs><LinearRing><coordinates>132.48499966,-2.67060514,0 132.48457114,-2.67011497,0 132.48376568,-2.67115032,0 132.48499966,-2.67060514,0</coordinates></LinearRing></outerBoundaryIs></Polygon></Placemark><Placemark><name>Province Papua Barat - Bagian 0384</name><visibility>1</visibility><styleUrl>#papua-barat-google-earth</styleUrl><Polygon><extrude>0</extrude><tessellate>1</tessellate><altitudeMode>clampToGround</altitudeMode><outerBoundaryIs><LinearRing><coordinates>132.66693574,-2.75677725,0 132.66609373,-2.75685784,0 132.66627939,-2.75783189,0 132.66693574,-2.75677725,0</coordinates></LinearRing></outerBoundaryIs></Polygon></Placemark><Placemark><name>Province Papua Barat - Bagian 0385</name><visibility>1</visibility><styleUrl>#papua-barat-google-earth</styleUrl><Polygon><extrude>0</extrude><tessellate>1</tessellate><altitudeMode>clampToGround</altitudeMode><outerBoundaryIs><LinearRing><coordinates>131.97519202,-2.75585004,0 131.97575884,-2.75501935,0 131.97486213,-2.75487287,0 131.97519202,-2.75585004,0</coordinates></LinearRing></outerBoundaryIs></Polygon></Placemark><Placemark><name>Province Papua Barat - Bagian 0386</name><visibility>1</visibility><styleUrl>#papua-barat-google-earth</styleUrl><Polygon><extrude>0</extrude><tessellate>1</tessellate><altitudeMode>clampToGround</altitudeMode><outerBoundaryIs><LinearRing><coordinates>132.55365657,-2.65146629,0 132.55333927,-2.65057951,0 132.55262980,-2.65118138,0 132.55365657,-2.65146629,0</coordinates></LinearRing></outerBoundaryIs></Polygon></Placemark><Placemark><name>Province Papua Barat - Bagian 0387</name><visibility>1</visibility><styleUrl>#papua-barat-google-earth</styleUrl><Polygon><extrude>0</extrude><tessellate>1</tessellate><altitudeMode>clampToGround</altitudeMode><outerBoundaryIs><LinearRing><coordinates>134.21746643,-2.40921849,0 134.21697388,-2.40902575,0 134.21737363,-2.41084604,0 134.21746643,-2.40921849,0</coordinates></LinearRing></outerBoundaryIs></Polygon></Placemark><Placemark><name>Province Papua Barat - Bagian 0388</name><visibility>1</visibility><styleUrl>#papua-barat-google-earth</styleUrl><Polygon><extrude>0</extrude><tessellate>1</tessellate><altitudeMode>clampToGround</altitudeMode><outerBoundaryIs><LinearRing><coordinates>132.47198093,-2.70944669,0 132.47170531,-2.70870138,0 132.47085227,-2.70936126,0 132.47198093,-2.70944669,0</coordinates></LinearRing></outerBoundaryIs></Polygon></Placemark><Placemark><name>Province Papua Barat - Bagian 0389</name><visibility>1</visibility><styleUrl>#papua-barat-google-earth</styleUrl><Polygon><extrude>0</extrude><tessellate>1</tessellate><altitudeMode>clampToGround</altitudeMode><outerBoundaryIs><LinearRing><coordinates>132.41179238,-2.60480163,0 132.41275498,-2.60531212,0 132.41267774,-2.60443361,0 132.41179238,-2.60480163,0</coordinates></LinearRing></outerBoundaryIs></Polygon></Placemark><Placemark><name>Province Papua Barat - Bagian 0390</name><visibility>1</visibility><styleUrl>#papua-barat-google-earth</styleUrl><Polygon><extrude>0</extrude><tessellate>1</tessellate><altitudeMode>clampToGround</altitudeMode><outerBoundaryIs><LinearRing><coordinates>132.05986651,-2.74676733,0 132.05970532,-2.74730404,0 132.06139877,-2.74665842,0 132.05986651,-2.74676733,0</coordinates></LinearRing></outerBoundaryIs></Polygon></Placemark><Placemark><name>Province Papua Barat - Bagian 0391</name><visibility>1</visibility><styleUrl>#papua-barat-google-earth</styleUrl><Polygon><extrude>0</extrude><tessellate>1</tessellate><altitudeMode>clampToGround</altitudeMode><outerBoundaryIs><LinearRing><coordinates>134.41196935,-3.92220430,0 134.41113320,-3.92258809,0 134.41186058,-3.92321119,0 134.41196935,-3.92220430,0</coordinates></LinearRing></outerBoundaryIs></Polygon></Placemark><Placemark><name>Province Papua Barat - Bagian 0392</name><visibility>1</visibility><styleUrl>#papua-barat-google-earth</styleUrl><Polygon><extrude>0</extrude><tessellate>1</tessellate><altitudeMode>clampToGround</altitudeMode><outerBoundaryIs><LinearRing><coordinates>133.92710670,-3.87622625,0 133.92641427,-3.87584791,0 133.92612160,-3.87681160,0 133.92710670,-3.87622625,0</coordinates></LinearRing></outerBoundaryIs></Polygon></Placemark><Placemark><name>Province Papua Barat - Bagian 0393</name><visibility>1</visibility><styleUrl>#papua-barat-google-earth</styleUrl><Polygon><extrude>0</extrude><tessellate>1</tessellate><altitudeMode>clampToGround</altitudeMode><outerBoundaryIs><LinearRing><coordinates>134.36373618,-4.02847047,0 134.36249053,-4.02813854,0 134.36281890,-4.02884167,0 134.36373618,-4.02847047,0</coordinates></LinearRing></outerBoundaryIs></Polygon></Placemark><Placemark><name>Province Papua Barat - Bagian 0394</name><visibility>1</visibility><styleUrl>#papua-barat-google-earth</styleUrl><Polygon><extrude>0</extrude><tessellate>1</tessellate><altitudeMode>clampToGround</altitudeMode><outerBoundaryIs><LinearRing><coordinates>134.16245800,-3.91411205,0 134.16329925,-3.91388323,0 134.16319935,-3.91301120,0 134.16245800,-3.91411205,0</coordinates></LinearRing></outerBoundaryIs></Polygon></Placemark><Placemark><name>Province Papua Barat - Bagian 0395</name><visibility>1</visibility><styleUrl>#papua-barat-google-earth</styleUrl><Polygon><extrude>0</extrude><tessellate>1</tessellate><altitudeMode>clampToGround</altitudeMode><outerBoundaryIs><LinearRing><coordinates>132.80272050,-3.93819084,0 132.80167768,-3.93614570,0 132.80169422,-3.93690070,0 132.80272050,-3.93819084,0</coordinates></LinearRing></outerBoundaryIs></Polygon></Placemark><Placemark><name>Province Papua Barat - Bagian 0396</name><visibility>1</visibility><styleUrl>#papua-barat-google-earth</styleUrl><Polygon><extrude>0</extrude><tessellate>1</tessellate><altitudeMode>clampToGround</altitudeMode><outerBoundaryIs><LinearRing><coordinates>134.15562864,-2.01159187,0 134.15493843,-2.01112528,0 134.15483728,-2.01214222,0 134.15562864,-2.01159187,0</coordinates></LinearRing></outerBoundaryIs></Polygon></Placemark><Placemark><name>Province Papua Barat - Bagian 0397</name><visibility>1</visibility><styleUrl>#papua-barat-google-earth</styleUrl><Polygon><extrude>0</extrude><tessellate>1</tessellate><altitudeMode>clampToGround</altitudeMode><outerBoundaryIs><LinearRing><coordinates>133.78638232,-3.10694878,0 133.78562089,-3.10694878,0 133.78810981,-3.10792674,0 133.78638232,-3.10694878,0</coordinates></LinearRing></outerBoundaryIs></Polygon></Placemark><Placemark><name>Province Papua Barat - Bagian 0398</name><visibility>1</visibility><styleUrl>#papua-barat-google-earth</styleUrl><Polygon><extrude>0</extrude><tessellate>1</tessellate><altitudeMode>clampToGround</altitudeMode><outerBoundaryIs><LinearRing><coordinates>134.22773491,-4.00752872,0 134.22763075,-4.00679380,0 134.22679777,-4.00685882,0 134.22646523,-4.00743101,0 134.22706705,-4.00697752,0 134.22773491,-4.00752872,0</coordinates></LinearRing></outerBoundaryIs></Polygon></Placemark><Placemark><name>Province Papua Barat - Bagian 0399</name><visibility>1</visibility><styleUrl>#papua-barat-google-earth</styleUrl><Polygon><extrude>0</extrude><tessellate>1</tessellate><altitudeMode>clampToGround</altitudeMode><outerBoundaryIs><LinearRing><coordinates>132.42539252,-2.61651450,0 132.42487856,-2.61614331,0 132.42443058,-2.61726195,0 132.42539252,-2.61651450,0</coordinates></LinearRing></outerBoundaryIs></Polygon></Placemark><Placemark><name>Province Papua Barat - Bagian 0400</name><visibility>1</visibility><styleUrl>#papua-barat-google-earth</styleUrl><Polygon><extrude>0</extrude><tessellate>1</tessellate><altitudeMode>clampToGround</altitudeMode><outerBoundaryIs><LinearRing><coordinates>134.12981005,-3.90613636,0 134.13011983,-3.90681788,0 134.13080198,-3.90592849,0 134.12981005,-3.90613636,0</coordinates></LinearRing></outerBoundaryIs></Polygon></Placemark><Placemark><name>Province Papua Barat - Bagian 0401</name><visibility>1</visibility><styleUrl>#papua-barat-google-earth</styleUrl><Polygon><extrude>0</extrude><tessellate>1</tessellate><altitudeMode>clampToGround</altitudeMode><outerBoundaryIs><LinearRing><coordinates>132.08317154,-2.71322383,0 132.08089088,-2.71292187,0 132.08181465,-2.71336412,0 132.08317154,-2.71322383,0</coordinates></LinearRing></outerBoundaryIs></Polygon></Placemark><Placemark><name>Province Papua Barat - Bagian 0402</name><visibility>1</visibility><styleUrl>#papua-barat-google-earth</styleUrl><Polygon><extrude>0</extrude><tessellate>1</tessellate><altitudeMode>clampToGround</altitudeMode><outerBoundaryIs><LinearRing><coordinates>134.15419998,-1.95559425,0 134.15345027,-1.95628816,0 134.15415238,-1.95661118,0 134.15419998,-1.95559425,0</coordinates></LinearRing></outerBoundaryIs></Polygon></Placemark><Placemark><name>Province Papua Barat - Bagian 0403</name><visibility>1</visibility><styleUrl>#papua-barat-google-earth</styleUrl><Polygon><extrude>0</extrude><tessellate>1</tessellate><altitudeMode>clampToGround</altitudeMode><outerBoundaryIs><LinearRing><coordinates>133.92677453,-3.81539697,0 133.92770209,-3.81574748,0 133.92762290,-3.81493542,0 133.92677453,-3.81539697,0</coordinates></LinearRing></outerBoundaryIs></Polygon></Placemark><Placemark><name>Province Papua Barat - Bagian 0404</name><visibility>1</visibility><styleUrl>#papua-barat-google-earth</styleUrl><Polygon><extrude>0</extrude><tessellate>1</tessellate><altitudeMode>clampToGround</altitudeMode><outerBoundaryIs><LinearRing><coordinates>132.35915734,-2.94709319,0 132.35903783,-2.94779608,0 132.36018401,-2.94700392,0 132.35915734,-2.94709319,0</coordinates></LinearRing></outerBoundaryIs></Polygon></Placemark><Placemark><name>Province Papua Barat - Bagian 0405</name><visibility>1</visibility><styleUrl>#papua-barat-google-earth</styleUrl><Polygon><extrude>0</extrude><tessellate>1</tessellate><altitudeMode>clampToGround</altitudeMode><outerBoundaryIs><LinearRing><coordinates>134.13471281,-3.86345939,0 134.13345645,-3.86349365,0 134.13373437,-3.86404664,0 134.13471281,-3.86345939,0</coordinates></LinearRing></outerBoundaryIs></Polygon></Placemark><Placemark><name>Province Papua Barat - Bagian 0406</name><visibility>1</visibility><styleUrl>#papua-barat-google-earth</styleUrl><Polygon><extrude>0</extrude><tessellate>1</tessellate><altitudeMode>clampToGround</altitudeMode><outerBoundaryIs><LinearRing><coordinates>134.00725163,-3.85513879,0 134.00682771,-3.85473774,0 134.00613874,-3.85574015,0 134.00725163,-3.85513879,0</coordinates></LinearRing></outerBoundaryIs></Polygon></Placemark><Placemark><name>Province Papua Barat - Bagian 0407</name><visibility>1</visibility><styleUrl>#papua-barat-google-earth</styleUrl><Polygon><extrude>0</extrude><tessellate>1</tessellate><altitudeMode>clampToGround</altitudeMode><outerBoundaryIs><LinearRing><coordinates>132.11307158,-2.68748773,0 132.11346982,-2.68792899,0 132.11393180,-2.68668107,0 132.11307158,-2.68748773,0</coordinates></LinearRing></outerBoundaryIs></Polygon></Placemark><Placemark><name>Province Papua Barat - Bagian 0408</name><visibility>1</visibility><styleUrl>#papua-barat-google-earth</styleUrl><Polygon><extrude>0</extrude><tessellate>1</tessellate><altitudeMode>clampToGround</altitudeMode><outerBoundaryIs><LinearRing><coordinates>133.05608178,-4.09973984,0 133.05662430,-4.09881185,0 133.05607464,-4.09846921,0 133.05608178,-4.09973984,0</coordinates></LinearRing></outerBoundaryIs></Polygon></Placemark><Placemark><name>Province Papua Barat - Bagian 0409</name><visibility>1</visibility><styleUrl>#papua-barat-google-earth</styleUrl><Polygon><extrude>0</extrude><tessellate>1</tessellate><altitudeMode>clampToGround</altitudeMode><outerBoundaryIs><LinearRing><coordinates>132.68688003,-2.77737179,0 132.68658579,-2.77809284,0 132.68747900,-2.77824268,0 132.68688003,-2.77737179,0</coordinates></LinearRing></outerBoundaryIs></Polygon></Placemark><Placemark><name>Province Papua Barat - Bagian 0410</name><visibility>1</visibility><styleUrl>#papua-barat-google-earth</styleUrl><Polygon><extrude>0</extrude><tessellate>1</tessellate><altitudeMode>clampToGround</altitudeMode><outerBoundaryIs><LinearRing><coordinates>132.45566693,-2.64265276,0 132.45560030,-2.64355695,0 132.45637601,-2.64331901,0 132.45566693,-2.64265276,0</coordinates></LinearRing></outerBoundaryIs></Polygon></Placemark><Placemark><name>Province Papua Barat - Bagian 0411</name><visibility>1</visibility><styleUrl>#papua-barat-google-earth</styleUrl><Polygon><extrude>0</extrude><tessellate>1</tessellate><altitudeMode>clampToGround</altitudeMode><outerBoundaryIs><LinearRing><coordinates>132.54621646,-2.65523251,0 132.54682322,-2.65547046,0 132.54714445,-2.65447108,0 132.54621646,-2.65523251,0</coordinates></LinearRing></outerBoundaryIs></Polygon></Placemark><Placemark><name>Province Papua Barat - Bagian 0412</name><visibility>1</visibility><styleUrl>#papua-barat-google-earth</styleUrl><Polygon><extrude>0</extrude><tessellate>1</tessellate><altitudeMode>clampToGround</altitudeMode><outerBoundaryIs><LinearRing><coordinates>134.36831661,-3.98174574,0 134.36761705,-3.98170291,0 134.36855932,-3.98273084,0 134.36831661,-3.98174574,0</coordinates></LinearRing></outerBoundaryIs></Polygon></Placemark><Placemark><name>Province Papua Barat - Bagian 0413</name><visibility>1</visibility><styleUrl>#papua-barat-google-earth</styleUrl><Polygon><extrude>0</extrude><tessellate>1</tessellate><altitudeMode>clampToGround</altitudeMode><outerBoundaryIs><LinearRing><coordinates>132.50748417,-2.68105919,0 132.50790037,-2.68021333,0 132.50705064,-2.68031577,0 132.50748417,-2.68105919,0</coordinates></LinearRing></outerBoundaryIs></Polygon></Placemark><Placemark><name>Province Papua Barat - Bagian 0414</name><visibility>1</visibility><styleUrl>#papua-barat-google-earth</styleUrl><Polygon><extrude>0</extrude><tessellate>1</tessellate><altitudeMode>clampToGround</altitudeMode><outerBoundaryIs><LinearRing><coordinates>132.51100077,-2.64651951,0 132.51152135,-2.64721146,0 132.51217412,-2.64678445,0 132.51100077,-2.64651951,0</coordinates></LinearRing></outerBoundaryIs></Polygon></Placemark><Placemark><name>Province Papua Barat - Bagian 0415</name><visibility>1</visibility><styleUrl>#papua-barat-google-earth</styleUrl><Polygon><extrude>0</extrude><tessellate>1</tessellate><altitudeMode>clampToGround</altitudeMode><outerBoundaryIs><LinearRing><coordinates>132.54236236,-2.68671779,0 132.54216119,-2.68622836,0 132.54164428,-2.68831101,0 132.54236236,-2.68671779,0</coordinates></LinearRing></outerBoundaryIs></Polygon></Placemark><Placemark><name>Province Papua Barat - Bagian 0416</name><visibility>1</visibility><styleUrl>#papua-barat-google-earth</styleUrl><Polygon><extrude>0</extrude><tessellate>1</tessellate><altitudeMode>clampToGround</altitudeMode><outerBoundaryIs><LinearRing><coordinates>134.15138510,-3.96686910,0 134.15168848,-3.96632301,0 134.15046067,-3.96631944,0 134.15138510,-3.96686910,0</coordinates></LinearRing></outerBoundaryIs></Polygon></Placemark><Placemark><name>Province Papua Barat - Bagian 0417</name><visibility>1</visibility><styleUrl>#papua-barat-google-earth</styleUrl><Polygon><extrude>0</extrude><tessellate>1</tessellate><altitudeMode>clampToGround</altitudeMode><outerBoundaryIs><LinearRing><coordinates>134.16280457,-1.95891486,0 134.16280457,-1.95987796,0 134.16350073,-1.96042830,0 134.16280457,-1.95891486,0</coordinates></LinearRing></outerBoundaryIs></Polygon></Placemark><Placemark><name>Province Papua Barat - Bagian 0418</name><visibility>1</visibility><styleUrl>#papua-barat-google-earth</styleUrl><Polygon><extrude>0</extrude><tessellate>1</tessellate><altitudeMode>clampToGround</altitudeMode><outerBoundaryIs><LinearRing><coordinates>132.47116699,-2.69550882,0 132.47184162,-2.69480320,0 132.47131429,-2.69436839,0 132.47116699,-2.69550882,0</coordinates></LinearRing></outerBoundaryIs></Polygon></Placemark><Placemark><name>Province Papua Barat - Bagian 0419</name><visibility>1</visibility><styleUrl>#papua-barat-google-earth</styleUrl><Polygon><extrude>0</extrude><tessellate>1</tessellate><altitudeMode>clampToGround</altitudeMode><outerBoundaryIs><LinearRing><coordinates>133.96943322,-3.86345311,0 133.96973380,-3.86286046,0 133.96874696,-3.86259360,0 133.96943322,-3.86345311,0</coordinates></LinearRing></outerBoundaryIs></Polygon></Placemark><Placemark><name>Province Papua Barat - Bagian 0420</name><visibility>1</visibility><styleUrl>#papua-barat-google-earth</styleUrl><Polygon><extrude>0</extrude><tessellate>1</tessellate><altitudeMode>clampToGround</altitudeMode><outerBoundaryIs><LinearRing><coordinates>134.27504808,-2.47214234,0 134.27657094,-2.47338918,0 134.27674226,-2.47309413,0 134.27504808,-2.47214234,0</coordinates></LinearRing></outerBoundaryIs></Polygon></Placemark><Placemark><name>Province Papua Barat - Bagian 0421</name><visibility>1</visibility><styleUrl>#papua-barat-google-earth</styleUrl><Polygon><extrude>0</extrude><tessellate>1</tessellate><altitudeMode>clampToGround</altitudeMode><outerBoundaryIs><LinearRing><coordinates>133.77508940,-3.10151171,0 133.77463254,-3.10213989,0 133.77529879,-3.10267289,0 133.77508940,-3.10151171,0</coordinates></LinearRing></outerBoundaryIs></Polygon></Placemark><Placemark><name>Province Papua Barat - Bagian 0422</name><visibility>1</visibility><styleUrl>#papua-barat-google-earth</styleUrl><Polygon><extrude>0</extrude><tessellate>1</tessellate><altitudeMode>clampToGround</altitudeMode><outerBoundaryIs><LinearRing><coordinates>134.01529541,-3.80531846,0 134.01481068,-3.80422312,0 134.01451356,-3.80491731,0 134.01529541,-3.80531846,0</coordinates></LinearRing></outerBoundaryIs></Polygon></Placemark><Placemark><name>Province Papua Barat - Bagian 0423</name><visibility>1</visibility><styleUrl>#papua-barat-google-earth</styleUrl><Polygon><extrude>0</extrude><tessellate>1</tessellate><altitudeMode>clampToGround</altitudeMode><outerBoundaryIs><LinearRing><coordinates>133.90549340,-3.69963384,0 133.90447908,-3.69946326,0 133.90467610,-3.70014793,0 133.90549340,-3.69963384,0</coordinates></LinearRing></outerBoundaryIs></Polygon></Placemark><Placemark><name>Province Papua Barat - Bagian 0424</name><visibility>1</visibility><styleUrl>#papua-barat-google-earth</styleUrl><Polygon><extrude>0</extrude><tessellate>1</tessellate><altitudeMode>clampToGround</altitudeMode><outerBoundaryIs><LinearRing><coordinates>133.91005798,-3.10685400,0 133.90959161,-3.10614968,0 133.90884921,-3.10643521,0 133.91005798,-3.10685400,0</coordinates></LinearRing></outerBoundaryIs></Polygon></Placemark><Placemark><name>Province Papua Barat - Bagian 0425</name><visibility>1</visibility><styleUrl>#papua-barat-google-earth</styleUrl><Polygon><extrude>0</extrude><tessellate>1</tessellate><altitudeMode>clampToGround</altitudeMode><outerBoundaryIs><LinearRing><coordinates>132.52951773,-2.68200276,0 132.52987109,-2.68148248,0 132.52907894,-2.68079246,0 132.52951773,-2.68200276,0</coordinates></LinearRing></outerBoundaryIs></Polygon></Placemark><Placemark><name>Province Papua Barat - Bagian 0426</name><visibility>1</visibility><styleUrl>#papua-barat-google-earth</styleUrl><Polygon><extrude>0</extrude><tessellate>1</tessellate><altitudeMode>clampToGround</altitudeMode><outerBoundaryIs><LinearRing><coordinates>132.66215054,-2.75383314,0 132.66159343,-2.75424057,0 132.66230052,-2.75489519,0 132.66215054,-2.75383314,0</coordinates></LinearRing></outerBoundaryIs></Polygon></Placemark><Placemark><name>Province Papua Barat - Bagian 0427</name><visibility>1</visibility><styleUrl>#papua-barat-google-earth</styleUrl><Polygon><extrude>0</extrude><tessellate>1</tessellate><altitudeMode>clampToGround</altitudeMode><outerBoundaryIs><LinearRing><coordinates>132.42852632,-2.67587643,0 132.42912398,-2.67578909,0 132.42881296,-2.67475184,0 132.42852632,-2.67587643,0</coordinates></LinearRing></outerBoundaryIs></Polygon></Placemark><Placemark><name>Province Papua Barat - Bagian 0428</name><visibility>1</visibility><styleUrl>#papua-barat-google-earth</styleUrl><Polygon><extrude>0</extrude><tessellate>1</tessellate><altitudeMode>clampToGround</altitudeMode><outerBoundaryIs><LinearRing><coordinates>132.04919955,-2.78070630,0 132.04855605,-2.78169264,0 132.04890368,-2.78214156,0 132.04919955,-2.78070630,0</coordinates></LinearRing></outerBoundaryIs></Polygon></Placemark><Placemark><name>Province Papua Barat - Bagian 0429</name><visibility>1</visibility><styleUrl>#papua-barat-google-earth</styleUrl><Polygon><extrude>0</extrude><tessellate>1</tessellate><altitudeMode>clampToGround</altitudeMode><outerBoundaryIs><LinearRing><coordinates>134.22441732,-4.00073728,0 134.22457453,-4.00151518,0 134.22507914,-4.00000910,0 134.22441732,-4.00073728,0</coordinates></LinearRing></outerBoundaryIs></Polygon></Placemark><Placemark><name>Province Papua Barat - Bagian 0430</name><visibility>1</visibility><styleUrl>#papua-barat-google-earth</styleUrl><Polygon><extrude>0</extrude><tessellate>1</tessellate><altitudeMode>clampToGround</altitudeMode><outerBoundaryIs><LinearRing><coordinates>132.12057246,-2.94111627,0 132.12052862,-2.94177701,0 132.12147716,-2.94172224,0 132.12057246,-2.94111627,0</coordinates></LinearRing></outerBoundaryIs></Polygon></Placemark><Placemark><name>Province Papua Barat - Bagian 0431</name><visibility>1</visibility><styleUrl>#papua-barat-google-earth</styleUrl><Polygon><extrude>0</extrude><tessellate>1</tessellate><altitudeMode>clampToGround</altitudeMode><outerBoundaryIs><LinearRing><coordinates>133.53777389,-3.42058476,0 133.53807097,-3.41974229,0 133.53729051,-3.41986126,0 133.53777389,-3.42058476,0</coordinates></LinearRing></outerBoundaryIs></Polygon></Placemark><Placemark><name>Province Papua Barat - Bagian 0432</name><visibility>1</visibility><styleUrl>#papua-barat-google-earth</styleUrl><Polygon><extrude>0</extrude><tessellate>1</tessellate><altitudeMode>clampToGround</altitudeMode><outerBoundaryIs><LinearRing><coordinates>132.49232946,-2.70762777,0 132.49250373,-2.70895668,0 132.49294821,-2.70878513,0 132.49232946,-2.70762777,0</coordinates></LinearRing></outerBoundaryIs></Polygon></Placemark><Placemark><name>Province Papua Barat - Bagian 0433</name><visibility>1</visibility><styleUrl>#papua-barat-google-earth</styleUrl><Polygon><extrude>0</extrude><tessellate>1</tessellate><altitudeMode>clampToGround</altitudeMode><outerBoundaryIs><LinearRing><coordinates>134.14661381,-2.04464599,0 134.14580936,-2.04437321,0 134.14571416,-2.04511019,0 134.14661381,-2.04464599,0</coordinates></LinearRing></outerBoundaryIs></Polygon></Placemark><Placemark><name>Province Papua Barat - Bagian 0434</name><visibility>1</visibility><styleUrl>#papua-barat-google-earth</styleUrl><Polygon><extrude>0</extrude><tessellate>1</tessellate><altitudeMode>clampToGround</altitudeMode><outerBoundaryIs><LinearRing><coordinates>132.55636372,-2.65879981,0 132.55686221,-2.66025153,0 132.55711387,-2.65975260,0 132.55636372,-2.65879981,0</coordinates></LinearRing></outerBoundaryIs></Polygon></Placemark><Placemark><name>Province Papua Barat - Bagian 0435</name><visibility>1</visibility><styleUrl>#papua-barat-google-earth</styleUrl><Polygon><extrude>0</extrude><tessellate>1</tessellate><altitudeMode>clampToGround</altitudeMode><outerBoundaryIs><LinearRing><coordinates>132.14820445,-2.93060397,0 132.14882539,-2.93027082,0 132.14811600,-2.92967044,0 132.14820445,-2.93060397,0</coordinates></LinearRing></outerBoundaryIs></Polygon></Placemark><Placemark><name>Province Papua Barat - Bagian 0436</name><visibility>1</visibility><styleUrl>#papua-barat-google-earth</styleUrl><Polygon><extrude>0</extrude><tessellate>1</tessellate><altitudeMode>clampToGround</altitudeMode><outerBoundaryIs><LinearRing><coordinates>134.13317583,-3.86353680,0 134.13226298,-3.86334816,0 134.13239108,-3.86404010,0 134.13317583,-3.86353680,0</coordinates></LinearRing></outerBoundaryIs></Polygon></Placemark><Placemark><name>Province Papua Barat - Bagian 0437</name><visibility>1</visibility><styleUrl>#papua-barat-google-earth</styleUrl><Polygon><extrude>0</extrude><tessellate>1</tessellate><altitudeMode>clampToGround</altitudeMode><outerBoundaryIs><LinearRing><coordinates>132.55155269,-3.17240053,0 132.55081213,-3.17228121,0 132.55097392,-3.17312408,0 132.55155269,-3.17240053,0</coordinates></LinearRing></outerBoundaryIs></Polygon></Placemark><Placemark><name>Province Papua Barat - Bagian 0438</name><visibility>1</visibility><styleUrl>#papua-barat-google-earth</styleUrl><Polygon><extrude>0</extrude><tessellate>1</tessellate><altitudeMode>clampToGround</altitudeMode><outerBoundaryIs><LinearRing><coordinates>133.94636667,-3.84832622,0 133.94707152,-3.85012911,0 133.94730400,-3.84987287,0 133.94636667,-3.84832622,0</coordinates></LinearRing></outerBoundaryIs></Polygon></Placemark><Placemark><name>Province Papua Barat - Bagian 0439</name><visibility>1</visibility><styleUrl>#papua-barat-google-earth</styleUrl><Polygon><extrude>0</extrude><tessellate>1</tessellate><altitudeMode>clampToGround</altitudeMode><outerBoundaryIs><LinearRing><coordinates>134.02394001,-3.84566511,0 134.02301078,-3.84563098,0 134.02325881,-3.84628537,0 134.02394001,-3.84566511,0</coordinates></LinearRing></outerBoundaryIs></Polygon></Placemark><Placemark><name>Province Papua Barat - Bagian 0440</name><visibility>1</visibility><styleUrl>#papua-barat-google-earth</styleUrl><Polygon><extrude>0</extrude><tessellate>1</tessellate><altitudeMode>clampToGround</altitudeMode><outerBoundaryIs><LinearRing><coordinates>134.37127532,-3.97301901,0 134.37094814,-3.97263234,0 134.37013317,-3.97348895,0 134.37127532,-3.97301901,0</coordinates></LinearRing></outerBoundaryIs></Polygon></Placemark><Placemark><name>Province Papua Barat - Bagian 0441</name><visibility>1</visibility><styleUrl>#papua-barat-google-earth</styleUrl><Polygon><extrude>0</extrude><tessellate>1</tessellate><altitudeMode>clampToGround</altitudeMode><outerBoundaryIs><LinearRing><coordinates>132.43907814,-2.67997429,0 132.43930486,-2.67916802,0 132.43863543,-2.67895394,0 132.43907814,-2.67997429,0</coordinates></LinearRing></outerBoundaryIs></Polygon></Placemark><Placemark><name>Province Papua Barat - Bagian 0442</name><visibility>1</visibility><styleUrl>#papua-barat-google-earth</styleUrl><Polygon><extrude>0</extrude><tessellate>1</tessellate><altitudeMode>clampToGround</altitudeMode><outerBoundaryIs><LinearRing><coordinates>132.48538653,-2.62886742,0 132.48599367,-2.62951112,0 132.48615606,-2.62871601,0 132.48538653,-2.62886742,0</coordinates></LinearRing></outerBoundaryIs></Polygon></Placemark><Placemark><name>Province Papua Barat - Bagian 0443</name><visibility>1</visibility><styleUrl>#papua-barat-google-earth</styleUrl><Polygon><extrude>0</extrude><tessellate>1</tessellate><altitudeMode>clampToGround</altitudeMode><outerBoundaryIs><LinearRing><coordinates>132.10250585,-2.73612251,0 132.10057196,-2.73692907,0 132.10167256,-2.73677270,0 132.10250585,-2.73612251,0</coordinates></LinearRing></outerBoundaryIs></Polygon></Placemark><Placemark><name>Province Papua Barat - Bagian 0444</name><visibility>1</visibility><styleUrl>#papua-barat-google-earth</styleUrl><Polygon><extrude>0</extrude><tessellate>1</tessellate><altitudeMode>clampToGround</altitudeMode><outerBoundaryIs><LinearRing><coordinates>131.98736491,-2.91530353,0 131.98963517,-2.91433488,0 131.98939722,-2.91418022,0 131.98736491,-2.91530353,0</coordinates></LinearRing></outerBoundaryIs></Polygon></Placemark><Placemark><name>Province Papua Barat - Bagian 0445</name><visibility>1</visibility><styleUrl>#papua-barat-google-earth</styleUrl><Polygon><extrude>0</extrude><tessellate>1</tessellate><altitudeMode>clampToGround</altitudeMode><outerBoundaryIs><LinearRing><coordinates>132.50546148,-2.66901201,0 132.50571019,-2.66840905,0 132.50497416,-2.66786095,0 132.50546148,-2.66901201,0</coordinates></LinearRing></outerBoundaryIs></Polygon></Placemark><Placemark><name>Province Papua Barat - Bagian 0446</name><visibility>1</visibility><styleUrl>#papua-barat-google-earth</styleUrl><Polygon><extrude>0</extrude><tessellate>1</tessellate><altitudeMode>clampToGround</altitudeMode><outerBoundaryIs><LinearRing><coordinates>132.54857358,-2.68640912,0 132.54896426,-2.68565339,0 132.54837146,-2.68531869,0 132.54857358,-2.68640912,0</coordinates></LinearRing></outerBoundaryIs></Polygon></Placemark><Placemark><name>Province Papua Barat - Bagian 0447</name><visibility>1</visibility><styleUrl>#papua-barat-google-earth</styleUrl><Polygon><extrude>0</extrude><tessellate>1</tessellate><altitudeMode>clampToGround</altitudeMode><outerBoundaryIs><LinearRing><coordinates>134.00492129,-3.84954443,0 134.00467383,-3.85040104,0 134.00533056,-3.85046291,0 134.00492129,-3.84954443,0</coordinates></LinearRing></outerBoundaryIs></Polygon></Placemark><Placemark><name>Province Papua Barat - Bagian 0448</name><visibility>1</visibility><styleUrl>#papua-barat-google-earth</styleUrl><Polygon><extrude>0</extrude><tessellate>1</tessellate><altitudeMode>clampToGround</altitudeMode><outerBoundaryIs><LinearRing><coordinates>133.80666758,-2.31737683,0 133.80493533,-2.31801452,0 133.80522087,-2.31824295,0 133.80666758,-2.31737683,0</coordinates></LinearRing></outerBoundaryIs></Polygon></Placemark><Placemark><name>Province Papua Barat - Bagian 0449</name><visibility>1</visibility><styleUrl>#papua-barat-google-earth</styleUrl><Polygon><extrude>0</extrude><tessellate>1</tessellate><altitudeMode>clampToGround</altitudeMode><outerBoundaryIs><LinearRing><coordinates>132.54699596,-3.13958514,0 132.54703938,-3.13844348,0 132.54652655,-3.13865689,0 132.54699596,-3.13958514,0</coordinates></LinearRing></outerBoundaryIs></Polygon></Placemark><Placemark><name>Province Papua Barat - Bagian 0450</name><visibility>1</visibility><styleUrl>#papua-barat-google-earth</styleUrl><Polygon><extrude>0</extrude><tessellate>1</tessellate><altitudeMode>clampToGround</altitudeMode><outerBoundaryIs><LinearRing><coordinates>132.43100580,-2.61988409,0 132.43084926,-2.62087790,0 132.43141844,-2.62093152,0 132.43100580,-2.61988409,0</coordinates></LinearRing></outerBoundaryIs></Polygon></Placemark><Placemark><name>Province Papua Barat - Bagian 0451</name><visibility>1</visibility><styleUrl>#papua-barat-google-earth</styleUrl><Polygon><extrude>0</extrude><tessellate>1</tessellate><altitudeMode>clampToGround</altitudeMode><outerBoundaryIs><LinearRing><coordinates>132.80044139,-3.26563122,0 132.79970973,-3.26511674,0 132.79949832,-3.26574984,0 132.80044139,-3.26563122,0</coordinates></LinearRing></outerBoundaryIs></Polygon></Placemark><Placemark><name>Province Papua Barat - Bagian 0452</name><visibility>1</visibility><styleUrl>#papua-barat-google-earth</styleUrl><Polygon><extrude>0</extrude><tessellate>1</tessellate><altitudeMode>clampToGround</altitudeMode><outerBoundaryIs><LinearRing><coordinates>132.62524014,-2.72068750,0 132.62472164,-2.72088304,0 132.62517909,-2.72180375,0 132.62524014,-2.72068750,0</coordinates></LinearRing></outerBoundaryIs></Polygon></Placemark><Placemark><name>Province Papua Barat - Bagian 0453</name><visibility>1</visibility><styleUrl>#papua-barat-google-earth</styleUrl><Polygon><extrude>0</extrude><tessellate>1</tessellate><altitudeMode>clampToGround</altitudeMode><outerBoundaryIs><LinearRing><coordinates>132.45565927,-2.63565965,0 132.45519423,-2.63639244,0 132.45572212,-2.63677813,0 132.45565927,-2.63565965,0</coordinates></LinearRing></outerBoundaryIs></Polygon></Placemark><Placemark><name>Province Papua Barat - Bagian 0454</name><visibility>1</visibility><styleUrl>#papua-barat-google-earth</styleUrl><Polygon><extrude>0</extrude><tessellate>1</tessellate><altitudeMode>clampToGround</altitudeMode><outerBoundaryIs><LinearRing><coordinates>132.54985033,-2.67915377,0 132.54959128,-2.67949867,0 132.55058872,-2.68034817,0 132.54985033,-2.67915377,0</coordinates></LinearRing></outerBoundaryIs></Polygon></Placemark><Placemark><name>Province Papua Barat - Bagian 0455</name><visibility>1</visibility><styleUrl>#papua-barat-google-earth</styleUrl><Polygon><extrude>0</extrude><tessellate>1</tessellate><altitudeMode>clampToGround</altitudeMode><outerBoundaryIs><LinearRing><coordinates>132.45812671,-2.61908880,0 132.45918174,-2.61958918,0 132.45931307,-2.61911744,0 132.45812671,-2.61908880,0</coordinates></LinearRing></outerBoundaryIs></Polygon></Placemark><Placemark><name>Province Papua Barat - Bagian 0456</name><visibility>1</visibility><styleUrl>#papua-barat-google-earth</styleUrl><Polygon><extrude>0</extrude><tessellate>1</tessellate><altitudeMode>clampToGround</altitudeMode><outerBoundaryIs><LinearRing><coordinates>132.44677052,-2.62608997,0 132.44742146,-2.62655457,0 132.44747527,-2.62573303,0 132.44677052,-2.62608997,0</coordinates></LinearRing></outerBoundaryIs></Polygon></Placemark><Placemark><name>Province Papua Barat - Bagian 0457</name><visibility>1</visibility><styleUrl>#papua-barat-google-earth</styleUrl><Polygon><extrude>0</extrude><tessellate>1</tessellate><altitudeMode>clampToGround</altitudeMode><outerBoundaryIs><LinearRing><coordinates>133.94930359,-2.06513004,0 133.94971405,-2.06426749,0 133.94902996,-2.06434482,0 133.94930359,-2.06513004,0</coordinates></LinearRing></outerBoundaryIs></Polygon></Placemark><Placemark><name>Province Papua Barat - Bagian 0458</name><visibility>1</visibility><styleUrl>#papua-barat-google-earth</styleUrl><Polygon><extrude>0</extrude><tessellate>1</tessellate><altitudeMode>clampToGround</altitudeMode><outerBoundaryIs><LinearRing><coordinates>133.98124055,-3.83205691,0 133.98026895,-3.83217168,0 133.98017231,-3.83275763,0 133.98124055,-3.83205691,0</coordinates></LinearRing></outerBoundaryIs></Polygon></Placemark><Placemark><name>Province Papua Barat - Bagian 0459</name><visibility>1</visibility><styleUrl>#papua-barat-google-earth</styleUrl><Polygon><extrude>0</extrude><tessellate>1</tessellate><altitudeMode>clampToGround</altitudeMode><outerBoundaryIs><LinearRing><coordinates>132.82896548,-3.96631989,0 132.82981614,-3.96849115,0 132.82995296,-3.96818776,0 132.82896548,-3.96631989,0</coordinates></LinearRing></outerBoundaryIs></Polygon></Placemark><Placemark><name>Province Papua Barat - Bagian 0460</name><visibility>1</visibility><styleUrl>#papua-barat-google-earth</styleUrl><Polygon><extrude>0</extrude><tessellate>1</tessellate><altitudeMode>clampToGround</altitudeMode><outerBoundaryIs><LinearRing><coordinates>134.46057230,-4.01944074,0 134.46000480,-4.01985120,0 134.46095777,-4.02013673,0 134.46057230,-4.01944074,0</coordinates></LinearRing></outerBoundaryIs></Polygon></Placemark><Placemark><name>Province Papua Barat - Bagian 0461</name><visibility>1</visibility><styleUrl>#papua-barat-google-earth</styleUrl><Polygon><extrude>0</extrude><tessellate>1</tessellate><altitudeMode>clampToGround</altitudeMode><outerBoundaryIs><LinearRing><coordinates>132.00695632,-2.77827937,0 132.00621725,-2.77863858,0 132.00671697,-2.77914323,0 132.00695632,-2.77827937,0</coordinates></LinearRing></outerBoundaryIs></Polygon></Placemark><Placemark><name>Province Papua Barat - Bagian 0462</name><visibility>1</visibility><styleUrl>#papua-barat-google-earth</styleUrl><Polygon><extrude>0</extrude><tessellate>1</tessellate><altitudeMode>clampToGround</altitudeMode><outerBoundaryIs><LinearRing><coordinates>131.63184983,-2.67574763,0 131.63199756,-2.67621873,0 131.63282554,-2.67512160,0 131.63184983,-2.67574763,0</coordinates></LinearRing></outerBoundaryIs></Polygon></Placemark><Placemark><name>Province Papua Barat - Bagian 0463</name><visibility>1</visibility><styleUrl>#papua-barat-google-earth</styleUrl><Polygon><extrude>0</extrude><tessellate>1</tessellate><altitudeMode>clampToGround</altitudeMode><outerBoundaryIs><LinearRing><coordinates>132.56591807,-2.68773728,0 132.56649390,-2.68714193,0 132.56599760,-2.68669853,0 132.56591807,-2.68773728,0</coordinates></LinearRing></outerBoundaryIs></Polygon></Placemark><Placemark><name>Province Papua Barat - Bagian 0464</name><visibility>1</visibility><styleUrl>#papua-barat-google-earth</styleUrl><Polygon><extrude>0</extrude><tessellate>1</tessellate><altitudeMode>clampToGround</altitudeMode><outerBoundaryIs><LinearRing><coordinates>134.52516277,-2.40995166,0 134.52535312,-2.40957094,0 134.52413960,-2.40910695,0 134.52516277,-2.40995166,0</coordinates></LinearRing></outerBoundaryIs></Polygon></Placemark><Placemark><name>Province Papua Barat - Bagian 0465</name><visibility>1</visibility><styleUrl>#papua-barat-google-earth</styleUrl><Polygon><extrude>0</extrude><tessellate>1</tessellate><altitudeMode>clampToGround</altitudeMode><outerBoundaryIs><LinearRing><coordinates>132.80363153,-3.93957731,0 132.80270724,-3.93832178,0 132.80260974,-3.93878390,0 132.80363153,-3.93957731,0</coordinates></LinearRing></outerBoundaryIs></Polygon></Placemark><Placemark><name>Province Papua Barat - Bagian 0466</name><visibility>1</visibility><styleUrl>#papua-barat-google-earth</styleUrl><Polygon><extrude>0</extrude><tessellate>1</tessellate><altitudeMode>clampToGround</altitudeMode><outerBoundaryIs><LinearRing><coordinates>134.37554580,-2.50468216,0 134.37458212,-2.50452511,0 134.37454643,-2.50508904,0 134.37554580,-2.50468216,0</coordinates></LinearRing></outerBoundaryIs></Polygon></Placemark><Placemark><name>Province Papua Barat - Bagian 0467</name><visibility>1</visibility><styleUrl>#papua-barat-google-earth</styleUrl><Polygon><extrude>0</extrude><tessellate>1</tessellate><altitudeMode>clampToGround</altitudeMode><outerBoundaryIs><LinearRing><coordinates>134.22767074,-2.40312588,0 134.22755772,-2.40433940,0 134.22805741,-2.40375644,0 134.22767074,-2.40312588,0</coordinates></LinearRing></outerBoundaryIs></Polygon></Placemark><Placemark><name>Province Papua Barat - Bagian 0468</name><visibility>1</visibility><styleUrl>#papua-barat-google-earth</styleUrl><Polygon><extrude>0</extrude><tessellate>1</tessellate><altitudeMode>clampToGround</altitudeMode><outerBoundaryIs><LinearRing><coordinates>134.15950146,-4.01447678,0 134.15925239,-4.01374796,0 134.15866228,-4.01416008,0 134.15950146,-4.01447678,0</coordinates></LinearRing></outerBoundaryIs></Polygon></Placemark><Placemark><name>Province Papua Barat - Bagian 0469</name><visibility>1</visibility><styleUrl>#papua-barat-google-earth</styleUrl><Polygon><extrude>0</extrude><tessellate>1</tessellate><altitudeMode>clampToGround</altitudeMode><outerBoundaryIs><LinearRing><coordinates>133.99346415,-3.82436833,0 133.99366721,-3.82363813,0 133.99295495,-3.82358786,0 133.99346415,-3.82436833,0</coordinates></LinearRing></outerBoundaryIs></Polygon></Placemark><Placemark><name>Province Papua Barat - Bagian 0470</name><visibility>1</visibility><styleUrl>#papua-barat-google-earth</styleUrl><Polygon><extrude>0</extrude><tessellate>1</tessellate><altitudeMode>clampToGround</altitudeMode><outerBoundaryIs><LinearRing><coordinates>132.82561186,-3.33190486,0 132.82549745,-3.33041892,0 132.82519195,-3.33107840,0 132.82561186,-3.33190486,0</coordinates></LinearRing></outerBoundaryIs></Polygon></Placemark><Placemark><name>Province Papua Barat - Bagian 0471</name><visibility>1</visibility><styleUrl>#papua-barat-google-earth</styleUrl><Polygon><extrude>0</extrude><tessellate>1</tessellate><altitudeMode>clampToGround</altitudeMode><outerBoundaryIs><LinearRing><coordinates>134.01164223,-3.80643046,0 134.01213716,-3.80602310,0 134.01150952,-3.80547770,0 134.01164223,-3.80643046,0</coordinates></LinearRing></outerBoundaryIs></Polygon></Placemark><Placemark><name>Province Papua Barat - Bagian 0472</name><visibility>1</visibility><styleUrl>#papua-barat-google-earth</styleUrl><Polygon><extrude>0</extrude><tessellate>1</tessellate><altitudeMode>clampToGround</altitudeMode><outerBoundaryIs><LinearRing><coordinates>134.32716653,-4.00770047,0 134.32677861,-4.00785143,0 134.32753234,-4.00891122,0 134.32716653,-4.00770047,0</coordinates></LinearRing></outerBoundaryIs></Polygon></Placemark><Placemark><name>Province Papua Barat - Bagian 0473</name><visibility>1</visibility><styleUrl>#papua-barat-google-earth</styleUrl><Polygon><extrude>0</extrude><tessellate>1</tessellate><altitudeMode>clampToGround</altitudeMode><outerBoundaryIs><LinearRing><coordinates>134.15649238,-2.00498633,0 134.15572928,-2.00469049,0 134.15562454,-2.00533734,0 134.15649238,-2.00498633,0</coordinates></LinearRing></outerBoundaryIs></Polygon></Placemark><Placemark><name>Province Papua Barat - Bagian 0474</name><visibility>1</visibility><styleUrl>#papua-barat-google-earth</styleUrl><Polygon><extrude>0</extrude><tessellate>1</tessellate><altitudeMode>clampToGround</altitudeMode><outerBoundaryIs><LinearRing><coordinates>133.57263931,-3.59567711,0 133.57315070,-3.59581512,0 133.57351362,-3.59489302,0 133.57263931,-3.59567711,0</coordinates></LinearRing></outerBoundaryIs></Polygon></Placemark><Placemark><name>Province Papua Barat - Bagian 0475</name><visibility>1</visibility><styleUrl>#papua-barat-google-earth</styleUrl><Polygon><extrude>0</extrude><tessellate>1</tessellate><altitudeMode>clampToGround</altitudeMode><outerBoundaryIs><LinearRing><coordinates>134.03585163,-3.90652951,0 134.03513303,-3.90645813,0 134.03540905,-3.90721004,0 134.03585163,-3.90652951,0</coordinates></LinearRing></outerBoundaryIs></Polygon></Placemark><Placemark><name>Province Papua Barat - Bagian 0476</name><visibility>1</visibility><styleUrl>#papua-barat-google-earth</styleUrl><Polygon><extrude>0</extrude><tessellate>1</tessellate><altitudeMode>clampToGround</altitudeMode><outerBoundaryIs><LinearRing><coordinates>134.32148935,-3.96377282,0 134.32313118,-3.96387989,0 134.32303124,-3.96355867,0 134.32148935,-3.96377282,0</coordinates></LinearRing></outerBoundaryIs></Polygon></Placemark><Placemark><name>Province Papua Barat - Bagian 0477</name><visibility>1</visibility><styleUrl>#papua-barat-google-earth</styleUrl><Polygon><extrude>0</extrude><tessellate>1</tessellate><altitudeMode>clampToGround</altitudeMode><outerBoundaryIs><LinearRing><coordinates>132.83070868,-3.95392599,0 132.83034462,-3.95391171,0 132.83058732,-3.95533582,0 132.83070868,-3.95392599,0</coordinates></LinearRing></outerBoundaryIs></Polygon></Placemark><Placemark><name>Province Papua Barat - Bagian 0478</name><visibility>1</visibility><styleUrl>#papua-barat-google-earth</styleUrl><Polygon><extrude>0</extrude><tessellate>1</tessellate><altitudeMode>clampToGround</altitudeMode><outerBoundaryIs><LinearRing><coordinates>132.79036341,-3.27958685,0 132.79004317,-3.28084528,0 132.79044392,-3.28087253,0 132.79036341,-3.27958685,0</coordinates></LinearRing></outerBoundaryIs></Polygon></Placemark><Placemark><name>Province Papua Barat - Bagian 0479</name><visibility>1</visibility><styleUrl>#papua-barat-google-earth</styleUrl><Polygon><extrude>0</extrude><tessellate>1</tessellate><altitudeMode>clampToGround</altitudeMode><outerBoundaryIs><LinearRing><coordinates>132.50913368,-2.68065160,0 132.50860557,-2.67993251,0 132.50808986,-2.68019947,0 132.50913368,-2.68065160,0</coordinates></LinearRing></outerBoundaryIs></Polygon></Placemark><Placemark><name>Province Papua Barat - Bagian 0480</name><visibility>1</visibility><styleUrl>#papua-barat-google-earth</styleUrl><Polygon><extrude>0</extrude><tessellate>1</tessellate><altitudeMode>clampToGround</altitudeMode><outerBoundaryIs><LinearRing><coordinates>132.44243898,-2.61752815,0 132.44192468,-2.61802103,0 132.44236244,-2.61859444,0 132.44243898,-2.61752815,0</coordinates></LinearRing></outerBoundaryIs></Polygon></Placemark><Placemark><name>Province Papua Barat - Bagian 0481</name><visibility>1</visibility><styleUrl>#papua-barat-google-earth</styleUrl><Polygon><extrude>0</extrude><tessellate>1</tessellate><altitudeMode>clampToGround</altitudeMode><outerBoundaryIs><LinearRing><coordinates>132.65254079,-2.73816955,0 132.65181289,-2.73830531,0 132.65232288,-2.73890712,0 132.65254079,-2.73816955,0</coordinates></LinearRing></outerBoundaryIs></Polygon></Placemark><Placemark><name>Province Papua Barat - Bagian 0482</name><visibility>1</visibility><styleUrl>#papua-barat-google-earth</styleUrl><Polygon><extrude>0</extrude><tessellate>1</tessellate><altitudeMode>clampToGround</altitudeMode><outerBoundaryIs><LinearRing><coordinates>133.91338402,-3.77304587,0 133.91294858,-3.77284242,0 133.91310563,-3.77404881,0 133.91338402,-3.77304587,0</coordinates></LinearRing></outerBoundaryIs></Polygon></Placemark><Placemark><name>Province Papua Barat - Bagian 0483</name><visibility>1</visibility><styleUrl>#papua-barat-google-earth</styleUrl><Polygon><extrude>0</extrude><tessellate>1</tessellate><altitudeMode>clampToGround</altitudeMode><outerBoundaryIs><LinearRing><coordinates>134.37705487,-3.99587346,0 134.37731822,-3.99669329,0 134.37775204,-3.99617300,0 134.37705487,-3.99587346,0</coordinates></LinearRing></outerBoundaryIs></Polygon></Placemark><Placemark><name>Province Papua Barat - Bagian 0484</name><visibility>1</visibility><styleUrl>#papua-barat-google-earth</styleUrl><Polygon><extrude>0</extrude><tessellate>1</tessellate><altitudeMode>clampToGround</altitudeMode><outerBoundaryIs><LinearRing><coordinates>132.46574514,-2.69204655,0 132.46586948,-2.69307218,0 132.46633091,-2.69292120,0 132.46574514,-2.69204655,0</coordinates></LinearRing></outerBoundaryIs></Polygon></Placemark><Placemark><name>Province Papua Barat - Bagian 0485</name><visibility>1</visibility><styleUrl>#papua-barat-google-earth</styleUrl><Polygon><extrude>0</extrude><tessellate>1</tessellate><altitudeMode>clampToGround</altitudeMode><outerBoundaryIs><LinearRing><coordinates>134.11104405,-3.90944160,0 134.11112740,-3.91019809,0 134.11171506,-3.90963671,0 134.11104405,-3.90944160,0</coordinates></LinearRing></outerBoundaryIs></Polygon></Placemark><Placemark><name>Province Papua Barat - Bagian 0486</name><visibility>1</visibility><styleUrl>#papua-barat-google-earth</styleUrl><Polygon><extrude>0</extrude><tessellate>1</tessellate><altitudeMode>clampToGround</altitudeMode><outerBoundaryIs><LinearRing><coordinates>133.96502817,-3.84884224,0 133.96438210,-3.84831710,0 133.96447027,-3.84914778,0 133.96502817,-3.84884224,0</coordinates></LinearRing></outerBoundaryIs></Polygon></Placemark><Placemark><name>Province Papua Barat - Bagian 0487</name><visibility>1</visibility><styleUrl>#papua-barat-google-earth</styleUrl><Polygon><extrude>0</extrude><tessellate>1</tessellate><altitudeMode>clampToGround</altitudeMode><outerBoundaryIs><LinearRing><coordinates>132.57081301,-3.13593254,0 132.57029774,-3.13490869,0 132.56999581,-3.13526001,0 132.57081301,-3.13593254,0</coordinates></LinearRing></outerBoundaryIs></Polygon></Placemark><Placemark><name>Province Papua Barat - Bagian 0488</name><visibility>1</visibility><styleUrl>#papua-barat-google-earth</styleUrl><Polygon><extrude>0</extrude><tessellate>1</tessellate><altitudeMode>clampToGround</altitudeMode><outerBoundaryIs><LinearRing><coordinates>134.10251757,-3.76921365,0 134.10243191,-3.76964195,0 134.10353123,-3.76984183,0 134.10251757,-3.76921365,0</coordinates></LinearRing></outerBoundaryIs></Polygon></Placemark><Placemark><name>Province Papua Barat - Bagian 0489</name><visibility>1</visibility><styleUrl>#papua-barat-google-earth</styleUrl><Polygon><extrude>0</extrude><tessellate>1</tessellate><altitudeMode>clampToGround</altitudeMode><outerBoundaryIs><LinearRing><coordinates>134.14178833,-2.00118606,0 134.14172883,-1.99931968,0 134.14147298,-1.99945727,0 134.14178833,-2.00118606,0</coordinates></LinearRing></outerBoundaryIs></Polygon></Placemark><Placemark><name>Province Papua Barat - Bagian 0490</name><visibility>1</visibility><styleUrl>#papua-barat-google-earth</styleUrl><Polygon><extrude>0</extrude><tessellate>1</tessellate><altitudeMode>clampToGround</altitudeMode><outerBoundaryIs><LinearRing><coordinates>132.51922217,-2.64131858,0 132.51793232,-2.64084396,0 132.51790118,-2.64120666,0 132.51922217,-2.64131858,0</coordinates></LinearRing></outerBoundaryIs></Polygon></Placemark><Placemark><name>Province Papua Barat - Bagian 0491</name><visibility>1</visibility><styleUrl>#papua-barat-google-earth</styleUrl><Polygon><extrude>0</extrude><tessellate>1</tessellate><altitudeMode>clampToGround</altitudeMode><outerBoundaryIs><LinearRing><coordinates>134.13928792,-1.94823861,0 134.13995909,-1.94885595,0 134.14028039,-1.94843960,0 134.13928792,-1.94823861,0</coordinates></LinearRing></outerBoundaryIs></Polygon></Placemark><Placemark><name>Province Papua Barat - Bagian 0492</name><visibility>1</visibility><styleUrl>#papua-barat-google-earth</styleUrl><Polygon><extrude>0</extrude><tessellate>1</tessellate><altitudeMode>clampToGround</altitudeMode><outerBoundaryIs><LinearRing><coordinates>133.67050306,-3.21648346,0 133.67021546,-3.21640894,0 133.66992201,-3.21798424,0 133.67050306,-3.21648346,0</coordinates></LinearRing></outerBoundaryIs></Polygon></Placemark><Placemark><name>Province Papua Barat - Bagian 0493</name><visibility>1</visibility><styleUrl>#papua-barat-google-earth</styleUrl><Polygon><extrude>0</extrude><tessellate>1</tessellate><altitudeMode>clampToGround</altitudeMode><outerBoundaryIs><LinearRing><coordinates>132.55053544,-2.68551841,0 132.55031880,-2.68487063,0 132.54967192,-2.68512778,0 132.55053544,-2.68551841,0</coordinates></LinearRing></outerBoundaryIs></Polygon></Placemark><Placemark><name>Province Papua Barat - Bagian 0494</name><visibility>1</visibility><styleUrl>#papua-barat-google-earth</styleUrl><Polygon><extrude>0</extrude><tessellate>1</tessellate><altitudeMode>clampToGround</altitudeMode><outerBoundaryIs><LinearRing><coordinates>132.80551041,-3.88399606,0 132.80615015,-3.88403307,0 132.80626647,-3.88329817,0 132.80551041,-3.88399606,0</coordinates></LinearRing></outerBoundaryIs></Polygon></Placemark><Placemark><name>Province Papua Barat - Bagian 0495</name><visibility>1</visibility><styleUrl>#papua-barat-google-earth</styleUrl><Polygon><extrude>0</extrude><tessellate>1</tessellate><altitudeMode>clampToGround</altitudeMode><outerBoundaryIs><LinearRing><coordinates>132.56481730,-2.65001063,0 132.56468420,-2.64903244,0 132.56429441,-2.64971623,0 132.56481730,-2.65001063,0</coordinates></LinearRing></outerBoundaryIs></Polygon></Placemark><Placemark><name>Province Papua Barat - Bagian 0496</name><visibility>1</visibility><styleUrl>#papua-barat-google-earth</styleUrl><Polygon><extrude>0</extrude><tessellate>1</tessellate><altitudeMode>clampToGround</altitudeMode><outerBoundaryIs><LinearRing><coordinates>132.59909280,-2.70129419,0 132.59867437,-2.70156843,0 132.59917695,-2.70236335,0 132.59909280,-2.70129419,0</coordinates></LinearRing></outerBoundaryIs></Polygon></Placemark><Placemark><name>Province Papua Barat - Bagian 0497</name><visibility>1</visibility><styleUrl>#papua-barat-google-earth</styleUrl><Polygon><extrude>0</extrude><tessellate>1</tessellate><altitudeMode>clampToGround</altitudeMode><outerBoundaryIs><LinearRing><coordinates>132.83816072,-3.92052549,0 132.83848194,-3.92060282,0 132.83849979,-3.91915730,0 132.83816072,-3.92052549,0</coordinates></LinearRing></outerBoundaryIs></Polygon></Placemark><Placemark><name>Province Papua Barat - Bagian 0498</name><visibility>1</visibility><styleUrl>#papua-barat-google-earth</styleUrl><Polygon><extrude>0</extrude><tessellate>1</tessellate><altitudeMode>clampToGround</altitudeMode><outerBoundaryIs><LinearRing><coordinates>132.14619406,-2.93171760,0 132.14677386,-2.93158949,0 132.14616978,-2.93092362,0 132.14619406,-2.93171760,0</coordinates></LinearRing></outerBoundaryIs></Polygon></Placemark><Placemark><name>Province Papua Barat - Bagian 0499</name><visibility>1</visibility><styleUrl>#papua-barat-google-earth</styleUrl><Polygon><extrude>0</extrude><tessellate>1</tessellate><altitudeMode>clampToGround</altitudeMode><outerBoundaryIs><LinearRing><coordinates>134.09240718,-3.91480511,0 134.09216437,-3.91435073,0 134.09160396,-3.91520991,0 134.09240718,-3.91480511,0</coordinates></LinearRing></outerBoundaryIs></Polygon></Placemark><Placemark><name>Province Papua Barat - Bagian 0500</name><visibility>1</visibility><styleUrl>#papua-barat-google-earth</styleUrl><Polygon><extrude>0</extrude><tessellate>1</tessellate><altitudeMode>clampToGround</altitudeMode><outerBoundaryIs><LinearRing><coordinates>132.54889339,-2.67887417,0 132.54926187,-2.67851916,0 132.54876431,-2.67774994,0 132.54889339,-2.67887417,0</coordinates></LinearRing></outerBoundaryIs></Polygon></Placemark><Placemark><name>Province Papua Barat - Bagian 0501</name><visibility>1</visibility><styleUrl>#papua-barat-google-earth</styleUrl><Polygon><extrude>0</extrude><tessellate>1</tessellate><altitudeMode>clampToGround</altitudeMode><outerBoundaryIs><LinearRing><coordinates>132.44163134,-2.62525743,0 132.44154721,-2.62602646,0 132.44216036,-2.62583105,0 132.44163134,-2.62525743,0</coordinates></LinearRing></outerBoundaryIs></Polygon></Placemark><Placemark><name>Province Papua Barat - Bagian 0502</name><visibility>1</visibility><styleUrl>#papua-barat-google-earth</styleUrl><Polygon><extrude>0</extrude><tessellate>1</tessellate><altitudeMode>clampToGround</altitudeMode><outerBoundaryIs><LinearRing><coordinates>134.36567712,-4.02631230,0 134.36476929,-4.02662396,0 134.36568406,-4.02680844,0 134.36567712,-4.02631230,0</coordinates></LinearRing></outerBoundaryIs></Polygon></Placemark><Placemark><name>Province Papua Barat - Bagian 0503</name><visibility>1</visibility><styleUrl>#papua-barat-google-earth</styleUrl><Polygon><extrude>0</extrude><tessellate>1</tessellate><altitudeMode>clampToGround</altitudeMode><outerBoundaryIs><LinearRing><coordinates>133.97168684,-3.85214641,0 133.97208373,-3.85153822,0 133.97139273,-3.85145827,0 133.97168684,-3.85214641,0</coordinates></LinearRing></outerBoundaryIs></Polygon></Placemark><Placemark><name>Province Papua Barat - Bagian 0504</name><visibility>1</visibility><styleUrl>#papua-barat-google-earth</styleUrl><Polygon><extrude>0</extrude><tessellate>1</tessellate><altitudeMode>clampToGround</altitudeMode><outerBoundaryIs><LinearRing><coordinates>132.43930748,-2.62966980,0 132.43904023,-2.63072689,0 132.43945735,-2.63076271,0 132.43930748,-2.62966980,0</coordinates></LinearRing></outerBoundaryIs></Polygon></Placemark><Placemark><name>Province Papua Barat - Bagian 0505</name><visibility>1</visibility><styleUrl>#papua-barat-google-earth</styleUrl><Polygon><extrude>0</extrude><tessellate>1</tessellate><altitudeMode>clampToGround</altitudeMode><outerBoundaryIs><LinearRing><coordinates>132.40383794,-2.68305914,0 132.40498082,-2.68435246,0 132.40509563,-2.68408832,0 132.40383794,-2.68305914,0</coordinates></LinearRing></outerBoundaryIs></Polygon></Placemark><Placemark><name>Province Papua Barat - Bagian 0506</name><visibility>1</visibility><styleUrl>#papua-barat-google-earth</styleUrl><Polygon><extrude>0</extrude><tessellate>1</tessellate><altitudeMode>clampToGround</altitudeMode><outerBoundaryIs><LinearRing><coordinates>134.18620985,-4.02372855,0 134.18666014,-4.02320303,0 134.18597334,-4.02301189,0 134.18620985,-4.02372855,0</coordinates></LinearRing></outerBoundaryIs></Polygon></Placemark><Placemark><name>Province Papua Barat - Bagian 0507</name><visibility>1</visibility><styleUrl>#papua-barat-google-earth</styleUrl><Polygon><extrude>0</extrude><tessellate>1</tessellate><altitudeMode>clampToGround</altitudeMode><outerBoundaryIs><LinearRing><coordinates>133.85005812,-3.64612486,0 133.84944838,-3.64602374,0 133.84946623,-3.64675839,0 133.85005812,-3.64612486,0</coordinates></LinearRing></outerBoundaryIs></Polygon></Placemark><Placemark><name>Province Papua Barat - Bagian 0508</name><visibility>1</visibility><styleUrl>#papua-barat-google-earth</styleUrl><Polygon><extrude>0</extrude><tessellate>1</tessellate><altitudeMode>clampToGround</altitudeMode><outerBoundaryIs><LinearRing><coordinates>134.36178135,-4.02880093,0 134.36081526,-4.02873770,0 134.36084783,-4.02919710,0 134.36178135,-4.02880093,0</coordinates></LinearRing></outerBoundaryIs></Polygon></Placemark><Placemark><name>Province Papua Barat - Bagian 0509</name><visibility>1</visibility><styleUrl>#papua-barat-google-earth</styleUrl><Polygon><extrude>0</extrude><tessellate>1</tessellate><altitudeMode>clampToGround</altitudeMode><outerBoundaryIs><LinearRing><coordinates>132.19715276,-2.65203467,0 132.19672116,-2.65201752,0 132.19669363,-2.65303793,0 132.19715276,-2.65203467,0</coordinates></LinearRing></outerBoundaryIs></Polygon></Placemark><Placemark><name>Province Papua Barat - Bagian 0510</name><visibility>1</visibility><styleUrl>#papua-barat-google-earth</styleUrl><Polygon><extrude>0</extrude><tessellate>1</tessellate><altitudeMode>clampToGround</altitudeMode><outerBoundaryIs><LinearRing><coordinates>133.90352769,-3.69926534,0 133.90412407,-3.69920069,0 133.90392722,-3.69848569,0 133.90352769,-3.69926534,0</coordinates></LinearRing></outerBoundaryIs></Polygon></Placemark><Placemark><name>Province Papua Barat - Bagian 0511</name><visibility>1</visibility><styleUrl>#papua-barat-google-earth</styleUrl><Polygon><extrude>0</extrude><tessellate>1</tessellate><altitudeMode>clampToGround</altitudeMode><outerBoundaryIs><LinearRing><coordinates>132.50567359,-2.67474978,0 132.50510227,-2.67486414,0 132.50570116,-2.67550947,0 132.50567359,-2.67474978,0</coordinates></LinearRing></outerBoundaryIs></Polygon></Placemark><Placemark><name>Province Papua Barat - Bagian 0512</name><visibility>1</visibility><styleUrl>#papua-barat-google-earth</styleUrl><Polygon><extrude>0</extrude><tessellate>1</tessellate><altitudeMode>clampToGround</altitudeMode><outerBoundaryIs><LinearRing><coordinates>132.44026557,-2.61579284,0 132.44048184,-2.61629588,0 132.44126877,-2.61611831,0 132.44026557,-2.61579284,0</coordinates></LinearRing></outerBoundaryIs></Polygon></Placemark><Placemark><name>Province Papua Barat - Bagian 0513</name><visibility>1</visibility><styleUrl>#papua-barat-google-earth</styleUrl><Polygon><extrude>0</extrude><tessellate>1</tessellate><altitudeMode>clampToGround</altitudeMode><outerBoundaryIs><LinearRing><coordinates>132.32173352,-2.94312607,0 132.32205592,-2.94358263,0 132.32239988,-2.94272327,0 132.32173352,-2.94312607,0</coordinates></LinearRing></outerBoundaryIs></Polygon></Placemark><Placemark><name>Province Papua Barat - Bagian 0514</name><visibility>1</visibility><styleUrl>#papua-barat-google-earth</styleUrl><Polygon><extrude>0</extrude><tessellate>1</tessellate><altitudeMode>clampToGround</altitudeMode><outerBoundaryIs><LinearRing><coordinates>134.14651079,-1.94273738,0 134.14623946,-1.94334515,0 134.14682019,-1.94364186,0 134.14651079,-1.94273738,0</coordinates></LinearRing></outerBoundaryIs></Polygon></Placemark><Placemark><name>Province Papua Barat - Bagian 0515</name><visibility>1</visibility><styleUrl>#papua-barat-google-earth</styleUrl><Polygon><extrude>0</extrude><tessellate>1</tessellate><altitudeMode>clampToGround</altitudeMode><outerBoundaryIs><LinearRing><coordinates>132.04357095,-2.79866005,0 132.04271375,-2.79757949,0 132.04259160,-2.79792710,0 132.04357095,-2.79866005,0</coordinates></LinearRing></outerBoundaryIs></Polygon></Placemark><Placemark><name>Province Papua Barat - Bagian 0516</name><visibility>1</visibility><styleUrl>#papua-barat-google-earth</styleUrl><Polygon><extrude>0</extrude><tessellate>1</tessellate><altitudeMode>clampToGround</altitudeMode><outerBoundaryIs><LinearRing><coordinates>133.63229931,-3.45029910,0 133.63363776,-3.45113191,0 133.63378052,-3.45089991,0 133.63229931,-3.45029910,0</coordinates></LinearRing></outerBoundaryIs></Polygon></Placemark><Placemark><name>Province Papua Barat - Bagian 0517</name><visibility>1</visibility><styleUrl>#papua-barat-google-earth</styleUrl><Polygon><extrude>0</extrude><tessellate>1</tessellate><altitudeMode>clampToGround</altitudeMode><outerBoundaryIs><LinearRing><coordinates>132.04358207,-2.80313669,0 132.04362528,-2.80240970,0 132.04304437,-2.80233221,0 132.04358207,-2.80313669,0</coordinates></LinearRing></outerBoundaryIs></Polygon></Placemark><Placemark><name>Province Papua Barat - Bagian 0518</name><visibility>1</visibility><styleUrl>#papua-barat-google-earth</styleUrl><Polygon><extrude>0</extrude><tessellate>1</tessellate><altitudeMode>clampToGround</altitudeMode><outerBoundaryIs><LinearRing><coordinates>134.32996001,-4.00883969,0 134.32952229,-4.00825110,0 134.32904260,-4.00857782,0 134.32996001,-4.00883969,0</coordinates></LinearRing></outerBoundaryIs></Polygon></Placemark><Placemark><name>Province Papua Barat - Bagian 0519</name><visibility>1</visibility><styleUrl>#papua-barat-google-earth</styleUrl><Polygon><extrude>0</extrude><tessellate>1</tessellate><altitudeMode>clampToGround</altitudeMode><outerBoundaryIs><LinearRing><coordinates>134.02240137,-3.84746766,0 134.02280749,-3.84744240,0 134.02271356,-3.84640233,0 134.02240137,-3.84746766,0</coordinates></LinearRing></outerBoundaryIs></Polygon></Placemark><Placemark><name>Province Papua Barat - Bagian 0520</name><visibility>1</visibility><styleUrl>#papua-barat-google-earth</styleUrl><Polygon><extrude>0</extrude><tessellate>1</tessellate><altitudeMode>clampToGround</altitudeMode><outerBoundaryIs><LinearRing><coordinates>132.60443051,-3.16472958,0 132.60475996,-3.16356363,0 132.60438278,-3.16361590,0 132.60443051,-3.16472958,0</coordinates></LinearRing></outerBoundaryIs></Polygon></Placemark><Placemark><name>Province Papua Barat - Bagian 0521</name><visibility>1</visibility><styleUrl>#papua-barat-google-earth</styleUrl><Polygon><extrude>0</extrude><tessellate>1</tessellate><altitudeMode>clampToGround</altitudeMode><outerBoundaryIs><LinearRing><coordinates>132.12449251,-2.96167567,0 132.12487880,-2.96181164,0 132.12518572,-2.96083718,0 132.12449251,-2.96167567,0</coordinates></LinearRing></outerBoundaryIs></Polygon></Placemark><Placemark><name>Province Papua Barat - Bagian 0522</name><visibility>1</visibility><styleUrl>#papua-barat-google-earth</styleUrl><Polygon><extrude>0</extrude><tessellate>1</tessellate><altitudeMode>clampToGround</altitudeMode><outerBoundaryIs><LinearRing><coordinates>132.64261454,-2.73210302,0 132.64300920,-2.73132839,0 132.64255111,-2.73117849,0 132.64261454,-2.73210302,0</coordinates></LinearRing></outerBoundaryIs></Polygon></Placemark><Placemark><name>Province Papua Barat - Bagian 0523</name><visibility>1</visibility><styleUrl>#papua-barat-google-earth</styleUrl><Polygon><extrude>0</extrude><tessellate>1</tessellate><altitudeMode>clampToGround</altitudeMode><outerBoundaryIs><LinearRing><coordinates>134.14615117,-3.77044153,0 134.14545398,-3.76970533,0 134.14523867,-3.77006921,0 134.14615117,-3.77044153,0</coordinates></LinearRing></outerBoundaryIs></Polygon></Placemark><Placemark><name>Province Papua Barat - Bagian 0524</name><visibility>1</visibility><styleUrl>#papua-barat-google-earth</styleUrl><Polygon><extrude>0</extrude><tessellate>1</tessellate><altitudeMode>clampToGround</altitudeMode><outerBoundaryIs><LinearRing><coordinates>133.92771076,-3.87298997,0 133.92840969,-3.87393340,0 133.92853818,-3.87351937,0 133.92771076,-3.87298997,0</coordinates></LinearRing></outerBoundaryIs></Polygon></Placemark><Placemark><name>Province Papua Barat - Bagian 0525</name><visibility>1</visibility><styleUrl>#papua-barat-google-earth</styleUrl><Polygon><extrude>0</extrude><tessellate>1</tessellate><altitudeMode>clampToGround</altitudeMode><outerBoundaryIs><LinearRing><coordinates>133.65021057,-3.58491662,0 133.65064983,-3.58554891,0 133.65046041,-3.58434198,0 133.65021057,-3.58491662,0</coordinates></LinearRing></outerBoundaryIs></Polygon></Placemark><Placemark><name>Province Papua Barat - Bagian 0526</name><visibility>1</visibility><styleUrl>#papua-barat-google-earth</styleUrl><Polygon><extrude>0</extrude><tessellate>1</tessellate><altitudeMode>clampToGround</altitudeMode><outerBoundaryIs><LinearRing><coordinates>132.47016921,-2.62310570,0 132.46955618,-2.62323558,0 132.46988962,-2.62383065,0 132.47016921,-2.62310570,0</coordinates></LinearRing></outerBoundaryIs></Polygon></Placemark><Placemark><name>Province Papua Barat - Bagian 0527</name><visibility>1</visibility><styleUrl>#papua-barat-google-earth</styleUrl><Polygon><extrude>0</extrude><tessellate>1</tessellate><altitudeMode>clampToGround</altitudeMode><outerBoundaryIs><LinearRing><coordinates>132.15181891,-2.71185626,0 132.15153568,-2.71284946,0 132.15196525,-2.71278298,0 132.15181891,-2.71185626,0</coordinates></LinearRing></outerBoundaryIs></Polygon></Placemark><Placemark><name>Province Papua Barat - Bagian 0528</name><visibility>1</visibility><styleUrl>#papua-barat-google-earth</styleUrl><Polygon><extrude>0</extrude><tessellate>1</tessellate><altitudeMode>clampToGround</altitudeMode><outerBoundaryIs><LinearRing><coordinates>132.42798784,-2.62772577,0 132.42820367,-2.62843859,0 132.42871687,-2.62824736,0 132.42798784,-2.62772577,0</coordinates></LinearRing></outerBoundaryIs></Polygon></Placemark><Placemark><name>Province Papua Barat - Bagian 0529</name><visibility>1</visibility><styleUrl>#papua-barat-google-earth</styleUrl><Polygon><extrude>0</extrude><tessellate>1</tessellate><altitudeMode>clampToGround</altitudeMode><outerBoundaryIs><LinearRing><coordinates>131.99291882,-2.91482267,0 131.99332618,-2.91460059,0 131.99228827,-2.91416832,0 131.99291882,-2.91482267,0</coordinates></LinearRing></outerBoundaryIs></Polygon></Placemark><Placemark><name>Province Papua Barat - Bagian 0530</name><visibility>1</visibility><styleUrl>#papua-barat-google-earth</styleUrl><Polygon><extrude>0</extrude><tessellate>1</tessellate><altitudeMode>clampToGround</altitudeMode><outerBoundaryIs><LinearRing><coordinates>132.42844486,-2.61630551,0 132.42909135,-2.61660942,0 132.42923396,-2.61604908,0 132.42844486,-2.61630551,0</coordinates></LinearRing></outerBoundaryIs></Polygon></Placemark><Placemark><name>Province Papua Barat - Bagian 0531</name><visibility>1</visibility><styleUrl>#papua-barat-google-earth</styleUrl><Polygon><extrude>0</extrude><tessellate>1</tessellate><altitudeMode>clampToGround</altitudeMode><outerBoundaryIs><LinearRing><coordinates>132.78759590,-3.27876756,0 132.78789445,-3.27922100,0 132.78811999,-3.27821286,0 132.78759590,-3.27876756,0</coordinates></LinearRing></outerBoundaryIs></Polygon></Placemark><Placemark><name>Province Papua Barat - Bagian 0532</name><visibility>1</visibility><styleUrl>#papua-barat-google-earth</styleUrl><Polygon><extrude>0</extrude><tessellate>1</tessellate><altitudeMode>clampToGround</altitudeMode><outerBoundaryIs><LinearRing><coordinates>134.36911679,-3.98785201,0 134.36872602,-3.98764403,0 134.36805414,-3.98831206,0 134.36911679,-3.98785201,0</coordinates></LinearRing></outerBoundaryIs></Polygon></Placemark><Placemark><name>Province Papua Barat - Bagian 0533</name><visibility>1</visibility><styleUrl>#papua-barat-google-earth</styleUrl><Polygon><extrude>0</extrude><tessellate>1</tessellate><altitudeMode>clampToGround</altitudeMode><outerBoundaryIs><LinearRing><coordinates>134.14428529,-1.98589346,0 134.14391044,-1.98585757,0 134.14382118,-1.98691638,0 134.14428529,-1.98589346,0</coordinates></LinearRing></outerBoundaryIs></Polygon></Placemark><Placemark><name>Province Papua Barat - Bagian 0534</name><visibility>1</visibility><styleUrl>#papua-barat-google-earth</styleUrl><Polygon><extrude>0</extrude><tessellate>1</tessellate><altitudeMode>clampToGround</altitudeMode><outerBoundaryIs><LinearRing><coordinates>132.72910098,-3.65677748,0 132.72977043,-3.65725805,0 132.72970090,-3.65661068,0 132.72910098,-3.65677748,0</coordinates></LinearRing></outerBoundaryIs></Polygon></Placemark><Placemark><name>Province Papua Barat - Bagian 0535</name><visibility>1</visibility><styleUrl>#papua-barat-google-earth</styleUrl><Polygon><extrude>0</extrude><tessellate>1</tessellate><altitudeMode>clampToGround</altitudeMode><outerBoundaryIs><LinearRing><coordinates>133.76873897,-3.03334080,0 133.76902638,-3.03228470,0 133.76865059,-3.03227419,0 133.76873897,-3.03334080,0</coordinates></LinearRing></outerBoundaryIs></Polygon></Placemark><Placemark><name>Province Papua Barat - Bagian 0536</name><visibility>1</visibility><styleUrl>#papua-barat-google-earth</styleUrl><Polygon><extrude>0</extrude><tessellate>1</tessellate><altitudeMode>clampToGround</altitudeMode><outerBoundaryIs><LinearRing><coordinates>132.47379739,-2.62829650,0 132.47354829,-2.62898217,0 132.47403450,-2.62924539,0 132.47379739,-2.62829650,0</coordinates></LinearRing></outerBoundaryIs></Polygon></Placemark><Placemark><name>Province Papua Barat - Bagian 0537</name><visibility>1</visibility><styleUrl>#papua-barat-google-earth</styleUrl><Polygon><extrude>0</extrude><tessellate>1</tessellate><altitudeMode>clampToGround</altitudeMode><outerBoundaryIs><LinearRing><coordinates>134.04685901,-3.82643337,0 134.04621125,-3.82620558,0 134.04591374,-3.82671032,0 134.04685901,-3.82643337,0</coordinates></LinearRing></outerBoundaryIs></Polygon></Placemark><Placemark><name>Province Papua Barat - Bagian 0538</name><visibility>1</visibility><styleUrl>#papua-barat-google-earth</styleUrl><Polygon><extrude>0</extrude><tessellate>1</tessellate><altitudeMode>clampToGround</altitudeMode><outerBoundaryIs><LinearRing><coordinates>132.80869228,-3.91769869,0 132.80846028,-3.91724064,0 132.80784757,-3.91772843,0 132.80869228,-3.91769869,0</coordinates></LinearRing></outerBoundaryIs></Polygon></Placemark><Placemark><name>Province Papua Barat - Bagian 0539</name><visibility>1</visibility><styleUrl>#papua-barat-google-earth</styleUrl><Polygon><extrude>0</extrude><tessellate>1</tessellate><altitudeMode>clampToGround</altitudeMode><outerBoundaryIs><LinearRing><coordinates>132.09697068,-2.71337826,0 132.09681417,-2.71271598,0 132.09628660,-2.71296623,0 132.09697068,-2.71337826,0</coordinates></LinearRing></outerBoundaryIs></Polygon></Placemark><Placemark><name>Province Papua Barat - Bagian 0540</name><visibility>1</visibility><styleUrl>#papua-barat-google-earth</styleUrl><Polygon><extrude>0</extrude><tessellate>1</tessellate><altitudeMode>clampToGround</altitudeMode><outerBoundaryIs><LinearRing><coordinates>133.98113369,-3.83414163,0 133.98064217,-3.83483762,0 133.98106231,-3.83503095,0 133.98113369,-3.83414163,0</coordinates></LinearRing></outerBoundaryIs></Polygon></Placemark><Placemark><name>Province Papua Barat - Bagian 0541</name><visibility>1</visibility><styleUrl>#papua-barat-google-earth</styleUrl><Polygon><extrude>0</extrude><tessellate>1</tessellate><altitudeMode>clampToGround</altitudeMode><outerBoundaryIs><LinearRing><coordinates>132.09658616,-2.71570025,0 132.09723966,-2.71596090,0 132.09734983,-2.71541745,0 132.09658616,-2.71570025,0</coordinates></LinearRing></outerBoundaryIs></Polygon></Placemark><Placemark><name>Province Papua Barat - Bagian 0542</name><visibility>1</visibility><styleUrl>#papua-barat-google-earth</styleUrl><Polygon><extrude>0</extrude><tessellate>1</tessellate><altitudeMode>clampToGround</altitudeMode><outerBoundaryIs><LinearRing><coordinates>132.48466199,-2.66536587,0 132.48380868,-2.66407478,0 132.48363127,-2.66425593,0 132.48466199,-2.66536587,0</coordinates></LinearRing></outerBoundaryIs></Polygon></Placemark><Placemark><name>Province Papua Barat - Bagian 0543</name><visibility>1</visibility><styleUrl>#papua-barat-google-earth</styleUrl><Polygon><extrude>0</extrude><tessellate>1</tessellate><altitudeMode>clampToGround</altitudeMode><outerBoundaryIs><LinearRing><coordinates>134.02964898,-3.84382139,0 134.02951795,-3.84322593,0 134.02900510,-3.84380592,0 134.02964898,-3.84382139,0</coordinates></LinearRing></outerBoundaryIs></Polygon></Placemark><Placemark><name>Province Papua Barat - Bagian 0544</name><visibility>1</visibility><styleUrl>#papua-barat-google-earth</styleUrl><Polygon><extrude>0</extrude><tessellate>1</tessellate><altitudeMode>clampToGround</altitudeMode><outerBoundaryIs><LinearRing><coordinates>134.02510357,-3.84497643,0 134.02498707,-3.84447653,0 134.02433204,-3.84493439,0 134.02510357,-3.84497643,0</coordinates></LinearRing></outerBoundaryIs></Polygon></Placemark><Placemark><name>Province Papua Barat - Bagian 0545</name><visibility>1</visibility><styleUrl>#papua-barat-google-earth</styleUrl><Polygon><extrude>0</extrude><tessellate>1</tessellate><altitudeMode>clampToGround</altitudeMode><outerBoundaryIs><LinearRing><coordinates>134.13956627,-2.23696821,0 134.13987247,-2.23673275,0 134.13938763,-2.23587130,0 134.13956627,-2.23696821,0</coordinates></LinearRing></outerBoundaryIs></Polygon></Placemark><Placemark><name>Province Papua Barat - Bagian 0546</name><visibility>1</visibility><styleUrl>#papua-barat-google-earth</styleUrl><Polygon><extrude>0</extrude><tessellate>1</tessellate><altitudeMode>clampToGround</altitudeMode><outerBoundaryIs><LinearRing><coordinates>134.15510678,-3.92227762,0 134.15479891,-3.92259300,0 134.15544010,-3.92316277,0 134.15510678,-3.92227762,0</coordinates></LinearRing></outerBoundaryIs></Polygon></Placemark><Placemark><name>Province Papua Barat - Bagian 0547</name><visibility>1</visibility><styleUrl>#papua-barat-google-earth</styleUrl><Polygon><extrude>0</extrude><tessellate>1</tessellate><altitudeMode>clampToGround</altitudeMode><outerBoundaryIs><LinearRing><coordinates>132.69768620,-2.77682795,0 132.69878551,-2.77711349,0 132.69872840,-2.77675657,0 132.69768620,-2.77682795,0</coordinates></LinearRing></outerBoundaryIs></Polygon></Placemark><Placemark><name>Province Papua Barat - Bagian 0548</name><visibility>1</visibility><styleUrl>#papua-barat-google-earth</styleUrl><Polygon><extrude>0</extrude><tessellate>1</tessellate><altitudeMode>clampToGround</altitudeMode><outerBoundaryIs><LinearRing><coordinates>134.70399511,-1.96949740,0 134.70459430,-1.96923634,0 134.70336952,-1.96914679,0 134.70399511,-1.96949740,0</coordinates></LinearRing></outerBoundaryIs></Polygon></Placemark><Placemark><name>Province Papua Barat - Bagian 0549</name><visibility>1</visibility><styleUrl>#papua-barat-google-earth</styleUrl><Polygon><extrude>0</extrude><tessellate>1</tessellate><altitudeMode>clampToGround</altitudeMode><outerBoundaryIs><LinearRing><coordinates>134.45173953,-3.93724486,0 134.45212500,-3.93747328,0 134.45213928,-3.93653102,0 134.45173953,-3.93724486,0</coordinates></LinearRing></outerBoundaryIs></Polygon></Placemark><Placemark><name>Province Papua Barat - Bagian 0550</name><visibility>1</visibility><styleUrl>#papua-barat-google-earth</styleUrl><Polygon><extrude>0</extrude><tessellate>1</tessellate><altitudeMode>clampToGround</altitudeMode><outerBoundaryIs><LinearRing><coordinates>132.50401020,-2.66948817,0 132.50368358,-2.66983088,0 132.50434278,-2.67026047,0 132.50401020,-2.66948817,0</coordinates></LinearRing></outerBoundaryIs></Polygon></Placemark><Placemark><name>Province Papua Barat - Bagian 0551</name><visibility>1</visibility><styleUrl>#papua-barat-google-earth</styleUrl><Polygon><extrude>0</extrude><tessellate>1</tessellate><altitudeMode>clampToGround</altitudeMode><outerBoundaryIs><LinearRing><coordinates>132.49893311,-2.67909330,0 132.49934486,-2.67882854,0 132.49862033,-2.67842411,0 132.49893311,-2.67909330,0</coordinates></LinearRing></outerBoundaryIs></Polygon></Placemark><Placemark><name>Province Papua Barat - Bagian 0552</name><visibility>1</visibility><styleUrl>#papua-barat-google-earth</styleUrl><Polygon><extrude>0</extrude><tessellate>1</tessellate><altitudeMode>clampToGround</altitudeMode><outerBoundaryIs><LinearRing><coordinates>131.57750175,-2.59747298,0 131.57748178,-2.59779286,0 131.57862492,-2.59737401,0 131.57750175,-2.59747298,0</coordinates></LinearRing></outerBoundaryIs></Polygon></Placemark><Placemark><name>Province Papua Barat - Bagian 0553</name><visibility>1</visibility><styleUrl>#papua-barat-google-earth</styleUrl><Polygon><extrude>0</extrude><tessellate>1</tessellate><altitudeMode>clampToGround</altitudeMode><outerBoundaryIs><LinearRing><coordinates>134.14853739,-1.94101458,0 134.14775792,-1.94128975,0 134.14793643,-1.94168456,0 134.14853739,-1.94101458,0</coordinates></LinearRing></outerBoundaryIs></Polygon></Placemark><Placemark><name>Province Papua Barat - Bagian 0554</name><visibility>1</visibility><styleUrl>#papua-barat-google-earth</styleUrl><Polygon><extrude>0</extrude><tessellate>1</tessellate><altitudeMode>clampToGround</altitudeMode><outerBoundaryIs><LinearRing><coordinates>134.15115543,-1.94069155,0 134.15194679,-1.94026683,0 134.15147673,-1.94006943,0 134.15115543,-1.94069155,0</coordinates></LinearRing></outerBoundaryIs></Polygon></Placemark><Placemark><name>Province Papua Barat - Bagian 0555</name><visibility>1</visibility><styleUrl>#papua-barat-google-earth</styleUrl><Polygon><extrude>0</extrude><tessellate>1</tessellate><altitudeMode>clampToGround</altitudeMode><outerBoundaryIs><LinearRing><coordinates>132.51835382,-2.64348934,0 132.51910033,-2.64400221,0 132.51927922,-2.64364854,0 132.51835382,-2.64348934,0</coordinates></LinearRing></outerBoundaryIs></Polygon></Placemark><Placemark><name>Province Papua Barat - Bagian 0556</name><visibility>1</visibility><styleUrl>#papua-barat-google-earth</styleUrl><Polygon><extrude>0</extrude><tessellate>1</tessellate><altitudeMode>clampToGround</altitudeMode><outerBoundaryIs><LinearRing><coordinates>134.02001955,-3.80391238,0 134.01993201,-3.80355631,0 134.01912849,-3.80433470,0 134.02001955,-3.80391238,0</coordinates></LinearRing></outerBoundaryIs></Polygon></Placemark><Placemark><name>Province Papua Barat - Bagian 0557</name><visibility>1</visibility><styleUrl>#papua-barat-google-earth</styleUrl><Polygon><extrude>0</extrude><tessellate>1</tessellate><altitudeMode>clampToGround</altitudeMode><outerBoundaryIs><LinearRing><coordinates>132.49586825,-2.63219819,0 132.49530733,-2.63234566,0 132.49572785,-2.63286661,0 132.49586825,-2.63219819,0</coordinates></LinearRing></outerBoundaryIs></Polygon></Placemark><Placemark><name>Province Papua Barat - Bagian 0558</name><visibility>1</visibility><styleUrl>#papua-barat-google-earth</styleUrl><Polygon><extrude>0</extrude><tessellate>1</tessellate><altitudeMode>clampToGround</altitudeMode><outerBoundaryIs><LinearRing><coordinates>134.05261540,-3.91744771,0 134.05233701,-3.91686785,0 134.05188536,-3.91718738,0 134.05261540,-3.91744771,0</coordinates></LinearRing></outerBoundaryIs></Polygon></Placemark><Placemark><name>Province Papua Barat - Bagian 0559</name><visibility>1</visibility><styleUrl>#papua-barat-google-earth</styleUrl><Polygon><extrude>0</extrude><tessellate>1</tessellate><altitudeMode>clampToGround</altitudeMode><outerBoundaryIs><LinearRing><coordinates>133.91768450,-3.74787023,0 133.91723334,-3.74744466,0 133.91702884,-3.74802840,0 133.91768450,-3.74787023,0</coordinates></LinearRing></outerBoundaryIs></Polygon></Placemark><Placemark><name>Province Papua Barat - Bagian 0560</name><visibility>1</visibility><styleUrl>#papua-barat-google-earth</styleUrl><Polygon><extrude>0</extrude><tessellate>1</tessellate><altitudeMode>clampToGround</altitudeMode><outerBoundaryIs><LinearRing><coordinates>132.81751770,-3.92088836,0 132.81697519,-3.92112392,0 132.81783179,-3.92139518,0 132.81751770,-3.92088836,0</coordinates></LinearRing></outerBoundaryIs></Polygon></Placemark><Placemark><name>Province Papua Barat - Bagian 0561</name><visibility>1</visibility><styleUrl>#papua-barat-google-earth</styleUrl><Polygon><extrude>0</extrude><tessellate>1</tessellate><altitudeMode>clampToGround</altitudeMode><outerBoundaryIs><LinearRing><coordinates>134.00230899,-3.81335617,0 134.00213190,-3.81450887,0 134.00245313,-3.81438394,0 134.00230899,-3.81335617,0</coordinates></LinearRing></outerBoundaryIs></Polygon></Placemark><Placemark><name>Province Papua Barat - Bagian 0562</name><visibility>1</visibility><styleUrl>#papua-barat-google-earth</styleUrl><Polygon><extrude>0</extrude><tessellate>1</tessellate><altitudeMode>clampToGround</altitudeMode><outerBoundaryIs><LinearRing><coordinates>132.59616556,-3.17129633,0 132.59587618,-3.17134161,0 132.59654761,-3.17243832,0 132.59616556,-3.17129633,0</coordinates></LinearRing></outerBoundaryIs></Polygon></Placemark><Placemark><name>Province Papua Barat - Bagian 0563</name><visibility>1</visibility><styleUrl>#papua-barat-google-earth</styleUrl><Polygon><extrude>0</extrude><tessellate>1</tessellate><altitudeMode>clampToGround</altitudeMode><outerBoundaryIs><LinearRing><coordinates>132.52979093,-3.12937791,0 132.53025816,-3.12937180,0 132.53021019,-3.12862856,0 132.52979093,-3.12937791,0</coordinates></LinearRing></outerBoundaryIs></Polygon></Placemark><Placemark><name>Province Papua Barat - Bagian 0564</name><visibility>1</visibility><styleUrl>#papua-barat-google-earth</styleUrl><Polygon><extrude>0</extrude><tessellate>1</tessellate><altitudeMode>clampToGround</altitudeMode><outerBoundaryIs><LinearRing><coordinates>134.00229987,-3.81672756,0 134.00186681,-3.81759606,0 134.00227608,-3.81757226,0 134.00229987,-3.81672756,0</coordinates></LinearRing></outerBoundaryIs></Polygon></Placemark><Placemark><name>Province Papua Barat - Bagian 0565</name><visibility>1</visibility><styleUrl>#papua-barat-google-earth</styleUrl><Polygon><extrude>0</extrude><tessellate>1</tessellate><altitudeMode>clampToGround</altitudeMode><outerBoundaryIs><LinearRing><coordinates>132.01010322,-2.83314682,0 132.00932293,-2.83274706,0 132.00937847,-2.83321648,0 132.01010322,-2.83314682,0</coordinates></LinearRing></outerBoundaryIs></Polygon></Placemark><Placemark><name>Province Papua Barat - Bagian 0566</name><visibility>1</visibility><styleUrl>#papua-barat-google-earth</styleUrl><Polygon><extrude>0</extrude><tessellate>1</tessellate><altitudeMode>clampToGround</altitudeMode><outerBoundaryIs><LinearRing><coordinates>132.52802474,-2.67610053,0 132.52855042,-2.67701827,0 132.52885807,-2.67690299,0 132.52802474,-2.67610053,0</coordinates></LinearRing></outerBoundaryIs></Polygon></Placemark><Placemark><name>Province Papua Barat - Bagian 0567</name><visibility>1</visibility><styleUrl>#papua-barat-google-earth</styleUrl><Polygon><extrude>0</extrude><tessellate>1</tessellate><altitudeMode>clampToGround</altitudeMode><outerBoundaryIs><LinearRing><coordinates>133.93750591,-2.06322168,0 133.93768469,-2.06345252,0 133.93831969,-2.06236269,0 133.93750591,-2.06322168,0</coordinates></LinearRing></outerBoundaryIs></Polygon></Placemark><Placemark><name>Province Papua Barat - Bagian 0568</name><visibility>1</visibility><styleUrl>#papua-barat-google-earth</styleUrl><Polygon><extrude>0</extrude><tessellate>1</tessellate><altitudeMode>clampToGround</altitudeMode><outerBoundaryIs><LinearRing><coordinates>134.01460718,-3.85513344,0 134.01420577,-3.85424367,0 134.01390555,-3.85442340,0 134.01460718,-3.85513344,0</coordinates></LinearRing></outerBoundaryIs></Polygon></Placemark><Placemark><name>Province Papua Barat - Bagian 0569</name><visibility>1</visibility><styleUrl>#papua-barat-google-earth</styleUrl><Polygon><extrude>0</extrude><tessellate>1</tessellate><altitudeMode>clampToGround</altitudeMode><outerBoundaryIs><LinearRing><coordinates>133.89591079,-3.75582903,0 133.89625819,-3.75631444,0 133.89675908,-3.75604009,0 133.89591079,-3.75582903,0</coordinates></LinearRing></outerBoundaryIs></Polygon></Placemark><Placemark><name>Province Papua Barat - Bagian 0570</name><visibility>1</visibility><styleUrl>#papua-barat-google-earth</styleUrl><Polygon><extrude>0</extrude><tessellate>1</tessellate><altitudeMode>clampToGround</altitudeMode><outerBoundaryIs><LinearRing><coordinates>134.22787819,-4.00402835,0 134.22791130,-4.00287644,0 134.22761782,-4.00286890,0 134.22787819,-4.00402835,0</coordinates></LinearRing></outerBoundaryIs></Polygon></Placemark><Placemark><name>Province Papua Barat - Bagian 0571</name><visibility>1</visibility><styleUrl>#papua-barat-google-earth</styleUrl><Polygon><extrude>0</extrude><tessellate>1</tessellate><altitudeMode>clampToGround</altitudeMode><outerBoundaryIs><LinearRing><coordinates>131.62288842,-2.67851205,0 131.62267649,-2.67903348,0 131.62323681,-2.67924216,0 131.62288842,-2.67851205,0</coordinates></LinearRing></outerBoundaryIs></Polygon></Placemark><Placemark><name>Province Papua Barat - Bagian 0572</name><visibility>1</visibility><styleUrl>#papua-barat-google-earth</styleUrl><Polygon><extrude>0</extrude><tessellate>1</tessellate><altitudeMode>clampToGround</altitudeMode><outerBoundaryIs><LinearRing><coordinates>132.08694303,-2.73917098,0 132.08604054,-2.73905595,0 132.08611848,-2.73943795,0 132.08694303,-2.73917098,0</coordinates></LinearRing></outerBoundaryIs></Polygon></Placemark><Placemark><name>Province Papua Barat - Bagian 0573</name><visibility>1</visibility><styleUrl>#papua-barat-google-earth</styleUrl><Polygon><extrude>0</extrude><tessellate>1</tessellate><altitudeMode>clampToGround</altitudeMode><outerBoundaryIs><LinearRing><coordinates>132.80419393,-3.88164331,0 132.80463804,-3.88219316,0 132.80494469,-3.88181778,0 132.80419393,-3.88164331,0</coordinates></LinearRing></outerBoundaryIs></Polygon></Placemark><Placemark><name>Province Papua Barat - Bagian 0574</name><visibility>1</visibility><styleUrl>#papua-barat-google-earth</styleUrl><Polygon><extrude>0</extrude><tessellate>1</tessellate><altitudeMode>clampToGround</altitudeMode><outerBoundaryIs><LinearRing><coordinates>134.15148561,-1.97361259,0 134.15179501,-1.97375616,0 134.15180096,-1.97267940,0 134.15148561,-1.97361259,0</coordinates></LinearRing></outerBoundaryIs></Polygon></Placemark><Placemark><name>Province Papua Barat - Bagian 0575</name><visibility>1</visibility><styleUrl>#papua-barat-google-earth</styleUrl><Polygon><extrude>0</extrude><tessellate>1</tessellate><altitudeMode>clampToGround</altitudeMode><outerBoundaryIs><LinearRing><coordinates>132.54158840,-2.64671404,0 132.54158463,-2.64711293,0 132.54242122,-2.64692819,0 132.54158840,-2.64671404,0</coordinates></LinearRing></outerBoundaryIs></Polygon></Placemark><Placemark><name>Province Papua Barat - Bagian 0576</name><visibility>1</visibility><styleUrl>#papua-barat-google-earth</styleUrl><Polygon><extrude>0</extrude><tessellate>1</tessellate><altitudeMode>clampToGround</altitudeMode><outerBoundaryIs><LinearRing><coordinates>134.45797721,-2.85612515,0 134.45762505,-2.85631550,0 134.45793913,-2.85708645,0 134.45797721,-2.85612515,0</coordinates></LinearRing></outerBoundaryIs></Polygon></Placemark><Placemark><name>Province Papua Barat - Bagian 0577</name><visibility>1</visibility><styleUrl>#papua-barat-google-earth</styleUrl><Polygon><extrude>0</extrude><tessellate>1</tessellate><altitudeMode>clampToGround</altitudeMode><outerBoundaryIs><LinearRing><coordinates>134.15876602,-2.05937951,0 134.15862321,-2.05866167,0 134.15825193,-2.05910194,0 134.15876602,-2.05937951,0</coordinates></LinearRing></outerBoundaryIs></Polygon></Placemark><Placemark><name>Province Papua Barat - Bagian 0578</name><visibility>1</visibility><styleUrl>#papua-barat-google-earth</styleUrl><Polygon><extrude>0</extrude><tessellate>1</tessellate><altitudeMode>clampToGround</altitudeMode><outerBoundaryIs><LinearRing><coordinates>133.91424062,-3.74965986,0 133.91382361,-3.74920850,0 133.91356138,-3.74971353,0 133.91424062,-3.74965986,0</coordinates></LinearRing></outerBoundaryIs></Polygon></Placemark><Placemark><name>Province Papua Barat - Bagian 0579</name><visibility>1</visibility><styleUrl>#papua-barat-google-earth</styleUrl><Polygon><extrude>0</extrude><tessellate>1</tessellate><altitudeMode>clampToGround</altitudeMode><outerBoundaryIs><LinearRing><coordinates>134.02435305,-3.86572095,0 134.02494216,-3.86565548,0 134.02458787,-3.86513693,0 134.02435305,-3.86572095,0</coordinates></LinearRing></outerBoundaryIs></Polygon></Placemark><Placemark><name>Province Papua Barat - Bagian 0580</name><visibility>1</visibility><styleUrl>#papua-barat-google-earth</styleUrl><Polygon><extrude>0</extrude><tessellate>1</tessellate><altitudeMode>clampToGround</altitudeMode><outerBoundaryIs><LinearRing><coordinates>134.54742824,-2.30368926,0 134.54773757,-2.30355839,0 134.54730927,-2.30267799,0 134.54742824,-2.30368926,0</coordinates></LinearRing></outerBoundaryIs></Polygon></Placemark><Placemark><name>Province Papua Barat - Bagian 0581</name><visibility>1</visibility><styleUrl>#papua-barat-google-earth</styleUrl><Polygon><extrude>0</extrude><tessellate>1</tessellate><altitudeMode>clampToGround</altitudeMode><outerBoundaryIs><LinearRing><coordinates>132.43249000,-2.69851951,0 132.43217111,-2.69876243,0 132.43258902,-2.69946978,0 132.43249000,-2.69851951,0</coordinates></LinearRing></outerBoundaryIs></Polygon></Placemark><Placemark><name>Province Papua Barat - Bagian 0582</name><visibility>1</visibility><styleUrl>#papua-barat-google-earth</styleUrl><Polygon><extrude>0</extrude><tessellate>1</tessellate><altitudeMode>clampToGround</altitudeMode><outerBoundaryIs><LinearRing><coordinates>132.57322998,-2.65260846,0 132.57250505,-2.65333261,0 132.57283780,-2.65345132,0 132.57322998,-2.65260846,0</coordinates></LinearRing></outerBoundaryIs></Polygon></Placemark><Placemark><name>Province Papua Barat - Bagian 0583</name><visibility>1</visibility><styleUrl>#papua-barat-google-earth</styleUrl><Polygon><extrude>0</extrude><tessellate>1</tessellate><altitudeMode>clampToGround</altitudeMode><outerBoundaryIs><LinearRing><coordinates>134.15095224,-3.76796373,0 134.15116695,-3.76854869,0 134.15162532,-3.76827753,0 134.15095224,-3.76796373,0</coordinates></LinearRing></outerBoundaryIs></Polygon></Placemark><Placemark><name>Province Papua Barat - Bagian 0584</name><visibility>1</visibility><styleUrl>#papua-barat-google-earth</styleUrl><Polygon><extrude>0</extrude><tessellate>1</tessellate><altitudeMode>clampToGround</altitudeMode><outerBoundaryIs><LinearRing><coordinates>132.56785128,-2.65420712,0 132.56827911,-2.65372040,0 132.56783940,-2.65345923,0 132.56785128,-2.65420712,0</coordinates></LinearRing></outerBoundaryIs></Polygon></Placemark><Placemark><name>Province Papua Barat - Bagian 0585</name><visibility>1</visibility><styleUrl>#papua-barat-google-earth</styleUrl><Polygon><extrude>0</extrude><tessellate>1</tessellate><altitudeMode>clampToGround</altitudeMode><outerBoundaryIs><LinearRing><coordinates>134.09289338,-3.83118638,0 134.09260866,-3.83178483,0 134.09337127,-3.83132410,0 134.09289338,-3.83118638,0</coordinates></LinearRing></outerBoundaryIs></Polygon></Placemark><Placemark><name>Province Papua Barat - Bagian 0586</name><visibility>1</visibility><styleUrl>#papua-barat-google-earth</styleUrl><Polygon><extrude>0</extrude><tessellate>1</tessellate><altitudeMode>clampToGround</altitudeMode><outerBoundaryIs><LinearRing><coordinates>134.11438048,-3.90938994,0 134.11446128,-3.91037028,0 134.11477537,-3.91016089,0 134.11438048,-3.90938994,0</coordinates></LinearRing></outerBoundaryIs></Polygon></Placemark><Placemark><name>Province Papua Barat - Bagian 0587</name><visibility>1</visibility><styleUrl>#papua-barat-google-earth</styleUrl><Polygon><extrude>0</extrude><tessellate>1</tessellate><altitudeMode>clampToGround</altitudeMode><outerBoundaryIs><LinearRing><coordinates>134.29910880,-3.96871894,0 134.29889465,-3.96789802,0 134.29859722,-3.96827279,0 134.29910880,-3.96871894,0</coordinates></LinearRing></outerBoundaryIs></Polygon></Placemark><Placemark><name>Province Papua Barat - Bagian 0588</name><visibility>1</visibility><styleUrl>#papua-barat-google-earth</styleUrl><Polygon><extrude>0</extrude><tessellate>1</tessellate><altitudeMode>clampToGround</altitudeMode><outerBoundaryIs><LinearRing><coordinates>134.15113337,-1.99776513,0 134.15089775,-1.99832504,0 134.15151180,-1.99824249,0 134.15113337,-1.99776513,0</coordinates></LinearRing></outerBoundaryIs></Polygon></Placemark><Placemark><name>Province Papua Barat - Bagian 0589</name><visibility>1</visibility><styleUrl>#papua-barat-google-earth</styleUrl><Polygon><extrude>0</extrude><tessellate>1</tessellate><altitudeMode>clampToGround</altitudeMode><outerBoundaryIs><LinearRing><coordinates>134.17494413,-3.99911756,0 134.17561514,-3.99925557,0 134.17558183,-3.99876540,0 134.17494413,-3.99911756,0</coordinates></LinearRing></outerBoundaryIs></Polygon></Placemark><Placemark><name>Province Papua Barat - Bagian 0590</name><visibility>1</visibility><styleUrl>#papua-barat-google-earth</styleUrl><Polygon><extrude>0</extrude><tessellate>1</tessellate><altitudeMode>clampToGround</altitudeMode><outerBoundaryIs><LinearRing><coordinates>134.08488551,-3.84432417,0 134.08488320,-3.84491745,0 134.08542867,-3.84457724,0 134.08488551,-3.84432417,0</coordinates></LinearRing></outerBoundaryIs></Polygon></Placemark><Placemark><name>Province Papua Barat - Bagian 0591</name><visibility>1</visibility><styleUrl>#papua-barat-google-earth</styleUrl><Polygon><extrude>0</extrude><tessellate>1</tessellate><altitudeMode>clampToGround</altitudeMode><outerBoundaryIs><LinearRing><coordinates>132.80342897,-3.94128934,0 132.80407880,-3.94119318,0 132.80363749,-3.94076225,0 132.80342897,-3.94128934,0</coordinates></LinearRing></outerBoundaryIs></Polygon></Placemark><Placemark><name>Province Papua Barat - Bagian 0592</name><visibility>1</visibility><styleUrl>#papua-barat-google-earth</styleUrl><Polygon><extrude>0</extrude><tessellate>1</tessellate><altitudeMode>clampToGround</altitudeMode><outerBoundaryIs><LinearRing><coordinates>132.58226162,-2.68889632,0 132.58165027,-2.68936122,0 132.58198745,-2.68963052,0 132.58226162,-2.68889632,0</coordinates></LinearRing></outerBoundaryIs></Polygon></Placemark><Placemark><name>Province Papua Barat - Bagian 0593</name><visibility>1</visibility><styleUrl>#papua-barat-google-earth</styleUrl><Polygon><extrude>0</extrude><tessellate>1</tessellate><altitudeMode>clampToGround</altitudeMode><outerBoundaryIs><LinearRing><coordinates>132.73069116,-3.66238241,0 132.73015816,-3.66192555,0 132.72974889,-3.66217302,0 132.73069116,-3.66238241,0</coordinates></LinearRing></outerBoundaryIs></Polygon></Placemark><Placemark><name>Province Papua Barat - Bagian 0594</name><visibility>1</visibility><styleUrl>#papua-barat-google-earth</styleUrl><Polygon><extrude>0</extrude><tessellate>1</tessellate><altitudeMode>clampToGround</altitudeMode><outerBoundaryIs><LinearRing><coordinates>132.49371991,-2.67343893,0 132.49413160,-2.67298672,0 132.49375372,-2.67263126,0 132.49371991,-2.67343893,0</coordinates></LinearRing></outerBoundaryIs></Polygon></Placemark><Placemark><name>Province Papua Barat - Bagian 0595</name><visibility>1</visibility><styleUrl>#papua-barat-google-earth</styleUrl><Polygon><extrude>0</extrude><tessellate>1</tessellate><altitudeMode>clampToGround</altitudeMode><outerBoundaryIs><LinearRing><coordinates>134.06411482,-3.93827703,0 134.06371507,-3.93759461,0 134.06342493,-3.93788754,0 134.06411482,-3.93827703,0</coordinates></LinearRing></outerBoundaryIs></Polygon></Placemark><Placemark><name>Province Papua Barat - Bagian 0596</name><visibility>1</visibility><styleUrl>#papua-barat-google-earth</styleUrl><Polygon><extrude>0</extrude><tessellate>1</tessellate><altitudeMode>clampToGround</altitudeMode><outerBoundaryIs><LinearRing><coordinates>134.30943685,-3.98085538,0 134.31016021,-3.98065550,0 134.30996985,-3.98027479,0 134.30943685,-3.98085538,0</coordinates></LinearRing></outerBoundaryIs></Polygon></Placemark><Placemark><name>Province Papua Barat - Bagian 0597</name><visibility>1</visibility><styleUrl>#papua-barat-google-earth</styleUrl><Polygon><extrude>0</extrude><tessellate>1</tessellate><altitudeMode>clampToGround</altitudeMode><outerBoundaryIs><LinearRing><coordinates>134.14889631,-2.01166565,0 134.14926522,-2.01154601,0 134.14875351,-2.01088201,0 134.14889631,-2.01166565,0</coordinates></LinearRing></outerBoundaryIs></Polygon></Placemark><Placemark><name>Province Papua Barat - Bagian 0598</name><visibility>1</visibility><styleUrl>#papua-barat-google-earth</styleUrl><Polygon><extrude>0</extrude><tessellate>1</tessellate><altitudeMode>clampToGround</altitudeMode><outerBoundaryIs><LinearRing><coordinates>132.00895078,-2.77909934,0 132.00957420,-2.77889052,0 132.00943184,-2.77845244,0 132.00895078,-2.77909934,0</coordinates></LinearRing></outerBoundaryIs></Polygon></Placemark><Placemark><name>Province Papua Barat - Bagian 0599</name><visibility>1</visibility><styleUrl>#papua-barat-google-earth</styleUrl><Polygon><extrude>0</extrude><tessellate>1</tessellate><altitudeMode>clampToGround</altitudeMode><outerBoundaryIs><LinearRing><coordinates>132.35017397,-2.93589739,0 132.34982785,-2.93621162,0 132.35037692,-2.93658491,0 132.35017397,-2.93589739,0</coordinates></LinearRing></outerBoundaryIs></Polygon></Placemark><Placemark><name>Province Papua Barat - Bagian 0600</name><visibility>1</visibility><styleUrl>#papua-barat-google-earth</styleUrl><Polygon><extrude>0</extrude><tessellate>1</tessellate><altitudeMode>clampToGround</altitudeMode><outerBoundaryIs><LinearRing><coordinates>134.15897360,-2.04113456,0 134.15955933,-2.04093389,0 134.15921755,-2.04053636,0 134.15897360,-2.04113456,0</coordinates></LinearRing></outerBoundaryIs></Polygon></Placemark><Placemark><name>Province Papua Barat - Bagian 0601</name><visibility>1</visibility><styleUrl>#papua-barat-google-earth</styleUrl><Polygon><extrude>0</extrude><tessellate>1</tessellate><altitudeMode>clampToGround</altitudeMode><outerBoundaryIs><LinearRing><coordinates>134.15874749,-2.03972282,0 134.15931275,-2.03983647,0 134.15925325,-2.03929212,0 134.15874749,-2.03972282,0</coordinates></LinearRing></outerBoundaryIs></Polygon></Placemark><Placemark><name>Province Papua Barat - Bagian 0602</name><visibility>1</visibility><styleUrl>#papua-barat-google-earth</styleUrl><Polygon><extrude>0</extrude><tessellate>1</tessellate><altitudeMode>clampToGround</altitudeMode><outerBoundaryIs><LinearRing><coordinates>134.22867049,-1.78171136,0 134.22831943,-1.78107128,0 134.22823018,-1.78176519,0 134.22867049,-1.78171136,0</coordinates></LinearRing></outerBoundaryIs></Polygon></Placemark><Placemark><name>Province Papua Barat - Bagian 0603</name><visibility>1</visibility><styleUrl>#papua-barat-google-earth</styleUrl><Polygon><extrude>0</extrude><tessellate>1</tessellate><altitudeMode>clampToGround</altitudeMode><outerBoundaryIs><LinearRing><coordinates>134.15140785,-3.92137434,0 134.15136782,-3.92262857,0 134.15160464,-3.92265909,0 134.15140785,-3.92137434,0</coordinates></LinearRing></outerBoundaryIs></Polygon></Placemark><Placemark><name>Province Papua Barat - Bagian 0604</name><visibility>1</visibility><styleUrl>#papua-barat-google-earth</styleUrl><Polygon><extrude>0</extrude><tessellate>1</tessellate><altitudeMode>clampToGround</altitudeMode><outerBoundaryIs><LinearRing><coordinates>132.43944379,-2.62737580,0 132.43940372,-2.62784335,0 132.44004261,-2.62780971,0 132.43944379,-2.62737580,0</coordinates></LinearRing></outerBoundaryIs></Polygon></Placemark><Placemark><name>Province Papua Barat - Bagian 0605</name><visibility>1</visibility><styleUrl>#papua-barat-google-earth</styleUrl><Polygon><extrude>0</extrude><tessellate>1</tessellate><altitudeMode>clampToGround</altitudeMode><outerBoundaryIs><LinearRing><coordinates>132.63021355,-3.42147430,0 132.62959964,-3.42073905,0 132.62971386,-3.42136008,0 132.63021355,-3.42147430,0</coordinates></LinearRing></outerBoundaryIs></Polygon></Placemark><Placemark><name>Province Papua Barat - Bagian 0606</name><visibility>1</visibility><styleUrl>#papua-barat-google-earth</styleUrl><Polygon><extrude>0</extrude><tessellate>1</tessellate><altitudeMode>clampToGround</altitudeMode><outerBoundaryIs><LinearRing><coordinates>132.56325503,-2.68730117,0 132.56358153,-2.68659230,0 132.56324592,-2.68641108,0 132.56325503,-2.68730117,0</coordinates></LinearRing></outerBoundaryIs></Polygon></Placemark><Placemark><name>Province Papua Barat - Bagian 0607</name><visibility>1</visibility><styleUrl>#papua-barat-google-earth</styleUrl><Polygon><extrude>0</extrude><tessellate>1</tessellate><altitudeMode>clampToGround</altitudeMode><outerBoundaryIs><LinearRing><coordinates>133.69654280,-3.15779449,0 133.69676171,-3.15793726,0 133.69595269,-3.15607176,0 133.69654280,-3.15779449,0</coordinates></LinearRing></outerBoundaryIs></Polygon></Placemark><Placemark><name>Province Papua Barat - Bagian 0608</name><visibility>1</visibility><styleUrl>#papua-barat-google-earth</styleUrl><Polygon><extrude>0</extrude><tessellate>1</tessellate><altitudeMode>clampToGround</altitudeMode><outerBoundaryIs><LinearRing><coordinates>132.45965578,-2.64581677,0 132.46046864,-2.64577403,0 132.46044012,-2.64541789,0 132.45965578,-2.64581677,0</coordinates></LinearRing></outerBoundaryIs></Polygon></Placemark><Placemark><name>Province Papua Barat - Bagian 0609</name><visibility>1</visibility><styleUrl>#papua-barat-google-earth</styleUrl><Polygon><extrude>0</extrude><tessellate>1</tessellate><altitudeMode>clampToGround</altitudeMode><outerBoundaryIs><LinearRing><coordinates>134.05326675,-3.91798864,0 134.05276709,-3.91811349,0 134.05289351,-3.91866290,0 134.05326675,-3.91798864,0</coordinates></LinearRing></outerBoundaryIs></Polygon></Placemark><Placemark><name>Province Papua Barat - Bagian 0610</name><visibility>1</visibility><styleUrl>#papua-barat-google-earth</styleUrl><Polygon><extrude>0</extrude><tessellate>1</tessellate><altitudeMode>clampToGround</altitudeMode><outerBoundaryIs><LinearRing><coordinates>134.07249850,-3.94818066,0 134.07264297,-3.94838063,0 134.07284083,-3.94665217,0 134.07249850,-3.94818066,0</coordinates></LinearRing></outerBoundaryIs></Polygon></Placemark><Placemark><name>Province Papua Barat - Bagian 0611</name><visibility>1</visibility><styleUrl>#papua-barat-google-earth</styleUrl><Polygon><extrude>0</extrude><tessellate>1</tessellate><altitudeMode>clampToGround</altitudeMode><outerBoundaryIs><LinearRing><coordinates>132.46437579,-2.71189142,0 132.46455439,-2.71158184,0 132.46380309,-2.71127477,0 132.46437579,-2.71189142,0</coordinates></LinearRing></outerBoundaryIs></Polygon></Placemark><Placemark><name>Province Papua Barat - Bagian 0612</name><visibility>1</visibility><styleUrl>#papua-barat-google-earth</styleUrl><Polygon><extrude>0</extrude><tessellate>1</tessellate><altitudeMode>clampToGround</altitudeMode><outerBoundaryIs><LinearRing><coordinates>132.51480745,-2.68830082,0 132.51508229,-2.68812450,0 132.51448467,-2.68746479,0 132.51480745,-2.68830082,0</coordinates></LinearRing></outerBoundaryIs></Polygon></Placemark><Placemark><name>Province Papua Barat - Bagian 0613</name><visibility>1</visibility><styleUrl>#papua-barat-google-earth</styleUrl><Polygon><extrude>0</extrude><tessellate>1</tessellate><altitudeMode>clampToGround</altitudeMode><outerBoundaryIs><LinearRing><coordinates>134.13622362,-1.95825760,0 134.13582377,-1.95853756,0 134.13675199,-1.95860217,0 134.13622362,-1.95825760,0</coordinates></LinearRing></outerBoundaryIs></Polygon></Placemark><Placemark><name>Province Papua Barat - Bagian 0614</name><visibility>1</visibility><styleUrl>#papua-barat-google-earth</styleUrl><Polygon><extrude>0</extrude><tessellate>1</tessellate><altitudeMode>clampToGround</altitudeMode><outerBoundaryIs><LinearRing><coordinates>132.84297240,-3.29811594,0 132.84120305,-3.29868969,0 132.84143617,-3.29877461,0 132.84297240,-3.29811594,0</coordinates></LinearRing></outerBoundaryIs></Polygon></Placemark><Placemark><name>Province Papua Barat - Bagian 0615</name><visibility>1</visibility><styleUrl>#papua-barat-google-earth</styleUrl><Polygon><extrude>0</extrude><tessellate>1</tessellate><altitudeMode>clampToGround</altitudeMode><outerBoundaryIs><LinearRing><coordinates>132.47648385,-2.68507355,0 132.47674368,-2.68528223,0 132.47700889,-2.68440407,0 132.47648385,-2.68507355,0</coordinates></LinearRing></outerBoundaryIs></Polygon></Placemark><Placemark><name>Province Papua Barat - Bagian 0616</name><visibility>1</visibility><styleUrl>#papua-barat-google-earth</styleUrl><Polygon><extrude>0</extrude><tessellate>1</tessellate><altitudeMode>clampToGround</altitudeMode><outerBoundaryIs><LinearRing><coordinates>132.78962019,-3.27855216,0 132.78920642,-3.27852534,0 132.78941223,-3.27922071,0 132.78962019,-3.27855216,0</coordinates></LinearRing></outerBoundaryIs></Polygon></Placemark><Placemark><name>Province Papua Barat - Bagian 0617</name><visibility>1</visibility><styleUrl>#papua-barat-google-earth</styleUrl><Polygon><extrude>0</extrude><tessellate>1</tessellate><altitudeMode>clampToGround</altitudeMode><outerBoundaryIs><LinearRing><coordinates>134.40917616,-3.92518119,0 134.40928052,-3.92477178,0 134.40846331,-3.92529378,0 134.40917616,-3.92518119,0</coordinates></LinearRing></outerBoundaryIs></Polygon></Placemark><Placemark><name>Province Papua Barat - Bagian 0618</name><visibility>1</visibility><styleUrl>#papua-barat-google-earth</styleUrl><Polygon><extrude>0</extrude><tessellate>1</tessellate><altitudeMode>clampToGround</altitudeMode><outerBoundaryIs><LinearRing><coordinates>134.04787966,-3.79237804,0 134.04749418,-3.79108837,0 134.04729431,-3.79114548,0 134.04787966,-3.79237804,0</coordinates></LinearRing></outerBoundaryIs></Polygon></Placemark><Placemark><name>Province Papua Barat - Bagian 0619</name><visibility>1</visibility><styleUrl>#papua-barat-google-earth</styleUrl><Polygon><extrude>0</extrude><tessellate>1</tessellate><altitudeMode>clampToGround</altitudeMode><outerBoundaryIs><LinearRing><coordinates>132.64916856,-2.73316989,0 132.64848410,-2.73304757,0 132.64859288,-2.73347564,0 132.64916856,-2.73316989,0</coordinates></LinearRing></outerBoundaryIs></Polygon></Placemark><Placemark><name>Province Papua Barat - Bagian 0620</name><visibility>1</visibility><styleUrl>#papua-barat-google-earth</styleUrl><Polygon><extrude>0</extrude><tessellate>1</tessellate><altitudeMode>clampToGround</altitudeMode><outerBoundaryIs><LinearRing><coordinates>132.48242924,-2.62851815,0 132.48246078,-2.62795879,0 132.48195196,-2.62813258,0 132.48242924,-2.62851815,0</coordinates></LinearRing></outerBoundaryIs></Polygon></Placemark><Placemark><name>Province Papua Barat - Bagian 0621</name><visibility>1</visibility><styleUrl>#papua-barat-google-earth</styleUrl><Polygon><extrude>0</extrude><tessellate>1</tessellate><altitudeMode>clampToGround</altitudeMode><outerBoundaryIs><LinearRing><coordinates>134.23353026,-4.03628681,0 134.23386841,-4.03711005,0 134.23407727,-4.03680103,0 134.23353026,-4.03628681,0</coordinates></LinearRing></outerBoundaryIs></Polygon></Placemark><Placemark><name>Province Papua Barat - Bagian 0622</name><visibility>1</visibility><styleUrl>#papua-barat-google-earth</styleUrl><Polygon><extrude>0</extrude><tessellate>1</tessellate><altitudeMode>clampToGround</altitudeMode><outerBoundaryIs><LinearRing><coordinates>133.76860348,-3.02399940,0 133.76860348,-3.02318444,0 133.76826441,-3.02336290,0 133.76860348,-3.02399940,0</coordinates></LinearRing></outerBoundaryIs></Polygon></Placemark><Placemark><name>Province Papua Barat - Bagian 0623</name><visibility>1</visibility><styleUrl>#papua-barat-google-earth</styleUrl><Polygon><extrude>0</extrude><tessellate>1</tessellate><altitudeMode>clampToGround</altitudeMode><outerBoundaryIs><LinearRing><coordinates>132.05702835,-2.73439451,0 132.05759812,-2.73438982,0 132.05777743,-2.73390342,0 132.05702835,-2.73439451,0</coordinates></LinearRing></outerBoundaryIs></Polygon></Placemark><Placemark><name>Province Papua Barat - Bagian 0624</name><visibility>1</visibility><styleUrl>#papua-barat-google-earth</styleUrl><Polygon><extrude>0</extrude><tessellate>1</tessellate><altitudeMode>clampToGround</altitudeMode><outerBoundaryIs><LinearRing><coordinates>134.04631040,-3.78901983,0 134.04663163,-3.78891870,0 134.04620927,-3.78819297,0 134.04631040,-3.78901983,0</coordinates></LinearRing></outerBoundaryIs></Polygon></Placemark><Placemark><name>Province Papua Barat - Bagian 0625</name><visibility>1</visibility><styleUrl>#papua-barat-google-earth</styleUrl><Polygon><extrude>0</extrude><tessellate>1</tessellate><altitudeMode>clampToGround</altitudeMode><outerBoundaryIs><LinearRing><coordinates>134.33700597,-2.58027264,0 134.33644055,-2.58040068,0 134.33640734,-2.58089126,0 134.33700597,-2.58027264,0</coordinates></LinearRing></outerBoundaryIs></Polygon></Placemark><Placemark><name>Province Papua Barat - Bagian 0626</name><visibility>1</visibility><styleUrl>#papua-barat-google-earth</styleUrl><Polygon><extrude>0</extrude><tessellate>1</tessellate><altitudeMode>clampToGround</altitudeMode><outerBoundaryIs><LinearRing><coordinates>132.60599139,-2.70599161,0 132.60541347,-2.70600531,0 132.60547362,-2.70647567,0 132.60599139,-2.70599161,0</coordinates></LinearRing></outerBoundaryIs></Polygon></Placemark><Placemark><name>Province Papua Barat - Bagian 0627</name><visibility>1</visibility><styleUrl>#papua-barat-google-earth</styleUrl><Polygon><extrude>0</extrude><tessellate>1</tessellate><altitudeMode>clampToGround</altitudeMode><outerBoundaryIs><LinearRing><coordinates>134.30773316,-3.97852351,0 134.30740003,-3.97850447,0 134.30733341,-3.97931349,0 134.30773316,-3.97852351,0</coordinates></LinearRing></outerBoundaryIs></Polygon></Placemark><Placemark><name>Province Papua Barat - Bagian 0628</name><visibility>1</visibility><styleUrl>#papua-barat-google-earth</styleUrl><Polygon><extrude>0</extrude><tessellate>1</tessellate><altitudeMode>clampToGround</altitudeMode><outerBoundaryIs><LinearRing><coordinates>134.00597232,-3.81739793,0 134.00664941,-3.81714884,0 134.00650347,-3.81680324,0 134.00597232,-3.81739793,0</coordinates></LinearRing></outerBoundaryIs></Polygon></Placemark><Placemark><name>Province Papua Barat - Bagian 0629</name><visibility>1</visibility><styleUrl>#papua-barat-google-earth</styleUrl><Polygon><extrude>0</extrude><tessellate>1</tessellate><altitudeMode>clampToGround</altitudeMode><outerBoundaryIs><LinearRing><coordinates>132.57830765,-2.68803010,0 132.57882790,-2.68792978,0 132.57854550,-2.68746843,0 132.57830765,-2.68803010,0</coordinates></LinearRing></outerBoundaryIs></Polygon></Placemark><Placemark><name>Province Papua Barat - Bagian 0630</name><visibility>1</visibility><styleUrl>#papua-barat-google-earth</styleUrl><Polygon><extrude>0</extrude><tessellate>1</tessellate><altitudeMode>clampToGround</altitudeMode><outerBoundaryIs><LinearRing><coordinates>133.91139737,-3.73293878,0 133.91183341,-3.73294176,0 133.91188992,-3.73233202,0 133.91139737,-3.73293878,0</coordinates></LinearRing></outerBoundaryIs></Polygon></Placemark><Placemark><name>Province Papua Barat - Bagian 0631</name><visibility>1</visibility><styleUrl>#papua-barat-google-earth</styleUrl><Polygon><extrude>0</extrude><tessellate>1</tessellate><altitudeMode>clampToGround</altitudeMode><outerBoundaryIs><LinearRing><coordinates>132.51256588,-2.67875825,0 132.51236769,-2.67903814,0 132.51305828,-2.67940399,0 132.51256588,-2.67875825,0</coordinates></LinearRing></outerBoundaryIs></Polygon></Placemark><Placemark><name>Province Papua Barat - Bagian 0632</name><visibility>1</visibility><styleUrl>#papua-barat-google-earth</styleUrl><Polygon><extrude>0</extrude><tessellate>1</tessellate><altitudeMode>clampToGround</altitudeMode><outerBoundaryIs><LinearRing><coordinates>132.47414833,-2.68674329,0 132.47322441,-2.68710143,0 132.47326010,-2.68737507,0 132.47414833,-2.68674329,0</coordinates></LinearRing></outerBoundaryIs></Polygon></Placemark><Placemark><name>Province Papua Barat - Bagian 0633</name><visibility>1</visibility><styleUrl>#papua-barat-google-earth</styleUrl><Polygon><extrude>0</extrude><tessellate>1</tessellate><altitudeMode>clampToGround</altitudeMode><outerBoundaryIs><LinearRing><coordinates>132.10552194,-2.74301040,0 132.10515353,-2.74331903,0 132.10555759,-2.74369888,0 132.10552194,-2.74301040,0</coordinates></LinearRing></outerBoundaryIs></Polygon></Placemark><Placemark><name>Province Papua Barat - Bagian 0634</name><visibility>1</visibility><styleUrl>#papua-barat-google-earth</styleUrl><Polygon><extrude>0</extrude><tessellate>1</tessellate><altitudeMode>clampToGround</altitudeMode><outerBoundaryIs><LinearRing><coordinates>133.91636402,-3.74732204,0 133.91594209,-3.74804492,0 133.91622588,-3.74818430,0 133.91636402,-3.74732204,0</coordinates></LinearRing></outerBoundaryIs></Polygon></Placemark><Placemark><name>Province Papua Barat - Bagian 0635</name><visibility>1</visibility><styleUrl>#papua-barat-google-earth</styleUrl><Polygon><extrude>0</extrude><tessellate>1</tessellate><altitudeMode>clampToGround</altitudeMode><outerBoundaryIs><LinearRing><coordinates>134.03299616,-3.81378976,0 134.03286494,-3.81335599,0 134.03241872,-3.81388763,0 134.03299616,-3.81378976,0</coordinates></LinearRing></outerBoundaryIs></Polygon></Placemark><Placemark><name>Province Papua Barat - Bagian 0636</name><visibility>1</visibility><styleUrl>#papua-barat-google-earth</styleUrl><Polygon><extrude>0</extrude><tessellate>1</tessellate><altitudeMode>clampToGround</altitudeMode><outerBoundaryIs><LinearRing><coordinates>132.57922870,-2.69004378,0 132.57956865,-2.69020678,0 132.57978760,-2.68953936,0 132.57922870,-2.69004378,0</coordinates></LinearRing></outerBoundaryIs></Polygon></Placemark><Placemark><name>Province Papua Barat - Bagian 0637</name><visibility>1</visibility><styleUrl>#papua-barat-google-earth</styleUrl><Polygon><extrude>0</extrude><tessellate>1</tessellate><altitudeMode>clampToGround</altitudeMode><outerBoundaryIs><LinearRing><coordinates>134.33588465,-3.96766728,0 134.33521364,-3.96771011,0 134.33529930,-3.96809558,0 134.33588465,-3.96766728,0</coordinates></LinearRing></outerBoundaryIs></Polygon></Placemark><Placemark><name>Province Papua Barat - Bagian 0638</name><visibility>1</visibility><styleUrl>#papua-barat-google-earth</styleUrl><Polygon><extrude>0</extrude><tessellate>1</tessellate><altitudeMode>clampToGround</altitudeMode><outerBoundaryIs><LinearRing><coordinates>133.69025150,-3.15077984,0 133.68905225,-3.15080839,0 133.68904274,-3.15102730,0 133.69025150,-3.15077984,0</coordinates></LinearRing></outerBoundaryIs></Polygon></Placemark><Placemark><name>Province Papua Barat - Bagian 0639</name><visibility>1</visibility><styleUrl>#papua-barat-google-earth</styleUrl><Polygon><extrude>0</extrude><tessellate>1</tessellate><altitudeMode>clampToGround</altitudeMode><outerBoundaryIs><LinearRing><coordinates>134.02127686,-3.84873310,0 134.02121142,-3.84811444,0 134.02080096,-3.84822746,0 134.02127686,-3.84873310,0</coordinates></LinearRing></outerBoundaryIs></Polygon></Placemark><Placemark><name>Province Papua Barat - Bagian 0640</name><visibility>1</visibility><styleUrl>#papua-barat-google-earth</styleUrl><Polygon><extrude>0</extrude><tessellate>1</tessellate><altitudeMode>clampToGround</altitudeMode><outerBoundaryIs><LinearRing><coordinates>132.45837231,-2.64447768,0 132.45868604,-2.64477684,0 132.45891422,-2.64416428,0 132.45837231,-2.64447768,0</coordinates></LinearRing></outerBoundaryIs></Polygon></Placemark><Placemark><name>Province Papua Barat - Bagian 0641</name><visibility>1</visibility><styleUrl>#papua-barat-google-earth</styleUrl><Polygon><extrude>0</extrude><tessellate>1</tessellate><altitudeMode>clampToGround</altitudeMode><outerBoundaryIs><LinearRing><coordinates>132.48241930,-2.63078523,0 132.48194881,-2.63134808,0 132.48218295,-2.63161952,0 132.48241930,-2.63078523,0</coordinates></LinearRing></outerBoundaryIs></Polygon></Placemark><Placemark><name>Province Papua Barat - Bagian 0642</name><visibility>1</visibility><styleUrl>#papua-barat-google-earth</styleUrl><Polygon><extrude>0</extrude><tessellate>1</tessellate><altitudeMode>clampToGround</altitudeMode><outerBoundaryIs><LinearRing><coordinates>133.70064409,-3.19973070,0 133.70013012,-3.19988299,0 133.70034903,-3.20032081,0 133.70064409,-3.19973070,0</coordinates></LinearRing></outerBoundaryIs></Polygon></Placemark><Placemark><name>Province Papua Barat - Bagian 0643</name><visibility>1</visibility><styleUrl>#papua-barat-google-earth</styleUrl><Polygon><extrude>0</extrude><tessellate>1</tessellate><altitudeMode>clampToGround</altitudeMode><outerBoundaryIs><LinearRing><coordinates>133.63211823,-3.41831197,0 133.63201712,-3.41810225,0 133.63118892,-3.41891942,0 133.63211823,-3.41831197,0</coordinates></LinearRing></outerBoundaryIs></Polygon></Placemark><Placemark><name>Province Papua Barat - Bagian 0644</name><visibility>1</visibility><styleUrl>#papua-barat-google-earth</styleUrl><Polygon><extrude>0</extrude><tessellate>1</tessellate><altitudeMode>clampToGround</altitudeMode><outerBoundaryIs><LinearRing><coordinates>134.15478518,-3.92165204,0 134.15476560,-3.92208142,0 134.15536522,-3.92199100,0 134.15478518,-3.92165204,0</coordinates></LinearRing></outerBoundaryIs></Polygon></Placemark><Placemark><name>Province Papua Barat - Bagian 0645</name><visibility>1</visibility><styleUrl>#papua-barat-google-earth</styleUrl><Polygon><extrude>0</extrude><tessellate>1</tessellate><altitudeMode>clampToGround</altitudeMode><outerBoundaryIs><LinearRing><coordinates>132.50471262,-2.66604437,0 132.50439428,-2.66618573,0 132.50489463,-2.66676554,0 132.50471262,-2.66604437,0</coordinates></LinearRing></outerBoundaryIs></Polygon></Placemark><Placemark><name>Province Papua Barat - Bagian 0646</name><visibility>1</visibility><styleUrl>#papua-barat-google-earth</styleUrl><Polygon><extrude>0</extrude><tessellate>1</tessellate><altitudeMode>clampToGround</altitudeMode><outerBoundaryIs><LinearRing><coordinates>132.61190995,-2.70971736,0 132.61237590,-2.70926059,0 132.61202507,-2.70905718,0 132.61190995,-2.70971736,0</coordinates></LinearRing></outerBoundaryIs></Polygon></Placemark><Placemark><name>Province Papua Barat - Bagian 0647</name><visibility>1</visibility><styleUrl>#papua-barat-google-earth</styleUrl><Polygon><extrude>0</extrude><tessellate>1</tessellate><altitudeMode>clampToGround</altitudeMode><outerBoundaryIs><LinearRing><coordinates>132.65035325,-2.73619898,0 132.65057834,-2.73603060,0 132.65025607,-2.73514063,0 132.65035325,-2.73619898,0</coordinates></LinearRing></outerBoundaryIs></Polygon></Placemark><Placemark><name>Province Papua Barat - Bagian 0648</name><visibility>1</visibility><styleUrl>#papua-barat-google-earth</styleUrl><Polygon><extrude>0</extrude><tessellate>1</tessellate><altitudeMode>clampToGround</altitudeMode><outerBoundaryIs><LinearRing><coordinates>132.59270539,-3.16782025,0 132.59212475,-3.16789183,0 132.59235244,-3.16829894,0 132.59270539,-3.16782025,0</coordinates></LinearRing></outerBoundaryIs></Polygon></Placemark><Placemark><name>Province Papua Barat - Bagian 0649</name><visibility>1</visibility><styleUrl>#papua-barat-google-earth</styleUrl><Polygon><extrude>0</extrude><tessellate>1</tessellate><altitudeMode>clampToGround</altitudeMode><outerBoundaryIs><LinearRing><coordinates>134.05848930,-3.82058457,0 134.05878911,-3.82012296,0 134.05819900,-3.82018958,0 134.05848930,-3.82058457,0</coordinates></LinearRing></outerBoundaryIs></Polygon></Placemark><Placemark><name>Province Papua Barat - Bagian 0650</name><visibility>1</visibility><styleUrl>#papua-barat-google-earth</styleUrl><Polygon><extrude>0</extrude><tessellate>1</tessellate><altitudeMode>clampToGround</altitudeMode><outerBoundaryIs><LinearRing><coordinates>134.15539594,-1.95856177,0 134.15569939,-1.95864552,0 134.15581244,-1.95784992,0 134.15539594,-1.95856177,0</coordinates></LinearRing></outerBoundaryIs></Polygon></Placemark><Placemark><name>Province Papua Barat - Bagian 0651</name><visibility>1</visibility><styleUrl>#papua-barat-google-earth</styleUrl><Polygon><extrude>0</extrude><tessellate>1</tessellate><altitudeMode>clampToGround</altitudeMode><outerBoundaryIs><LinearRing><coordinates>132.82731176,-3.96184412,0 132.82767344,-3.96168232,0 132.82732603,-3.96114932,0 132.82731176,-3.96184412,0</coordinates></LinearRing></outerBoundaryIs></Polygon></Placemark><Placemark><name>Province Papua Barat - Bagian 0652</name><visibility>1</visibility><styleUrl>#papua-barat-google-earth</styleUrl><Polygon><extrude>0</extrude><tessellate>1</tessellate><altitudeMode>clampToGround</altitudeMode><outerBoundaryIs><LinearRing><coordinates>132.59227776,-2.69027637,0 132.59208375,-2.68988360,0 132.59154964,-2.69007961,0 132.59227776,-2.69027637,0</coordinates></LinearRing></outerBoundaryIs></Polygon></Placemark><Placemark><name>Province Papua Barat - Bagian 0653</name><visibility>1</visibility><styleUrl>#papua-barat-google-earth</styleUrl><Polygon><extrude>0</extrude><tessellate>1</tessellate><altitudeMode>clampToGround</altitudeMode><outerBoundaryIs><LinearRing><coordinates>133.83613574,-3.61800826,0 133.83636179,-3.61765432,0 133.83582938,-3.61739258,0 133.83613574,-3.61800826,0</coordinates></LinearRing></outerBoundaryIs></Polygon></Placemark><Placemark><name>Province Papua Barat - Bagian 0654</name><visibility>1</visibility><styleUrl>#papua-barat-google-earth</styleUrl><Polygon><extrude>0</extrude><tessellate>1</tessellate><altitudeMode>clampToGround</altitudeMode><outerBoundaryIs><LinearRing><coordinates>134.24756610,-4.00707752,0 134.24752108,-4.00759997,0 134.24802135,-4.00729136,0 134.24756610,-4.00707752,0</coordinates></LinearRing></outerBoundaryIs></Polygon></Placemark><Placemark><name>Province Papua Barat - Bagian 0655</name><visibility>1</visibility><styleUrl>#papua-barat-google-earth</styleUrl><Polygon><extrude>0</extrude><tessellate>1</tessellate><altitudeMode>clampToGround</altitudeMode><outerBoundaryIs><LinearRing><coordinates>133.99527922,-3.82706923,0 133.99569324,-3.82727981,0 133.99605016,-3.82686935,0 133.99527922,-3.82706923,0</coordinates></LinearRing></outerBoundaryIs></Polygon></Placemark><Placemark><name>Province Papua Barat - Bagian 0656</name><visibility>1</visibility><styleUrl>#papua-barat-google-earth</styleUrl><Polygon><extrude>0</extrude><tessellate>1</tessellate><altitudeMode>clampToGround</altitudeMode><outerBoundaryIs><LinearRing><coordinates>132.68413451,-3.43583673,0 132.68449619,-3.43626503,0 132.68470558,-3.43583673,0 132.68413451,-3.43583673,0</coordinates></LinearRing></outerBoundaryIs></Polygon></Placemark><Placemark><name>Province Papua Barat - Bagian 0657</name><visibility>1</visibility><styleUrl>#papua-barat-google-earth</styleUrl><Polygon><extrude>0</extrude><tessellate>1</tessellate><altitudeMode>clampToGround</altitudeMode><outerBoundaryIs><LinearRing><coordinates>132.60227434,-3.16452458,0 132.60227111,-3.16391844,0 132.60186998,-3.16388962,0 132.60227434,-3.16452458,0</coordinates></LinearRing></outerBoundaryIs></Polygon></Placemark><Placemark><name>Province Papua Barat - Bagian 0658</name><visibility>1</visibility><styleUrl>#papua-barat-google-earth</styleUrl><Polygon><extrude>0</extrude><tessellate>1</tessellate><altitudeMode>clampToGround</altitudeMode><outerBoundaryIs><LinearRing><coordinates>133.99599847,-3.82193463,0 133.99548370,-3.82174958,0 133.99541564,-3.82219471,0 133.99599847,-3.82193463,0</coordinates></LinearRing></outerBoundaryIs></Polygon></Placemark><Placemark><name>Province Papua Barat - Bagian 0659</name><visibility>1</visibility><styleUrl>#papua-barat-google-earth</styleUrl><Polygon><extrude>0</extrude><tessellate>1</tessellate><altitudeMode>clampToGround</altitudeMode><outerBoundaryIs><LinearRing><coordinates>132.47379155,-2.70808862,0 132.47320648,-2.70824898,0 132.47339645,-2.70860718,0 132.47379155,-2.70808862,0</coordinates></LinearRing></outerBoundaryIs></Polygon></Placemark><Placemark><name>Province Papua Barat - Bagian 0660</name><visibility>1</visibility><styleUrl>#papua-barat-google-earth</styleUrl><Polygon><extrude>0</extrude><tessellate>1</tessellate><altitudeMode>clampToGround</altitudeMode><outerBoundaryIs><LinearRing><coordinates>134.15004269,-3.92246185,0 134.15053287,-3.92319762,0 134.15068450,-3.92293735,0 134.15004269,-3.92246185,0</coordinates></LinearRing></outerBoundaryIs></Polygon></Placemark><Placemark><name>Province Papua Barat - Bagian 0661</name><visibility>1</visibility><styleUrl>#papua-barat-google-earth</styleUrl><Polygon><extrude>0</extrude><tessellate>1</tessellate><altitudeMode>clampToGround</altitudeMode><outerBoundaryIs><LinearRing><coordinates>133.91692928,-3.75848181,0 133.91635975,-3.75826062,0 133.91647947,-3.75872505,0 133.91692928,-3.75848181,0</coordinates></LinearRing></outerBoundaryIs></Polygon></Placemark><Placemark><name>Province Papua Barat - Bagian 0662</name><visibility>1</visibility><styleUrl>#papua-barat-google-earth</styleUrl><Polygon><extrude>0</extrude><tessellate>1</tessellate><altitudeMode>clampToGround</altitudeMode><outerBoundaryIs><LinearRing><coordinates>132.67306169,-3.47313835,0 132.67257628,-3.47420434,0 132.67279519,-3.47421386,0 132.67306169,-3.47313835,0</coordinates></LinearRing></outerBoundaryIs></Polygon></Placemark><Placemark><name>Province Papua Barat - Bagian 0663</name><visibility>1</visibility><styleUrl>#papua-barat-google-earth</styleUrl><Polygon><extrude>0</extrude><tessellate>1</tessellate><altitudeMode>clampToGround</altitudeMode><outerBoundaryIs><LinearRing><coordinates>132.51400937,-2.64231471,0 132.51354884,-2.64223511,0 132.51356954,-2.64275526,0 132.51400937,-2.64231471,0</coordinates></LinearRing></outerBoundaryIs></Polygon></Placemark><Placemark><name>Province Papua Barat - Bagian 0664</name><visibility>1</visibility><styleUrl>#papua-barat-google-earth</styleUrl><Polygon><extrude>0</extrude><tessellate>1</tessellate><altitudeMode>clampToGround</altitudeMode><outerBoundaryIs><LinearRing><coordinates>133.82328045,-3.56835587,0 133.82395621,-3.56885080,0 133.82410548,-3.56860884,0 133.82328045,-3.56835587,0</coordinates></LinearRing></outerBoundaryIs></Polygon></Placemark><Placemark><name>Province Papua Barat - Bagian 0665</name><visibility>1</visibility><styleUrl>#papua-barat-google-earth</styleUrl><Polygon><extrude>0</extrude><tessellate>1</tessellate><altitudeMode>clampToGround</altitudeMode><outerBoundaryIs><LinearRing><coordinates>134.04251592,-0.93237284,0 134.04185546,-0.93249846,0 134.04196256,-0.93283345,0 134.04251592,-0.93237284,0</coordinates></LinearRing></outerBoundaryIs></Polygon></Placemark><Placemark><name>Province Papua Barat - Bagian 0666</name><visibility>1</visibility><styleUrl>#papua-barat-google-earth</styleUrl><Polygon><extrude>0</extrude><tessellate>1</tessellate><altitudeMode>clampToGround</altitudeMode><outerBoundaryIs><LinearRing><coordinates>134.12597387,-2.03237568,0 134.12555737,-2.03304566,0 134.12583702,-2.03315932,0 134.12597387,-2.03237568,0</coordinates></LinearRing></outerBoundaryIs></Polygon></Placemark><Placemark><name>Province Papua Barat - Bagian 0667</name><visibility>1</visibility><styleUrl>#papua-barat-google-earth</styleUrl><Polygon><extrude>0</extrude><tessellate>1</tessellate><altitudeMode>clampToGround</altitudeMode><outerBoundaryIs><LinearRing><coordinates>133.92112488,-3.84329320,0 133.92065242,-3.84304456,0 133.92060751,-3.84351726,0 133.92112488,-3.84329320,0</coordinates></LinearRing></outerBoundaryIs></Polygon></Placemark><Placemark><name>Province Papua Barat - Bagian 0668</name><visibility>1</visibility><styleUrl>#papua-barat-google-earth</styleUrl><Polygon><extrude>0</extrude><tessellate>1</tessellate><altitudeMode>clampToGround</altitudeMode><outerBoundaryIs><LinearRing><coordinates>132.43081252,-2.62913163,0 132.43151251,-2.62897137,0 132.43136804,-2.62867121,0 132.43081252,-2.62913163,0</coordinates></LinearRing></outerBoundaryIs></Polygon></Placemark><Placemark><name>Province Papua Barat - Bagian 0669</name><visibility>1</visibility><styleUrl>#papua-barat-google-earth</styleUrl><Polygon><extrude>0</extrude><tessellate>1</tessellate><altitudeMode>clampToGround</altitudeMode><outerBoundaryIs><LinearRing><coordinates>132.16892234,-2.70635691,0 132.16890730,-2.70600113,0 132.16825572,-2.70607602,0 132.16892234,-2.70635691,0</coordinates></LinearRing></outerBoundaryIs></Polygon></Placemark><Placemark><name>Province Papua Barat - Bagian 0670</name><visibility>1</visibility><styleUrl>#papua-barat-google-earth</styleUrl><Polygon><extrude>0</extrude><tessellate>1</tessellate><altitudeMode>clampToGround</altitudeMode><outerBoundaryIs><LinearRing><coordinates>132.07966768,-2.71270267,0 132.07967308,-2.71221268,0 132.07919959,-2.71215308,0 132.07966768,-2.71270267,0</coordinates></LinearRing></outerBoundaryIs></Polygon></Placemark><Placemark><name>Province Papua Barat - Bagian 0671</name><visibility>1</visibility><styleUrl>#papua-barat-google-earth</styleUrl><Polygon><extrude>0</extrude><tessellate>1</tessellate><altitudeMode>clampToGround</altitudeMode><outerBoundaryIs><LinearRing><coordinates>132.49111086,-2.63123745,0 132.49064989,-2.63138512,0 132.49079240,-2.63183995,0 132.49111086,-2.63123745,0</coordinates></LinearRing></outerBoundaryIs></Polygon></Placemark><Placemark><name>Province Papua Barat - Bagian 0672</name><visibility>1</visibility><styleUrl>#papua-barat-google-earth</styleUrl><Polygon><extrude>0</extrude><tessellate>1</tessellate><altitudeMode>clampToGround</altitudeMode><outerBoundaryIs><LinearRing><coordinates>132.44831296,-2.72050907,0 132.44871109,-2.72031469,0 132.44851021,-2.71983549,0 132.44831296,-2.72050907,0</coordinates></LinearRing></outerBoundaryIs></Polygon></Placemark><Placemark><name>Province Papua Barat - Bagian 0673</name><visibility>1</visibility><styleUrl>#papua-barat-google-earth</styleUrl><Polygon><extrude>0</extrude><tessellate>1</tessellate><altitudeMode>clampToGround</altitudeMode><outerBoundaryIs><LinearRing><coordinates>134.10533628,-3.82762649,0 134.10511356,-3.82748373,0 134.10459673,-3.82818124,0 134.10533628,-3.82762649,0</coordinates></LinearRing></outerBoundaryIs></Polygon></Placemark><Placemark><name>Province Papua Barat - Bagian 0674</name><visibility>1</visibility><styleUrl>#papua-barat-google-earth</styleUrl><Polygon><extrude>0</extrude><tessellate>1</tessellate><altitudeMode>clampToGround</altitudeMode><outerBoundaryIs><LinearRing><coordinates>132.50954510,-2.67337120,0 132.50919042,-2.67315733,0 132.50920969,-2.67381289,0 132.50954510,-2.67337120,0</coordinates></LinearRing></outerBoundaryIs></Polygon></Placemark><Placemark><name>Province Papua Barat - Bagian 0675</name><visibility>1</visibility><styleUrl>#papua-barat-google-earth</styleUrl><Polygon><extrude>0</extrude><tessellate>1</tessellate><altitudeMode>clampToGround</altitudeMode><outerBoundaryIs><LinearRing><coordinates>134.19367184,-4.01464530,0 134.19404744,-4.01460274,0 134.19393077,-4.01400963,0 134.19367184,-4.01464530,0</coordinates></LinearRing></outerBoundaryIs></Polygon></Placemark><Placemark><name>Province Papua Barat - Bagian 0676</name><visibility>1</visibility><styleUrl>#papua-barat-google-earth</styleUrl><Polygon><extrude>0</extrude><tessellate>1</tessellate><altitudeMode>clampToGround</altitudeMode><outerBoundaryIs><LinearRing><coordinates>132.60699837,-2.70570343,0 132.60714574,-2.70543854,0 132.60650926,-2.70504157,0 132.60699837,-2.70570343,0</coordinates></LinearRing></outerBoundaryIs></Polygon></Placemark><Placemark><name>Province Papua Barat - Bagian 0677</name><visibility>1</visibility><styleUrl>#papua-barat-google-earth</styleUrl><Polygon><extrude>0</extrude><tessellate>1</tessellate><altitudeMode>clampToGround</altitudeMode><outerBoundaryIs><LinearRing><coordinates>134.05717227,-3.81799691,0 134.05691171,-3.81781845,0 134.05632280,-3.81827887,0 134.05717227,-3.81799691,0</coordinates></LinearRing></outerBoundaryIs></Polygon></Placemark><Placemark><name>Province Papua Barat - Bagian 0678</name><visibility>1</visibility><styleUrl>#papua-barat-google-earth</styleUrl><Polygon><extrude>0</extrude><tessellate>1</tessellate><altitudeMode>clampToGround</altitudeMode><outerBoundaryIs><LinearRing><coordinates>133.99700227,-3.81792640,0 133.99714418,-3.81749832,0 133.99663982,-3.81743413,0 133.99700227,-3.81792640,0</coordinates></LinearRing></outerBoundaryIs></Polygon></Placemark><Placemark><name>Province Papua Barat - Bagian 0679</name><visibility>1</visibility><styleUrl>#papua-barat-google-earth</styleUrl><Polygon><extrude>0</extrude><tessellate>1</tessellate><altitudeMode>clampToGround</altitudeMode><outerBoundaryIs><LinearRing><coordinates>132.44973253,-2.64635880,0 132.44974495,-2.64666038,0 132.45048404,-2.64651769,0 132.44973253,-2.64635880,0</coordinates></LinearRing></outerBoundaryIs></Polygon></Placemark><Placemark><name>Province Papua Barat - Bagian 0680</name><visibility>1</visibility><styleUrl>#papua-barat-google-earth</styleUrl><Polygon><extrude>0</extrude><tessellate>1</tessellate><altitudeMode>clampToGround</altitudeMode><outerBoundaryIs><LinearRing><coordinates>132.85744059,-3.48027952,0 132.85758336,-3.48086962,0 132.85792600,-3.48071734,0 132.85744059,-3.48027952,0</coordinates></LinearRing></outerBoundaryIs></Polygon></Placemark><Placemark><name>Province Papua Barat - Bagian 0681</name><visibility>1</visibility><styleUrl>#papua-barat-google-earth</styleUrl><Polygon><extrude>0</extrude><tessellate>1</tessellate><altitudeMode>clampToGround</altitudeMode><outerBoundaryIs><LinearRing><coordinates>134.23636733,-4.04128356,0 134.23621336,-4.04204407,0 134.23656772,-4.04174722,0 134.23636733,-4.04128356,0</coordinates></LinearRing></outerBoundaryIs></Polygon></Placemark><Placemark><name>Province Papua Barat - Bagian 0682</name><visibility>1</visibility><styleUrl>#papua-barat-google-earth</styleUrl><Polygon><extrude>0</extrude><tessellate>1</tessellate><altitudeMode>clampToGround</altitudeMode><outerBoundaryIs><LinearRing><coordinates>132.44115360,-2.64074545,0 132.44108756,-2.64116487,0 132.44159570,-2.64132326,0 132.44115360,-2.64074545,0</coordinates></LinearRing></outerBoundaryIs></Polygon></Placemark><Placemark><name>Province Papua Barat - Bagian 0683</name><visibility>1</visibility><styleUrl>#papua-barat-google-earth</styleUrl><Polygon><extrude>0</extrude><tessellate>1</tessellate><altitudeMode>clampToGround</altitudeMode><outerBoundaryIs><LinearRing><coordinates>133.83713793,-3.58287056,0 133.83752757,-3.58318881,0 133.83754244,-3.58262964,0 133.83713793,-3.58287056,0</coordinates></LinearRing></outerBoundaryIs></Polygon></Placemark><Placemark><name>Province Papua Barat - Bagian 0684</name><visibility>1</visibility><styleUrl>#papua-barat-google-earth</styleUrl><Polygon><extrude>0</extrude><tessellate>1</tessellate><altitudeMode>clampToGround</altitudeMode><outerBoundaryIs><LinearRing><coordinates>133.95064756,-3.85119745,0 133.95160249,-3.85122202,0 133.95174208,-3.85099324,0 133.95064756,-3.85119745,0</coordinates></LinearRing></outerBoundaryIs></Polygon></Placemark><Placemark><name>Province Papua Barat - Bagian 0685</name><visibility>1</visibility><styleUrl>#papua-barat-google-earth</styleUrl><Polygon><extrude>0</extrude><tessellate>1</tessellate><altitudeMode>clampToGround</altitudeMode><outerBoundaryIs><LinearRing><coordinates>132.56030092,-2.68713802,0 132.56072108,-2.68686771,0 132.56044332,-2.68651940,0 132.56030092,-2.68713802,0</coordinates></LinearRing></outerBoundaryIs></Polygon></Placemark><Placemark><name>Province Papua Barat - Bagian 0686</name><visibility>1</visibility><styleUrl>#papua-barat-google-earth</styleUrl><Polygon><extrude>0</extrude><tessellate>1</tessellate><altitudeMode>clampToGround</altitudeMode><outerBoundaryIs><LinearRing><coordinates>133.96558483,-3.85237547,0 133.96524379,-3.85164152,0 133.96506617,-3.85190843,0 133.96558483,-3.85237547,0</coordinates></LinearRing></outerBoundaryIs></Polygon></Placemark><Placemark><name>Province Papua Barat - Bagian 0687</name><visibility>1</visibility><styleUrl>#papua-barat-google-earth</styleUrl><Polygon><extrude>0</extrude><tessellate>1</tessellate><altitudeMode>clampToGround</altitudeMode><outerBoundaryIs><LinearRing><coordinates>132.80608881,-3.94282886,0 132.80569628,-3.94187907,0 132.80574812,-3.94256784,0 132.80608881,-3.94282886,0</coordinates></LinearRing></outerBoundaryIs></Polygon></Placemark><Placemark><name>Province Papua Barat - Bagian 0688</name><visibility>1</visibility><styleUrl>#papua-barat-google-earth</styleUrl><Polygon><extrude>0</extrude><tessellate>1</tessellate><altitudeMode>clampToGround</altitudeMode><outerBoundaryIs><LinearRing><coordinates>134.16340368,-3.91534253,0 134.16304081,-3.91517894,0 134.16315386,-3.91583870,0 134.16340368,-3.91534253,0</coordinates></LinearRing></outerBoundaryIs></Polygon></Placemark><Placemark><name>Province Papua Barat - Bagian 0689</name><visibility>1</visibility><styleUrl>#papua-barat-google-earth</styleUrl><Polygon><extrude>0</extrude><tessellate>1</tessellate><altitudeMode>clampToGround</altitudeMode><outerBoundaryIs><LinearRing><coordinates>134.15602612,-1.96573028,0 134.15601898,-1.96510576,0 134.15566198,-1.96476120,0 134.15602612,-1.96573028,0</coordinates></LinearRing></outerBoundaryIs></Polygon></Placemark><Placemark><name>Province Papua Barat - Bagian 0690</name><visibility>1</visibility><styleUrl>#papua-barat-google-earth</styleUrl><Polygon><extrude>0</extrude><tessellate>1</tessellate><altitudeMode>clampToGround</altitudeMode><outerBoundaryIs><LinearRing><coordinates>134.18393826,-3.83071560,0 134.18421618,-3.83125622,0 134.18444353,-3.83090879,0 134.18393826,-3.83071560,0</coordinates></LinearRing></outerBoundaryIs></Polygon></Placemark><Placemark><name>Province Papua Barat - Bagian 0691</name><visibility>1</visibility><styleUrl>#papua-barat-google-earth</styleUrl><Polygon><extrude>0</extrude><tessellate>1</tessellate><altitudeMode>clampToGround</altitudeMode><outerBoundaryIs><LinearRing><coordinates>134.21898690,-2.41608561,0 134.21833017,-2.41632832,0 134.21867281,-2.41653533,0 134.21898690,-2.41608561,0</coordinates></LinearRing></outerBoundaryIs></Polygon></Placemark><Placemark><name>Province Papua Barat - Bagian 0692</name><visibility>1</visibility><styleUrl>#papua-barat-google-earth</styleUrl><Polygon><extrude>0</extrude><tessellate>1</tessellate><altitudeMode>clampToGround</altitudeMode><outerBoundaryIs><LinearRing><coordinates>132.80195594,-3.29576405,0 132.80218437,-3.29564983,0 132.80175607,-3.29490744,0 132.80195594,-3.29576405,0</coordinates></LinearRing></outerBoundaryIs></Polygon></Placemark><Placemark><name>Province Papua Barat - Bagian 0693</name><visibility>1</visibility><styleUrl>#papua-barat-google-earth</styleUrl><Polygon><extrude>0</extrude><tessellate>1</tessellate><altitudeMode>clampToGround</altitudeMode><outerBoundaryIs><LinearRing><coordinates>134.12055798,-3.91123240,0 134.12064860,-3.91187434,0 134.12097426,-3.91177606,0 134.12055798,-3.91123240,0</coordinates></LinearRing></outerBoundaryIs></Polygon></Placemark><Placemark><name>Province Papua Barat - Bagian 0694</name><visibility>1</visibility><styleUrl>#papua-barat-google-earth</styleUrl><Polygon><extrude>0</extrude><tessellate>1</tessellate><altitudeMode>clampToGround</altitudeMode><outerBoundaryIs><LinearRing><coordinates>134.36631287,-3.97599459,0 134.36583698,-3.97599459,0 134.36587505,-3.97645144,0 134.36631287,-3.97599459,0</coordinates></LinearRing></outerBoundaryIs></Polygon></Placemark><Placemark><name>Province Papua Barat - Bagian 0695</name><visibility>1</visibility><styleUrl>#papua-barat-google-earth</styleUrl><Polygon><extrude>0</extrude><tessellate>1</tessellate><altitudeMode>clampToGround</altitudeMode><outerBoundaryIs><LinearRing><coordinates>134.13909459,-1.96944688,0 134.13904699,-1.97008097,0 134.13939209,-1.97005106,0 134.13909459,-1.96944688,0</coordinates></LinearRing></outerBoundaryIs></Polygon></Placemark><Placemark><name>Province Papua Barat - Bagian 0696</name><visibility>1</visibility><styleUrl>#papua-barat-google-earth</styleUrl><Polygon><extrude>0</extrude><tessellate>1</tessellate><altitudeMode>clampToGround</altitudeMode><outerBoundaryIs><LinearRing><coordinates>132.49662223,-3.11119756,0 132.49690055,-3.11100460,0 132.49648418,-3.11051290,0 132.49662223,-3.11119756,0</coordinates></LinearRing></outerBoundaryIs></Polygon></Placemark><Placemark><name>Province Papua Barat - Bagian 0697</name><visibility>1</visibility><styleUrl>#papua-barat-google-earth</styleUrl><Polygon><extrude>0</extrude><tessellate>1</tessellate><altitudeMode>clampToGround</altitudeMode><outerBoundaryIs><LinearRing><coordinates>134.15389539,-1.96971753,0 134.15385374,-1.96919112,0 134.15346698,-1.96951414,0 134.15389539,-1.96971753,0</coordinates></LinearRing></outerBoundaryIs></Polygon></Placemark><Placemark><name>Province Papua Barat - Bagian 0698</name><visibility>1</visibility><styleUrl>#papua-barat-google-earth</styleUrl><Polygon><extrude>0</extrude><tessellate>1</tessellate><altitudeMode>clampToGround</altitudeMode><outerBoundaryIs><LinearRing><coordinates>134.69995337,-4.06689702,0 134.69937487,-4.06702904,0 134.69944208,-4.06738647,0 134.69995337,-4.06689702,0</coordinates></LinearRing></outerBoundaryIs></Polygon></Placemark><Placemark><name>Province Papua Barat - Bagian 0699</name><visibility>1</visibility><styleUrl>#papua-barat-google-earth</styleUrl><Polygon><extrude>0</extrude><tessellate>1</tessellate><altitudeMode>clampToGround</altitudeMode><outerBoundaryIs><LinearRing><coordinates>132.89569944,-3.51737918,0 132.89543294,-3.51769327,0 132.89595642,-3.51788362,0 132.89569944,-3.51737918,0</coordinates></LinearRing></outerBoundaryIs></Polygon></Placemark><Placemark><name>Province Papua Barat - Bagian 0700</name><visibility>1</visibility><styleUrl>#papua-barat-google-earth</styleUrl><Polygon><extrude>0</extrude><tessellate>1</tessellate><altitudeMode>clampToGround</altitudeMode><outerBoundaryIs><LinearRing><coordinates>134.06630873,-3.94014109,0 134.06615938,-3.93968420,0 134.06585393,-3.94018988,0 134.06630873,-3.94014109,0</coordinates></LinearRing></outerBoundaryIs></Polygon></Placemark><Placemark><name>Province Papua Barat - Bagian 0701</name><visibility>1</visibility><styleUrl>#papua-barat-google-earth</styleUrl><Polygon><extrude>0</extrude><tessellate>1</tessellate><altitudeMode>clampToGround</altitudeMode><outerBoundaryIs><LinearRing><coordinates>133.05576055,-4.09805519,0 133.05522517,-4.09748411,0 133.05508954,-4.09774110,0 133.05576055,-4.09805519,0</coordinates></LinearRing></outerBoundaryIs></Polygon></Placemark><Placemark><name>Province Papua Barat - Bagian 0702</name><visibility>1</visibility><styleUrl>#papua-barat-google-earth</styleUrl><Polygon><extrude>0</extrude><tessellate>1</tessellate><altitudeMode>clampToGround</altitudeMode><outerBoundaryIs><LinearRing><coordinates>132.42987231,-2.62627929,0 132.42983651,-2.62678618,0 132.43026692,-2.62669530,0 132.42987231,-2.62627929,0</coordinates></LinearRing></outerBoundaryIs></Polygon></Placemark><Placemark><name>Province Papua Barat - Bagian 0703</name><visibility>1</visibility><styleUrl>#papua-barat-google-earth</styleUrl><Polygon><extrude>0</extrude><tessellate>1</tessellate><altitudeMode>clampToGround</altitudeMode><outerBoundaryIs><LinearRing><coordinates>133.97300001,-3.86265333,0 133.97303427,-3.86230783,0 133.97240895,-3.86235637,0 133.97300001,-3.86265333,0</coordinates></LinearRing></outerBoundaryIs></Polygon></Placemark><Placemark><name>Province Papua Barat - Bagian 0704</name><visibility>1</visibility><styleUrl>#papua-barat-google-earth</styleUrl><Polygon><extrude>0</extrude><tessellate>1</tessellate><altitudeMode>clampToGround</altitudeMode><outerBoundaryIs><LinearRing><coordinates>134.36762441,-3.98719654,0 134.36787332,-3.98768605,0 134.36822471,-3.98751847,0 134.36762441,-3.98719654,0</coordinates></LinearRing></outerBoundaryIs></Polygon></Placemark><Placemark><name>Province Papua Barat - Bagian 0705</name><visibility>1</visibility><styleUrl>#papua-barat-google-earth</styleUrl><Polygon><extrude>0</extrude><tessellate>1</tessellate><altitudeMode>clampToGround</altitudeMode><outerBoundaryIs><LinearRing><coordinates>133.62868079,-3.42257794,0 133.62878454,-3.42328500,0 133.62903794,-3.42295660,0 133.62868079,-3.42257794,0</coordinates></LinearRing></outerBoundaryIs></Polygon></Placemark><Placemark><name>Province Papua Barat - Bagian 0706</name><visibility>1</visibility><styleUrl>#papua-barat-google-earth</styleUrl><Polygon><extrude>0</extrude><tessellate>1</tessellate><altitudeMode>clampToGround</altitudeMode><outerBoundaryIs><LinearRing><coordinates>134.30623886,-3.98195945,0 134.30544888,-3.98196897,0 134.30565827,-3.98223547,0 134.30623886,-3.98195945,0</coordinates></LinearRing></outerBoundaryIs></Polygon></Placemark><Placemark><name>Province Papua Barat - Bagian 0707</name><visibility>1</visibility><styleUrl>#papua-barat-google-earth</styleUrl><Polygon><extrude>0</extrude><tessellate>1</tessellate><altitudeMode>clampToGround</altitudeMode><outerBoundaryIs><LinearRing><coordinates>133.96988235,-3.86359722,0 133.97055868,-3.86347605,0 133.97044732,-3.86318195,0 133.96988235,-3.86359722,0</coordinates></LinearRing></outerBoundaryIs></Polygon></Placemark><Placemark><name>Province Papua Barat - Bagian 0708</name><visibility>1</visibility><styleUrl>#papua-barat-google-earth</styleUrl><Polygon><extrude>0</extrude><tessellate>1</tessellate><altitudeMode>clampToGround</altitudeMode><outerBoundaryIs><LinearRing><coordinates>134.22849199,-1.78317096,0 134.22872999,-1.78321283,0 134.22862289,-1.78230357,0 134.22849199,-1.78317096,0</coordinates></LinearRing></outerBoundaryIs></Polygon></Placemark><Placemark><name>Province Papua Barat - Bagian 0709</name><visibility>1</visibility><styleUrl>#papua-barat-google-earth</styleUrl><Polygon><extrude>0</extrude><tessellate>1</tessellate><altitudeMode>clampToGround</altitudeMode><outerBoundaryIs><LinearRing><coordinates>134.01277478,-3.80756724,0 134.01314427,-3.80756032,0 134.01285957,-3.80699407,0 134.01277478,-3.80756724,0</coordinates></LinearRing></outerBoundaryIs></Polygon></Placemark><Placemark><name>Province Papua Barat - Bagian 0710</name><visibility>1</visibility><styleUrl>#papua-barat-google-earth</styleUrl><Polygon><extrude>0</extrude><tessellate>1</tessellate><altitudeMode>clampToGround</altitudeMode><outerBoundaryIs><LinearRing><coordinates>133.89810794,-3.69010442,0 133.89874088,-3.69029240,0 133.89870995,-3.68994976,0 133.89810794,-3.69010442,0</coordinates></LinearRing></outerBoundaryIs></Polygon></Placemark><Placemark><name>Province Papua Barat - Bagian 0711</name><visibility>1</visibility><styleUrl>#papua-barat-google-earth</styleUrl><Polygon><extrude>0</extrude><tessellate>1</tessellate><altitudeMode>clampToGround</altitudeMode><outerBoundaryIs><LinearRing><coordinates>134.15320638,-3.97106083,0 134.15345496,-3.97137622,0 134.15381250,-3.97098538,0 134.15320638,-3.97106083,0</coordinates></LinearRing></outerBoundaryIs></Polygon></Placemark><Placemark><name>Province Papua Barat - Bagian 0712</name><visibility>1</visibility><styleUrl>#papua-barat-google-earth</styleUrl><Polygon><extrude>0</extrude><tessellate>1</tessellate><altitudeMode>clampToGround</altitudeMode><outerBoundaryIs><LinearRing><coordinates>132.57110008,-3.13152866,0 132.57111495,-3.13126123,0 132.57031224,-3.13160634,0 132.57110008,-3.13152866,0</coordinates></LinearRing></outerBoundaryIs></Polygon></Placemark><Placemark><name>Province Papua Barat - Bagian 0713</name><visibility>1</visibility><styleUrl>#papua-barat-google-earth</styleUrl><Polygon><extrude>0</extrude><tessellate>1</tessellate><altitudeMode>clampToGround</altitudeMode><outerBoundaryIs><LinearRing><coordinates>132.67326930,-3.32211258,0 132.67355202,-3.32183030,0 132.67310262,-3.32153846,0 132.67326930,-3.32211258,0</coordinates></LinearRing></outerBoundaryIs></Polygon></Placemark><Placemark><name>Province Papua Barat - Bagian 0714</name><visibility>1</visibility><styleUrl>#papua-barat-google-earth</styleUrl><Polygon><extrude>0</extrude><tessellate>1</tessellate><altitudeMode>clampToGround</altitudeMode><outerBoundaryIs><LinearRing><coordinates>132.02473018,-2.86007037,0 132.02417798,-2.86033791,0 132.02441322,-2.86060279,0 132.02473018,-2.86007037,0</coordinates></LinearRing></outerBoundaryIs></Polygon></Placemark><Placemark><name>Province Papua Barat - Bagian 0715</name><visibility>1</visibility><styleUrl>#papua-barat-google-earth</styleUrl><Polygon><extrude>0</extrude><tessellate>1</tessellate><altitudeMode>clampToGround</altitudeMode><outerBoundaryIs><LinearRing><coordinates>134.01849433,-3.82125949,0 134.01883461,-3.82120843,0 134.01893045,-3.82058016,0 134.01849433,-3.82125949,0</coordinates></LinearRing></outerBoundaryIs></Polygon></Placemark><Placemark><name>Province Papua Barat - Bagian 0716</name><visibility>1</visibility><styleUrl>#papua-barat-google-earth</styleUrl><Polygon><extrude>0</extrude><tessellate>1</tessellate><altitudeMode>clampToGround</altitudeMode><outerBoundaryIs><LinearRing><coordinates>134.01949430,-3.80577489,0 134.01982417,-3.80523140,0 134.01945837,-3.80520159,0 134.01949430,-3.80577489,0</coordinates></LinearRing></outerBoundaryIs></Polygon></Placemark><Placemark><name>Province Papua Barat - Bagian 0717</name><visibility>1</visibility><styleUrl>#papua-barat-google-earth</styleUrl><Polygon><extrude>0</extrude><tessellate>1</tessellate><altitudeMode>clampToGround</altitudeMode><outerBoundaryIs><LinearRing><coordinates>134.15340187,-1.95977563,0 134.15262122,-1.96001012,0 134.15264978,-1.96026855,0 134.15340187,-1.95977563,0</coordinates></LinearRing></outerBoundaryIs></Polygon></Placemark><Placemark><name>Province Papua Barat - Bagian 0718</name><visibility>1</visibility><styleUrl>#papua-barat-google-earth</styleUrl><Polygon><extrude>0</extrude><tessellate>1</tessellate><altitudeMode>clampToGround</altitudeMode><outerBoundaryIs><LinearRing><coordinates>134.10963432,-3.90021130,0 134.10942017,-3.90006853,0 134.10901090,-3.90076809,0 134.10963432,-3.90021130,0</coordinates></LinearRing></outerBoundaryIs></Polygon></Placemark><Placemark><name>Province Papua Barat - Bagian 0719</name><visibility>1</visibility><styleUrl>#papua-barat-google-earth</styleUrl><Polygon><extrude>0</extrude><tessellate>1</tessellate><altitudeMode>clampToGround</altitudeMode><outerBoundaryIs><LinearRing><coordinates>134.15820821,-2.02854218,0 134.15852952,-2.02952921,0 134.15860092,-2.02910449,0 134.15820821,-2.02854218,0</coordinates></LinearRing></outerBoundaryIs></Polygon></Placemark><Placemark><name>Province Papua Barat - Bagian 0720</name><visibility>1</visibility><styleUrl>#papua-barat-google-earth</styleUrl><Polygon><extrude>0</extrude><tessellate>1</tessellate><altitudeMode>clampToGround</altitudeMode><outerBoundaryIs><LinearRing><coordinates>132.56843360,-2.65692563,0 132.56887331,-2.65719867,0 132.56888519,-2.65673569,0 132.56843360,-2.65692563,0</coordinates></LinearRing></outerBoundaryIs></Polygon></Placemark><Placemark><name>Province Papua Barat - Bagian 0721</name><visibility>1</visibility><styleUrl>#papua-barat-google-earth</styleUrl><Polygon><extrude>0</extrude><tessellate>1</tessellate><altitudeMode>clampToGround</altitudeMode><outerBoundaryIs><LinearRing><coordinates>132.45409235,-2.71392615,0 132.45440289,-2.71403408,0 132.45453257,-2.71341499,0 132.45409235,-2.71392615,0</coordinates></LinearRing></outerBoundaryIs></Polygon></Placemark><Placemark><name>Province Papua Barat - Bagian 0722</name><visibility>1</visibility><styleUrl>#papua-barat-google-earth</styleUrl><Polygon><extrude>0</extrude><tessellate>1</tessellate><altitudeMode>clampToGround</altitudeMode><outerBoundaryIs><LinearRing><coordinates>132.13215651,-2.95435444,0 132.13270228,-2.95452844,0 132.13265432,-2.95413547,0 132.13215651,-2.95435444,0</coordinates></LinearRing></outerBoundaryIs></Polygon></Placemark><Placemark><name>Province Papua Barat - Bagian 0723</name><visibility>1</visibility><styleUrl>#papua-barat-google-earth</styleUrl><Polygon><extrude>0</extrude><tessellate>1</tessellate><altitudeMode>clampToGround</altitudeMode><outerBoundaryIs><LinearRing><coordinates>134.19221615,-4.01166586,0 134.19182799,-4.01250551,0 134.19206142,-4.01253018,0 134.19221615,-4.01166586,0</coordinates></LinearRing></outerBoundaryIs></Polygon></Placemark><Placemark><name>Province Papua Barat - Bagian 0724</name><visibility>1</visibility><styleUrl>#papua-barat-google-earth</styleUrl><Polygon><extrude>0</extrude><tessellate>1</tessellate><altitudeMode>clampToGround</altitudeMode><outerBoundaryIs><LinearRing><coordinates>132.45601655,-2.71349126,0 132.45626002,-2.71349692,0 132.45589895,-2.71264773,0 132.45601655,-2.71349126,0</coordinates></LinearRing></outerBoundaryIs></Polygon></Placemark><Placemark><name>Province Papua Barat - Bagian 0725</name><visibility>1</visibility><styleUrl>#papua-barat-google-earth</styleUrl><Polygon><extrude>0</extrude><tessellate>1</tessellate><altitudeMode>clampToGround</altitudeMode><outerBoundaryIs><LinearRing><coordinates>134.37078469,-4.02083549,0 134.37074411,-4.02126544,0 134.37121618,-4.02128050,0 134.37078469,-4.02083549,0</coordinates></LinearRing></outerBoundaryIs></Polygon></Placemark><Placemark><name>Province Papua Barat - Bagian 0726</name><visibility>1</visibility><styleUrl>#papua-barat-google-earth</styleUrl><Polygon><extrude>0</extrude><tessellate>1</tessellate><altitudeMode>clampToGround</altitudeMode><outerBoundaryIs><LinearRing><coordinates>134.32653924,-4.00776669,0 134.32679650,-4.00768238,0 134.32654482,-4.00697719,0 134.32653924,-4.00776669,0</coordinates></LinearRing></outerBoundaryIs></Polygon></Placemark><Placemark><name>Province Papua Barat - Bagian 0727</name><visibility>1</visibility><styleUrl>#papua-barat-google-earth</styleUrl><Polygon><extrude>0</extrude><tessellate>1</tessellate><altitudeMode>clampToGround</altitudeMode><outerBoundaryIs><LinearRing><coordinates>133.92927700,-3.87325882,0 133.92906999,-3.87254855,0 133.92888758,-3.87289606,0 133.92927700,-3.87325882,0</coordinates></LinearRing></outerBoundaryIs></Polygon></Placemark><Placemark><name>Province Papua Barat - Bagian 0728</name><visibility>1</visibility><styleUrl>#papua-barat-google-earth</styleUrl><Polygon><extrude>0</extrude><tessellate>1</tessellate><altitudeMode>clampToGround</altitudeMode><outerBoundaryIs><LinearRing><coordinates>134.14367118,-1.88933266,0 134.14304300,-1.88957893,0 134.14341253,-1.88975430,0 134.14367118,-1.88933266,0</coordinates></LinearRing></outerBoundaryIs></Polygon></Placemark><Placemark><name>Province Papua Barat - Bagian 0729</name><visibility>1</visibility><styleUrl>#papua-barat-google-earth</styleUrl><Polygon><extrude>0</extrude><tessellate>1</tessellate><altitudeMode>clampToGround</altitudeMode><outerBoundaryIs><LinearRing><coordinates>134.13674213,-2.02198451,0 134.13689187,-2.02135268,0 134.13660059,-2.02124301,0 134.13674213,-2.02198451,0</coordinates></LinearRing></outerBoundaryIs></Polygon></Placemark><Placemark><name>Province Papua Barat - Bagian 0730</name><visibility>1</visibility><styleUrl>#papua-barat-google-earth</styleUrl><Polygon><extrude>0</extrude><tessellate>1</tessellate><altitudeMode>clampToGround</altitudeMode><outerBoundaryIs><LinearRing><coordinates>134.14818111,-2.03189507,0 134.14816921,-2.03241550,0 134.14855597,-2.03233774,0 134.14818111,-2.03189507,0</coordinates></LinearRing></outerBoundaryIs></Polygon></Placemark><Placemark><name>Province Papua Barat - Bagian 0731</name><visibility>1</visibility><styleUrl>#papua-barat-google-earth</styleUrl><Polygon><extrude>0</extrude><tessellate>1</tessellate><altitudeMode>clampToGround</altitudeMode><outerBoundaryIs><LinearRing><coordinates>134.29979885,-3.96949821,0 134.29995351,-3.96884386,0 134.29964418,-3.96886171,0 134.29979885,-3.96949821,0</coordinates></LinearRing></outerBoundaryIs></Polygon></Placemark><Placemark><name>Province Papua Barat - Bagian 0732</name><visibility>1</visibility><styleUrl>#papua-barat-google-earth</styleUrl><Polygon><extrude>0</extrude><tessellate>1</tessellate><altitudeMode>clampToGround</altitudeMode><outerBoundaryIs><LinearRing><coordinates>134.35043173,-3.96186140,0 134.35033179,-3.96211838,0 134.35107418,-3.96220404,0 134.35043173,-3.96186140,0</coordinates></LinearRing></outerBoundaryIs></Polygon></Placemark><Placemark><name>Province Papua Barat - Bagian 0733</name><visibility>1</visibility><styleUrl>#papua-barat-google-earth</styleUrl><Polygon><extrude>0</extrude><tessellate>1</tessellate><altitudeMode>clampToGround</altitudeMode><outerBoundaryIs><LinearRing><coordinates>133.84471070,-2.93833495,0 133.84451796,-2.93885606,0 133.84496768,-2.93866332,0 133.84471070,-2.93833495,0</coordinates></LinearRing></outerBoundaryIs></Polygon></Placemark><Placemark><name>Province Papua Barat - Bagian 0734</name><visibility>1</visibility><styleUrl>#papua-barat-google-earth</styleUrl><Polygon><extrude>0</extrude><tessellate>1</tessellate><altitudeMode>clampToGround</altitudeMode><outerBoundaryIs><LinearRing><coordinates>134.45667041,-2.55479615,0 134.45620404,-2.55477712,0 134.45636584,-2.55520542,0 134.45667041,-2.55479615,0</coordinates></LinearRing></outerBoundaryIs></Polygon></Placemark><Placemark><name>Province Papua Barat - Bagian 0735</name><visibility>1</visibility><styleUrl>#papua-barat-google-earth</styleUrl><Polygon><extrude>0</extrude><tessellate>1</tessellate><altitudeMode>clampToGround</altitudeMode><outerBoundaryIs><LinearRing><coordinates>132.09607220,-2.74595439,0 132.09564729,-2.74586240,0 132.09572218,-2.74633797,0 132.09607220,-2.74595439,0</coordinates></LinearRing></outerBoundaryIs></Polygon></Placemark><Placemark><name>Province Papua Barat - Bagian 0736</name><visibility>1</visibility><styleUrl>#papua-barat-google-earth</styleUrl><Polygon><extrude>0</extrude><tessellate>1</tessellate><altitudeMode>clampToGround</altitudeMode><outerBoundaryIs><LinearRing><coordinates>132.81196404,-3.91534302,0 132.81130374,-3.91476600,0 132.81132159,-3.91507533,0 132.81196404,-3.91534302,0</coordinates></LinearRing></outerBoundaryIs></Polygon></Placemark><Placemark><name>Province Papua Barat - Bagian 0737</name><visibility>1</visibility><styleUrl>#papua-barat-google-earth</styleUrl><Polygon><extrude>0</extrude><tessellate>1</tessellate><altitudeMode>clampToGround</altitudeMode><outerBoundaryIs><LinearRing><coordinates>134.39089364,-3.99074225,0 134.39071518,-3.99060662,0 134.39027260,-3.99135615,0 134.39089364,-3.99074225,0</coordinates></LinearRing></outerBoundaryIs></Polygon></Placemark><Placemark><name>Province Papua Barat - Bagian 0738</name><visibility>1</visibility><styleUrl>#papua-barat-google-earth</styleUrl><Polygon><extrude>0</extrude><tessellate>1</tessellate><altitudeMode>clampToGround</altitudeMode><outerBoundaryIs><LinearRing><coordinates>133.94519145,-2.08362619,0 133.94596953,-2.08259826,0 133.94568400,-2.08272675,0 133.94519145,-2.08362619,0</coordinates></LinearRing></outerBoundaryIs></Polygon></Placemark><Placemark><name>Province Papua Barat - Bagian 0739</name><visibility>1</visibility><styleUrl>#papua-barat-google-earth</styleUrl><Polygon><extrude>0</extrude><tessellate>1</tessellate><altitudeMode>clampToGround</altitudeMode><outerBoundaryIs><LinearRing><coordinates>134.31289573,-3.98726418,0 134.31278151,-3.98788284,0 134.31313367,-3.98766869,0 134.31289573,-3.98726418,0</coordinates></LinearRing></outerBoundaryIs></Polygon></Placemark><Placemark><name>Province Papua Barat - Bagian 0740</name><visibility>1</visibility><styleUrl>#papua-barat-google-earth</styleUrl><Polygon><extrude>0</extrude><tessellate>1</tessellate><altitudeMode>clampToGround</altitudeMode><outerBoundaryIs><LinearRing><coordinates>132.42412189,-2.61745677,0 132.42399340,-2.61737111,0 132.42320154,-2.61833167,0 132.42412189,-2.61745677,0</coordinates></LinearRing></outerBoundaryIs></Polygon></Placemark><Placemark><name>Province Papua Barat - Bagian 0741</name><visibility>1</visibility><styleUrl>#papua-barat-google-earth</styleUrl><Polygon><extrude>0</extrude><tessellate>1</tessellate><altitudeMode>clampToGround</altitudeMode><outerBoundaryIs><LinearRing><coordinates>133.64882752,-3.58073646,0 133.64853232,-3.57970621,0 133.64837803,-3.57981521,0 133.64882752,-3.58073646,0</coordinates></LinearRing></outerBoundaryIs></Polygon></Placemark><Placemark><name>Province Papua Barat - Bagian 0742</name><visibility>1</visibility><styleUrl>#papua-barat-google-earth</styleUrl><Polygon><extrude>0</extrude><tessellate>1</tessellate><altitudeMode>clampToGround</altitudeMode><outerBoundaryIs><LinearRing><coordinates>132.76261869,-3.26514514,0 132.76246641,-3.26448841,0 132.76222846,-3.26471684,0 132.76261869,-3.26514514,0</coordinates></LinearRing></outerBoundaryIs></Polygon></Placemark><Placemark><name>Province Papua Barat - Bagian 0743</name><visibility>1</visibility><styleUrl>#papua-barat-google-earth</styleUrl><Polygon><extrude>0</extrude><tessellate>1</tessellate><altitudeMode>clampToGround</altitudeMode><outerBoundaryIs><LinearRing><coordinates>134.72211927,-4.05707156,0 134.72170724,-4.05725450,0 134.72217221,-4.05750884,0 134.72211927,-4.05707156,0</coordinates></LinearRing></outerBoundaryIs></Polygon></Placemark><Placemark><name>Province Papua Barat - Bagian 0744</name><visibility>1</visibility><styleUrl>#papua-barat-google-earth</styleUrl><Polygon><extrude>0</extrude><tessellate>1</tessellate><altitudeMode>clampToGround</altitudeMode><outerBoundaryIs><LinearRing><coordinates>132.51393604,-2.64027393,0 132.51381953,-2.63985411,0 132.51343660,-2.64009373,0 132.51393604,-2.64027393,0</coordinates></LinearRing></outerBoundaryIs></Polygon></Placemark><Placemark><name>Province Papua Barat - Bagian 0745</name><visibility>1</visibility><styleUrl>#papua-barat-google-earth</styleUrl><Polygon><extrude>0</extrude><tessellate>1</tessellate><altitudeMode>clampToGround</altitudeMode><outerBoundaryIs><LinearRing><coordinates>134.04777011,-3.91163821,0 134.04734491,-3.91169822,0 134.04738839,-3.91213475,0 134.04777011,-3.91163821,0</coordinates></LinearRing></outerBoundaryIs></Polygon></Placemark><Placemark><name>Province Papua Barat - Bagian 0746</name><visibility>1</visibility><styleUrl>#papua-barat-google-earth</styleUrl><Polygon><extrude>0</extrude><tessellate>1</tessellate><altitudeMode>clampToGround</altitudeMode><outerBoundaryIs><LinearRing><coordinates>133.71554993,-3.16442843,0 133.71599727,-3.16439036,0 133.71603534,-3.16397157,0 133.71554993,-3.16442843,0</coordinates></LinearRing></outerBoundaryIs></Polygon></Placemark><Placemark><name>Province Papua Barat - Bagian 0747</name><visibility>1</visibility><styleUrl>#papua-barat-google-earth</styleUrl><Polygon><extrude>0</extrude><tessellate>1</tessellate><altitudeMode>clampToGround</altitudeMode><outerBoundaryIs><LinearRing><coordinates>132.44826136,-2.62894766,0 132.44886904,-2.62930727,0 132.44896515,-2.62905836,0 132.44826136,-2.62894766,0</coordinates></LinearRing></outerBoundaryIs></Polygon></Placemark><Placemark><name>Province Papua Barat - Bagian 0748</name><visibility>1</visibility><styleUrl>#papua-barat-google-earth</styleUrl><Polygon><extrude>0</extrude><tessellate>1</tessellate><altitudeMode>clampToGround</altitudeMode><outerBoundaryIs><LinearRing><coordinates>132.49176763,-3.10962404,0 132.49139293,-3.10958365,0 132.49140187,-3.11007920,0 132.49176763,-3.10962404,0</coordinates></LinearRing></outerBoundaryIs></Polygon></Placemark><Placemark><name>Province Papua Barat - Bagian 0749</name><visibility>1</visibility><styleUrl>#papua-barat-google-earth</styleUrl><Polygon><extrude>0</extrude><tessellate>1</tessellate><altitudeMode>clampToGround</altitudeMode><outerBoundaryIs><LinearRing><coordinates>132.44028303,-2.68209344,0 132.44093742,-2.68175087,0 132.44074398,-2.68156900,0 132.44028303,-2.68209344,0</coordinates></LinearRing></outerBoundaryIs></Polygon></Placemark><Placemark><name>Province Papua Barat - Bagian 0750</name><visibility>1</visibility><styleUrl>#papua-barat-google-earth</styleUrl><Polygon><extrude>0</extrude><tessellate>1</tessellate><altitudeMode>clampToGround</altitudeMode><outerBoundaryIs><LinearRing><coordinates>133.98306403,-3.83395425,0 133.98266250,-3.83347538,0 133.98273983,-3.83402860,0 133.98306403,-3.83395425,0</coordinates></LinearRing></outerBoundaryIs></Polygon></Placemark><Placemark><name>Province Papua Barat - Bagian 0751</name><visibility>1</visibility><styleUrl>#papua-barat-google-earth</styleUrl><Polygon><extrude>0</extrude><tessellate>1</tessellate><altitudeMode>clampToGround</altitudeMode><outerBoundaryIs><LinearRing><coordinates>134.34481384,-2.60466337,0 134.34432532,-2.60492566,0 134.34455971,-2.60517810,0 134.34481384,-2.60466337,0</coordinates></LinearRing></outerBoundaryIs></Polygon></Placemark><Placemark><name>Province Papua Barat - Bagian 0752</name><visibility>1</visibility><styleUrl>#papua-barat-google-earth</styleUrl><Polygon><extrude>0</extrude><tessellate>1</tessellate><altitudeMode>clampToGround</altitudeMode><outerBoundaryIs><LinearRing><coordinates>132.81262497,-3.30836810,0 132.81266861,-3.30815260,0 132.81175848,-3.30842432,0 132.81262497,-3.30836810,0</coordinates></LinearRing></outerBoundaryIs></Polygon></Placemark><Placemark><name>Province Papua Barat - Bagian 0753</name><visibility>1</visibility><styleUrl>#papua-barat-google-earth</styleUrl><Polygon><extrude>0</extrude><tessellate>1</tessellate><altitudeMode>clampToGround</altitudeMode><outerBoundaryIs><LinearRing><coordinates>134.45323276,-3.97803030,0 134.45382217,-3.97840645,0 134.45390499,-3.97814675,0 134.45323276,-3.97803030,0</coordinates></LinearRing></outerBoundaryIs></Polygon></Placemark><Placemark><name>Province Papua Barat - Bagian 0754</name><visibility>1</visibility><styleUrl>#papua-barat-google-earth</styleUrl><Polygon><extrude>0</extrude><tessellate>1</tessellate><altitudeMode>clampToGround</altitudeMode><outerBoundaryIs><LinearRing><coordinates>134.07253939,-3.96235637,0 134.07214620,-3.96226707,0 134.07217025,-3.96274101,0 134.07253939,-3.96235637,0</coordinates></LinearRing></outerBoundaryIs></Polygon></Placemark><Placemark><name>Province Papua Barat - Bagian 0755</name><visibility>1</visibility><styleUrl>#papua-barat-google-earth</styleUrl><Polygon><extrude>0</extrude><tessellate>1</tessellate><altitudeMode>clampToGround</altitudeMode><outerBoundaryIs><LinearRing><coordinates>134.11061369,-3.77650908,0 134.11016754,-3.77585949,0 134.11009259,-3.77615930,0 134.11061369,-3.77650908,0</coordinates></LinearRing></outerBoundaryIs></Polygon></Placemark><Placemark><name>Province Papua Barat - Bagian 0756</name><visibility>1</visibility><styleUrl>#papua-barat-google-earth</styleUrl><Polygon><extrude>0</extrude><tessellate>1</tessellate><altitudeMode>clampToGround</altitudeMode><outerBoundaryIs><LinearRing><coordinates>134.00791742,-3.80863722,0 134.00778980,-3.80799143,0 134.00752265,-3.80806829,0 134.00791742,-3.80863722,0</coordinates></LinearRing></outerBoundaryIs></Polygon></Placemark><Placemark><name>Province Papua Barat - Bagian 0757</name><visibility>1</visibility><styleUrl>#papua-barat-google-earth</styleUrl><Polygon><extrude>0</extrude><tessellate>1</tessellate><altitudeMode>clampToGround</altitudeMode><outerBoundaryIs><LinearRing><coordinates>132.42343963,-2.61994086,0 132.42339488,-2.62057010,0 132.42368609,-2.62054885,0 132.42343963,-2.61994086,0</coordinates></LinearRing></outerBoundaryIs></Polygon></Placemark><Placemark><name>Province Papua Barat - Bagian 0758</name><visibility>1</visibility><styleUrl>#papua-barat-google-earth</styleUrl><Polygon><extrude>0</extrude><tessellate>1</tessellate><altitudeMode>clampToGround</altitudeMode><outerBoundaryIs><LinearRing><coordinates>134.17838678,-3.82268868,0 134.17803343,-3.82233533,0 134.17800130,-3.82281717,0 134.17838678,-3.82268868,0</coordinates></LinearRing></outerBoundaryIs></Polygon></Placemark><Placemark><name>Province Papua Barat - Bagian 0759</name><visibility>1</visibility><styleUrl>#papua-barat-google-earth</styleUrl><Polygon><extrude>0</extrude><tessellate>1</tessellate><altitudeMode>clampToGround</altitudeMode><outerBoundaryIs><LinearRing><coordinates>134.16966004,-4.01783218,0 134.16952032,-4.01742129,0 134.16910361,-4.01749346,0 134.16966004,-4.01783218,0</coordinates></LinearRing></outerBoundaryIs></Polygon></Placemark><Placemark><name>Province Papua Barat - Bagian 0760</name><visibility>1</visibility><styleUrl>#papua-barat-google-earth</styleUrl><Polygon><extrude>0</extrude><tessellate>1</tessellate><altitudeMode>clampToGround</altitudeMode><outerBoundaryIs><LinearRing><coordinates>132.74452400,-3.70689918,0 132.74480954,-3.70699436,0 132.74478574,-3.70635191,0 132.74452400,-3.70689918,0</coordinates></LinearRing></outerBoundaryIs></Polygon></Placemark><Placemark><name>Province Papua Barat - Bagian 0761</name><visibility>1</visibility><styleUrl>#papua-barat-google-earth</styleUrl><Polygon><extrude>0</extrude><tessellate>1</tessellate><altitudeMode>clampToGround</altitudeMode><outerBoundaryIs><LinearRing><coordinates>134.36481404,-4.02555089,0 134.36488340,-4.02576776,0 134.36563746,-4.02553682,0 134.36481404,-4.02555089,0</coordinates></LinearRing></outerBoundaryIs></Polygon></Placemark><Placemark><name>Province Papua Barat - Bagian 0762</name><visibility>1</visibility><styleUrl>#papua-barat-google-earth</styleUrl><Polygon><extrude>0</extrude><tessellate>1</tessellate><altitudeMode>clampToGround</altitudeMode><outerBoundaryIs><LinearRing><coordinates>133.94958318,-2.06351796,0 133.94925601,-2.06338114,0 133.94922031,-2.06391057,0 133.94958318,-2.06351796,0</coordinates></LinearRing></outerBoundaryIs></Polygon></Placemark><Placemark><name>Province Papua Barat - Bagian 0763</name><visibility>1</visibility><styleUrl>#papua-barat-google-earth</styleUrl><Polygon><extrude>0</extrude><tessellate>1</tessellate><altitudeMode>clampToGround</altitudeMode><outerBoundaryIs><LinearRing><coordinates>134.15263074,-1.95927315,0 134.15300679,-1.95977563,0 134.15319243,-1.95955071,0 134.15263074,-1.95927315,0</coordinates></LinearRing></outerBoundaryIs></Polygon></Placemark><Placemark><name>Province Papua Barat - Bagian 0764</name><visibility>1</visibility><styleUrl>#papua-barat-google-earth</styleUrl><Polygon><extrude>0</extrude><tessellate>1</tessellate><altitudeMode>clampToGround</altitudeMode><outerBoundaryIs><LinearRing><coordinates>131.66884375,-2.61961324,0 131.66885565,-2.62025570,0 131.66912929,-2.62010103,0 131.66884375,-2.61961324,0</coordinates></LinearRing></outerBoundaryIs></Polygon></Placemark><Placemark><name>Province Papua Barat - Bagian 0765</name><visibility>1</visibility><styleUrl>#papua-barat-google-earth</styleUrl><Polygon><extrude>0</extrude><tessellate>1</tessellate><altitudeMode>clampToGround</altitudeMode><outerBoundaryIs><LinearRing><coordinates>134.34184044,-3.96683209,0 134.34136455,-3.96645138,0 134.34120513,-3.96669646,0 134.34184044,-3.96683209,0</coordinates></LinearRing></outerBoundaryIs></Polygon></Placemark><Placemark><name>Province Papua Barat - Bagian 0766</name><visibility>1</visibility><styleUrl>#papua-barat-google-earth</styleUrl><Polygon><extrude>0</extrude><tessellate>1</tessellate><altitudeMode>clampToGround</altitudeMode><outerBoundaryIs><LinearRing><coordinates>134.02157826,-3.86766211,0 134.02141684,-3.86804410,0 134.02183380,-3.86815114,0 134.02157826,-3.86766211,0</coordinates></LinearRing></outerBoundaryIs></Polygon></Placemark><Placemark><name>Province Papua Barat - Bagian 0767</name><visibility>1</visibility><styleUrl>#papua-barat-google-earth</styleUrl><Polygon><extrude>0</extrude><tessellate>1</tessellate><altitudeMode>clampToGround</altitudeMode><outerBoundaryIs><LinearRing><coordinates>134.02226572,-3.86672999,0 134.02244418,-3.86742896,0 134.02265536,-3.86727132,0 134.02226572,-3.86672999,0</coordinates></LinearRing></outerBoundaryIs></Polygon></Placemark><Placemark><name>Province Papua Barat - Bagian 0768</name><visibility>1</visibility><styleUrl>#papua-barat-google-earth</styleUrl><Polygon><extrude>0</extrude><tessellate>1</tessellate><altitudeMode>clampToGround</altitudeMode><outerBoundaryIs><LinearRing><coordinates>132.50717133,-2.63582242,0 132.50685897,-2.63554207,0 132.50669735,-2.63595259,0 132.50717133,-2.63582242,0</coordinates></LinearRing></outerBoundaryIs></Polygon></Placemark><Placemark><name>Province Papua Barat - Bagian 0769</name><visibility>1</visibility><styleUrl>#papua-barat-google-earth</styleUrl><Polygon><extrude>0</extrude><tessellate>1</tessellate><altitudeMode>clampToGround</altitudeMode><outerBoundaryIs><LinearRing><coordinates>132.55589422,-3.13025989,0 132.55555224,-3.13047952,0 132.55582700,-3.13080992,0 132.55589422,-3.13025989,0</coordinates></LinearRing></outerBoundaryIs></Polygon></Placemark><Placemark><name>Province Papua Barat - Bagian 0770</name><visibility>1</visibility><styleUrl>#papua-barat-google-earth</styleUrl><Polygon><extrude>0</extrude><tessellate>1</tessellate><altitudeMode>clampToGround</altitudeMode><outerBoundaryIs><LinearRing><coordinates>134.18728009,-4.00915688,0 134.18692418,-4.00906884,0 134.18706059,-4.00958838,0 134.18728009,-4.00915688,0</coordinates></LinearRing></outerBoundaryIs></Polygon></Placemark><Placemark><name>Province Papua Barat - Bagian 0771</name><visibility>1</visibility><styleUrl>#papua-barat-google-earth</styleUrl><Polygon><extrude>0</extrude><tessellate>1</tessellate><altitudeMode>clampToGround</altitudeMode><outerBoundaryIs><LinearRing><coordinates>132.79734455,-3.30012917,0 132.79721963,-3.30054558,0 132.79773716,-3.30020055,0 132.79734455,-3.30012917,0</coordinates></LinearRing></outerBoundaryIs></Polygon></Placemark><Placemark><name>Province Papua Barat - Bagian 0772</name><visibility>1</visibility><styleUrl>#papua-barat-google-earth</styleUrl><Polygon><extrude>0</extrude><tessellate>1</tessellate><altitudeMode>clampToGround</altitudeMode><outerBoundaryIs><LinearRing><coordinates>132.44112552,-2.62932076,0 132.44083221,-2.62908863,0 132.44054467,-2.62944203,0 132.44112552,-2.62932076,0</coordinates></LinearRing></outerBoundaryIs></Polygon></Placemark><Placemark><name>Province Papua Barat - Bagian 0773</name><visibility>1</visibility><styleUrl>#papua-barat-google-earth</styleUrl><Polygon><extrude>0</extrude><tessellate>1</tessellate><altitudeMode>clampToGround</altitudeMode><outerBoundaryIs><LinearRing><coordinates>134.15313572,-1.82176131,0 134.15294532,-1.82233558,0 134.15321902,-1.82239540,0 134.15313572,-1.82176131,0</coordinates></LinearRing></outerBoundaryIs></Polygon></Placemark><Placemark><name>Province Papua Barat - Bagian 0774</name><visibility>1</visibility><styleUrl>#papua-barat-google-earth</styleUrl><Polygon><extrude>0</extrude><tessellate>1</tessellate><altitudeMode>clampToGround</altitudeMode><outerBoundaryIs><LinearRing><coordinates>133.98443573,-3.82667996,0 133.98463863,-3.82653008,0 133.98420613,-3.82602362,0 133.98443573,-3.82667996,0</coordinates></LinearRing></outerBoundaryIs></Polygon></Placemark><Placemark><name>Province Papua Barat - Bagian 0775</name><visibility>1</visibility><styleUrl>#papua-barat-google-earth</styleUrl><Polygon><extrude>0</extrude><tessellate>1</tessellate><altitudeMode>clampToGround</altitudeMode><outerBoundaryIs><LinearRing><coordinates>134.15105058,-3.91946192,0 134.15091211,-3.92012092,0 134.15118436,-3.92002778,0 134.15105058,-3.91946192,0</coordinates></LinearRing></outerBoundaryIs></Polygon></Placemark><Placemark><name>Province Papua Barat - Bagian 0776</name><visibility>1</visibility><styleUrl>#papua-barat-google-earth</styleUrl><Polygon><extrude>0</extrude><tessellate>1</tessellate><altitudeMode>clampToGround</altitudeMode><outerBoundaryIs><LinearRing><coordinates>132.66724609,-3.31824996,0 132.66719612,-3.31789304,0 132.66676782,-3.31816429,0 132.66724609,-3.31824996,0</coordinates></LinearRing></outerBoundaryIs></Polygon></Placemark><Placemark><name>Province Papua Barat - Bagian 0777</name><visibility>1</visibility><styleUrl>#papua-barat-google-earth</styleUrl><Polygon><extrude>0</extrude><tessellate>1</tessellate><altitudeMode>clampToGround</altitudeMode><outerBoundaryIs><LinearRing><coordinates>132.50534891,-2.67036156,0 132.50570421,-2.67018335,0 132.50544187,-2.66984905,0 132.50534891,-2.67036156,0</coordinates></LinearRing></outerBoundaryIs></Polygon></Placemark><Placemark><name>Province Papua Barat - Bagian 0778</name><visibility>1</visibility><styleUrl>#papua-barat-google-earth</styleUrl><Polygon><extrude>0</extrude><tessellate>1</tessellate><altitudeMode>clampToGround</altitudeMode><outerBoundaryIs><LinearRing><coordinates>133.82127218,-3.57191555,0 133.82167193,-3.57174423,0 133.82132929,-3.57147773,0 133.82127218,-3.57191555,0</coordinates></LinearRing></outerBoundaryIs></Polygon></Placemark><Placemark><name>Province Papua Barat - Bagian 0779</name><visibility>1</visibility><styleUrl>#papua-barat-google-earth</styleUrl><Polygon><extrude>0</extrude><tessellate>1</tessellate><altitudeMode>clampToGround</altitudeMode><outerBoundaryIs><LinearRing><coordinates>134.15381807,-1.99384156,0 134.15437738,-1.99408682,0 134.15439523,-1.99379969,0 134.15381807,-1.99384156,0</coordinates></LinearRing></outerBoundaryIs></Polygon></Placemark><Placemark><name>Province Papua Barat - Bagian 0780</name><visibility>1</visibility><styleUrl>#papua-barat-google-earth</styleUrl><Polygon><extrude>0</extrude><tessellate>1</tessellate><altitudeMode>clampToGround</altitudeMode><outerBoundaryIs><LinearRing><coordinates>133.99742596,-3.82944632,0 133.99785058,-3.82933864,0 133.99782550,-3.82895681,0 133.99742596,-3.82944632,0</coordinates></LinearRing></outerBoundaryIs></Polygon></Placemark><Placemark><name>Province Papua Barat - Bagian 0781</name><visibility>1</visibility><styleUrl>#papua-barat-google-earth</styleUrl><Polygon><extrude>0</extrude><tessellate>1</tessellate><altitudeMode>clampToGround</altitudeMode><outerBoundaryIs><LinearRing><coordinates>134.21903687,-2.41744191,0 134.21951514,-2.41772744,0 134.21957225,-2.41742049,0 134.21903687,-2.41744191,0</coordinates></LinearRing></outerBoundaryIs></Polygon></Placemark><Placemark><name>Province Papua Barat - Bagian 0782</name><visibility>1</visibility><styleUrl>#papua-barat-google-earth</styleUrl><Polygon><extrude>0</extrude><tessellate>1</tessellate><altitudeMode>clampToGround</altitudeMode><outerBoundaryIs><LinearRing><coordinates>132.13409465,-2.95730054,0 132.13439621,-2.95761640,0 132.13456628,-2.95725439,0 132.13409465,-2.95730054,0</coordinates></LinearRing></outerBoundaryIs></Polygon></Placemark><Placemark><name>Province Papua Barat - Bagian 0783</name><visibility>1</visibility><styleUrl>#papua-barat-google-earth</styleUrl><Polygon><extrude>0</extrude><tessellate>1</tessellate><altitudeMode>clampToGround</altitudeMode><outerBoundaryIs><LinearRing><coordinates>132.45810096,-2.66956728,0 132.45751515,-2.66990023,0 132.45765925,-2.67009354,0 132.45810096,-2.66956728,0</coordinates></LinearRing></outerBoundaryIs></Polygon></Placemark><Placemark><name>Province Papua Barat - Bagian 0784</name><visibility>1</visibility><styleUrl>#papua-barat-google-earth</styleUrl><Polygon><extrude>0</extrude><tessellate>1</tessellate><altitudeMode>clampToGround</altitudeMode><outerBoundaryIs><LinearRing><coordinates>132.43851378,-2.62908915,0 132.43839547,-2.62956528,0 132.43871259,-2.62962712,0 132.43851378,-2.62908915,0</coordinates></LinearRing></outerBoundaryIs></Polygon></Placemark><Placemark><name>Province Papua Barat - Bagian 0785</name><visibility>1</visibility><styleUrl>#papua-barat-google-earth</styleUrl><Polygon><extrude>0</extrude><tessellate>1</tessellate><altitudeMode>clampToGround</altitudeMode><outerBoundaryIs><LinearRing><coordinates>133.99577266,-3.82871836,0 133.99536102,-3.82906100,0 133.99608199,-3.82884447,0 133.99577266,-3.82871836,0</coordinates></LinearRing></outerBoundaryIs></Polygon></Placemark><Placemark><name>Province Papua Barat - Bagian 0786</name><visibility>1</visibility><styleUrl>#papua-barat-google-earth</styleUrl><Polygon><extrude>0</extrude><tessellate>1</tessellate><altitudeMode>clampToGround</altitudeMode><outerBoundaryIs><LinearRing><coordinates>134.00143450,-3.81429586,0 134.00121574,-3.81371118,0 134.00102368,-3.81391879,0 134.00143450,-3.81429586,0</coordinates></LinearRing></outerBoundaryIs></Polygon></Placemark><Placemark><name>Province Papua Barat - Bagian 0787</name><visibility>1</visibility><styleUrl>#papua-barat-google-earth</styleUrl><Polygon><extrude>0</extrude><tessellate>1</tessellate><altitudeMode>clampToGround</altitudeMode><outerBoundaryIs><LinearRing><coordinates>132.67415093,-2.76978399,0 132.67451338,-2.76977705,0 132.67456064,-2.76934131,0 132.67415093,-2.76978399,0</coordinates></LinearRing></outerBoundaryIs></Polygon></Placemark><Placemark><name>Province Papua Barat - Bagian 0788</name><visibility>1</visibility><styleUrl>#papua-barat-google-earth</styleUrl><Polygon><extrude>0</extrude><tessellate>1</tessellate><altitudeMode>clampToGround</altitudeMode><outerBoundaryIs><LinearRing><coordinates>132.12391714,-2.96096299,0 132.12382499,-2.96060586,0 132.12343158,-2.96078154,0 132.12391714,-2.96096299,0</coordinates></LinearRing></outerBoundaryIs></Polygon></Placemark><Placemark><name>Province Papua Barat - Bagian 0789</name><visibility>1</visibility><styleUrl>#papua-barat-google-earth</styleUrl><Polygon><extrude>0</extrude><tessellate>1</tessellate><altitudeMode>clampToGround</altitudeMode><outerBoundaryIs><LinearRing><coordinates>132.79735883,-3.29574501,0 132.79717799,-3.29620187,0 132.79752063,-3.29620187,0 132.79735883,-3.29574501,0</coordinates></LinearRing></outerBoundaryIs></Polygon></Placemark><Placemark><name>Province Papua Barat - Bagian 0790</name><visibility>1</visibility><styleUrl>#papua-barat-google-earth</styleUrl><Polygon><extrude>0</extrude><tessellate>1</tessellate><altitudeMode>clampToGround</altitudeMode><outerBoundaryIs><LinearRing><coordinates>134.45169640,-3.97780920,0 134.45212946,-3.97766643,0 134.45187248,-3.97739041,0 134.45169640,-3.97780920,0</coordinates></LinearRing></outerBoundaryIs></Polygon></Placemark><Placemark><name>Province Papua Barat - Bagian 0791</name><visibility>1</visibility><styleUrl>#papua-barat-google-earth</styleUrl><Polygon><extrude>0</extrude><tessellate>1</tessellate><altitudeMode>clampToGround</altitudeMode><outerBoundaryIs><LinearRing><coordinates>134.64495327,-4.09449027,0 134.64482685,-4.09499779,0 134.64518835,-4.09477924,0 134.64495327,-4.09449027,0</coordinates></LinearRing></outerBoundaryIs></Polygon></Placemark><Placemark><name>Province Papua Barat - Bagian 0792</name><visibility>1</visibility><styleUrl>#papua-barat-google-earth</styleUrl><Polygon><extrude>0</extrude><tessellate>1</tessellate><altitudeMode>clampToGround</altitudeMode><outerBoundaryIs><LinearRing><coordinates>132.44841331,-2.62032800,0 132.44818286,-2.62038434,0 132.44872064,-2.62092738,0 132.44841331,-2.62032800,0</coordinates></LinearRing></outerBoundaryIs></Polygon></Placemark><Placemark><name>Province Papua Barat - Bagian 0793</name><visibility>1</visibility><styleUrl>#papua-barat-google-earth</styleUrl><Polygon><extrude>0</extrude><tessellate>1</tessellate><altitudeMode>clampToGround</altitudeMode><outerBoundaryIs><LinearRing><coordinates>132.73195703,-3.67640457,0 132.73229967,-3.67638316,0 132.73157156,-3.67597627,0 132.73195703,-3.67640457,0</coordinates></LinearRing></outerBoundaryIs></Polygon></Placemark><Placemark><name>Province Papua Barat - Bagian 0794</name><visibility>1</visibility><styleUrl>#papua-barat-google-earth</styleUrl><Polygon><extrude>0</extrude><tessellate>1</tessellate><altitudeMode>clampToGround</altitudeMode><outerBoundaryIs><LinearRing><coordinates>132.63218866,-2.72253064,0 132.63246633,-2.72217794,0 132.63192064,-2.72231290,0 132.63218866,-2.72253064,0</coordinates></LinearRing></outerBoundaryIs></Polygon></Placemark><Placemark><name>Province Papua Barat - Bagian 0795</name><visibility>1</visibility><styleUrl>#papua-barat-google-earth</styleUrl><Polygon><extrude>0</extrude><tessellate>1</tessellate><altitudeMode>clampToGround</altitudeMode><outerBoundaryIs><LinearRing><coordinates>134.05657802,-3.92623111,0 134.05635416,-3.92617031,0 134.05622596,-3.92682756,0 134.05657802,-3.92623111,0</coordinates></LinearRing></outerBoundaryIs></Polygon></Placemark><Placemark><name>Province Papua Barat - Bagian 0796</name><visibility>1</visibility><styleUrl>#papua-barat-google-earth</styleUrl><Polygon><extrude>0</extrude><tessellate>1</tessellate><altitudeMode>clampToGround</altitudeMode><outerBoundaryIs><LinearRing><coordinates>132.12293472,-2.95443553,0 132.12321451,-2.95469110,0 132.12329594,-2.95421300,0 132.12293472,-2.95443553,0</coordinates></LinearRing></outerBoundaryIs></Polygon></Placemark><Placemark><name>Province Papua Barat - Bagian 0797</name><visibility>1</visibility><styleUrl>#papua-barat-google-earth</styleUrl><Polygon><extrude>0</extrude><tessellate>1</tessellate><altitudeMode>clampToGround</altitudeMode><outerBoundaryIs><LinearRing><coordinates>132.43914707,-2.73430554,0 132.43933987,-2.73390117,0 132.43896965,-2.73387662,0 132.43914707,-2.73430554,0</coordinates></LinearRing></outerBoundaryIs></Polygon></Placemark><Placemark><name>Province Papua Barat - Bagian 0798</name><visibility>1</visibility><styleUrl>#papua-barat-google-earth</styleUrl><Polygon><extrude>0</extrude><tessellate>1</tessellate><altitudeMode>clampToGround</altitudeMode><outerBoundaryIs><LinearRing><coordinates>134.31743784,-3.99233190,0 134.31722964,-3.99207611,0 134.31703928,-3.99258174,0 134.31743784,-3.99233190,0</coordinates></LinearRing></outerBoundaryIs></Polygon></Placemark><Placemark><name>Province Papua Barat - Bagian 0799</name><visibility>1</visibility><styleUrl>#papua-barat-google-earth</styleUrl><Polygon><extrude>0</extrude><tessellate>1</tessellate><altitudeMode>clampToGround</altitudeMode><outerBoundaryIs><LinearRing><coordinates>132.81272535,-3.95275453,0 132.81237580,-3.95261405,0 132.81244248,-3.95307725,0 132.81272535,-3.95275453,0</coordinates></LinearRing></outerBoundaryIs></Polygon></Placemark><Placemark><name>Province Papua Barat - Bagian 0800</name><visibility>1</visibility><styleUrl>#papua-barat-google-earth</styleUrl><Polygon><extrude>0</extrude><tessellate>1</tessellate><altitudeMode>clampToGround</altitudeMode><outerBoundaryIs><LinearRing><coordinates>133.93114964,-3.85700812,0 133.93143226,-3.85708956,0 133.93153378,-3.85657947,0 133.93114964,-3.85700812,0</coordinates></LinearRing></outerBoundaryIs></Polygon></Placemark><Placemark><name>Province Papua Barat - Bagian 0801</name><visibility>1</visibility><styleUrl>#papua-barat-google-earth</styleUrl><Polygon><extrude>0</extrude><tessellate>1</tessellate><altitudeMode>clampToGround</altitudeMode><outerBoundaryIs><LinearRing><coordinates>133.85831937,-3.65406643,0 133.85772736,-3.65402836,0 133.85782159,-3.65429153,0 133.85831937,-3.65406643,0</coordinates></LinearRing></outerBoundaryIs></Polygon></Placemark><Placemark><name>Province Papua Barat - Bagian 0802</name><visibility>1</visibility><styleUrl>#papua-barat-google-earth</styleUrl><Polygon><extrude>0</extrude><tessellate>1</tessellate><altitudeMode>clampToGround</altitudeMode><outerBoundaryIs><LinearRing><coordinates>133.38356324,-3.99953157,0 133.38333507,-3.99915819,0 133.38324380,-3.99967262,0 133.38356324,-3.99953157,0</coordinates></LinearRing></outerBoundaryIs></Polygon></Placemark><Placemark><name>Province Papua Barat - Bagian 0803</name><visibility>1</visibility><styleUrl>#papua-barat-google-earth</styleUrl><Polygon><extrude>0</extrude><tessellate>1</tessellate><altitudeMode>clampToGround</altitudeMode><outerBoundaryIs><LinearRing><coordinates>132.46958928,-2.70996723,0 132.46980447,-2.71014087,0 132.47004553,-2.70963361,0 132.46958928,-2.70996723,0</coordinates></LinearRing></outerBoundaryIs></Polygon></Placemark><Placemark><name>Province Papua Barat - Bagian 0804</name><visibility>1</visibility><styleUrl>#papua-barat-google-earth</styleUrl><Polygon><extrude>0</extrude><tessellate>1</tessellate><altitudeMode>clampToGround</altitudeMode><outerBoundaryIs><LinearRing><coordinates>134.45254736,-4.04764667,0 134.45271210,-4.04659257,0 134.45251754,-4.04692508,0 134.45254736,-4.04764667,0</coordinates></LinearRing></outerBoundaryIs></Polygon></Placemark><Placemark><name>Province Papua Barat - Bagian 0805</name><visibility>1</visibility><styleUrl>#papua-barat-google-earth</styleUrl><Polygon><extrude>0</extrude><tessellate>1</tessellate><altitudeMode>clampToGround</altitudeMode><outerBoundaryIs><LinearRing><coordinates>132.45174263,-2.64905467,0 132.45189712,-2.64859762,0 132.45124944,-2.64954139,0 132.45174263,-2.64905467,0</coordinates></LinearRing></outerBoundaryIs></Polygon></Placemark><Placemark><name>Province Papua Barat - Bagian 0806</name><visibility>1</visibility><styleUrl>#papua-barat-google-earth</styleUrl><Polygon><extrude>0</extrude><tessellate>1</tessellate><altitudeMode>clampToGround</altitudeMode><outerBoundaryIs><LinearRing><coordinates>132.51600168,-2.64310392,0 132.51578825,-2.64283610,0 132.51539769,-2.64304588,0 132.51600168,-2.64310392,0</coordinates></LinearRing></outerBoundaryIs></Polygon></Placemark><Placemark><name>Province Papua Barat - Bagian 0807</name><visibility>1</visibility><styleUrl>#papua-barat-google-earth</styleUrl><Polygon><extrude>0</extrude><tessellate>1</tessellate><altitudeMode>clampToGround</altitudeMode><outerBoundaryIs><LinearRing><coordinates>133.82465218,-3.56326594,0 133.82428289,-3.56305845,0 133.82440853,-3.56353053,0 133.82465218,-3.56326594,0</coordinates></LinearRing></outerBoundaryIs></Polygon></Placemark><Placemark><name>Province Papua Barat - Bagian 0808</name><visibility>1</visibility><styleUrl>#papua-barat-google-earth</styleUrl><Polygon><extrude>0</extrude><tessellate>1</tessellate><altitudeMode>clampToGround</altitudeMode><outerBoundaryIs><LinearRing><coordinates>132.51327001,-2.67193543,0 132.51286888,-2.67145582,0 132.51267435,-2.67159252,0 132.51327001,-2.67193543,0</coordinates></LinearRing></outerBoundaryIs></Polygon></Placemark><Placemark><name>Province Papua Barat - Bagian 0809</name><visibility>1</visibility><styleUrl>#papua-barat-google-earth</styleUrl><Polygon><extrude>0</extrude><tessellate>1</tessellate><altitudeMode>clampToGround</altitudeMode><outerBoundaryIs><LinearRing><coordinates>134.37631160,-3.97860441,0 134.37684698,-3.97809282,0 134.37663283,-3.97802144,0 134.37631160,-3.97860441,0</coordinates></LinearRing></outerBoundaryIs></Polygon></Placemark><Placemark><name>Province Papua Barat - Bagian 0810</name><visibility>1</visibility><styleUrl>#papua-barat-google-earth</styleUrl><Polygon><extrude>0</extrude><tessellate>1</tessellate><altitudeMode>clampToGround</altitudeMode><outerBoundaryIs><LinearRing><coordinates>132.47752882,-2.68393671,0 132.47782729,-2.68383853,0 132.47776643,-2.68336373,0 132.47752882,-2.68393671,0</coordinates></LinearRing></outerBoundaryIs></Polygon></Placemark><Placemark><name>Province Papua Barat - Bagian 0811</name><visibility>1</visibility><styleUrl>#papua-barat-google-earth</styleUrl><Polygon><extrude>0</extrude><tessellate>1</tessellate><altitudeMode>clampToGround</altitudeMode><outerBoundaryIs><LinearRing><coordinates>132.76229345,-3.26801809,0 132.76206529,-3.26830263,0 132.76246322,-3.26845325,0 132.76229345,-3.26801809,0</coordinates></LinearRing></outerBoundaryIs></Polygon></Placemark><Placemark><name>Province Papua Barat - Bagian 0812</name><visibility>1</visibility><styleUrl>#papua-barat-google-earth</styleUrl><Polygon><extrude>0</extrude><tessellate>1</tessellate><altitudeMode>clampToGround</altitudeMode><outerBoundaryIs><LinearRing><coordinates>134.18272680,-3.83096529,0 134.18282453,-3.83186275,0 134.18298413,-3.83181955,0 134.18272680,-3.83096529,0</coordinates></LinearRing></outerBoundaryIs></Polygon></Placemark><Placemark><name>Province Papua Barat - Bagian 0813</name><visibility>1</visibility><styleUrl>#papua-barat-google-earth</styleUrl><Polygon><extrude>0</extrude><tessellate>1</tessellate><altitudeMode>clampToGround</altitudeMode><outerBoundaryIs><LinearRing><coordinates>132.44016094,-2.62830512,0 132.43983909,-2.62843119,0 132.44004693,-2.62880748,0 132.44016094,-2.62830512,0</coordinates></LinearRing></outerBoundaryIs></Polygon></Placemark><Placemark><name>Province Papua Barat - Bagian 0814</name><visibility>1</visibility><styleUrl>#papua-barat-google-earth</styleUrl><Polygon><extrude>0</extrude><tessellate>1</tessellate><altitudeMode>clampToGround</altitudeMode><outerBoundaryIs><LinearRing><coordinates>134.00766972,-3.82011545,0 134.00807207,-3.82018205,0 134.00819685,-3.81983677,0 134.00766972,-3.82011545,0</coordinates></LinearRing></outerBoundaryIs></Polygon></Placemark><Placemark><name>Province Papua Barat - Bagian 0815</name><visibility>1</visibility><styleUrl>#papua-barat-google-earth</styleUrl><Polygon><extrude>0</extrude><tessellate>1</tessellate><altitudeMode>clampToGround</altitudeMode><outerBoundaryIs><LinearRing><coordinates>132.54906233,-2.68018158,0 132.54934293,-2.68039996,0 132.54950836,-2.68000496,0 132.54906233,-2.68018158,0</coordinates></LinearRing></outerBoundaryIs></Polygon></Placemark><Placemark><name>Province Papua Barat - Bagian 0816</name><visibility>1</visibility><styleUrl>#papua-barat-google-earth</styleUrl><Polygon><extrude>0</extrude><tessellate>1</tessellate><altitudeMode>clampToGround</altitudeMode><outerBoundaryIs><LinearRing><coordinates>134.37704486,-2.50645247,0 134.37720190,-2.50710921,0 134.37727329,-2.50647389,0 134.37704486,-2.50645247,0</coordinates></LinearRing></outerBoundaryIs></Polygon></Placemark><Placemark><name>Province Papua Barat - Bagian 0817</name><visibility>1</visibility><styleUrl>#papua-barat-google-earth</styleUrl><Polygon><extrude>0</extrude><tessellate>1</tessellate><altitudeMode>clampToGround</altitudeMode><outerBoundaryIs><LinearRing><coordinates>134.13638838,-2.04116590,0 134.13585882,-2.04023271,0 134.13576957,-2.04035235,0 134.13638838,-2.04116590,0</coordinates></LinearRing></outerBoundaryIs></Polygon></Placemark><Placemark><name>Province Papua Barat - Bagian 0818</name><visibility>1</visibility><styleUrl>#papua-barat-google-earth</styleUrl><Polygon><extrude>0</extrude><tessellate>1</tessellate><altitudeMode>clampToGround</altitudeMode><outerBoundaryIs><LinearRing><coordinates>132.05594052,-2.78540001,0 132.05642256,-2.78547200,0 132.05627566,-2.78514698,0 132.05594052,-2.78540001,0</coordinates></LinearRing></outerBoundaryIs></Polygon></Placemark><Placemark><name>Province Papua Barat - Bagian 0819</name><visibility>1</visibility><styleUrl>#papua-barat-google-earth</styleUrl><Polygon><extrude>0</extrude><tessellate>1</tessellate><altitudeMode>clampToGround</altitudeMode><outerBoundaryIs><LinearRing><coordinates>132.51350686,-2.64081829,0 132.51330303,-2.64059498,0 132.51305010,-2.64102717,0 132.51350686,-2.64081829,0</coordinates></LinearRing></outerBoundaryIs></Polygon></Placemark><Placemark><name>Province Papua Barat - Bagian 0820</name><visibility>1</visibility><styleUrl>#papua-barat-google-earth</styleUrl><Polygon><extrude>0</extrude><tessellate>1</tessellate><altitudeMode>clampToGround</altitudeMode><outerBoundaryIs><LinearRing><coordinates>134.02257306,-3.81889878,0 134.02320123,-3.81883810,0 134.02300136,-3.81862752,0 134.02257306,-3.81889878,0</coordinates></LinearRing></outerBoundaryIs></Polygon></Placemark><Placemark><name>Province Papua Barat - Bagian 0821</name><visibility>1</visibility><styleUrl>#papua-barat-google-earth</styleUrl><Polygon><extrude>0</extrude><tessellate>1</tessellate><altitudeMode>clampToGround</altitudeMode><outerBoundaryIs><LinearRing><coordinates>133.98443436,-0.74443678,0 133.98452718,-0.74475981,0 133.98487704,-0.74442242,0 133.98443436,-0.74443678,0</coordinates></LinearRing></outerBoundaryIs></Polygon></Placemark><Placemark><name>Province Papua Barat - Bagian 0822</name><visibility>1</visibility><styleUrl>#papua-barat-google-earth</styleUrl><Polygon><extrude>0</extrude><tessellate>1</tessellate><altitudeMode>clampToGround</altitudeMode><outerBoundaryIs><LinearRing><coordinates>132.65414002,-3.30417187,0 132.65455048,-3.30382685,0 132.65436607,-3.30363055,0 132.65414002,-3.30417187,0</coordinates></LinearRing></outerBoundaryIs></Polygon></Placemark><Placemark><name>Province Papua Barat - Bagian 0823</name><visibility>1</visibility><styleUrl>#papua-barat-google-earth</styleUrl><Polygon><extrude>0</extrude><tessellate>1</tessellate><altitudeMode>clampToGround</altitudeMode><outerBoundaryIs><LinearRing><coordinates>132.79809316,-3.35479336,0 132.79819536,-3.35441812,0 132.79784775,-3.35428411,0 132.79809316,-3.35479336,0</coordinates></LinearRing></outerBoundaryIs></Polygon></Placemark><Placemark><name>Province Papua Barat - Bagian 0824</name><visibility>1</visibility><styleUrl>#papua-barat-google-earth</styleUrl><Polygon><extrude>0</extrude><tessellate>1</tessellate><altitudeMode>clampToGround</altitudeMode><outerBoundaryIs><LinearRing><coordinates>132.54303327,-2.65492301,0 132.54284906,-2.65479897,0 132.54264913,-2.65544544,0 132.54303327,-2.65492301,0</coordinates></LinearRing></outerBoundaryIs></Polygon></Placemark><Placemark><name>Province Papua Barat - Bagian 0825</name><visibility>1</visibility><styleUrl>#papua-barat-google-earth</styleUrl><Polygon><extrude>0</extrude><tessellate>1</tessellate><altitudeMode>clampToGround</altitudeMode><outerBoundaryIs><LinearRing><coordinates>132.43130034,-2.62780640,0 132.43129550,-2.62840034,0 132.43153827,-2.62833571,0 132.43130034,-2.62780640,0</coordinates></LinearRing></outerBoundaryIs></Polygon></Placemark><Placemark><name>Province Papua Barat - Bagian 0826</name><visibility>1</visibility><styleUrl>#papua-barat-google-earth</styleUrl><Polygon><extrude>0</extrude><tessellate>1</tessellate><altitudeMode>clampToGround</altitudeMode><outerBoundaryIs><LinearRing><coordinates>133.93080595,-3.82316329,0 133.93111424,-3.82304708,0 133.93100500,-3.82263354,0 133.93080595,-3.82316329,0</coordinates></LinearRing></outerBoundaryIs></Polygon></Placemark><Placemark><name>Province Papua Barat - Bagian 0827</name><visibility>1</visibility><styleUrl>#papua-barat-google-earth</styleUrl><Polygon><extrude>0</extrude><tessellate>1</tessellate><altitudeMode>clampToGround</altitudeMode><outerBoundaryIs><LinearRing><coordinates>131.64421032,-2.62334971,0 131.64432141,-2.62293656,0 131.64399615,-2.62288938,0 131.64421032,-2.62334971,0</coordinates></LinearRing></outerBoundaryIs></Polygon></Placemark><Placemark><name>Province Papua Barat - Bagian 0828</name><visibility>1</visibility><styleUrl>#papua-barat-google-earth</styleUrl><Polygon><extrude>0</extrude><tessellate>1</tessellate><altitudeMode>clampToGround</altitudeMode><outerBoundaryIs><LinearRing><coordinates>133.93184290,-3.75206179,0 133.93172096,-3.75167156,0 133.93142107,-3.75185563,0 133.93184290,-3.75206179,0</coordinates></LinearRing></outerBoundaryIs></Polygon></Placemark><Placemark><name>Province Papua Barat - Bagian 0829</name><visibility>1</visibility><styleUrl>#papua-barat-google-earth</styleUrl><Polygon><extrude>0</extrude><tessellate>1</tessellate><altitudeMode>clampToGround</altitudeMode><outerBoundaryIs><LinearRing><coordinates>134.13646155,-2.02089074,0 134.13683340,-2.02087381,0 134.13674427,-2.02050326,0 134.13646155,-2.02089074,0</coordinates></LinearRing></outerBoundaryIs></Polygon></Placemark><Placemark><name>Province Papua Barat - Bagian 0830</name><visibility>1</visibility><styleUrl>#papua-barat-google-earth</styleUrl><Polygon><extrude>0</extrude><tessellate>1</tessellate><altitudeMode>clampToGround</altitudeMode><outerBoundaryIs><LinearRing><coordinates>133.90748429,-3.70682330,0 133.90707312,-3.70678047,0 133.90719305,-3.70713167,0 133.90748429,-3.70682330,0</coordinates></LinearRing></outerBoundaryIs></Polygon></Placemark><Placemark><name>Province Papua Barat - Bagian 0831</name><visibility>1</visibility><styleUrl>#papua-barat-google-earth</styleUrl><Polygon><extrude>0</extrude><tessellate>1</tessellate><altitudeMode>clampToGround</altitudeMode><outerBoundaryIs><LinearRing><coordinates>132.51306494,-2.68235528,0 132.51275923,-2.68249225,0 132.51309923,-2.68279077,0 132.51306494,-2.68235528,0</coordinates></LinearRing></outerBoundaryIs></Polygon></Placemark><Placemark><name>Province Papua Barat - Bagian 0832</name><visibility>1</visibility><styleUrl>#papua-barat-google-earth</styleUrl><Polygon><extrude>0</extrude><tessellate>1</tessellate><altitudeMode>clampToGround</altitudeMode><outerBoundaryIs><LinearRing><coordinates>132.26959481,-2.97672397,0 132.26927406,-2.97672192,0 132.26934731,-2.97715041,0 132.26959481,-2.97672397,0</coordinates></LinearRing></outerBoundaryIs></Polygon></Placemark><Placemark><name>Province Papua Barat - Bagian 0833</name><visibility>1</visibility><styleUrl>#papua-barat-google-earth</styleUrl><Polygon><extrude>0</extrude><tessellate>1</tessellate><altitudeMode>clampToGround</altitudeMode><outerBoundaryIs><LinearRing><coordinates>132.53655955,-2.67873873,0 132.53660277,-2.67782493,0 132.53645230,-2.67783716,0 132.53655955,-2.67873873,0</coordinates></LinearRing></outerBoundaryIs></Polygon></Placemark><Placemark><name>Province Papua Barat - Bagian 0834</name><visibility>1</visibility><styleUrl>#papua-barat-google-earth</styleUrl><Polygon><extrude>0</extrude><tessellate>1</tessellate><altitudeMode>clampToGround</altitudeMode><outerBoundaryIs><LinearRing><coordinates>133.89510333,-3.68793217,0 133.89529606,-3.68873881,0 133.89540076,-3.68846755,0 133.89510333,-3.68793217,0</coordinates></LinearRing></outerBoundaryIs></Polygon></Placemark><Placemark><name>Province Papua Barat - Bagian 0835</name><visibility>1</visibility><styleUrl>#papua-barat-google-earth</styleUrl><Polygon><extrude>0</extrude><tessellate>1</tessellate><altitudeMode>clampToGround</altitudeMode><outerBoundaryIs><LinearRing><coordinates>134.37342545,-3.98053790,0 134.37343073,-3.98030405,0 134.37284605,-3.98030360,0 134.37342545,-3.98053790,0</coordinates></LinearRing></outerBoundaryIs></Polygon></Placemark><Placemark><name>Province Papua Barat - Bagian 0836</name><visibility>1</visibility><styleUrl>#papua-barat-google-earth</styleUrl><Polygon><extrude>0</extrude><tessellate>1</tessellate><altitudeMode>clampToGround</altitudeMode><outerBoundaryIs><LinearRing><coordinates>134.22775402,-2.40169225,0 134.22802766,-2.40181123,0 134.22822992,-2.40140077,0 134.22775402,-2.40169225,0</coordinates></LinearRing></outerBoundaryIs></Polygon></Placemark><Placemark><name>Province Papua Barat - Bagian 0837</name><visibility>1</visibility><styleUrl>#papua-barat-google-earth</styleUrl><Polygon><extrude>0</extrude><tessellate>1</tessellate><altitudeMode>clampToGround</altitudeMode><outerBoundaryIs><LinearRing><coordinates>133.92306360,-3.83561915,0 133.92290174,-3.83509955,0 133.92271991,-3.83535796,0 133.92306360,-3.83561915,0</coordinates></LinearRing></outerBoundaryIs></Polygon></Placemark><Placemark><name>Province Papua Barat - Bagian 0838</name><visibility>1</visibility><styleUrl>#papua-barat-google-earth</styleUrl><Polygon><extrude>0</extrude><tessellate>1</tessellate><altitudeMode>clampToGround</altitudeMode><outerBoundaryIs><LinearRing><coordinates>132.12252925,-2.95771574,0 132.12235573,-2.95763000,0 132.12199455,-2.95823425,0 132.12252925,-2.95771574,0</coordinates></LinearRing></outerBoundaryIs></Polygon></Placemark><Placemark><name>Province Papua Barat - Bagian 0839</name><visibility>1</visibility><styleUrl>#papua-barat-google-earth</styleUrl><Polygon><extrude>0</extrude><tessellate>1</tessellate><altitudeMode>clampToGround</altitudeMode><outerBoundaryIs><LinearRing><coordinates>134.00034045,-3.81678760,0 134.00015502,-3.81652662,0 133.99974960,-3.81668727,0 134.00034045,-3.81678760,0</coordinates></LinearRing></outerBoundaryIs></Polygon></Placemark><Placemark><name>Province Papua Barat - Bagian 0840</name><visibility>1</visibility><styleUrl>#papua-barat-google-earth</styleUrl><Polygon><extrude>0</extrude><tessellate>1</tessellate><altitudeMode>clampToGround</altitudeMode><outerBoundaryIs><LinearRing><coordinates>131.61756069,-2.67895520,0 131.61759481,-2.67853890,0 131.61726672,-2.67858260,0 131.61756069,-2.67895520,0</coordinates></LinearRing></outerBoundaryIs></Polygon></Placemark><Placemark><name>Province Papua Barat - Bagian 0841</name><visibility>1</visibility><styleUrl>#papua-barat-google-earth</styleUrl><Polygon><extrude>0</extrude><tessellate>1</tessellate><altitudeMode>clampToGround</altitudeMode><outerBoundaryIs><LinearRing><coordinates>134.14457272,-3.76145264,0 134.14485826,-3.76147049,0 134.14504743,-3.76101006,0 134.14457272,-3.76145264,0</coordinates></LinearRing></outerBoundaryIs></Polygon></Placemark><Placemark><name>Province Papua Barat - Bagian 0842</name><visibility>1</visibility><styleUrl>#papua-barat-google-earth</styleUrl><Polygon><extrude>0</extrude><tessellate>1</tessellate><altitudeMode>clampToGround</altitudeMode><outerBoundaryIs><LinearRing><coordinates>132.48762890,-2.67932455,0 132.48785195,-2.67919850,0 132.48767398,-2.67869606,0 132.48762890,-2.67932455,0</coordinates></LinearRing></outerBoundaryIs></Polygon></Placemark><Placemark><name>Province Papua Barat - Bagian 0843</name><visibility>1</visibility><styleUrl>#papua-barat-google-earth</styleUrl><Polygon><extrude>0</extrude><tessellate>1</tessellate><altitudeMode>clampToGround</altitudeMode><outerBoundaryIs><LinearRing><coordinates>132.04893597,-2.77512901,0 132.04872171,-2.77518892,0 132.04875406,-2.77580584,0 132.04893597,-2.77512901,0</coordinates></LinearRing></outerBoundaryIs></Polygon></Placemark><Placemark><name>Province Papua Barat - Bagian 0844</name><visibility>1</visibility><styleUrl>#papua-barat-google-earth</styleUrl><Polygon><extrude>0</extrude><tessellate>1</tessellate><altitudeMode>clampToGround</altitudeMode><outerBoundaryIs><LinearRing><coordinates>134.22956954,-4.01579518,0 134.22926328,-4.01580813,0 134.22940102,-4.01623969,0 134.22956954,-4.01579518,0</coordinates></LinearRing></outerBoundaryIs></Polygon></Placemark><Placemark><name>Province Papua Barat - Bagian 0845</name><visibility>1</visibility><styleUrl>#papua-barat-google-earth</styleUrl><Polygon><extrude>0</extrude><tessellate>1</tessellate><altitudeMode>clampToGround</altitudeMode><outerBoundaryIs><LinearRing><coordinates>132.48214833,-2.68195722,0 132.48251847,-2.68173458,0 132.48236000,-2.68146900,0 132.48214833,-2.68195722,0</coordinates></LinearRing></outerBoundaryIs></Polygon></Placemark><Placemark><name>Province Papua Barat - Bagian 0846</name><visibility>1</visibility><styleUrl>#papua-barat-google-earth</styleUrl><Polygon><extrude>0</extrude><tessellate>1</tessellate><altitudeMode>clampToGround</altitudeMode><outerBoundaryIs><LinearRing><coordinates>134.19183189,-4.02477913,0 134.19183969,-4.02523127,0 134.19212199,-4.02447628,0 134.19183189,-4.02477913,0</coordinates></LinearRing></outerBoundaryIs></Polygon></Placemark><Placemark><name>Province Papua Barat - Bagian 0847</name><visibility>1</visibility><styleUrl>#papua-barat-google-earth</styleUrl><Polygon><extrude>0</extrude><tessellate>1</tessellate><altitudeMode>clampToGround</altitudeMode><outerBoundaryIs><LinearRing><coordinates>134.09819001,-3.84115694,0 134.09819782,-3.84069392,0 134.09790874,-3.84074139,0 134.09819001,-3.84115694,0</coordinates></LinearRing></outerBoundaryIs></Polygon></Placemark><Placemark><name>Province Papua Barat - Bagian 0848</name><visibility>1</visibility><styleUrl>#papua-barat-google-earth</styleUrl><Polygon><extrude>0</extrude><tessellate>1</tessellate><altitudeMode>clampToGround</altitudeMode><outerBoundaryIs><LinearRing><coordinates>134.45708717,-3.99075738,0 134.45661257,-3.99067313,0 134.45657482,-3.99094731,0 134.45708717,-3.99075738,0</coordinates></LinearRing></outerBoundaryIs></Polygon></Placemark><Placemark><name>Province Papua Barat - Bagian 0849</name><visibility>1</visibility><styleUrl>#papua-barat-google-earth</styleUrl><Polygon><extrude>0</extrude><tessellate>1</tessellate><altitudeMode>clampToGround</altitudeMode><outerBoundaryIs><LinearRing><coordinates>132.60860878,-2.71029765,0 132.60882496,-2.71053077,0 132.60895073,-2.71005138,0 132.60860878,-2.71029765,0</coordinates></LinearRing></outerBoundaryIs></Polygon></Placemark><Placemark><name>Province Papua Barat - Bagian 0850</name><visibility>1</visibility><styleUrl>#papua-barat-google-earth</styleUrl><Polygon><extrude>0</extrude><tessellate>1</tessellate><altitudeMode>clampToGround</altitudeMode><outerBoundaryIs><LinearRing><coordinates>134.22696000,-4.00421252,0 134.22701645,-4.00475211,0 134.22726364,-4.00476060,0 134.22696000,-4.00421252,0</coordinates></LinearRing></outerBoundaryIs></Polygon></Placemark><Placemark><name>Province Papua Barat - Bagian 0851</name><visibility>1</visibility><styleUrl>#papua-barat-google-earth</styleUrl><Polygon><extrude>0</extrude><tessellate>1</tessellate><altitudeMode>clampToGround</altitudeMode><outerBoundaryIs><LinearRing><coordinates>133.92576111,-3.87801798,0 133.92598597,-3.87793589,0 133.92592529,-3.87736839,0 133.92576111,-3.87801798,0</coordinates></LinearRing></outerBoundaryIs></Polygon></Placemark><Placemark><name>Province Papua Barat - Bagian 0852</name><visibility>1</visibility><styleUrl>#papua-barat-google-earth</styleUrl><Polygon><extrude>0</extrude><tessellate>1</tessellate><altitudeMode>clampToGround</altitudeMode><outerBoundaryIs><LinearRing><coordinates>132.55153332,-3.14576423,0 132.55165822,-3.14522804,0 132.55142034,-3.14518920,0 132.55153332,-3.14576423,0</coordinates></LinearRing></outerBoundaryIs></Polygon></Placemark><Placemark><name>Province Papua Barat - Bagian 0853</name><visibility>1</visibility><styleUrl>#papua-barat-google-earth</styleUrl><Polygon><extrude>0</extrude><tessellate>1</tessellate><altitudeMode>clampToGround</altitudeMode><outerBoundaryIs><LinearRing><coordinates>132.82958438,-3.95547145,0 132.82992702,-3.95557139,0 132.83005194,-3.95522160,0 132.82958438,-3.95547145,0</coordinates></LinearRing></outerBoundaryIs></Polygon></Placemark><Placemark><name>Province Papua Barat - Bagian 0854</name><visibility>1</visibility><styleUrl>#papua-barat-google-earth</styleUrl><Polygon><extrude>0</extrude><tessellate>1</tessellate><altitudeMode>clampToGround</altitudeMode><outerBoundaryIs><LinearRing><coordinates>134.40618751,-3.99502695,0 134.40588413,-3.99478067,0 134.40571280,-3.99507692,0 134.40618751,-3.99502695,0</coordinates></LinearRing></outerBoundaryIs></Polygon></Placemark><Placemark><name>Province Papua Barat - Bagian 0855</name><visibility>1</visibility><styleUrl>#papua-barat-google-earth</styleUrl><Polygon><extrude>0</extrude><tessellate>1</tessellate><altitudeMode>clampToGround</altitudeMode><outerBoundaryIs><LinearRing><coordinates>133.91589319,-3.76009171,0 133.91558538,-3.75984965,0 133.91550895,-3.76021843,0 133.91589319,-3.76009171,0</coordinates></LinearRing></outerBoundaryIs></Polygon></Placemark><Placemark><name>Province Papua Barat - Bagian 0856</name><visibility>1</visibility><styleUrl>#papua-barat-google-earth</styleUrl><Polygon><extrude>0</extrude><tessellate>1</tessellate><altitudeMode>clampToGround</altitudeMode><outerBoundaryIs><LinearRing><coordinates>132.57206955,-2.68911358,0 132.57245316,-2.68894229,0 132.57232007,-2.68865839,0 132.57206955,-2.68911358,0</coordinates></LinearRing></outerBoundaryIs></Polygon></Placemark><Placemark><name>Province Papua Barat - Bagian 0857</name><visibility>1</visibility><styleUrl>#papua-barat-google-earth</styleUrl><Polygon><extrude>0</extrude><tessellate>1</tessellate><altitudeMode>clampToGround</altitudeMode><outerBoundaryIs><LinearRing><coordinates>134.04590670,-3.79612799,0 134.04630212,-3.79583811,0 134.04617435,-3.79559911,0 134.04590670,-3.79612799,0</coordinates></LinearRing></outerBoundaryIs></Polygon></Placemark><Placemark><name>Province Papua Barat - Bagian 0858</name><visibility>1</visibility><styleUrl>#papua-barat-google-earth</styleUrl><Polygon><extrude>0</extrude><tessellate>1</tessellate><altitudeMode>clampToGround</altitudeMode><outerBoundaryIs><LinearRing><coordinates>133.89635978,-3.68968872,0 133.89607995,-3.68980008,0 133.89638548,-3.69014843,0 133.89635978,-3.68968872,0</coordinates></LinearRing></outerBoundaryIs></Polygon></Placemark><Placemark><name>Province Papua Barat - Bagian 0859</name><visibility>1</visibility><styleUrl>#papua-barat-google-earth</styleUrl><Polygon><extrude>0</extrude><tessellate>1</tessellate><altitudeMode>clampToGround</altitudeMode><outerBoundaryIs><LinearRing><coordinates>133.98181556,-3.83004791,0 133.98178224,-3.82961009,0 133.98147767,-3.82955299,0 133.98181556,-3.83004791,0</coordinates></LinearRing></outerBoundaryIs></Polygon></Placemark><Placemark><name>Province Papua Barat - Bagian 0860</name><visibility>1</visibility><styleUrl>#papua-barat-google-earth</styleUrl><Polygon><extrude>0</extrude><tessellate>1</tessellate><altitudeMode>clampToGround</altitudeMode><outerBoundaryIs><LinearRing><coordinates>132.11627685,-2.68467148,0 132.11624529,-2.68439035,0 132.11579547,-2.68452641,0 132.11627685,-2.68467148,0</coordinates></LinearRing></outerBoundaryIs></Polygon></Placemark><Placemark><name>Province Papua Barat - Bagian 0861</name><visibility>1</visibility><styleUrl>#papua-barat-google-earth</styleUrl><Polygon><extrude>0</extrude><tessellate>1</tessellate><altitudeMode>clampToGround</altitudeMode><outerBoundaryIs><LinearRing><coordinates>133.92473104,-3.87385666,0 133.92468940,-3.87479952,0 133.92483514,-3.87462999,0 133.92473104,-3.87385666,0</coordinates></LinearRing></outerBoundaryIs></Polygon></Placemark><Placemark><name>Province Papua Barat - Bagian 0862</name><visibility>1</visibility><styleUrl>#papua-barat-google-earth</styleUrl><Polygon><extrude>0</extrude><tessellate>1</tessellate><altitudeMode>clampToGround</altitudeMode><outerBoundaryIs><LinearRing><coordinates>132.46468328,-2.71009228,0 132.46430886,-2.71006507,0 132.46442587,-2.71042115,0 132.46468328,-2.71009228,0</coordinates></LinearRing></outerBoundaryIs></Polygon></Placemark><Placemark><name>Province Papua Barat - Bagian 0863</name><visibility>1</visibility><styleUrl>#papua-barat-google-earth</styleUrl><Polygon><extrude>0</extrude><tessellate>1</tessellate><altitudeMode>clampToGround</altitudeMode><outerBoundaryIs><LinearRing><coordinates>134.13411059,-3.89824004,0 134.13412487,-3.89793309,0 134.13368942,-3.89819008,0 134.13411059,-3.89824004,0</coordinates></LinearRing></outerBoundaryIs></Polygon></Placemark><Placemark><name>Province Papua Barat - Bagian 0864</name><visibility>1</visibility><styleUrl>#papua-barat-google-earth</styleUrl><Polygon><extrude>0</extrude><tessellate>1</tessellate><altitudeMode>clampToGround</altitudeMode><outerBoundaryIs><LinearRing><coordinates>134.15153809,-3.76945302,0 134.15142993,-3.76988559,0 134.15174646,-3.76981021,0 134.15153809,-3.76945302,0</coordinates></LinearRing></outerBoundaryIs></Polygon></Placemark><Placemark><name>Province Papua Barat - Bagian 0865</name><visibility>1</visibility><styleUrl>#papua-barat-google-earth</styleUrl><Polygon><extrude>0</extrude><tessellate>1</tessellate><altitudeMode>clampToGround</altitudeMode><outerBoundaryIs><LinearRing><coordinates>132.12754347,-2.96056946,0 132.12746337,-2.96029210,0 132.12706350,-2.96050848,0 132.12754347,-2.96056946,0</coordinates></LinearRing></outerBoundaryIs></Polygon></Placemark><Placemark><name>Province Papua Barat - Bagian 0866</name><visibility>1</visibility><styleUrl>#papua-barat-google-earth</styleUrl><Polygon><extrude>0</extrude><tessellate>1</tessellate><altitudeMode>clampToGround</altitudeMode><outerBoundaryIs><LinearRing><coordinates>134.45277253,-3.93853337,0 134.45241730,-3.93857628,0 134.45267210,-3.93890603,0 134.45277253,-3.93853337,0</coordinates></LinearRing></outerBoundaryIs></Polygon></Placemark><Placemark><name>Province Papua Barat - Bagian 0867</name><visibility>1</visibility><styleUrl>#papua-barat-google-earth</styleUrl><Polygon><extrude>0</extrude><tessellate>1</tessellate><altitudeMode>clampToGround</altitudeMode><outerBoundaryIs><LinearRing><coordinates>132.34740073,-2.66480774,0 132.34763629,-2.66506252,0 132.34779952,-2.66469566,0 132.34740073,-2.66480774,0</coordinates></LinearRing></outerBoundaryIs></Polygon></Placemark><Placemark><name>Province Papua Barat - Bagian 0868</name><visibility>1</visibility><styleUrl>#papua-barat-google-earth</styleUrl><Polygon><extrude>0</extrude><tessellate>1</tessellate><altitudeMode>clampToGround</altitudeMode><outerBoundaryIs><LinearRing><coordinates>134.33857767,-2.57347608,0 134.33904606,-2.57339317,0 134.33898658,-2.57313142,0 134.33857767,-2.57347608,0</coordinates></LinearRing></outerBoundaryIs></Polygon></Placemark><Placemark><name>Province Papua Barat - Bagian 0869</name><visibility>1</visibility><styleUrl>#papua-barat-google-earth</styleUrl><Polygon><extrude>0</extrude><tessellate>1</tessellate><altitudeMode>clampToGround</altitudeMode><outerBoundaryIs><LinearRing><coordinates>134.24864064,-4.00956783,0 134.24836589,-4.00982118,0 134.24863457,-4.01003654,0 134.24864064,-4.00956783,0</coordinates></LinearRing></outerBoundaryIs></Polygon></Placemark><Placemark><name>Province Papua Barat - Bagian 0870</name><visibility>1</visibility><styleUrl>#papua-barat-google-earth</styleUrl><Polygon><extrude>0</extrude><tessellate>1</tessellate><altitudeMode>clampToGround</altitudeMode><outerBoundaryIs><LinearRing><coordinates>132.48395788,-2.67830665,0 132.48375055,-2.67796156,0 132.48352646,-2.67820221,0 132.48395788,-2.67830665,0</coordinates></LinearRing></outerBoundaryIs></Polygon></Placemark><Placemark><name>Province Papua Barat - Bagian 0871</name><visibility>1</visibility><styleUrl>#papua-barat-google-earth</styleUrl><Polygon><extrude>0</extrude><tessellate>1</tessellate><altitudeMode>clampToGround</altitudeMode><outerBoundaryIs><LinearRing><coordinates>132.79779227,-3.37109557,0 132.79807780,-3.37075293,0 132.79781130,-3.37062919,0 132.79779227,-3.37109557,0</coordinates></LinearRing></outerBoundaryIs></Polygon></Placemark><Placemark><name>Province Papua Barat - Bagian 0872</name><visibility>1</visibility><styleUrl>#papua-barat-google-earth</styleUrl><Polygon><extrude>0</extrude><tessellate>1</tessellate><altitudeMode>clampToGround</altitudeMode><outerBoundaryIs><LinearRing><coordinates>133.69893087,-3.18187522,0 133.69899750,-3.18143740,0 133.69870245,-3.18147547,0 133.69893087,-3.18187522,0</coordinates></LinearRing></outerBoundaryIs></Polygon></Placemark><Placemark><name>Province Papua Barat - Bagian 0873</name><visibility>1</visibility><styleUrl>#papua-barat-google-earth</styleUrl><Polygon><extrude>0</extrude><tessellate>1</tessellate><altitudeMode>clampToGround</altitudeMode><outerBoundaryIs><LinearRing><coordinates>134.00140902,-3.81489303,0 134.00149428,-3.81467418,0 134.00095556,-3.81458819,0 134.00140902,-3.81489303,0</coordinates></LinearRing></outerBoundaryIs></Polygon></Placemark><Placemark><name>Province Papua Barat - Bagian 0874</name><visibility>1</visibility><styleUrl>#papua-barat-google-earth</styleUrl><Polygon><extrude>0</extrude><tessellate>1</tessellate><altitudeMode>clampToGround</altitudeMode><outerBoundaryIs><LinearRing><coordinates>132.78351996,-3.82148756,0 132.78343430,-3.82163033,0 132.78402441,-3.82210622,0 132.78351996,-3.82148756,0</coordinates></LinearRing></outerBoundaryIs></Polygon></Placemark><Placemark><name>Province Papua Barat - Bagian 0875</name><visibility>1</visibility><styleUrl>#papua-barat-google-earth</styleUrl><Polygon><extrude>0</extrude><tessellate>1</tessellate><altitudeMode>clampToGround</altitudeMode><outerBoundaryIs><LinearRing><coordinates>133.99693483,-3.83055755,0 133.99702604,-3.83016757,0 133.99670522,-3.83016931,0 133.99693483,-3.83055755,0</coordinates></LinearRing></outerBoundaryIs></Polygon></Placemark><Placemark><name>Province Papua Barat - Bagian 0876</name><visibility>1</visibility><styleUrl>#papua-barat-google-earth</styleUrl><Polygon><extrude>0</extrude><tessellate>1</tessellate><altitudeMode>clampToGround</altitudeMode><outerBoundaryIs><LinearRing><coordinates>132.06312253,-2.74632292,0 132.06261384,-2.74608589,0 132.06253402,-2.74629426,0 132.06312253,-2.74632292,0</coordinates></LinearRing></outerBoundaryIs></Polygon></Placemark><Placemark><name>Province Papua Barat - Bagian 0877</name><visibility>1</visibility><styleUrl>#papua-barat-google-earth</styleUrl><Polygon><extrude>0</extrude><tessellate>1</tessellate><altitudeMode>clampToGround</altitudeMode><outerBoundaryIs><LinearRing><coordinates>132.73295157,-3.30101195,0 132.73336203,-3.30076806,0 132.73310029,-3.30061934,0 132.73295157,-3.30101195,0</coordinates></LinearRing></outerBoundaryIs></Polygon></Placemark><Placemark><name>Province Papua Barat - Bagian 0878</name><visibility>1</visibility><styleUrl>#papua-barat-google-earth</styleUrl><Polygon><extrude>0</extrude><tessellate>1</tessellate><altitudeMode>clampToGround</altitudeMode><outerBoundaryIs><LinearRing><coordinates>134.70045641,-4.06757010,0 134.70010298,-4.06756122,0 134.70017655,-4.06791614,0 134.70045641,-4.06757010,0</coordinates></LinearRing></outerBoundaryIs></Polygon></Placemark><Placemark><name>Province Papua Barat - Bagian 0879</name><visibility>1</visibility><styleUrl>#papua-barat-google-earth</styleUrl><Polygon><extrude>0</extrude><tessellate>1</tessellate><altitudeMode>clampToGround</altitudeMode><outerBoundaryIs><LinearRing><coordinates>132.57078646,-3.13704430,0 132.57074630,-3.13687055,0 132.57007952,-3.13708927,0 132.57078646,-3.13704430,0</coordinates></LinearRing></outerBoundaryIs></Polygon></Placemark><Placemark><name>Province Papua Barat - Bagian 0880</name><visibility>1</visibility><styleUrl>#papua-barat-google-earth</styleUrl><Polygon><extrude>0</extrude><tessellate>1</tessellate><altitudeMode>clampToGround</altitudeMode><outerBoundaryIs><LinearRing><coordinates>134.45326831,-4.01447933,0 134.45320287,-4.01420569,0 134.45280431,-4.01444363,0 134.45326831,-4.01447933,0</coordinates></LinearRing></outerBoundaryIs></Polygon></Placemark><Placemark><name>Province Papua Barat - Bagian 0881</name><visibility>1</visibility><styleUrl>#papua-barat-google-earth</styleUrl><Polygon><extrude>0</extrude><tessellate>1</tessellate><altitudeMode>clampToGround</altitudeMode><outerBoundaryIs><LinearRing><coordinates>132.80202257,-3.29859085,0 132.80201305,-3.29804833,0 132.80178462,-3.29811496,0 132.80202257,-3.29859085,0</coordinates></LinearRing></outerBoundaryIs></Polygon></Placemark><Placemark><name>Province Papua Barat - Bagian 0882</name><visibility>1</visibility><styleUrl>#papua-barat-google-earth</styleUrl><Polygon><extrude>0</extrude><tessellate>1</tessellate><altitudeMode>clampToGround</altitudeMode><outerBoundaryIs><LinearRing><coordinates>134.14783536,-4.00127924,0 134.14790032,-4.00148769,0 134.14838190,-4.00113547,0 134.14783536,-4.00127924,0</coordinates></LinearRing></outerBoundaryIs></Polygon></Placemark><Placemark><name>Province Papua Barat - Bagian 0883</name><visibility>1</visibility><styleUrl>#papua-barat-google-earth</styleUrl><Polygon><extrude>0</extrude><tessellate>1</tessellate><altitudeMode>clampToGround</altitudeMode><outerBoundaryIs><LinearRing><coordinates>133.04154176,-4.07679945,0 133.04179874,-4.07671379,0 133.04164883,-4.07628548,0 133.04154176,-4.07679945,0</coordinates></LinearRing></outerBoundaryIs></Polygon></Placemark><Placemark><name>Province Papua Barat - Bagian 0884</name><visibility>1</visibility><styleUrl>#papua-barat-google-earth</styleUrl><Polygon><extrude>0</extrude><tessellate>1</tessellate><altitudeMode>clampToGround</altitudeMode><outerBoundaryIs><LinearRing><coordinates>134.40738287,-2.00725954,0 134.40755639,-2.00765285,0 134.40780221,-2.00750497,0 134.40738287,-2.00725954,0</coordinates></LinearRing></outerBoundaryIs></Polygon></Placemark><Placemark><name>Province Papua Barat - Bagian 0885</name><visibility>1</visibility><styleUrl>#papua-barat-google-earth</styleUrl><Polygon><extrude>0</extrude><tessellate>1</tessellate><altitudeMode>clampToGround</altitudeMode><outerBoundaryIs><LinearRing><coordinates>134.01462423,-3.85302786,0 134.01504851,-3.85313121,0 134.01506347,-3.85284826,0 134.01462423,-3.85302786,0</coordinates></LinearRing></outerBoundaryIs></Polygon></Placemark><Placemark><name>Province Papua Barat - Bagian 0886</name><visibility>1</visibility><styleUrl>#papua-barat-google-earth</styleUrl><Polygon><extrude>0</extrude><tessellate>1</tessellate><altitudeMode>clampToGround</altitudeMode><outerBoundaryIs><LinearRing><coordinates>132.45760094,-2.66135643,0 132.45778287,-2.66157655,0 132.45798772,-2.66115812,0 132.45760094,-2.66135643,0</coordinates></LinearRing></outerBoundaryIs></Polygon></Placemark><Placemark><name>Province Papua Barat - Bagian 0887</name><visibility>1</visibility><styleUrl>#papua-barat-google-earth</styleUrl><Polygon><extrude>0</extrude><tessellate>1</tessellate><altitudeMode>clampToGround</altitudeMode><outerBoundaryIs><LinearRing><coordinates>132.56333537,-2.65605903,0 132.56310957,-2.65610652,0 132.56312146,-2.65664072,0 132.56333537,-2.65605903,0</coordinates></LinearRing></outerBoundaryIs></Polygon></Placemark><Placemark><name>Province Papua Barat - Bagian 0888</name><visibility>1</visibility><styleUrl>#papua-barat-google-earth</styleUrl><Polygon><extrude>0</extrude><tessellate>1</tessellate><altitudeMode>clampToGround</altitudeMode><outerBoundaryIs><LinearRing><coordinates>134.13082369,-1.88408722,0 134.13118784,-1.88440306,0 134.13133064,-1.88419489,0 134.13082369,-1.88408722,0</coordinates></LinearRing></outerBoundaryIs></Polygon></Placemark><Placemark><name>Province Papua Barat - Bagian 0889</name><visibility>1</visibility><styleUrl>#papua-barat-google-earth</styleUrl><Polygon><extrude>0</extrude><tessellate>1</tessellate><altitudeMode>clampToGround</altitudeMode><outerBoundaryIs><LinearRing><coordinates>132.45229097,-2.73266350,0 132.45180685,-2.73260887,0 132.45184964,-2.73286341,0 132.45229097,-2.73266350,0</coordinates></LinearRing></outerBoundaryIs></Polygon></Placemark><Placemark><name>Province Papua Barat - Bagian 0890</name><visibility>1</visibility><styleUrl>#papua-barat-google-earth</styleUrl><Polygon><extrude>0</extrude><tessellate>1</tessellate><altitudeMode>clampToGround</altitudeMode><outerBoundaryIs><LinearRing><coordinates>134.04715475,-3.79723192,0 134.04750241,-3.79712574,0 134.04713683,-3.79689015,0 134.04715475,-3.79723192,0</coordinates></LinearRing></outerBoundaryIs></Polygon></Placemark><Placemark><name>Province Papua Barat - Bagian 0891</name><visibility>1</visibility><styleUrl>#papua-barat-google-earth</styleUrl><Polygon><extrude>0</extrude><tessellate>1</tessellate><altitudeMode>clampToGround</altitudeMode><outerBoundaryIs><LinearRing><coordinates>133.91821840,-3.86764000,0 133.91835165,-3.86758765,0 133.91789955,-3.86686192,0 133.91821840,-3.86764000,0</coordinates></LinearRing></outerBoundaryIs></Polygon></Placemark><Placemark><name>Province Papua Barat - Bagian 0892</name><visibility>1</visibility><styleUrl>#papua-barat-google-earth</styleUrl><Polygon><extrude>0</extrude><tessellate>1</tessellate><altitudeMode>clampToGround</altitudeMode><outerBoundaryIs><LinearRing><coordinates>134.09495842,-3.80151325,0 134.09463363,-3.80128482,0 134.09452298,-3.80157749,0 134.09495842,-3.80151325,0</coordinates></LinearRing></outerBoundaryIs></Polygon></Placemark><Placemark><name>Province Papua Barat - Bagian 0893</name><visibility>1</visibility><styleUrl>#papua-barat-google-earth</styleUrl><Polygon><extrude>0</extrude><tessellate>1</tessellate><altitudeMode>clampToGround</altitudeMode><outerBoundaryIs><LinearRing><coordinates>132.77762842,-3.82158750,0 132.77816380,-3.82173622,0 132.77822328,-3.82152801,0 132.77762842,-3.82158750,0</coordinates></LinearRing></outerBoundaryIs></Polygon></Placemark><Placemark><name>Province Papua Barat - Bagian 0894</name><visibility>1</visibility><styleUrl>#papua-barat-google-earth</styleUrl><Polygon><extrude>0</extrude><tessellate>1</tessellate><altitudeMode>clampToGround</altitudeMode><outerBoundaryIs><LinearRing><coordinates>134.41625341,-2.76944902,0 134.41604402,-2.76935384,0 134.41592028,-2.76986780,0 134.41625341,-2.76944902,0</coordinates></LinearRing></outerBoundaryIs></Polygon></Placemark><Placemark><name>Province Papua Barat - Bagian 0895</name><visibility>1</visibility><styleUrl>#papua-barat-google-earth</styleUrl><Polygon><extrude>0</extrude><tessellate>1</tessellate><altitudeMode>clampToGround</altitudeMode><outerBoundaryIs><LinearRing><coordinates>134.23451312,-4.03787909,0 134.23434619,-4.03855609,0 134.23451316,-4.03859092,0 134.23451312,-4.03787909,0</coordinates></LinearRing></outerBoundaryIs></Polygon></Placemark><Placemark><name>Province Papua Barat - Bagian 0896</name><visibility>1</visibility><styleUrl>#papua-barat-google-earth</styleUrl><Polygon><extrude>0</extrude><tessellate>1</tessellate><altitudeMode>clampToGround</altitudeMode><outerBoundaryIs><LinearRing><coordinates>134.12112671,-3.91052629,0 134.12106493,-3.91030651,0 134.12065278,-3.91075761,0 134.12112671,-3.91052629,0</coordinates></LinearRing></outerBoundaryIs></Polygon></Placemark><Placemark><name>Province Papua Barat - Bagian 0897</name><visibility>1</visibility><styleUrl>#papua-barat-google-earth</styleUrl><Polygon><extrude>0</extrude><tessellate>1</tessellate><altitudeMode>clampToGround</altitudeMode><outerBoundaryIs><LinearRing><coordinates>134.23128550,-4.02956399,0 134.23101376,-4.02951495,0 134.23110066,-4.02996284,0 134.23128550,-4.02956399,0</coordinates></LinearRing></outerBoundaryIs></Polygon></Placemark><Placemark><name>Province Papua Barat - Bagian 0898</name><visibility>1</visibility><styleUrl>#papua-barat-google-earth</styleUrl><Polygon><extrude>0</extrude><tessellate>1</tessellate><altitudeMode>clampToGround</altitudeMode><outerBoundaryIs><LinearRing><coordinates>132.53185073,-2.64938836,0 132.53180785,-2.64909544,0 132.53140800,-2.64909900,0 132.53185073,-2.64938836,0</coordinates></LinearRing></outerBoundaryIs></Polygon></Placemark><Placemark><name>Province Papua Barat - Bagian 0899</name><visibility>1</visibility><styleUrl>#papua-barat-google-earth</styleUrl><Polygon><extrude>0</extrude><tessellate>1</tessellate><altitudeMode>clampToGround</altitudeMode><outerBoundaryIs><LinearRing><coordinates>134.40151784,-1.99907297,0 134.40155283,-1.99885456,0 134.40101754,-1.99884656,0 134.40151784,-1.99907297,0</coordinates></LinearRing></outerBoundaryIs></Polygon></Placemark><Placemark><name>Province Papua Barat - Bagian 0900</name><visibility>1</visibility><styleUrl>#papua-barat-google-earth</styleUrl><Polygon><extrude>0</extrude><tessellate>1</tessellate><altitudeMode>clampToGround</altitudeMode><outerBoundaryIs><LinearRing><coordinates>132.46415042,-2.69099625,0 132.46442437,-2.69115186,0 132.46460592,-2.69082761,0 132.46415042,-2.69099625,0</coordinates></LinearRing></outerBoundaryIs></Polygon></Placemark><Placemark><name>Province Papua Barat - Bagian 0901</name><visibility>1</visibility><styleUrl>#papua-barat-google-earth</styleUrl><Polygon><extrude>0</extrude><tessellate>1</tessellate><altitudeMode>clampToGround</altitudeMode><outerBoundaryIs><LinearRing><coordinates>133.97144982,-3.85107242,0 133.97151577,-3.85064849,0 133.97123713,-3.85066723,0 133.97144982,-3.85107242,0</coordinates></LinearRing></outerBoundaryIs></Polygon></Placemark><Placemark><name>Province Papua Barat - Bagian 0902</name><visibility>1</visibility><styleUrl>#papua-barat-google-earth</styleUrl><Polygon><extrude>0</extrude><tessellate>1</tessellate><altitudeMode>clampToGround</altitudeMode><outerBoundaryIs><LinearRing><coordinates>132.11667548,-2.94548070,0 132.11715865,-2.94524688,0 132.11701251,-2.94507636,0 132.11667548,-2.94548070,0</coordinates></LinearRing></outerBoundaryIs></Polygon></Placemark><Placemark><name>Province Papua Barat - Bagian 0903</name><visibility>1</visibility><styleUrl>#papua-barat-google-earth</styleUrl><Polygon><extrude>0</extrude><tessellate>1</tessellate><altitudeMode>clampToGround</altitudeMode><outerBoundaryIs><LinearRing><coordinates>132.51143770,-2.64078101,0 132.51182068,-2.64051954,0 132.51155280,-2.64039953,0 132.51143770,-2.64078101,0</coordinates></LinearRing></outerBoundaryIs></Polygon></Placemark><Placemark><name>Province Papua Barat - Bagian 0904</name><visibility>1</visibility><styleUrl>#papua-barat-google-earth</styleUrl><Polygon><extrude>0</extrude><tessellate>1</tessellate><altitudeMode>clampToGround</altitudeMode><outerBoundaryIs><LinearRing><coordinates>134.32625507,-4.00916651,0 134.32593674,-4.00915158,0 134.32602456,-4.00951908,0 134.32625507,-4.00916651,0</coordinates></LinearRing></outerBoundaryIs></Polygon></Placemark><Placemark><name>Province Papua Barat - Bagian 0905</name><visibility>1</visibility><styleUrl>#papua-barat-google-earth</styleUrl><Polygon><extrude>0</extrude><tessellate>1</tessellate><altitudeMode>clampToGround</altitudeMode><outerBoundaryIs><LinearRing><coordinates>133.93290133,-3.88109918,0 133.93282245,-3.88172660,0 133.93300181,-3.88176287,0 133.93290133,-3.88109918,0</coordinates></LinearRing></outerBoundaryIs></Polygon></Placemark><Placemark><name>Province Papua Barat - Bagian 0906</name><visibility>1</visibility><styleUrl>#papua-barat-google-earth</styleUrl><Polygon><extrude>0</extrude><tessellate>1</tessellate><altitudeMode>clampToGround</altitudeMode><outerBoundaryIs><LinearRing><coordinates>134.12174664,-3.90737182,0 134.12174608,-3.90791159,0 134.12195968,-3.90789970,0 134.12174664,-3.90737182,0</coordinates></LinearRing></outerBoundaryIs></Polygon></Placemark><Placemark><name>Province Papua Barat - Bagian 0907</name><visibility>1</visibility><styleUrl>#papua-barat-google-earth</styleUrl><Polygon><extrude>0</extrude><tessellate>1</tessellate><altitudeMode>clampToGround</altitudeMode><outerBoundaryIs><LinearRing><coordinates>134.01584959,-3.80644479,0 134.01568207,-3.80612689,0 134.01545174,-3.80637626,0 134.01584959,-3.80644479,0</coordinates></LinearRing></outerBoundaryIs></Polygon></Placemark><Placemark><name>Province Papua Barat - Bagian 0908</name><visibility>1</visibility><styleUrl>#papua-barat-google-earth</styleUrl><Polygon><extrude>0</extrude><tessellate>1</tessellate><altitudeMode>clampToGround</altitudeMode><outerBoundaryIs><LinearRing><coordinates>132.44024032,-2.62649899,0 132.43994062,-2.62642407,0 132.43985731,-2.62678665,0 132.44024032,-2.62649899,0</coordinates></LinearRing></outerBoundaryIs></Polygon></Placemark><Placemark><name>Province Papua Barat - Bagian 0909</name><visibility>1</visibility><styleUrl>#papua-barat-google-earth</styleUrl><Polygon><extrude>0</extrude><tessellate>1</tessellate><altitudeMode>clampToGround</altitudeMode><outerBoundaryIs><LinearRing><coordinates>134.42460702,-4.00409130,0 134.42450846,-4.00390014,0 134.42407746,-4.00422996,0 134.42460702,-4.00409130,0</coordinates></LinearRing></outerBoundaryIs></Polygon></Placemark><Placemark><name>Province Papua Barat - Bagian 0910</name><visibility>1</visibility><styleUrl>#papua-barat-google-earth</styleUrl><Polygon><extrude>0</extrude><tessellate>1</tessellate><altitudeMode>clampToGround</altitudeMode><outerBoundaryIs><LinearRing><coordinates>132.69348222,-3.51123590,0 132.69325380,-3.51152143,0 132.69359644,-3.51159282,0 132.69348222,-3.51123590,0</coordinates></LinearRing></outerBoundaryIs></Polygon></Placemark><Placemark><name>Province Papua Barat - Bagian 0911</name><visibility>1</visibility><styleUrl>#papua-barat-google-earth</styleUrl><Polygon><extrude>0</extrude><tessellate>1</tessellate><altitudeMode>clampToGround</altitudeMode><outerBoundaryIs><LinearRing><coordinates>132.51615944,-2.64093253,0 132.51601465,-2.64124522,0 132.51637100,-2.64126342,0 132.51615944,-2.64093253,0</coordinates></LinearRing></outerBoundaryIs></Polygon></Placemark><Placemark><name>Province Papua Barat - Bagian 0912</name><visibility>1</visibility><styleUrl>#papua-barat-google-earth</styleUrl><Polygon><extrude>0</extrude><tessellate>1</tessellate><altitudeMode>clampToGround</altitudeMode><outerBoundaryIs><LinearRing><coordinates>134.15208269,-3.76700466,0 134.15233902,-3.76729556,0 134.15249428,-3.76703274,0 134.15208269,-3.76700466,0</coordinates></LinearRing></outerBoundaryIs></Polygon></Placemark><Placemark><name>Province Papua Barat - Bagian 0913</name><visibility>1</visibility><styleUrl>#papua-barat-google-earth</styleUrl><Polygon><extrude>0</extrude><tessellate>1</tessellate><altitudeMode>clampToGround</altitudeMode><outerBoundaryIs><LinearRing><coordinates>134.13690921,-2.04699116,0 134.13690921,-2.04710601,0 134.13788740,-2.04765156,0 134.13690921,-2.04699116,0</coordinates></LinearRing></outerBoundaryIs></Polygon></Placemark><Placemark><name>Province Papua Barat - Bagian 0914</name><visibility>1</visibility><styleUrl>#papua-barat-google-earth</styleUrl><Polygon><extrude>0</extrude><tessellate>1</tessellate><altitudeMode>clampToGround</altitudeMode><outerBoundaryIs><LinearRing><coordinates>132.82164517,-3.31084167,0 132.82169514,-3.31109151,0 132.82210917,-3.31092733,0 132.82164517,-3.31084167,0</coordinates></LinearRing></outerBoundaryIs></Polygon></Placemark><Placemark><name>Province Papua Barat - Bagian 0915</name><visibility>1</visibility><styleUrl>#papua-barat-google-earth</styleUrl><Polygon><extrude>0</extrude><tessellate>1</tessellate><altitudeMode>clampToGround</altitudeMode><outerBoundaryIs><LinearRing><coordinates>133.86425030,-3.65838599,0 133.86445969,-3.65823370,0 133.86431454,-3.65781016,0 133.86425030,-3.65838599,0</coordinates></LinearRing></outerBoundaryIs></Polygon></Placemark><Placemark><name>Province Papua Barat - Bagian 0916</name><visibility>1</visibility><styleUrl>#papua-barat-google-earth</styleUrl><Polygon><extrude>0</extrude><tessellate>1</tessellate><altitudeMode>clampToGround</altitudeMode><outerBoundaryIs><LinearRing><coordinates>134.20370345,-4.01355318,0 134.20350589,-4.01325467,0 134.20339447,-4.01364458,0 134.20370345,-4.01355318,0</coordinates></LinearRing></outerBoundaryIs></Polygon></Placemark><Placemark><name>Province Papua Barat - Bagian 0917</name><visibility>1</visibility><styleUrl>#papua-barat-google-earth</styleUrl><Polygon><extrude>0</extrude><tessellate>1</tessellate><altitudeMode>clampToGround</altitudeMode><outerBoundaryIs><LinearRing><coordinates>132.32639247,-2.65995019,0 132.32652627,-2.66015156,0 132.32678400,-2.65971807,0 132.32639247,-2.65995019,0</coordinates></LinearRing></outerBoundaryIs></Polygon></Placemark><Placemark><name>Province Papua Barat - Bagian 0918</name><visibility>1</visibility><styleUrl>#papua-barat-google-earth</styleUrl><Polygon><extrude>0</extrude><tessellate>1</tessellate><altitudeMode>clampToGround</altitudeMode><outerBoundaryIs><LinearRing><coordinates>133.97958778,-3.83396085,0 133.97933454,-3.83393299,0 133.97939101,-3.83437190,0 133.97958778,-3.83396085,0</coordinates></LinearRing></outerBoundaryIs></Polygon></Placemark><Placemark><name>Province Papua Barat - Bagian 0919</name><visibility>1</visibility><styleUrl>#papua-barat-google-earth</styleUrl><Polygon><extrude>0</extrude><tessellate>1</tessellate><altitudeMode>clampToGround</altitudeMode><outerBoundaryIs><LinearRing><coordinates>133.63211490,-3.45014443,0 133.63159142,-3.44995408,0 133.63155573,-3.45015038,0 133.63211490,-3.45014443,0</coordinates></LinearRing></outerBoundaryIs></Polygon></Placemark><Placemark><name>Province Papua Barat - Bagian 0920</name><visibility>1</visibility><styleUrl>#papua-barat-google-earth</styleUrl><Polygon><extrude>0</extrude><tessellate>1</tessellate><altitudeMode>clampToGround</altitudeMode><outerBoundaryIs><LinearRing><coordinates>134.19498891,-4.01537390,0 134.19475563,-4.01538287,0 134.19465869,-4.01585496,0 134.19498891,-4.01537390,0</coordinates></LinearRing></outerBoundaryIs></Polygon></Placemark><Placemark><name>Province Papua Barat - Bagian 0921</name><visibility>1</visibility><styleUrl>#papua-barat-google-earth</styleUrl><Polygon><extrude>0</extrude><tessellate>1</tessellate><altitudeMode>clampToGround</altitudeMode><outerBoundaryIs><LinearRing><coordinates>134.14728250,-3.77197840,0 134.14693804,-3.77199882,0 134.14706002,-3.77230861,0 134.14728250,-3.77197840,0</coordinates></LinearRing></outerBoundaryIs></Polygon></Placemark><Placemark><name>Province Papua Barat - Bagian 0922</name><visibility>1</visibility><styleUrl>#papua-barat-google-earth</styleUrl><Polygon><extrude>0</extrude><tessellate>1</tessellate><altitudeMode>clampToGround</altitudeMode><outerBoundaryIs><LinearRing><coordinates>132.46583307,-2.63513016,0 132.46630483,-2.63482694,0 132.46608264,-2.63473841,0 132.46583307,-2.63513016,0</coordinates></LinearRing></outerBoundaryIs></Polygon></Placemark><Placemark><name>Province Papua Barat - Bagian 0923</name><visibility>1</visibility><styleUrl>#papua-barat-google-earth</styleUrl><Polygon><extrude>0</extrude><tessellate>1</tessellate><altitudeMode>clampToGround</altitudeMode><outerBoundaryIs><LinearRing><coordinates>132.48629417,-2.68005356,0 132.48611434,-2.67977594,0 132.48591808,-2.68007747,0 132.48629417,-2.68005356,0</coordinates></LinearRing></outerBoundaryIs></Polygon></Placemark><Placemark><name>Province Papua Barat - Bagian 0924</name><visibility>1</visibility><styleUrl>#papua-barat-google-earth</styleUrl><Polygon><extrude>0</extrude><tessellate>1</tessellate><altitudeMode>clampToGround</altitudeMode><outerBoundaryIs><LinearRing><coordinates>132.79689245,-3.29837432,0 132.79698763,-3.29851709,0 132.79747542,-3.29810663,0 132.79689245,-3.29837432,0</coordinates></LinearRing></outerBoundaryIs></Polygon></Placemark><Placemark><name>Province Papua Barat - Bagian 0925</name><visibility>1</visibility><styleUrl>#papua-barat-google-earth</styleUrl><Polygon><extrude>0</extrude><tessellate>1</tessellate><altitudeMode>clampToGround</altitudeMode><outerBoundaryIs><LinearRing><coordinates>134.15395015,-3.78176865,0 134.15428501,-3.78198120,0 134.15461635,-3.78186701,0 134.15395015,-3.78176865,0</coordinates></LinearRing></outerBoundaryIs></Polygon></Placemark><Placemark><name>Province Papua Barat - Bagian 0926</name><visibility>1</visibility><styleUrl>#papua-barat-google-earth</styleUrl><Polygon><extrude>0</extrude><tessellate>1</tessellate><altitudeMode>clampToGround</altitudeMode><outerBoundaryIs><LinearRing><coordinates>132.68417121,-3.32568191,0 132.68389836,-3.32549182,0 132.68367084,-3.32573064,0 132.68417121,-3.32568191,0</coordinates></LinearRing></outerBoundaryIs></Polygon></Placemark><Placemark><name>Province Papua Barat - Bagian 0927</name><visibility>1</visibility><styleUrl>#papua-barat-google-earth</styleUrl><Polygon><extrude>0</extrude><tessellate>1</tessellate><altitudeMode>clampToGround</altitudeMode><outerBoundaryIs><LinearRing><coordinates>134.22940274,-4.01441009,0 134.22921767,-4.01505788,0 134.22939498,-4.01502036,0 134.22940274,-4.01441009,0</coordinates></LinearRing></outerBoundaryIs></Polygon></Placemark><Placemark><name>Province Papua Barat - Bagian 0928</name><visibility>1</visibility><styleUrl>#papua-barat-google-earth</styleUrl><Polygon><extrude>0</extrude><tessellate>1</tessellate><altitudeMode>clampToGround</altitudeMode><outerBoundaryIs><LinearRing><coordinates>132.55142228,-3.13449990,0 132.55163144,-3.13451623,0 132.55106094,-3.13396162,0 132.55142228,-3.13449990,0</coordinates></LinearRing></outerBoundaryIs></Polygon></Placemark><Placemark><name>Province Papua Barat - Bagian 0929</name><visibility>1</visibility><styleUrl>#papua-barat-google-earth</styleUrl><Polygon><extrude>0</extrude><tessellate>1</tessellate><altitudeMode>clampToGround</altitudeMode><outerBoundaryIs><LinearRing><coordinates>134.40188961,-3.99371955,0 134.40180394,-3.99329482,0 134.40156838,-3.99336263,0 134.40188961,-3.99371955,0</coordinates></LinearRing></outerBoundaryIs></Polygon></Placemark><Placemark><name>Province Papua Barat - Bagian 0930</name><visibility>1</visibility><styleUrl>#papua-barat-google-earth</styleUrl><Polygon><extrude>0</extrude><tessellate>1</tessellate><altitudeMode>clampToGround</altitudeMode><outerBoundaryIs><LinearRing><coordinates>132.50194003,-2.67737325,0 132.50172566,-2.67724489,0 132.50153907,-2.67762270,0 132.50194003,-2.67737325,0</coordinates></LinearRing></outerBoundaryIs></Polygon></Placemark><Placemark><name>Province Papua Barat - Bagian 0931</name><visibility>1</visibility><styleUrl>#papua-barat-google-earth</styleUrl><Polygon><extrude>0</extrude><tessellate>1</tessellate><altitudeMode>clampToGround</altitudeMode><outerBoundaryIs><LinearRing><coordinates>134.08000350,-3.90901587,0 134.07976852,-3.90923002,0 134.07996780,-3.90949474,0 134.08000350,-3.90901587,0</coordinates></LinearRing></outerBoundaryIs></Polygon></Placemark><Placemark><name>Province Papua Barat - Bagian 0932</name><visibility>1</visibility><styleUrl>#papua-barat-google-earth</styleUrl><Polygon><extrude>0</extrude><tessellate>1</tessellate><altitudeMode>clampToGround</altitudeMode><outerBoundaryIs><LinearRing><coordinates>134.01642447,-3.80665989,0 134.01642066,-3.80642004,0 134.01598474,-3.80648286,0 134.01642447,-3.80665989,0</coordinates></LinearRing></outerBoundaryIs></Polygon></Placemark><Placemark><name>Province Papua Barat - Bagian 0933</name><visibility>1</visibility><styleUrl>#papua-barat-google-earth</styleUrl><Polygon><extrude>0</extrude><tessellate>1</tessellate><altitudeMode>clampToGround</altitudeMode><outerBoundaryIs><LinearRing><coordinates>134.23123138,-4.02500088,0 134.23108472,-4.02500899,0 134.23098643,-4.02533217,0 134.23116268,-4.02533003,0 134.23123138,-4.02500088,0</coordinates></LinearRing></outerBoundaryIs></Polygon></Placemark><Placemark><name>Province Papua Barat - Bagian 0934</name><visibility>1</visibility><styleUrl>#papua-barat-google-earth</styleUrl><Polygon><extrude>0</extrude><tessellate>1</tessellate><altitudeMode>clampToGround</altitudeMode><outerBoundaryIs><LinearRing><coordinates>134.16269932,-3.97807518,0 134.16344647,-3.97716146,0 134.16335605,-3.97713291,0 134.16269932,-3.97807518,0</coordinates></LinearRing></outerBoundaryIs></Polygon></Placemark><Placemark><name>Province Papua Barat - Bagian 0935</name><visibility>1</visibility><styleUrl>#papua-barat-google-earth</styleUrl><Polygon><extrude>0</extrude><tessellate>1</tessellate><altitudeMode>clampToGround</altitudeMode><outerBoundaryIs><LinearRing><coordinates>132.62906427,-3.41936848,0 132.62907854,-3.41979678,0 132.62932125,-3.41981106,0 132.62906427,-3.41936848,0</coordinates></LinearRing></outerBoundaryIs></Polygon></Placemark><Placemark><name>Province Papua Barat - Bagian 0936</name><visibility>1</visibility><styleUrl>#papua-barat-google-earth</styleUrl><Polygon><extrude>0</extrude><tessellate>1</tessellate><altitudeMode>clampToGround</altitudeMode><outerBoundaryIs><LinearRing><coordinates>134.50337880,-2.37262981,0 134.50358106,-2.37282017,0 134.50380710,-2.37252273,0 134.50337880,-2.37262981,0</coordinates></LinearRing></outerBoundaryIs></Polygon></Placemark><Placemark><name>Province Papua Barat - Bagian 0937</name><visibility>1</visibility><styleUrl>#papua-barat-google-earth</styleUrl><Polygon><extrude>0</extrude><tessellate>1</tessellate><altitudeMode>clampToGround</altitudeMode><outerBoundaryIs><LinearRing><coordinates>134.04623426,-3.79219006,0 134.04624140,-3.79192238,0 134.04585592,-3.79202231,0 134.04623426,-3.79219006,0</coordinates></LinearRing></outerBoundaryIs></Polygon></Placemark><Placemark><name>Province Papua Barat - Bagian 0938</name><visibility>1</visibility><styleUrl>#papua-barat-google-earth</styleUrl><Polygon><extrude>0</extrude><tessellate>1</tessellate><altitudeMode>clampToGround</altitudeMode><outerBoundaryIs><LinearRing><coordinates>133.95916212,-3.85666281,0 133.95927871,-3.85622974,0 133.95905742,-3.85618215,0 133.95916212,-3.85666281,0</coordinates></LinearRing></outerBoundaryIs></Polygon></Placemark><Placemark><name>Province Papua Barat - Bagian 0939</name><visibility>1</visibility><styleUrl>#papua-barat-google-earth</styleUrl><Polygon><extrude>0</extrude><tessellate>1</tessellate><altitudeMode>clampToGround</altitudeMode><outerBoundaryIs><LinearRing><coordinates>132.12380802,-2.95824535,0 132.12351501,-2.95842382,0 132.12361179,-2.95870975,0 132.12380802,-2.95824535,0</coordinates></LinearRing></outerBoundaryIs></Polygon></Placemark><Placemark><name>Province Papua Barat - Bagian 0940</name><visibility>1</visibility><styleUrl>#papua-barat-google-earth</styleUrl><Polygon><extrude>0</extrude><tessellate>1</tessellate><altitudeMode>clampToGround</altitudeMode><outerBoundaryIs><LinearRing><coordinates>133.96683414,-3.85260682,0 133.96698335,-3.85243944,0 133.96654051,-3.85225995,0 133.96683414,-3.85260682,0</coordinates></LinearRing></outerBoundaryIs></Polygon></Placemark><Placemark><name>Province Papua Barat - Bagian 0941</name><visibility>1</visibility><styleUrl>#papua-barat-google-earth</styleUrl><Polygon><extrude>0</extrude><tessellate>1</tessellate><altitudeMode>clampToGround</altitudeMode><outerBoundaryIs><LinearRing><coordinates>132.36151825,-2.66849124,0 132.36160229,-2.66887158,0 132.36179626,-2.66855174,0 132.36151825,-2.66849124,0</coordinates></LinearRing></outerBoundaryIs></Polygon></Placemark><Placemark><name>Province Papua Barat - Bagian 0942</name><visibility>1</visibility><styleUrl>#papua-barat-google-earth</styleUrl><Polygon><extrude>0</extrude><tessellate>1</tessellate><altitudeMode>clampToGround</altitudeMode><outerBoundaryIs><LinearRing><coordinates>134.11070936,-3.90467421,0 134.11036672,-3.90541304,0 134.11055232,-3.90530596,0 134.11070936,-3.90467421,0</coordinates></LinearRing></outerBoundaryIs></Polygon></Placemark><Placemark><name>Province Papua Barat - Bagian 0943</name><visibility>1</visibility><styleUrl>#papua-barat-google-earth</styleUrl><Polygon><extrude>0</extrude><tessellate>1</tessellate><altitudeMode>clampToGround</altitudeMode><outerBoundaryIs><LinearRing><coordinates>134.15300801,-1.94760107,0 134.15262720,-1.94764414,0 134.15279857,-1.94788820,0 134.15300801,-1.94760107,0</coordinates></LinearRing></outerBoundaryIs></Polygon></Placemark><Placemark><name>Province Papua Barat - Bagian 0944</name><visibility>1</visibility><styleUrl>#papua-barat-google-earth</styleUrl><Polygon><extrude>0</extrude><tessellate>1</tessellate><altitudeMode>clampToGround</altitudeMode><outerBoundaryIs><LinearRing><coordinates>132.80907220,-3.94547027,0 132.80895549,-3.94530678,0 132.80871526,-3.94582941,0 132.80907220,-3.94547027,0</coordinates></LinearRing></outerBoundaryIs></Polygon></Placemark><Placemark><name>Province Papua Barat - Bagian 0945</name><visibility>1</visibility><styleUrl>#papua-barat-google-earth</styleUrl><Polygon><extrude>0</extrude><tessellate>1</tessellate><altitudeMode>clampToGround</altitudeMode><outerBoundaryIs><LinearRing><coordinates>132.69676092,-3.33026861,0 132.69685134,-3.33052084,0 132.69721778,-3.33043993,0 132.69676092,-3.33026861,0</coordinates></LinearRing></outerBoundaryIs></Polygon></Placemark><Placemark><name>Province Papua Barat - Bagian 0946</name><visibility>1</visibility><styleUrl>#papua-barat-google-earth</styleUrl><Polygon><extrude>0</extrude><tessellate>1</tessellate><altitudeMode>clampToGround</altitudeMode><outerBoundaryIs><LinearRing><coordinates>134.14013402,-1.94680811,0 134.13977106,-1.94713712,0 134.13996147,-1.94723882,0 134.14013402,-1.94680811,0</coordinates></LinearRing></outerBoundaryIs></Polygon></Placemark><Placemark><name>Province Papua Barat - Bagian 0947</name><visibility>1</visibility><styleUrl>#papua-barat-google-earth</styleUrl><Polygon><extrude>0</extrude><tessellate>1</tessellate><altitudeMode>clampToGround</altitudeMode><outerBoundaryIs><LinearRing><coordinates>133.77201434,-3.17484749,0 133.77201434,-3.17464762,0 133.77151941,-3.17458099,0 133.77201434,-3.17484749,0</coordinates></LinearRing></outerBoundaryIs></Polygon></Placemark><Placemark><name>Province Papua Barat - Bagian 0948</name><visibility>1</visibility><styleUrl>#papua-barat-google-earth</styleUrl><Polygon><extrude>0</extrude><tessellate>1</tessellate><altitudeMode>clampToGround</altitudeMode><outerBoundaryIs><LinearRing><coordinates>134.13738268,-1.95770667,0 134.13724702,-1.95782152,0 134.13753977,-1.95830247,0 134.13738268,-1.95770667,0</coordinates></LinearRing></outerBoundaryIs></Polygon></Placemark><Placemark><name>Province Papua Barat - Bagian 0949</name><visibility>1</visibility><styleUrl>#papua-barat-google-earth</styleUrl><Polygon><extrude>0</extrude><tessellate>1</tessellate><altitudeMode>clampToGround</altitudeMode><outerBoundaryIs><LinearRing><coordinates>134.15655157,-3.77659741,0 134.15675502,-3.77635113,0 134.15644807,-3.77623692,0 134.15655157,-3.77659741,0</coordinates></LinearRing></outerBoundaryIs></Polygon></Placemark><Placemark><name>Province Papua Barat - Bagian 0950</name><visibility>1</visibility><styleUrl>#papua-barat-google-earth</styleUrl><Polygon><extrude>0</extrude><tessellate>1</tessellate><altitudeMode>clampToGround</altitudeMode><outerBoundaryIs><LinearRing><coordinates>132.67017283,-3.31878533,0 132.67046550,-3.31877106,0 132.67033701,-3.31844269,0 132.67017283,-3.31878533,0</coordinates></LinearRing></outerBoundaryIs></Polygon></Placemark><Placemark><name>Province Papua Barat - Bagian 0951</name><visibility>1</visibility><styleUrl>#papua-barat-google-earth</styleUrl><Polygon><extrude>0</extrude><tessellate>1</tessellate><altitudeMode>clampToGround</altitudeMode><outerBoundaryIs><LinearRing><coordinates>133.86664344,-3.65957691,0 133.86684867,-3.65963937,0 133.86658098,-3.65908317,0 133.86664344,-3.65957691,0</coordinates></LinearRing></outerBoundaryIs></Polygon></Placemark><Placemark><name>Province Papua Barat - Bagian 0952</name><visibility>1</visibility><styleUrl>#papua-barat-google-earth</styleUrl><Polygon><extrude>0</extrude><tessellate>1</tessellate><altitudeMode>clampToGround</altitudeMode><outerBoundaryIs><LinearRing><coordinates>134.37372989,-3.98332764,0 134.37344435,-3.98307780,0 134.37331348,-3.98330384,0 134.37372989,-3.98332764,0</coordinates></LinearRing></outerBoundaryIs></Polygon></Placemark><Placemark><name>Province Papua Barat - Bagian 0953</name><visibility>1</visibility><styleUrl>#papua-barat-google-earth</styleUrl><Polygon><extrude>0</extrude><tessellate>1</tessellate><altitudeMode>clampToGround</altitudeMode><outerBoundaryIs><LinearRing><coordinates>132.89450971,-3.53182726,0 132.89428128,-3.53173209,0 132.89422417,-3.53213184,0 132.89450971,-3.53182726,0</coordinates></LinearRing></outerBoundaryIs></Polygon></Placemark><Placemark><name>Province Papua Barat - Bagian 0954</name><visibility>1</visibility><styleUrl>#papua-barat-google-earth</styleUrl><Polygon><extrude>0</extrude><tessellate>1</tessellate><altitudeMode>clampToGround</altitudeMode><outerBoundaryIs><LinearRing><coordinates>134.29582260,-4.04735674,0 134.29586067,-4.04752330,0 134.29640319,-4.04737577,0 134.29582260,-4.04735674,0</coordinates></LinearRing></outerBoundaryIs></Polygon></Placemark><Placemark><name>Province Papua Barat - Bagian 0955</name><visibility>1</visibility><styleUrl>#papua-barat-google-earth</styleUrl><Polygon><extrude>0</extrude><tessellate>1</tessellate><altitudeMode>clampToGround</altitudeMode><outerBoundaryIs><LinearRing><coordinates>133.68154177,-3.20409701,0 133.68137997,-3.20424930,0 133.68151322,-3.20471567,0 133.68154177,-3.20409701,0</coordinates></LinearRing></outerBoundaryIs></Polygon></Placemark><Placemark><name>Province Papua Barat - Bagian 0956</name><visibility>1</visibility><styleUrl>#papua-barat-google-earth</styleUrl><Polygon><extrude>0</extrude><tessellate>1</tessellate><altitudeMode>clampToGround</altitudeMode><outerBoundaryIs><LinearRing><coordinates>132.16711891,-2.70654875,0 132.16675124,-2.70639772,0 132.16667652,-2.70662719,0 132.16711891,-2.70654875,0</coordinates></LinearRing></outerBoundaryIs></Polygon></Placemark><Placemark><name>Province Papua Barat - Bagian 0957</name><visibility>1</visibility><styleUrl>#papua-barat-google-earth</styleUrl><Polygon><extrude>0</extrude><tessellate>1</tessellate><altitudeMode>clampToGround</altitudeMode><outerBoundaryIs><LinearRing><coordinates>133.99689161,-3.82960348,0 133.99719133,-3.82959535,0 133.99723392,-3.82927527,0 133.99689161,-3.82960348,0</coordinates></LinearRing></outerBoundaryIs></Polygon></Placemark><Placemark><name>Province Papua Barat - Bagian 0958</name><visibility>1</visibility><styleUrl>#papua-barat-google-earth</styleUrl><Polygon><extrude>0</extrude><tessellate>1</tessellate><altitudeMode>clampToGround</altitudeMode><outerBoundaryIs><LinearRing><coordinates>132.50173062,-2.67004350,0 132.50194936,-2.67006175,0 132.50176362,-2.66960976,0 132.50173062,-2.67004350,0</coordinates></LinearRing></outerBoundaryIs></Polygon></Placemark><Placemark><name>Province Papua Barat - Bagian 0959</name><visibility>1</visibility><styleUrl>#papua-barat-google-earth</styleUrl><Polygon><extrude>0</extrude><tessellate>1</tessellate><altitudeMode>clampToGround</altitudeMode><outerBoundaryIs><LinearRing><coordinates>134.09207189,-3.80266998,0 134.09203263,-3.80252365,0 134.09152223,-3.80304118,0 134.09207189,-3.80266998,0</coordinates></LinearRing></outerBoundaryIs></Polygon></Placemark><Placemark><name>Province Papua Barat - Bagian 0960</name><visibility>1</visibility><styleUrl>#papua-barat-google-earth</styleUrl><Polygon><extrude>0</extrude><tessellate>1</tessellate><altitudeMode>clampToGround</altitudeMode><outerBoundaryIs><LinearRing><coordinates>132.08444266,-2.71384312,0 132.08475962,-2.71405978,0 132.08482453,-2.71380484,0 132.08444266,-2.71384312,0</coordinates></LinearRing></outerBoundaryIs></Polygon></Placemark><Placemark><name>Province Papua Barat - Bagian 0961</name><visibility>1</visibility><styleUrl>#papua-barat-google-earth</styleUrl><Polygon><extrude>0</extrude><tessellate>1</tessellate><altitudeMode>clampToGround</altitudeMode><outerBoundaryIs><LinearRing><coordinates>134.02430732,-3.79433400,0 134.02426925,-3.79457195,0 134.02469200,-3.79441800,0 134.02430732,-3.79433400,0</coordinates></LinearRing></outerBoundaryIs></Polygon></Placemark><Placemark><name>Province Papua Barat - Bagian 0962</name><visibility>1</visibility><styleUrl>#papua-barat-google-earth</styleUrl><Polygon><extrude>0</extrude><tessellate>1</tessellate><altitudeMode>clampToGround</altitudeMode><outerBoundaryIs><LinearRing><coordinates>133.99572983,-3.82918236,0 133.99550854,-3.82920377,0 133.99565131,-3.82961780,0 133.99572983,-3.82918236,0</coordinates></LinearRing></outerBoundaryIs></Polygon></Placemark><Placemark><name>Province Papua Barat - Bagian 0963</name><visibility>1</visibility><styleUrl>#papua-barat-google-earth</styleUrl><Polygon><extrude>0</extrude><tessellate>1</tessellate><altitudeMode>clampToGround</altitudeMode><outerBoundaryIs><LinearRing><coordinates>132.50953858,-2.68213689,0 132.50976118,-2.68224971,0 132.50990636,-2.68189917,0 132.50953858,-2.68213689,0</coordinates></LinearRing></outerBoundaryIs></Polygon></Placemark><Placemark><name>Province Papua Barat - Bagian 0964</name><visibility>1</visibility><styleUrl>#papua-barat-google-earth</styleUrl><Polygon><extrude>0</extrude><tessellate>1</tessellate><altitudeMode>clampToGround</altitudeMode><outerBoundaryIs><LinearRing><coordinates>133.85209494,-3.64797192,0 133.85202831,-3.64772921,0 133.85168091,-3.64787436,0 133.85209494,-3.64797192,0</coordinates></LinearRing></outerBoundaryIs></Polygon></Placemark><Placemark><name>Province Papua Barat - Bagian 0965</name><visibility>1</visibility><styleUrl>#papua-barat-google-earth</styleUrl><Polygon><extrude>0</extrude><tessellate>1</tessellate><altitudeMode>clampToGround</altitudeMode><outerBoundaryIs><LinearRing><coordinates>132.56562541,-2.65061844,0 132.56544478,-2.65077040,0 132.56588211,-2.65092235,0 132.56562541,-2.65061844,0</coordinates></LinearRing></outerBoundaryIs></Polygon></Placemark><Placemark><name>Province Papua Barat - Bagian 0966</name><visibility>1</visibility><styleUrl>#papua-barat-google-earth</styleUrl><Polygon><extrude>0</extrude><tessellate>1</tessellate><altitudeMode>clampToGround</altitudeMode><outerBoundaryIs><LinearRing><coordinates>133.96821825,-3.84944243,0 133.96821874,-3.84904176,0 133.96798454,-3.84896726,0 133.96821825,-3.84944243,0</coordinates></LinearRing></outerBoundaryIs></Polygon></Placemark><Placemark><name>Province Papua Barat - Bagian 0967</name><visibility>1</visibility><styleUrl>#papua-barat-google-earth</styleUrl><Polygon><extrude>0</extrude><tessellate>1</tessellate><altitudeMode>clampToGround</altitudeMode><outerBoundaryIs><LinearRing><coordinates>132.48340577,-2.66694587,0 132.48336720,-2.66660224,0 132.48310427,-2.66669109,0 132.48340577,-2.66694587,0</coordinates></LinearRing></outerBoundaryIs></Polygon></Placemark><Placemark><name>Province Papua Barat - Bagian 0968</name><visibility>1</visibility><styleUrl>#papua-barat-google-earth</styleUrl><Polygon><extrude>0</extrude><tessellate>1</tessellate><altitudeMode>clampToGround</altitudeMode><outerBoundaryIs><LinearRing><coordinates>132.43959542,-2.62584638,0 132.43990400,-2.62583391,0 132.43986551,-2.62553227,0 132.43959542,-2.62584638,0</coordinates></LinearRing></outerBoundaryIs></Polygon></Placemark><Placemark><name>Province Papua Barat - Bagian 0969</name><visibility>1</visibility><styleUrl>#papua-barat-google-earth</styleUrl><Polygon><extrude>0</extrude><tessellate>1</tessellate><altitudeMode>clampToGround</altitudeMode><outerBoundaryIs><LinearRing><coordinates>134.15078947,-1.99677272,0 134.15072402,-1.99702397,0 134.15112268,-1.99692227,0 134.15078947,-1.99677272,0</coordinates></LinearRing></outerBoundaryIs></Polygon></Placemark><Placemark><name>Province Papua Barat - Bagian 0970</name><visibility>1</visibility><styleUrl>#papua-barat-google-earth</styleUrl><Polygon><extrude>0</extrude><tessellate>1</tessellate><altitudeMode>clampToGround</altitudeMode><outerBoundaryIs><LinearRing><coordinates>134.00242638,-3.81535877,0 134.00236019,-3.81564900,0 134.00263800,-3.81584041,0 134.00242638,-3.81535877,0</coordinates></LinearRing></outerBoundaryIs></Polygon></Placemark><Placemark><name>Province Papua Barat - Bagian 0971</name><visibility>1</visibility><styleUrl>#papua-barat-google-earth</styleUrl><Polygon><extrude>0</extrude><tessellate>1</tessellate><altitudeMode>clampToGround</altitudeMode><outerBoundaryIs><LinearRing><coordinates>132.83462265,-3.96011306,0 132.83490105,-3.95996316,0 132.83477613,-3.95969547,0 132.83462265,-3.96011306,0</coordinates></LinearRing></outerBoundaryIs></Polygon></Placemark><Placemark><name>Province Papua Barat - Bagian 0972</name><visibility>1</visibility><styleUrl>#papua-barat-google-earth</styleUrl><Polygon><extrude>0</extrude><tessellate>1</tessellate><altitudeMode>clampToGround</altitudeMode><outerBoundaryIs><LinearRing><coordinates>134.09831493,-3.82600730,0 134.09841176,-3.82620057,0 134.09875653,-3.82594993,0 134.09831493,-3.82600730,0</coordinates></LinearRing></outerBoundaryIs></Polygon></Placemark><Placemark><name>Province Papua Barat - Bagian 0973</name><visibility>1</visibility><styleUrl>#papua-barat-google-earth</styleUrl><Polygon><extrude>0</extrude><tessellate>1</tessellate><altitudeMode>clampToGround</altitudeMode><outerBoundaryIs><LinearRing><coordinates>134.40612902,-2.71771818,0 134.40600767,-2.71806083,0 134.40630034,-2.71798230,0 134.40612902,-2.71771818,0</coordinates></LinearRing></outerBoundaryIs></Polygon></Placemark><Placemark><name>Province Papua Barat - Bagian 0974</name><visibility>1</visibility><styleUrl>#papua-barat-google-earth</styleUrl><Polygon><extrude>0</extrude><tessellate>1</tessellate><altitudeMode>clampToGround</altitudeMode><outerBoundaryIs><LinearRing><coordinates>134.10967012,-3.89664485,0 134.10982033,-3.89629987,0 134.10960082,-3.89620103,0 134.10967012,-3.89664485,0</coordinates></LinearRing></outerBoundaryIs></Polygon></Placemark><Placemark><name>Province Papua Barat - Bagian 0975</name><visibility>1</visibility><styleUrl>#papua-barat-google-earth</styleUrl><Polygon><extrude>0</extrude><tessellate>1</tessellate><altitudeMode>clampToGround</altitudeMode><outerBoundaryIs><LinearRing><coordinates>133.99907899,-3.81620735,0 133.99921434,-3.81596583,0 133.99888730,-3.81588065,0 133.99907899,-3.81620735,0</coordinates></LinearRing></outerBoundaryIs></Polygon></Placemark><Placemark><name>Province Papua Barat - Bagian 0976</name><visibility>1</visibility><styleUrl>#papua-barat-google-earth</styleUrl><Polygon><extrude>0</extrude><tessellate>1</tessellate><altitudeMode>clampToGround</altitudeMode><outerBoundaryIs><LinearRing><coordinates>134.13004420,-3.90292615,0 134.12990880,-3.90213568,0 134.12986931,-3.90257280,0 134.13004420,-3.90292615,0</coordinates></LinearRing></outerBoundaryIs></Polygon></Placemark><Placemark><name>Province Papua Barat - Bagian 0977</name><visibility>1</visibility><styleUrl>#papua-barat-google-earth</styleUrl><Polygon><extrude>0</extrude><tessellate>1</tessellate><altitudeMode>clampToGround</altitudeMode><outerBoundaryIs><LinearRing><coordinates>134.04137802,-3.78294782,0 134.04152792,-3.78267656,0 134.04118171,-3.78270512,0 134.04137802,-3.78294782,0</coordinates></LinearRing></outerBoundaryIs></Polygon></Placemark><Placemark><name>Province Papua Barat - Bagian 0978</name><visibility>1</visibility><styleUrl>#papua-barat-google-earth</styleUrl><Polygon><extrude>0</extrude><tessellate>1</tessellate><altitudeMode>clampToGround</altitudeMode><outerBoundaryIs><LinearRing><coordinates>133.93164677,-3.74985443,0 133.93132982,-3.74990583,0 133.93137836,-3.75017994,0 133.93164677,-3.74985443,0</coordinates></LinearRing></outerBoundaryIs></Polygon></Placemark><Placemark><name>Province Papua Barat - Bagian 0979</name><visibility>1</visibility><styleUrl>#papua-barat-google-earth</styleUrl><Polygon><extrude>0</extrude><tessellate>1</tessellate><altitudeMode>clampToGround</altitudeMode><outerBoundaryIs><LinearRing><coordinates>132.79739690,-3.29468853,0 132.79716847,-3.29509780,0 132.79735883,-3.29514539,0 132.79739690,-3.29468853,0</coordinates></LinearRing></outerBoundaryIs></Polygon></Placemark><Placemark><name>Province Papua Barat - Bagian 0980</name><visibility>1</visibility><styleUrl>#papua-barat-google-earth</styleUrl><Polygon><extrude>0</extrude><tessellate>1</tessellate><altitudeMode>clampToGround</altitudeMode><outerBoundaryIs><LinearRing><coordinates>134.14079259,-1.98467912,0 134.14075689,-1.98494831,0 134.14108414,-1.98496625,0 134.14079259,-1.98467912,0</coordinates></LinearRing></outerBoundaryIs></Polygon></Placemark><Placemark><name>Province Papua Barat - Bagian 0981</name><visibility>1</visibility><styleUrl>#papua-barat-google-earth</styleUrl><Polygon><extrude>0</extrude><tessellate>1</tessellate><altitudeMode>clampToGround</altitudeMode><outerBoundaryIs><LinearRing><coordinates>134.18196373,-1.78343696,0 134.18207678,-1.78410096,0 134.18218388,-1.78394543,0 134.18196373,-1.78343696,0</coordinates></LinearRing></outerBoundaryIs></Polygon></Placemark><Placemark><name>Province Papua Barat - Bagian 0982</name><visibility>1</visibility><styleUrl>#papua-barat-google-earth</styleUrl><Polygon><extrude>0</extrude><tessellate>1</tessellate><altitudeMode>clampToGround</altitudeMode><outerBoundaryIs><LinearRing><coordinates>134.15305756,-1.94522504,0 134.15331146,-1.94508824,0 134.15319722,-1.94480111,0 134.15305756,-1.94522504,0</coordinates></LinearRing></outerBoundaryIs></Polygon></Placemark><Placemark><name>Province Papua Barat - Bagian 0983</name><visibility>1</visibility><styleUrl>#papua-barat-google-earth</styleUrl><Polygon><extrude>0</extrude><tessellate>1</tessellate><altitudeMode>clampToGround</altitudeMode><outerBoundaryIs><LinearRing><coordinates>134.36781018,-2.65823642,0 134.36800291,-2.65795802,0 134.36778876,-2.65780811,0 134.36781018,-2.65823642,0</coordinates></LinearRing></outerBoundaryIs></Polygon></Placemark><Placemark><name>Province Papua Barat - Bagian 0984</name><visibility>1</visibility><styleUrl>#papua-barat-google-earth</styleUrl><Polygon><extrude>0</extrude><tessellate>1</tessellate><altitudeMode>clampToGround</altitudeMode><outerBoundaryIs><LinearRing><coordinates>134.64828938,-4.09328116,0 134.64853293,-4.09324544,0 134.64840589,-4.09290121,0 134.64828938,-4.09328116,0</coordinates></LinearRing></outerBoundaryIs></Polygon></Placemark><Placemark><name>Province Papua Barat - Bagian 0985</name><visibility>1</visibility><styleUrl>#papua-barat-google-earth</styleUrl><Polygon><extrude>0</extrude><tessellate>1</tessellate><altitudeMode>clampToGround</altitudeMode><outerBoundaryIs><LinearRing><coordinates>134.13052263,-3.90748522,0 134.13035393,-3.90737605,0 134.13028282,-3.90785346,0 134.13052263,-3.90748522,0</coordinates></LinearRing></outerBoundaryIs></Polygon></Placemark><Placemark><name>Province Papua Barat - Bagian 0986</name><visibility>1</visibility><styleUrl>#papua-barat-google-earth</styleUrl><Polygon><extrude>0</extrude><tessellate>1</tessellate><altitudeMode>clampToGround</altitudeMode><outerBoundaryIs><LinearRing><coordinates>134.15515263,-2.01313522,0 134.15541444,-2.01320102,0 134.15532519,-2.01284211,0 134.15515263,-2.01313522,0</coordinates></LinearRing></outerBoundaryIs></Polygon></Placemark><Placemark><name>Province Papua Barat - Bagian 0987</name><visibility>1</visibility><styleUrl>#papua-barat-google-earth</styleUrl><Polygon><extrude>0</extrude><tessellate>1</tessellate><altitudeMode>clampToGround</altitudeMode><outerBoundaryIs><LinearRing><coordinates>132.47996273,-2.68193812,0 132.48012651,-2.68218411,0 132.48033038,-2.68195351,0 132.47996273,-2.68193812,0</coordinates></LinearRing></outerBoundaryIs></Polygon></Placemark><Placemark><name>Province Papua Barat - Bagian 0988</name><visibility>1</visibility><styleUrl>#papua-barat-google-earth</styleUrl><Polygon><extrude>0</extrude><tessellate>1</tessellate><altitudeMode>clampToGround</altitudeMode><outerBoundaryIs><LinearRing><coordinates>132.77981752,-3.81736991,0 132.77997814,-3.81700704,0 132.77974614,-3.81698919,0 132.77981752,-3.81736991,0</coordinates></LinearRing></outerBoundaryIs></Polygon></Placemark><Placemark><name>Province Papua Barat - Bagian 0989</name><visibility>1</visibility><styleUrl>#papua-barat-google-earth</styleUrl><Polygon><extrude>0</extrude><tessellate>1</tessellate><altitudeMode>clampToGround</altitudeMode><outerBoundaryIs><LinearRing><coordinates>133.99524674,-3.82839524,0 133.99570694,-3.82831310,0 133.99562483,-3.82813917,0 133.99524674,-3.82839524,0</coordinates></LinearRing></outerBoundaryIs></Polygon></Placemark><Placemark><name>Province Papua Barat - Bagian 0990</name><visibility>1</visibility><styleUrl>#papua-barat-google-earth</styleUrl><Polygon><extrude>0</extrude><tessellate>1</tessellate><altitudeMode>clampToGround</altitudeMode><outerBoundaryIs><LinearRing><coordinates>131.98996829,-2.91451334,0 131.98988501,-2.91464421,0 131.99040849,-2.91485837,0 131.98996829,-2.91451334,0</coordinates></LinearRing></outerBoundaryIs></Polygon></Placemark><Placemark><name>Province Papua Barat - Bagian 0991</name><visibility>1</visibility><styleUrl>#papua-barat-google-earth</styleUrl><Polygon><extrude>0</extrude><tessellate>1</tessellate><altitudeMode>clampToGround</altitudeMode><outerBoundaryIs><LinearRing><coordinates>134.33713532,-2.56980331,0 134.33734237,-2.56979542,0 134.33702934,-2.56939176,0 134.33713532,-2.56980331,0</coordinates></LinearRing></outerBoundaryIs></Polygon></Placemark><Placemark><name>Province Papua Barat - Bagian 0992</name><visibility>1</visibility><styleUrl>#papua-barat-google-earth</styleUrl><Polygon><extrude>0</extrude><tessellate>1</tessellate><altitudeMode>clampToGround</altitudeMode><outerBoundaryIs><LinearRing><coordinates>134.15881128,-3.97595151,0 134.15910872,-3.97611212,0 134.15926933,-3.97590987,0 134.15881128,-3.97595151,0</coordinates></LinearRing></outerBoundaryIs></Polygon></Placemark><Placemark><name>Province Papua Barat - Bagian 0993</name><visibility>1</visibility><styleUrl>#papua-barat-google-earth</styleUrl><Polygon><extrude>0</extrude><tessellate>1</tessellate><altitudeMode>clampToGround</altitudeMode><outerBoundaryIs><LinearRing><coordinates>133.93126837,-3.87243440,0 133.93126837,-3.87260215,0 133.93177996,-3.87258716,0 133.93126837,-3.87243440,0</coordinates></LinearRing></outerBoundaryIs></Polygon></Placemark><Placemark><name>Province Papua Barat - Bagian 0994</name><visibility>1</visibility><styleUrl>#papua-barat-google-earth</styleUrl><Polygon><extrude>0</extrude><tessellate>1</tessellate><altitudeMode>clampToGround</altitudeMode><outerBoundaryIs><LinearRing><coordinates>134.36562365,-3.97488533,0 134.36538094,-3.97479967,0 134.36529290,-3.97512089,0 134.36562365,-3.97488533,0</coordinates></LinearRing></outerBoundaryIs></Polygon></Placemark><Placemark><name>Province Papua Barat - Bagian 0995</name><visibility>1</visibility><styleUrl>#papua-barat-google-earth</styleUrl><Polygon><extrude>0</extrude><tessellate>1</tessellate><altitudeMode>clampToGround</altitudeMode><outerBoundaryIs><LinearRing><coordinates>133.99927606,-3.81734605,0 133.99941767,-3.81717237,0 133.99907174,-3.81699388,0 133.99927606,-3.81734605,0</coordinates></LinearRing></outerBoundaryIs></Polygon></Placemark><Placemark><name>Province Papua Barat - Bagian 0996</name><visibility>1</visibility><styleUrl>#papua-barat-google-earth</styleUrl><Polygon><extrude>0</extrude><tessellate>1</tessellate><altitudeMode>clampToGround</altitudeMode><outerBoundaryIs><LinearRing><coordinates>134.18487637,-3.83536713,0 134.18468526,-3.83528650,0 134.18453764,-3.83566524,0 134.18487637,-3.83536713,0</coordinates></LinearRing></outerBoundaryIs></Polygon></Placemark><Placemark><name>Province Papua Barat - Bagian 0997</name><visibility>1</visibility><styleUrl>#papua-barat-google-earth</styleUrl><Polygon><extrude>0</extrude><tessellate>1</tessellate><altitudeMode>clampToGround</altitudeMode><outerBoundaryIs><LinearRing><coordinates>134.14117429,-1.98821476,0 134.14102672,-1.98807598,0 134.14070780,-1.98834397,0 134.14117429,-1.98821476,0</coordinates></LinearRing></outerBoundaryIs></Polygon></Placemark><Placemark><name>Province Papua Barat - Bagian 0998</name><visibility>1</visibility><styleUrl>#papua-barat-google-earth</styleUrl><Polygon><extrude>0</extrude><tessellate>1</tessellate><altitudeMode>clampToGround</altitudeMode><outerBoundaryIs><LinearRing><coordinates>133.99828959,-3.82950282,0 133.99796123,-3.82953851,0 133.99806830,-3.82978122,0 133.99828959,-3.82950282,0</coordinates></LinearRing></outerBoundaryIs></Polygon></Placemark><Placemark><name>Province Papua Barat - Bagian 0999</name><visibility>1</visibility><styleUrl>#papua-barat-google-earth</styleUrl><Polygon><extrude>0</extrude><tessellate>1</tessellate><altitudeMode>clampToGround</altitudeMode><outerBoundaryIs><LinearRing><coordinates>134.07961088,-3.90923300,0 134.07915879,-3.90938766,0 134.07920935,-3.90955423,0 134.07961088,-3.90923300,0</coordinates></LinearRing></outerBoundaryIs></Polygon></Placemark><Placemark><name>Province Papua Barat - Bagian 1000</name><visibility>1</visibility><styleUrl>#papua-barat-google-earth</styleUrl><Polygon><extrude>0</extrude><tessellate>1</tessellate><altitudeMode>clampToGround</altitudeMode><outerBoundaryIs><LinearRing><coordinates>132.49592604,-3.11132171,0 132.49623520,-3.11152390,0 132.49632434,-3.11131366,0 132.49592604,-3.11132171,0</coordinates></LinearRing></outerBoundaryIs></Polygon></Placemark><Placemark><name>Province Papua Barat - Bagian 1001</name><visibility>1</visibility><styleUrl>#papua-barat-google-earth</styleUrl><Polygon><extrude>0</extrude><tessellate>1</tessellate><altitudeMode>clampToGround</altitudeMode><outerBoundaryIs><LinearRing><coordinates>132.43175259,-2.63349744,0 132.43167932,-2.63320447,0 132.43141839,-2.63329134,0 132.43175259,-2.63349744,0</coordinates></LinearRing></outerBoundaryIs></Polygon></Placemark><Placemark><name>Province Papua Barat - Bagian 1002</name><visibility>1</visibility><styleUrl>#papua-barat-google-earth</styleUrl><Polygon><extrude>0</extrude><tessellate>1</tessellate><altitudeMode>clampToGround</altitudeMode><outerBoundaryIs><LinearRing><coordinates>132.65223187,-2.73993010,0 132.65234416,-2.74007164,0 132.65265115,-2.73973010,0 132.65223187,-2.73993010,0</coordinates></LinearRing></outerBoundaryIs></Polygon></Placemark><Placemark><name>Province Papua Barat - Bagian 1003</name><visibility>1</visibility><styleUrl>#papua-barat-google-earth</styleUrl><Polygon><extrude>0</extrude><tessellate>1</tessellate><altitudeMode>clampToGround</altitudeMode><outerBoundaryIs><LinearRing><coordinates>134.11363708,-3.91069835,0 134.11444130,-3.91055199,0 134.11432090,-3.91047306,0 134.11363708,-3.91069835,0</coordinates></LinearRing></outerBoundaryIs></Polygon></Placemark><Placemark><name>Province Papua Barat - Bagian 1004</name><visibility>1</visibility><styleUrl>#papua-barat-google-earth</styleUrl><Polygon><extrude>0</extrude><tessellate>1</tessellate><altitudeMode>clampToGround</altitudeMode><outerBoundaryIs><LinearRing><coordinates>134.13184473,-1.88658529,0 134.13158054,-1.88689396,0 134.13177333,-1.88697292,0 134.13184473,-1.88658529,0</coordinates></LinearRing></outerBoundaryIs></Polygon></Placemark><Placemark><name>Province Papua Barat - Bagian 1005</name><visibility>1</visibility><styleUrl>#papua-barat-google-earth</styleUrl><Polygon><extrude>0</extrude><tessellate>1</tessellate><altitudeMode>clampToGround</altitudeMode><outerBoundaryIs><LinearRing><coordinates>133.68447327,-3.20091805,0 133.68436857,-3.20083239,0 133.68450182,-3.20170803,0 133.68447327,-3.20091805,0</coordinates></LinearRing></outerBoundaryIs></Polygon></Placemark><Placemark><name>Province Papua Barat - Bagian 1006</name><visibility>1</visibility><styleUrl>#papua-barat-google-earth</styleUrl><Polygon><extrude>0</extrude><tessellate>1</tessellate><altitudeMode>clampToGround</altitudeMode><outerBoundaryIs><LinearRing><coordinates>134.16789173,-4.01754826,0 134.16779497,-4.01792516,0 134.16800040,-4.01795084,0 134.16789173,-4.01754826,0</coordinates></LinearRing></outerBoundaryIs></Polygon></Placemark><Placemark><name>Province Papua Barat - Bagian 1007</name><visibility>1</visibility><styleUrl>#papua-barat-google-earth</styleUrl><Polygon><extrude>0</extrude><tessellate>1</tessellate><altitudeMode>clampToGround</altitudeMode><outerBoundaryIs><LinearRing><coordinates>134.15327661,-1.99376380,0 134.15337181,-1.99393129,0 134.15360387,-1.99350657,0 134.15327661,-1.99376380,0</coordinates></LinearRing></outerBoundaryIs></Polygon></Placemark><Placemark><name>Province Papua Barat - Bagian 1008</name><visibility>1</visibility><styleUrl>#papua-barat-google-earth</styleUrl><Polygon><extrude>0</extrude><tessellate>1</tessellate><altitudeMode>clampToGround</altitudeMode><outerBoundaryIs><LinearRing><coordinates>132.14123736,-2.71484073,0 132.14133243,-2.71504846,0 132.14146909,-2.71451428,0 132.14123736,-2.71484073,0</coordinates></LinearRing></outerBoundaryIs></Polygon></Placemark><Placemark><name>Province Papua Barat - Bagian 1009</name><visibility>1</visibility><styleUrl>#papua-barat-google-earth</styleUrl><Polygon><extrude>0</extrude><tessellate>1</tessellate><altitudeMode>clampToGround</altitudeMode><outerBoundaryIs><LinearRing><coordinates>134.17971480,-4.00156206,0 134.17939772,-4.00155469,0 134.17948606,-4.00180540,0 134.17971480,-4.00156206,0</coordinates></LinearRing></outerBoundaryIs></Polygon></Placemark><Placemark><name>Province Papua Barat - Bagian 1010</name><visibility>1</visibility><styleUrl>#papua-barat-google-earth</styleUrl><Polygon><extrude>0</extrude><tessellate>1</tessellate><altitudeMode>clampToGround</altitudeMode><outerBoundaryIs><LinearRing><coordinates>132.09685506,-2.74599333,0 132.09705715,-2.74604153,0 132.09690052,-2.74561500,0 132.09685506,-2.74599333,0</coordinates></LinearRing></outerBoundaryIs></Polygon></Placemark><Placemark><name>Province Papua Barat - Bagian 1011</name><visibility>1</visibility><styleUrl>#papua-barat-google-earth</styleUrl><Polygon><extrude>0</extrude><tessellate>1</tessellate><altitudeMode>clampToGround</altitudeMode><outerBoundaryIs><LinearRing><coordinates>133.99610525,-3.83181923,0 133.99610619,-3.83157221,0 133.99578778,-3.83159817,0 133.99610525,-3.83181923,0</coordinates></LinearRing></outerBoundaryIs></Polygon></Placemark><Placemark><name>Province Papua Barat - Bagian 1012</name><visibility>1</visibility><styleUrl>#papua-barat-google-earth</styleUrl><Polygon><extrude>0</extrude><tessellate>1</tessellate><altitudeMode>clampToGround</altitudeMode><outerBoundaryIs><LinearRing><coordinates>134.05393223,-3.80867854,0 134.05412259,-3.80872613,0 134.05410355,-3.80831211,0 134.05393223,-3.80867854,0</coordinates></LinearRing></outerBoundaryIs></Polygon></Placemark><Placemark><name>Province Papua Barat - Bagian 1013</name><visibility>1</visibility><styleUrl>#papua-barat-google-earth</styleUrl><Polygon><extrude>0</extrude><tessellate>1</tessellate><altitudeMode>clampToGround</altitudeMode><outerBoundaryIs><LinearRing><coordinates>133.99381366,-3.82293021,0 133.99360573,-3.82313910,0 133.99371995,-3.82339894,0 133.99381366,-3.82293021,0</coordinates></LinearRing></outerBoundaryIs></Polygon></Placemark><Placemark><name>Province Papua Barat - Bagian 1014</name><visibility>1</visibility><styleUrl>#papua-barat-google-earth</styleUrl><Polygon><extrude>0</extrude><tessellate>1</tessellate><altitudeMode>clampToGround</altitudeMode><outerBoundaryIs><LinearRing><coordinates>132.69807439,-3.33146310,0 132.69817908,-3.33136316,0 132.69770795,-3.33107287,0 132.69807439,-3.33146310,0</coordinates></LinearRing></outerBoundaryIs></Polygon></Placemark><Placemark><name>Province Papua Barat - Bagian 1015</name><visibility>1</visibility><styleUrl>#papua-barat-google-earth</styleUrl><Polygon><extrude>0</extrude><tessellate>1</tessellate><altitudeMode>clampToGround</altitudeMode><outerBoundaryIs><LinearRing><coordinates>134.12273737,-3.90709260,0 134.12267900,-3.90689878,0 134.12237208,-3.90720640,0 134.12273737,-3.90709260,0</coordinates></LinearRing></outerBoundaryIs></Polygon></Placemark><Placemark><name>Province Papua Barat - Bagian 1016</name><visibility>1</visibility><styleUrl>#papua-barat-google-earth</styleUrl><Polygon><extrude>0</extrude><tessellate>1</tessellate><altitudeMode>clampToGround</altitudeMode><outerBoundaryIs><LinearRing><coordinates>134.13417930,-3.86296879,0 134.13438870,-3.86277843,0 134.13406985,-3.86270229,0 134.13417930,-3.86296879,0</coordinates></LinearRing></outerBoundaryIs></Polygon></Placemark><Placemark><name>Province Papua Barat - Bagian 1017</name><visibility>1</visibility><styleUrl>#papua-barat-google-earth</styleUrl><Polygon><extrude>0</extrude><tessellate>1</tessellate><altitudeMode>clampToGround</altitudeMode><outerBoundaryIs><LinearRing><coordinates>134.00317886,-3.81362252,0 134.00326512,-3.81340539,0 134.00296471,-3.81327452,0 134.00317886,-3.81362252,0</coordinates></LinearRing></outerBoundaryIs></Polygon></Placemark><Placemark><name>Province Papua Barat - Bagian 1018</name><visibility>1</visibility><styleUrl>#papua-barat-google-earth</styleUrl><Polygon><extrude>0</extrude><tessellate>1</tessellate><altitudeMode>clampToGround</altitudeMode><outerBoundaryIs><LinearRing><coordinates>134.06064892,-3.93643571,0 134.06051285,-3.93642863,0 134.06042610,-3.93698515,0 134.06064892,-3.93643571,0</coordinates></LinearRing></outerBoundaryIs></Polygon></Placemark><Placemark><name>Province Papua Barat - Bagian 1019</name><visibility>1</visibility><styleUrl>#papua-barat-google-earth</styleUrl><Polygon><extrude>0</extrude><tessellate>1</tessellate><altitudeMode>clampToGround</altitudeMode><outerBoundaryIs><LinearRing><coordinates>134.19464609,-4.01499335,0 134.19453521,-4.01473078,0 134.19429999,-4.01485994,0 134.19464609,-4.01499335,0</coordinates></LinearRing></outerBoundaryIs></Polygon></Placemark><Placemark><name>Province Papua Barat - Bagian 1020</name><visibility>1</visibility><styleUrl>#papua-barat-google-earth</styleUrl><Polygon><extrude>0</extrude><tessellate>1</tessellate><altitudeMode>clampToGround</altitudeMode><outerBoundaryIs><LinearRing><coordinates>134.16073462,-2.02508102,0 134.16088694,-2.02506188,0 134.16072510,-2.02458332,0 134.16073462,-2.02508102,0</coordinates></LinearRing></outerBoundaryIs></Polygon></Placemark><Placemark><name>Province Papua Barat - Bagian 1021</name><visibility>1</visibility><styleUrl>#papua-barat-google-earth</styleUrl><Polygon><extrude>0</extrude><tessellate>1</tessellate><altitudeMode>clampToGround</altitudeMode><outerBoundaryIs><LinearRing><coordinates>132.59306202,-2.69661398,0 132.59325925,-2.69681055,0 132.59343829,-2.69660446,0 132.59306202,-2.69661398,0</coordinates></LinearRing></outerBoundaryIs></Polygon></Placemark><Placemark><name>Province Papua Barat - Bagian 1022</name><visibility>1</visibility><styleUrl>#papua-barat-google-earth</styleUrl><Polygon><extrude>0</extrude><tessellate>1</tessellate><altitudeMode>clampToGround</altitudeMode><outerBoundaryIs><LinearRing><coordinates>134.17476438,-4.01932964,0 134.17464325,-4.02014818,0 134.17473485,-4.02015318,0 134.17476438,-4.01932964,0</coordinates></LinearRing></outerBoundaryIs></Polygon></Placemark><Placemark><name>Province Papua Barat - Bagian 1023</name><visibility>1</visibility><styleUrl>#papua-barat-google-earth</styleUrl><Polygon><extrude>0</extrude><tessellate>1</tessellate><altitudeMode>clampToGround</altitudeMode><outerBoundaryIs><LinearRing><coordinates>133.92135994,-3.84435773,0 133.92103310,-3.84411564,0 133.92092527,-3.84426390,0 133.92135994,-3.84435773,0</coordinates></LinearRing></outerBoundaryIs></Polygon></Placemark><Placemark><name>Province Papua Barat - Bagian 1024</name><visibility>1</visibility><styleUrl>#papua-barat-google-earth</styleUrl><Polygon><extrude>0</extrude><tessellate>1</tessellate><altitudeMode>clampToGround</altitudeMode><outerBoundaryIs><LinearRing><coordinates>133.98353830,-0.74317663,0 133.98376877,-0.74364178,0 133.98388298,-0.74354898,0 133.98353830,-0.74317663,0</coordinates></LinearRing></outerBoundaryIs></Polygon></Placemark><Placemark><name>Province Papua Barat - Bagian 1025</name><visibility>1</visibility><styleUrl>#papua-barat-google-earth</styleUrl><Polygon><extrude>0</extrude><tessellate>1</tessellate><altitudeMode>clampToGround</altitudeMode><outerBoundaryIs><LinearRing><coordinates>132.44015896,-2.73423297,0 132.44036369,-2.73415906,0 132.44022863,-2.73384389,0 132.44015896,-2.73423297,0</coordinates></LinearRing></outerBoundaryIs></Polygon></Placemark><Placemark><name>Province Papua Barat - Bagian 1026</name><visibility>1</visibility><styleUrl>#papua-barat-google-earth</styleUrl><Polygon><extrude>0</extrude><tessellate>1</tessellate><altitudeMode>clampToGround</altitudeMode><outerBoundaryIs><LinearRing><coordinates>134.52325120,-2.28727536,0 134.52312271,-2.28728963,0 134.52300136,-2.28788212,0 134.52325120,-2.28727536,0</coordinates></LinearRing></outerBoundaryIs></Polygon></Placemark><Placemark><name>Province Papua Barat - Bagian 1027</name><visibility>1</visibility><styleUrl>#papua-barat-google-earth</styleUrl><Polygon><extrude>0</extrude><tessellate>1</tessellate><altitudeMode>clampToGround</altitudeMode><outerBoundaryIs><LinearRing><coordinates>132.35106420,-2.93711949,0 132.35118208,-2.93694747,0 132.35085344,-2.93679643,0 132.35106420,-2.93711949,0</coordinates></LinearRing></outerBoundaryIs></Polygon></Placemark><Placemark><name>Province Papua Barat - Bagian 1028</name><visibility>1</visibility><styleUrl>#papua-barat-google-earth</styleUrl><Polygon><extrude>0</extrude><tessellate>1</tessellate><altitudeMode>clampToGround</altitudeMode><outerBoundaryIs><LinearRing><coordinates>134.52305694,-2.41002304,0 134.52298556,-2.41029668,0 134.52327110,-2.41023719,0 134.52305694,-2.41002304,0</coordinates></LinearRing></outerBoundaryIs></Polygon></Placemark><Placemark><name>Province Papua Barat - Bagian 1029</name><visibility>1</visibility><styleUrl>#papua-barat-google-earth</styleUrl><Polygon><extrude>0</extrude><tessellate>1</tessellate><altitudeMode>clampToGround</altitudeMode><outerBoundaryIs><LinearRing><coordinates>133.92526390,-3.86841827,0 133.92521156,-3.86808536,0 133.92499412,-3.86811265,0 133.92526390,-3.86841827,0</coordinates></LinearRing></outerBoundaryIs></Polygon></Placemark><Placemark><name>Province Papua Barat - Bagian 1030</name><visibility>1</visibility><styleUrl>#papua-barat-google-earth</styleUrl><Polygon><extrude>0</extrude><tessellate>1</tessellate><altitudeMode>clampToGround</altitudeMode><outerBoundaryIs><LinearRing><coordinates>134.01271532,-3.86412591,0 134.01306034,-3.86398314,0 134.01291757,-3.86382848,0 134.01271532,-3.86412591,0</coordinates></LinearRing></outerBoundaryIs></Polygon></Placemark><Placemark><name>Province Papua Barat - Bagian 1031</name><visibility>1</visibility><styleUrl>#papua-barat-google-earth</styleUrl><Polygon><extrude>0</extrude><tessellate>1</tessellate><altitudeMode>clampToGround</altitudeMode><outerBoundaryIs><LinearRing><coordinates>134.45123017,-3.98789319,0 134.45099222,-3.98781586,0 134.45085541,-3.98808057,0 134.45123017,-3.98789319,0</coordinates></LinearRing></outerBoundaryIs></Polygon></Placemark><Placemark><name>Province Papua Barat - Bagian 1032</name><visibility>1</visibility><styleUrl>#papua-barat-google-earth</styleUrl><Polygon><extrude>0</extrude><tessellate>1</tessellate><altitudeMode>clampToGround</altitudeMode><outerBoundaryIs><LinearRing><coordinates>132.82383517,-3.89187559,0 132.82371620,-3.89163288,0 132.82351157,-3.89183276,0 132.82383517,-3.89187559,0</coordinates></LinearRing></outerBoundaryIs></Polygon></Placemark><Placemark><name>Province Papua Barat - Bagian 1033</name><visibility>1</visibility><styleUrl>#papua-barat-google-earth</styleUrl><Polygon><extrude>0</extrude><tessellate>1</tessellate><altitudeMode>clampToGround</altitudeMode><outerBoundaryIs><LinearRing><coordinates>132.65125968,-3.30099172,0 132.65147859,-3.30116305,0 132.65152618,-3.30086799,0 132.65125968,-3.30099172,0</coordinates></LinearRing></outerBoundaryIs></Polygon></Placemark><Placemark><name>Province Papua Barat - Bagian 1034</name><visibility>1</visibility><styleUrl>#papua-barat-google-earth</styleUrl><Polygon><extrude>0</extrude><tessellate>1</tessellate><altitudeMode>clampToGround</altitudeMode><outerBoundaryIs><LinearRing><coordinates>134.13656874,-1.95529946,0 134.13678294,-1.95520614,0 134.13659730,-1.95494772,0 134.13656874,-1.95529946,0</coordinates></LinearRing></outerBoundaryIs></Polygon></Placemark><Placemark><name>Province Papua Barat - Bagian 1035</name><visibility>1</visibility><styleUrl>#papua-barat-google-earth</styleUrl><Polygon><extrude>0</extrude><tessellate>1</tessellate><altitudeMode>clampToGround</altitudeMode><outerBoundaryIs><LinearRing><coordinates>132.79779197,-3.84088969,0 132.79792284,-3.84065174,0 132.79769679,-3.84050897,0 132.79779197,-3.84088969,0</coordinates></LinearRing></outerBoundaryIs></Polygon></Placemark><Placemark><name>Province Papua Barat - Bagian 1036</name><visibility>1</visibility><styleUrl>#papua-barat-google-earth</styleUrl><Polygon><extrude>0</extrude><tessellate>1</tessellate><altitudeMode>clampToGround</altitudeMode><outerBoundaryIs><LinearRing><coordinates>132.48354229,-2.67038460,0 132.48369774,-2.67052874,0 132.48393942,-2.67028671,0 132.48354229,-2.67038460,0</coordinates></LinearRing></outerBoundaryIs></Polygon></Placemark><Placemark><name>Province Papua Barat - Bagian 1037</name><visibility>1</visibility><styleUrl>#papua-barat-google-earth</styleUrl><Polygon><extrude>0</extrude><tessellate>1</tessellate><altitudeMode>clampToGround</altitudeMode><outerBoundaryIs><LinearRing><coordinates>132.45512971,-2.71420842,0 132.45484606,-2.71405425,0 132.45476264,-2.71426265,0 132.45512971,-2.71420842,0</coordinates></LinearRing></outerBoundaryIs></Polygon></Placemark><Placemark><name>Province Papua Barat - Bagian 1038</name><visibility>1</visibility><styleUrl>#papua-barat-google-earth</styleUrl><Polygon><extrude>0</extrude><tessellate>1</tessellate><altitudeMode>clampToGround</altitudeMode><outerBoundaryIs><LinearRing><coordinates>134.17642651,-4.00012089,0 134.17622230,-3.99996990,0 134.17616397,-4.00027847,0 134.17642651,-4.00012089,0</coordinates></LinearRing></outerBoundaryIs></Polygon></Placemark><Placemark><name>Province Papua Barat - Bagian 1039</name><visibility>1</visibility><styleUrl>#papua-barat-google-earth</styleUrl><Polygon><extrude>0</extrude><tessellate>1</tessellate><altitudeMode>clampToGround</altitudeMode><outerBoundaryIs><LinearRing><coordinates>134.36584436,-4.02540343,0 134.36603085,-4.02560570,0 134.36599824,-4.02518672,0 134.36584436,-4.02540343,0</coordinates></LinearRing></outerBoundaryIs></Polygon></Placemark><Placemark><name>Province Papua Barat - Bagian 1040</name><visibility>1</visibility><styleUrl>#papua-barat-google-earth</styleUrl><Polygon><extrude>0</extrude><tessellate>1</tessellate><altitudeMode>clampToGround</altitudeMode><outerBoundaryIs><LinearRing><coordinates>134.13670690,-2.04411503,0 134.13649746,-2.04397146,0 134.13651650,-2.04432559,0 134.13670690,-2.04411503,0</coordinates></LinearRing></outerBoundaryIs></Polygon></Placemark><Placemark><name>Province Papua Barat - Bagian 1041</name><visibility>1</visibility><styleUrl>#papua-barat-google-earth</styleUrl><Polygon><extrude>0</extrude><tessellate>1</tessellate><altitudeMode>clampToGround</altitudeMode><outerBoundaryIs><LinearRing><coordinates>134.13860271,-3.89499238,0 134.13847779,-3.89501022,0 134.13851705,-3.89557415,0 134.13860271,-3.89499238,0</coordinates></LinearRing></outerBoundaryIs></Polygon></Placemark><Placemark><name>Province Papua Barat - Bagian 1042</name><visibility>1</visibility><styleUrl>#papua-barat-google-earth</styleUrl><Polygon><extrude>0</extrude><tessellate>1</tessellate><altitudeMode>clampToGround</altitudeMode><outerBoundaryIs><LinearRing><coordinates>134.18370130,-3.82463984,0 134.18341577,-3.82475405,0 134.18360137,-3.82492894,0 134.18370130,-3.82463984,0</coordinates></LinearRing></outerBoundaryIs></Polygon></Placemark><Placemark><name>Province Papua Barat - Bagian 1043</name><visibility>1</visibility><styleUrl>#papua-barat-google-earth</styleUrl><Polygon><extrude>0</extrude><tessellate>1</tessellate><altitudeMode>clampToGround</altitudeMode><outerBoundaryIs><LinearRing><coordinates>134.09943182,-3.76768559,0 134.09917185,-3.76791315,0 134.09939126,-3.76799423,0 134.09943182,-3.76768559,0</coordinates></LinearRing></outerBoundaryIs></Polygon></Placemark><Placemark><name>Province Papua Barat - Bagian 1044</name><visibility>1</visibility><styleUrl>#papua-barat-google-earth</styleUrl><Polygon><extrude>0</extrude><tessellate>1</tessellate><altitudeMode>clampToGround</altitudeMode><outerBoundaryIs><LinearRing><coordinates>132.04854157,-2.79371662,0 132.04814276,-2.79365759,0 132.04814523,-2.79383486,0 132.04854157,-2.79371662,0</coordinates></LinearRing></outerBoundaryIs></Polygon></Placemark><Placemark><name>Province Papua Barat - Bagian 1045</name><visibility>1</visibility><styleUrl>#papua-barat-google-earth</styleUrl><Polygon><extrude>0</extrude><tessellate>1</tessellate><altitudeMode>clampToGround</altitudeMode><outerBoundaryIs><LinearRing><coordinates>134.32673016,-4.00986971,0 134.32687861,-4.00966121,0 134.32669376,-4.00944705,0 134.32673016,-4.00986971,0</coordinates></LinearRing></outerBoundaryIs></Polygon></Placemark><Placemark><name>Province Papua Barat - Bagian 1046</name><visibility>1</visibility><styleUrl>#papua-barat-google-earth</styleUrl><Polygon><extrude>0</extrude><tessellate>1</tessellate><altitudeMode>clampToGround</altitudeMode><outerBoundaryIs><LinearRing><coordinates>134.03712702,-3.91000353,0 134.03742326,-3.91038186,0 134.03759458,-3.91036402,0 134.03712702,-3.91000353,0</coordinates></LinearRing></outerBoundaryIs></Polygon></Placemark><Placemark><name>Province Papua Barat - Bagian 1047</name><visibility>1</visibility><styleUrl>#papua-barat-google-earth</styleUrl><Polygon><extrude>0</extrude><tessellate>1</tessellate><altitudeMode>clampToGround</altitudeMode><outerBoundaryIs><LinearRing><coordinates>132.02375612,-2.73524269,0 132.02382751,-2.73540925,0 132.02418442,-2.73527838,0 132.02375612,-2.73524269,0</coordinates></LinearRing></outerBoundaryIs></Polygon></Placemark><Placemark><name>Province Papua Barat - Bagian 1048</name><visibility>1</visibility><styleUrl>#papua-barat-google-earth</styleUrl><Polygon><extrude>0</extrude><tessellate>1</tessellate><altitudeMode>clampToGround</altitudeMode><outerBoundaryIs><LinearRing><coordinates>132.18941937,-2.70288069,0 132.18960903,-2.70279217,0 132.18940567,-2.70252471,0 132.18941937,-2.70288069,0</coordinates></LinearRing></outerBoundaryIs></Polygon></Placemark><Placemark><name>Province Papua Barat - Bagian 1049</name><visibility>1</visibility><styleUrl>#papua-barat-google-earth</styleUrl><Polygon><extrude>0</extrude><tessellate>1</tessellate><altitudeMode>clampToGround</altitudeMode><outerBoundaryIs><LinearRing><coordinates>134.15400201,-3.92616235,0 134.15393202,-3.92606279,0 134.15367527,-3.92667461,0 134.15400201,-3.92616235,0</coordinates></LinearRing></outerBoundaryIs></Polygon></Placemark><Placemark><name>Province Papua Barat - Bagian 1050</name><visibility>1</visibility><styleUrl>#papua-barat-google-earth</styleUrl><Polygon><extrude>0</extrude><tessellate>1</tessellate><altitudeMode>clampToGround</altitudeMode><outerBoundaryIs><LinearRing><coordinates>134.21096770,-4.02692015,0 134.21062188,-4.02697274,0 134.21084332,-4.02713494,0 134.21096770,-4.02692015,0</coordinates></LinearRing></outerBoundaryIs></Polygon></Placemark><Placemark><name>Province Papua Barat - Bagian 1051</name><visibility>1</visibility><styleUrl>#papua-barat-google-earth</styleUrl><Polygon><extrude>0</extrude><tessellate>1</tessellate><altitudeMode>clampToGround</altitudeMode><outerBoundaryIs><LinearRing><coordinates>134.12215329,-3.91344114,0 134.12214848,-3.91310725,0 134.12194694,-3.91310876,0 134.12215329,-3.91344114,0</coordinates></LinearRing></outerBoundaryIs></Polygon></Placemark><Placemark><name>Province Papua Barat - Bagian 1052</name><visibility>1</visibility><styleUrl>#papua-barat-google-earth</styleUrl><Polygon><extrude>0</extrude><tessellate>1</tessellate><altitudeMode>clampToGround</altitudeMode><outerBoundaryIs><LinearRing><coordinates>133.84874466,-3.64567039,0 133.84899926,-3.64597496,0 133.84915392,-3.64589643,0 133.84874466,-3.64567039,0</coordinates></LinearRing></outerBoundaryIs></Polygon></Placemark><Placemark><name>Province Papua Barat - Bagian 1053</name><visibility>1</visibility><styleUrl>#papua-barat-google-earth</styleUrl><Polygon><extrude>0</extrude><tessellate>1</tessellate><altitudeMode>clampToGround</altitudeMode><outerBoundaryIs><LinearRing><coordinates>134.46840638,-2.86324806,0 134.46844446,-2.86346697,0 134.46872999,-2.86335276,0 134.46840638,-2.86324806,0</coordinates></LinearRing></outerBoundaryIs></Polygon></Placemark><Placemark><name>Province Papua Barat - Bagian 1054</name><visibility>1</visibility><styleUrl>#papua-barat-google-earth</styleUrl><Polygon><extrude>0</extrude><tessellate>1</tessellate><altitudeMode>clampToGround</altitudeMode><outerBoundaryIs><LinearRing><coordinates>133.95795747,-2.09613654,0 133.95805027,-2.09583197,0 133.95776712,-2.09604137,0 133.95795747,-2.09613654,0</coordinates></LinearRing></outerBoundaryIs></Polygon></Placemark><Placemark><name>Province Papua Barat - Bagian 1055</name><visibility>1</visibility><styleUrl>#papua-barat-google-earth</styleUrl><Polygon><extrude>0</extrude><tessellate>1</tessellate><altitudeMode>clampToGround</altitudeMode><outerBoundaryIs><LinearRing><coordinates>134.15405125,-1.95760465,0 134.15374779,-1.95775420,0 134.15387869,-1.95790974,0 134.15405125,-1.95760465,0</coordinates></LinearRing></outerBoundaryIs></Polygon></Placemark><Placemark><name>Province Papua Barat - Bagian 1056</name><visibility>1</visibility><styleUrl>#papua-barat-google-earth</styleUrl><Polygon><extrude>0</extrude><tessellate>1</tessellate><altitudeMode>clampToGround</altitudeMode><outerBoundaryIs><LinearRing><coordinates>134.32426440,-3.96523500,0 134.32448569,-3.96538490,0 134.32463559,-3.96518503,0 134.32426440,-3.96523500,0</coordinates></LinearRing></outerBoundaryIs></Polygon></Placemark><Placemark><name>Province Papua Barat - Bagian 1057</name><visibility>1</visibility><styleUrl>#papua-barat-google-earth</styleUrl><Polygon><extrude>0</extrude><tessellate>1</tessellate><altitudeMode>clampToGround</altitudeMode><outerBoundaryIs><LinearRing><coordinates>132.35863654,-2.66786408,0 132.35830446,-2.66764637,0 132.35825032,-2.66781009,0 132.35863654,-2.66786408,0</coordinates></LinearRing></outerBoundaryIs></Polygon></Placemark><Placemark><name>Province Papua Barat - Bagian 1058</name><visibility>1</visibility><styleUrl>#papua-barat-google-earth</styleUrl><Polygon><extrude>0</extrude><tessellate>1</tessellate><altitudeMode>clampToGround</altitudeMode><outerBoundaryIs><LinearRing><coordinates>133.98435939,-0.74375752,0 133.98478779,-0.74385922,0 133.98478184,-0.74370368,0 133.98435939,-0.74375752,0</coordinates></LinearRing></outerBoundaryIs></Polygon></Placemark><Placemark><name>Province Papua Barat - Bagian 1059</name><visibility>1</visibility><styleUrl>#papua-barat-google-earth</styleUrl><Polygon><extrude>0</extrude><tessellate>1</tessellate><altitudeMode>clampToGround</altitudeMode><outerBoundaryIs><LinearRing><coordinates>134.00610783,-3.81414556,0 134.00584805,-3.81417833,0 134.00589899,-3.81442460,0 134.00610783,-3.81414556,0</coordinates></LinearRing></outerBoundaryIs></Polygon></Placemark><Placemark><name>Province Papua Barat - Bagian 1060</name><visibility>1</visibility><styleUrl>#papua-barat-google-earth</styleUrl><Polygon><extrude>0</extrude><tessellate>1</tessellate><altitudeMode>clampToGround</altitudeMode><outerBoundaryIs><LinearRing><coordinates>132.10477765,-2.73643428,0 132.10462585,-2.73626891,0 132.10450796,-2.73656576,0 132.10477765,-2.73643428,0</coordinates></LinearRing></outerBoundaryIs></Polygon></Placemark><Placemark><name>Province Papua Barat - Bagian 1061</name><visibility>1</visibility><styleUrl>#papua-barat-google-earth</styleUrl><Polygon><extrude>0</extrude><tessellate>1</tessellate><altitudeMode>clampToGround</altitudeMode><outerBoundaryIs><LinearRing><coordinates>134.45071561,-3.98807165,0 134.45067397,-3.98792888,0 134.45030516,-3.98821442,0 134.45071561,-3.98807165,0</coordinates></LinearRing></outerBoundaryIs></Polygon></Placemark><Placemark><name>Province Papua Barat - Bagian 1062</name><visibility>1</visibility><styleUrl>#papua-barat-google-earth</styleUrl><Polygon><extrude>0</extrude><tessellate>1</tessellate><altitudeMode>clampToGround</altitudeMode><outerBoundaryIs><LinearRing><coordinates>132.82466798,-3.89323664,0 132.82449190,-3.89291779,0 132.82439197,-3.89310339,0 132.82466798,-3.89323664,0</coordinates></LinearRing></outerBoundaryIs></Polygon></Placemark><Placemark><name>Province Papua Barat - Bagian 1063</name><visibility>1</visibility><styleUrl>#papua-barat-google-earth</styleUrl><Polygon><extrude>0</extrude><tessellate>1</tessellate><altitudeMode>clampToGround</altitudeMode><outerBoundaryIs><LinearRing><coordinates>134.11355591,-3.90498205,0 134.11367786,-3.90475600,0 134.11336853,-3.90480061,0 134.11355591,-3.90498205,0</coordinates></LinearRing></outerBoundaryIs></Polygon></Placemark><Placemark><name>Province Papua Barat - Bagian 1064</name><visibility>1</visibility><styleUrl>#papua-barat-google-earth</styleUrl><Polygon><extrude>0</extrude><tessellate>1</tessellate><altitudeMode>clampToGround</altitudeMode><outerBoundaryIs><LinearRing><coordinates>134.03083491,-3.84358291,0 134.03034950,-3.84364002,0 134.03037449,-3.84376851,0 134.03083491,-3.84358291,0</coordinates></LinearRing></outerBoundaryIs></Polygon></Placemark><Placemark><name>Province Papua Barat - Bagian 1065</name><visibility>1</visibility><styleUrl>#papua-barat-google-earth</styleUrl><Polygon><extrude>0</extrude><tessellate>1</tessellate><altitudeMode>clampToGround</altitudeMode><outerBoundaryIs><LinearRing><coordinates>134.31574771,-3.98990866,0 134.31575485,-3.98960528,0 134.31554427,-3.98963026,0 134.31574771,-3.98990866,0</coordinates></LinearRing></outerBoundaryIs></Polygon></Placemark><Placemark><name>Province Papua Barat - Bagian 1066</name><visibility>1</visibility><styleUrl>#papua-barat-google-earth</styleUrl><Polygon><extrude>0</extrude><tessellate>1</tessellate><altitudeMode>clampToGround</altitudeMode><outerBoundaryIs><LinearRing><coordinates>133.92920205,-3.87233083,0 133.92935196,-3.87219163,0 133.92903787,-3.87205957,0 133.92920205,-3.87233083,0</coordinates></LinearRing></outerBoundaryIs></Polygon></Placemark><Placemark><name>Province Papua Barat - Bagian 1067</name><visibility>1</visibility><styleUrl>#papua-barat-google-earth</styleUrl><Polygon><extrude>0</extrude><tessellate>1</tessellate><altitudeMode>clampToGround</altitudeMode><outerBoundaryIs><LinearRing><coordinates>134.03037806,-3.84329024,0 134.03059221,-3.84333664,0 134.03059935,-3.84304396,0 134.03037806,-3.84329024,0</coordinates></LinearRing></outerBoundaryIs></Polygon></Placemark><Placemark><name>Province Papua Barat - Bagian 1068</name><visibility>1</visibility><styleUrl>#papua-barat-google-earth</styleUrl><Polygon><extrude>0</extrude><tessellate>1</tessellate><altitudeMode>clampToGround</altitudeMode><outerBoundaryIs><LinearRing><coordinates>132.45615593,-2.70765682,0 132.45625201,-2.70783419,0 132.45650811,-2.70765657,0 132.45615593,-2.70765682,0</coordinates></LinearRing></outerBoundaryIs></Polygon></Placemark><Placemark><name>Province Papua Barat - Bagian 1069</name><visibility>1</visibility><styleUrl>#papua-barat-google-earth</styleUrl><Polygon><extrude>0</extrude><tessellate>1</tessellate><altitudeMode>clampToGround</altitudeMode><outerBoundaryIs><LinearRing><coordinates>134.24487747,-4.00596161,0 134.24479813,-4.00581097,0 134.24446768,-4.00596067,0 134.24487747,-4.00596161,0</coordinates></LinearRing></outerBoundaryIs></Polygon></Placemark><Placemark><name>Province Papua Barat - Bagian 1070</name><visibility>1</visibility><styleUrl>#papua-barat-google-earth</styleUrl><Polygon><extrude>0</extrude><tessellate>1</tessellate><altitudeMode>clampToGround</altitudeMode><outerBoundaryIs><LinearRing><coordinates>134.10831967,-3.89703733,0 134.10863495,-3.89701354,0 134.10849218,-3.89682913,0 134.10831967,-3.89703733,0</coordinates></LinearRing></outerBoundaryIs></Polygon></Placemark><Placemark><name>Province Papua Barat - Bagian 1071</name><visibility>1</visibility><styleUrl>#papua-barat-google-earth</styleUrl><Polygon><extrude>0</extrude><tessellate>1</tessellate><altitudeMode>clampToGround</altitudeMode><outerBoundaryIs><LinearRing><coordinates>134.18339316,-3.82423771,0 134.18365015,-3.82422343,0 134.18346812,-3.82399500,0 134.18339316,-3.82423771,0</coordinates></LinearRing></outerBoundaryIs></Polygon></Placemark><Placemark><name>Province Papua Barat - Bagian 1072</name><visibility>1</visibility><styleUrl>#papua-barat-google-earth</styleUrl><Polygon><extrude>0</extrude><tessellate>1</tessellate><altitudeMode>clampToGround</altitudeMode><outerBoundaryIs><LinearRing><coordinates>134.30050079,-3.96962908,0 134.30047699,-3.96984918,0 134.30075063,-3.96987892,0 134.30050079,-3.96962908,0</coordinates></LinearRing></outerBoundaryIs></Polygon></Placemark><Placemark><name>Province Papua Barat - Bagian 1073</name><visibility>1</visibility><styleUrl>#papua-barat-google-earth</styleUrl><Polygon><extrude>0</extrude><tessellate>1</tessellate><altitudeMode>clampToGround</altitudeMode><outerBoundaryIs><LinearRing><coordinates>134.02525790,-3.86468939,0 134.02510058,-3.86469288,0 134.02518063,-3.86507515,0 134.02525790,-3.86468939,0</coordinates></LinearRing></outerBoundaryIs></Polygon></Placemark><Placemark><name>Province Papua Barat - Bagian 1074</name><visibility>1</visibility><styleUrl>#papua-barat-google-earth</styleUrl><Polygon><extrude>0</extrude><tessellate>1</tessellate><altitudeMode>clampToGround</altitudeMode><outerBoundaryIs><LinearRing><coordinates>133.66617941,-3.22184761,0 133.66619845,-3.22201893,0 133.66650302,-3.22159538,0 133.66617941,-3.22184761,0</coordinates></LinearRing></outerBoundaryIs></Polygon></Placemark><Placemark><name>Province Papua Barat - Bagian 1075</name><visibility>1</visibility><styleUrl>#papua-barat-google-earth</styleUrl><Polygon><extrude>0</extrude><tessellate>1</tessellate><altitudeMode>clampToGround</altitudeMode><outerBoundaryIs><LinearRing><coordinates>134.14428778,-3.76035690,0 134.14434489,-3.76059247,0 134.14454239,-3.76035690,0 134.14428778,-3.76035690,0</coordinates></LinearRing></outerBoundaryIs></Polygon></Placemark><Placemark><name>Province Papua Barat - Bagian 1076</name><visibility>1</visibility><styleUrl>#papua-barat-google-earth</styleUrl><Polygon><extrude>0</extrude><tessellate>1</tessellate><altitudeMode>clampToGround</altitudeMode><outerBoundaryIs><LinearRing><coordinates>134.71973158,-4.05697845,0 134.71961125,-4.05697611,0 134.71957576,-4.05747265,0 134.71973158,-4.05697845,0</coordinates></LinearRing></outerBoundaryIs></Polygon></Placemark><Placemark><name>Province Papua Barat - Bagian 1077</name><visibility>1</visibility><styleUrl>#papua-barat-google-earth</styleUrl><Polygon><extrude>0</extrude><tessellate>1</tessellate><altitudeMode>clampToGround</altitudeMode><outerBoundaryIs><LinearRing><coordinates>134.44446165,-3.97719529,0 134.44480429,-3.97713343,0 134.44476622,-3.97696687,0 134.44446165,-3.97719529,0</coordinates></LinearRing></outerBoundaryIs></Polygon></Placemark><Placemark><name>Province Papua Barat - Bagian 1078</name><visibility>1</visibility><styleUrl>#papua-barat-google-earth</styleUrl><Polygon><extrude>0</extrude><tessellate>1</tessellate><altitudeMode>clampToGround</altitudeMode><outerBoundaryIs><LinearRing><coordinates>134.24832029,-4.00707992,0 134.24844337,-4.00685644,0 134.24815925,-4.00688957,0 134.24832029,-4.00707992,0</coordinates></LinearRing></outerBoundaryIs></Polygon></Placemark><Placemark><name>Province Papua Barat - Bagian 1079</name><visibility>1</visibility><styleUrl>#papua-barat-google-earth</styleUrl><Polygon><extrude>0</extrude><tessellate>1</tessellate><altitudeMode>clampToGround</altitudeMode><outerBoundaryIs><LinearRing><coordinates>131.98509996,-2.90970128,0 131.98544393,-2.90971692,0 131.98545956,-2.90954493,0 131.98509996,-2.90970128,0</coordinates></LinearRing></outerBoundaryIs></Polygon></Placemark><Placemark><name>Province Papua Barat - Bagian 1080</name><visibility>1</visibility><styleUrl>#papua-barat-google-earth</styleUrl><Polygon><extrude>0</extrude><tessellate>1</tessellate><altitudeMode>clampToGround</altitudeMode><outerBoundaryIs><LinearRing><coordinates>134.04641277,-3.79995781,0 134.04635032,-3.80019293,0 134.04662112,-3.80011973,0 134.04641277,-3.79995781,0</coordinates></LinearRing></outerBoundaryIs></Polygon></Placemark><Placemark><name>Province Papua Barat - Bagian 1081</name><visibility>1</visibility><styleUrl>#papua-barat-google-earth</styleUrl><Polygon><extrude>0</extrude><tessellate>1</tessellate><altitudeMode>clampToGround</altitudeMode><outerBoundaryIs><LinearRing><coordinates>131.59914695,-2.67332691,0 131.59890600,-2.67338047,0 131.59897678,-2.67360850,0 131.59914695,-2.67332691,0</coordinates></LinearRing></outerBoundaryIs></Polygon></Placemark><Placemark><name>Province Papua Barat - Bagian 1082</name><visibility>1</visibility><styleUrl>#papua-barat-google-earth</styleUrl><Polygon><extrude>0</extrude><tessellate>1</tessellate><altitudeMode>clampToGround</altitudeMode><outerBoundaryIs><LinearRing><coordinates>134.15624087,-1.95567215,0 134.15643723,-1.95580375,0 134.15645508,-1.95551661,0 134.15624087,-1.95567215,0</coordinates></LinearRing></outerBoundaryIs></Polygon></Placemark><Placemark><name>Province Papua Barat - Bagian 1083</name><visibility>1</visibility><styleUrl>#papua-barat-google-earth</styleUrl><Polygon><extrude>0</extrude><tessellate>1</tessellate><altitudeMode>clampToGround</altitudeMode><outerBoundaryIs><LinearRing><coordinates>134.00415511,-3.85099115,0 134.00445016,-3.85082458,0 134.00439305,-3.85065802,0 134.00415511,-3.85099115,0</coordinates></LinearRing></outerBoundaryIs></Polygon></Placemark><Placemark><name>Province Papua Barat - Bagian 1084</name><visibility>1</visibility><styleUrl>#papua-barat-google-earth</styleUrl><Polygon><extrude>0</extrude><tessellate>1</tessellate><altitudeMode>clampToGround</altitudeMode><outerBoundaryIs><LinearRing><coordinates>132.62980955,-2.72298268,0 132.62996771,-2.72278739,0 132.62968221,-2.72276963,0 132.62980955,-2.72298268,0</coordinates></LinearRing></outerBoundaryIs></Polygon></Placemark><Placemark><name>Province Papua Barat - Bagian 1085</name><visibility>1</visibility><styleUrl>#papua-barat-google-earth</styleUrl><Polygon><extrude>0</extrude><tessellate>1</tessellate><altitudeMode>clampToGround</altitudeMode><outerBoundaryIs><LinearRing><coordinates>133.38397395,-3.99985516,0 133.38418968,-3.99991324,0 133.38422701,-3.99965187,0 133.38397395,-3.99985516,0</coordinates></LinearRing></outerBoundaryIs></Polygon></Placemark><Placemark><name>Province Papua Barat - Bagian 1086</name><visibility>1</visibility><styleUrl>#papua-barat-google-earth</styleUrl><Polygon><extrude>0</extrude><tessellate>1</tessellate><altitudeMode>clampToGround</altitudeMode><outerBoundaryIs><LinearRing><coordinates>133.99669376,-3.81824616,0 133.99653582,-3.81793646,0 133.99635640,-3.81795533,0 133.99669376,-3.81824616,0</coordinates></LinearRing></outerBoundaryIs></Polygon></Placemark><Placemark><name>Province Papua Barat - Bagian 1087</name><visibility>1</visibility><styleUrl>#papua-barat-google-earth</styleUrl><Polygon><extrude>0</extrude><tessellate>1</tessellate><altitudeMode>clampToGround</altitudeMode><outerBoundaryIs><LinearRing><coordinates>132.79786930,-3.83977729,0 132.79760161,-3.83979514,0 132.79766705,-3.84000929,0 132.79786930,-3.83977729,0</coordinates></LinearRing></outerBoundaryIs></Polygon></Placemark><Placemark><name>Province Papua Barat - Bagian 1088</name><visibility>1</visibility><styleUrl>#papua-barat-google-earth</styleUrl><Polygon><extrude>0</extrude><tessellate>1</tessellate><altitudeMode>clampToGround</altitudeMode><outerBoundaryIs><LinearRing><coordinates>131.60148702,-2.67558133,0 131.60125797,-2.67564324,0 131.60130186,-2.67588594,0 131.60148702,-2.67558133,0</coordinates></LinearRing></outerBoundaryIs></Polygon></Placemark><Placemark><name>Province Papua Barat - Bagian 1089</name><visibility>1</visibility><styleUrl>#papua-barat-google-earth</styleUrl><Polygon><extrude>0</extrude><tessellate>1</tessellate><altitudeMode>clampToGround</altitudeMode><outerBoundaryIs><LinearRing><coordinates>134.14687918,-3.76877960,0 134.14670356,-3.76872579,0 134.14660855,-3.76902846,0 134.14687918,-3.76877960,0</coordinates></LinearRing></outerBoundaryIs></Polygon></Placemark><Placemark><name>Province Papua Barat - Bagian 1090</name><visibility>1</visibility><styleUrl>#papua-barat-google-earth</styleUrl><Polygon><extrude>0</extrude><tessellate>1</tessellate><altitudeMode>clampToGround</altitudeMode><outerBoundaryIs><LinearRing><coordinates>132.67341385,-3.47206283,0 132.67356614,-3.47179633,0 132.67333771,-3.47181537,0 132.67341385,-3.47206283,0</coordinates></LinearRing></outerBoundaryIs></Polygon></Placemark><Placemark><name>Province Papua Barat - Bagian 1091</name><visibility>1</visibility><styleUrl>#papua-barat-google-earth</styleUrl><Polygon><extrude>0</extrude><tessellate>1</tessellate><altitudeMode>clampToGround</altitudeMode><outerBoundaryIs><LinearRing><coordinates>132.76306792,-3.26632731,0 132.76275815,-3.26631999,0 132.76282116,-3.26650841,0 132.76306792,-3.26632731,0</coordinates></LinearRing></outerBoundaryIs></Polygon></Placemark><Placemark><name>Province Papua Barat - Bagian 1092</name><visibility>1</visibility><styleUrl>#papua-barat-google-earth</styleUrl><Polygon><extrude>0</extrude><tessellate>1</tessellate><altitudeMode>clampToGround</altitudeMode><outerBoundaryIs><LinearRing><coordinates>134.36617057,-4.02476423,0 134.36594359,-4.02486328,0 134.36612278,-4.02503982,0 134.36617057,-4.02476423,0</coordinates></LinearRing></outerBoundaryIs></Polygon></Placemark><Placemark><name>Province Papua Barat - Bagian 1093</name><visibility>1</visibility><styleUrl>#papua-barat-google-earth</styleUrl><Polygon><extrude>0</extrude><tessellate>1</tessellate><altitudeMode>clampToGround</altitudeMode><outerBoundaryIs><LinearRing><coordinates>134.36655052,-3.96839931,0 134.36640300,-3.96827558,0 134.36635541,-3.96862298,0 134.36655052,-3.96839931,0</coordinates></LinearRing></outerBoundaryIs></Polygon></Placemark><Placemark><name>Province Papua Barat - Bagian 1094</name><visibility>1</visibility><styleUrl>#papua-barat-google-earth</styleUrl><Polygon><extrude>0</extrude><tessellate>1</tessellate><altitudeMode>clampToGround</altitudeMode><outerBoundaryIs><LinearRing><coordinates>134.44237879,-4.01685996,0 134.44228935,-4.01658018,0 134.44213196,-4.01672535,0 134.44237879,-4.01685996,0</coordinates></LinearRing></outerBoundaryIs></Polygon></Placemark><Placemark><name>Province Papua Barat - Bagian 1095</name><visibility>1</visibility><styleUrl>#papua-barat-google-earth</styleUrl><Polygon><extrude>0</extrude><tessellate>1</tessellate><altitudeMode>clampToGround</altitudeMode><outerBoundaryIs><LinearRing><coordinates>132.82134179,-3.31172683,0 132.82135250,-3.31195526,0 132.82159520,-3.31180892,0 132.82134179,-3.31172683,0</coordinates></LinearRing></outerBoundaryIs></Polygon></Placemark><Placemark><name>Province Papua Barat - Bagian 1096</name><visibility>1</visibility><styleUrl>#papua-barat-google-earth</styleUrl><Polygon><extrude>0</extrude><tessellate>1</tessellate><altitudeMode>clampToGround</altitudeMode><outerBoundaryIs><LinearRing><coordinates>134.29056994,-4.04439907,0 134.29076505,-4.04461322,0 134.29087927,-4.04444666,0 134.29056994,-4.04439907,0</coordinates></LinearRing></outerBoundaryIs></Polygon></Placemark><Placemark><name>Province Papua Barat - Bagian 1097</name><visibility>1</visibility><styleUrl>#papua-barat-google-earth</styleUrl><Polygon><extrude>0</extrude><tessellate>1</tessellate><altitudeMode>clampToGround</altitudeMode><outerBoundaryIs><LinearRing><coordinates>134.37689307,-3.97669679,0 134.37695018,-3.97649335,0 134.37666107,-3.97654331,0 134.37689307,-3.97669679,0</coordinates></LinearRing></outerBoundaryIs></Polygon></Placemark><Placemark><name>Province Papua Barat - Bagian 1098</name><visibility>1</visibility><styleUrl>#papua-barat-google-earth</styleUrl><Polygon><extrude>0</extrude><tessellate>1</tessellate><altitudeMode>clampToGround</altitudeMode><outerBoundaryIs><LinearRing><coordinates>134.05612027,-3.92587354,0 134.05622735,-3.92557730,0 134.05600963,-3.92565939,0 134.05612027,-3.92587354,0</coordinates></LinearRing></outerBoundaryIs></Polygon></Placemark><Placemark><name>Province Papua Barat - Bagian 1099</name><visibility>1</visibility><styleUrl>#papua-barat-google-earth</styleUrl><Polygon><extrude>0</extrude><tessellate>1</tessellate><altitudeMode>clampToGround</altitudeMode><outerBoundaryIs><LinearRing><coordinates>134.01791941,-3.85331801,0 134.01784978,-3.85352361,0 134.01813141,-3.85349098,0 134.01791941,-3.85331801,0</coordinates></LinearRing></outerBoundaryIs></Polygon></Placemark><Placemark><name>Province Papua Barat - Bagian 1100</name><visibility>1</visibility><styleUrl>#papua-barat-google-earth</styleUrl><Polygon><extrude>0</extrude><tessellate>1</tessellate><altitudeMode>clampToGround</altitudeMode><outerBoundaryIs><LinearRing><coordinates>132.79451307,-3.83251398,0 132.79416091,-3.83267579,0 132.79427513,-3.83278048,0 132.79451307,-3.83251398,0</coordinates></LinearRing></outerBoundaryIs></Polygon></Placemark><Placemark><name>Province Papua Barat - Bagian 1101</name><visibility>1</visibility><styleUrl>#papua-barat-google-earth</styleUrl><Polygon><extrude>0</extrude><tessellate>1</tessellate><altitudeMode>clampToGround</altitudeMode><outerBoundaryIs><LinearRing><coordinates>134.11350299,-3.90792760,0 134.11322090,-3.90769389,0 134.11313793,-3.90781996,0 134.11350299,-3.90792760,0</coordinates></LinearRing></outerBoundaryIs></Polygon></Placemark><Placemark><name>Province Papua Barat - Bagian 1102</name><visibility>1</visibility><styleUrl>#papua-barat-google-earth</styleUrl><Polygon><extrude>0</extrude><tessellate>1</tessellate><altitudeMode>clampToGround</altitudeMode><outerBoundaryIs><LinearRing><coordinates>134.07851931,-3.90970770,0 134.07876618,-3.90958278,0 134.07862638,-3.90943109,0 134.07851931,-3.90970770,0</coordinates></LinearRing></outerBoundaryIs></Polygon></Placemark><Placemark><name>Province Papua Barat - Bagian 1103</name><visibility>1</visibility><styleUrl>#papua-barat-google-earth</styleUrl><Polygon><extrude>0</extrude><tessellate>1</tessellate><altitudeMode>clampToGround</altitudeMode><outerBoundaryIs><LinearRing><coordinates>134.04589816,-3.79057778,0 134.04573874,-3.79087046,0 134.04590530,-3.79090853,0 134.04589816,-3.79057778,0</coordinates></LinearRing></outerBoundaryIs></Polygon></Placemark><Placemark><name>Province Papua Barat - Bagian 1104</name><visibility>1</visibility><styleUrl>#papua-barat-google-earth</styleUrl><Polygon><extrude>0</extrude><tessellate>1</tessellate><altitudeMode>clampToGround</altitudeMode><outerBoundaryIs><LinearRing><coordinates>134.31253967,-3.98430560,0 134.31255870,-3.98410572,0 134.31228269,-3.98412476,0 134.31253967,-3.98430560,0</coordinates></LinearRing></outerBoundaryIs></Polygon></Placemark><Placemark><name>Province Papua Barat - Bagian 1105</name><visibility>1</visibility><styleUrl>#papua-barat-google-earth</styleUrl><Polygon><extrude>0</extrude><tessellate>1</tessellate><altitudeMode>clampToGround</altitudeMode><outerBoundaryIs><LinearRing><coordinates>134.15322911,-3.77205056,0 134.15308439,-3.77211096,0 134.15324685,-3.77241993,0 134.15322911,-3.77205056,0</coordinates></LinearRing></outerBoundaryIs></Polygon></Placemark><Placemark><name>Province Papua Barat - Bagian 1106</name><visibility>1</visibility><styleUrl>#papua-barat-google-earth</styleUrl><Polygon><extrude>0</extrude><tessellate>1</tessellate><altitudeMode>clampToGround</altitudeMode><outerBoundaryIs><LinearRing><coordinates>134.14116439,-4.00163324,0 134.14083259,-4.00162874,0 134.14086662,-4.00179293,0 134.14116439,-4.00163324,0</coordinates></LinearRing></outerBoundaryIs></Polygon></Placemark><Placemark><name>Province Papua Barat - Bagian 1107</name><visibility>1</visibility><styleUrl>#papua-barat-google-earth</styleUrl><Polygon><extrude>0</extrude><tessellate>1</tessellate><altitudeMode>clampToGround</altitudeMode><outerBoundaryIs><LinearRing><coordinates>134.11917114,-3.90979619,0 134.11913902,-3.90941429,0 134.11900339,-3.90949281,0 134.11917114,-3.90979619,0</coordinates></LinearRing></outerBoundaryIs></Polygon></Placemark><Placemark><name>Province Papua Barat - Bagian 1108</name><visibility>1</visibility><styleUrl>#papua-barat-google-earth</styleUrl><Polygon><extrude>0</extrude><tessellate>1</tessellate><altitudeMode>clampToGround</altitudeMode><outerBoundaryIs><LinearRing><coordinates>133.96799546,-3.85216640,0 133.96797206,-3.85232114,0 133.96832881,-3.85227705,0 133.96799546,-3.85216640,0</coordinates></LinearRing></outerBoundaryIs></Polygon></Placemark><Placemark><name>Province Papua Barat - Bagian 1109</name><visibility>1</visibility><styleUrl>#papua-barat-google-earth</styleUrl><Polygon><extrude>0</extrude><tessellate>1</tessellate><altitudeMode>clampToGround</altitudeMode><outerBoundaryIs><LinearRing><coordinates>133.96662360,-3.84864972,0 133.96660087,-3.84824901,0 133.96646579,-3.84824673,0 133.96662360,-3.84864972,0</coordinates></LinearRing></outerBoundaryIs></Polygon></Placemark><Placemark><name>Province Papua Barat - Bagian 1110</name><visibility>1</visibility><styleUrl>#papua-barat-google-earth</styleUrl><Polygon><extrude>0</extrude><tessellate>1</tessellate><altitudeMode>clampToGround</altitudeMode><outerBoundaryIs><LinearRing><coordinates>134.40677246,-3.99659065,0 134.40667728,-3.99680956,0 134.40690095,-3.99685715,0 134.40677246,-3.99659065,0</coordinates></LinearRing></outerBoundaryIs></Polygon></Placemark><Placemark><name>Province Papua Barat - Bagian 1111</name><visibility>1</visibility><styleUrl>#papua-barat-google-earth</styleUrl><Polygon><extrude>0</extrude><tessellate>1</tessellate><altitudeMode>clampToGround</altitudeMode><outerBoundaryIs><LinearRing><coordinates>134.12311188,-2.03552219,0 134.12310593,-2.03533675,0 134.12282032,-2.03542050,0 134.12311188,-2.03552219,0</coordinates></LinearRing></outerBoundaryIs></Polygon></Placemark><Placemark><name>Province Papua Barat - Bagian 1112</name><visibility>1</visibility><styleUrl>#papua-barat-google-earth</styleUrl><Polygon><extrude>0</extrude><tessellate>1</tessellate><altitudeMode>clampToGround</altitudeMode><outerBoundaryIs><LinearRing><coordinates>133.92062522,-3.84286432,0 133.92084698,-3.84273953,0 133.92076280,-3.84254650,0 133.92062522,-3.84286432,0</coordinates></LinearRing></outerBoundaryIs></Polygon></Placemark><Placemark><name>Province Papua Barat - Bagian 1113</name><visibility>1</visibility><styleUrl>#papua-barat-google-earth</styleUrl><Polygon><extrude>0</extrude><tessellate>1</tessellate><altitudeMode>clampToGround</altitudeMode><outerBoundaryIs><LinearRing><coordinates>134.11127330,-3.90500258,0 134.11129828,-3.90473489,0 134.11110198,-3.90470634,0 134.11127330,-3.90500258,0</coordinates></LinearRing></outerBoundaryIs></Polygon></Placemark><Placemark><name>Province Papua Barat - Bagian 1114</name><visibility>1</visibility><styleUrl>#papua-barat-google-earth</styleUrl><Polygon><extrude>0</extrude><tessellate>1</tessellate><altitudeMode>clampToGround</altitudeMode><outerBoundaryIs><LinearRing><coordinates>132.69744403,-3.51352732,0 132.69761535,-3.51341310,0 132.69745116,-3.51321323,0 132.69744403,-3.51352732,0</coordinates></LinearRing></outerBoundaryIs></Polygon></Placemark><Placemark><name>Province Papua Barat - Bagian 1115</name><visibility>1</visibility><styleUrl>#papua-barat-google-earth</styleUrl><Polygon><extrude>0</extrude><tessellate>1</tessellate><altitudeMode>clampToGround</altitudeMode><outerBoundaryIs><LinearRing><coordinates>134.41074685,-3.92429100,0 134.41053809,-3.92458559,0 134.41067100,-3.92465095,0 134.41074685,-3.92429100,0</coordinates></LinearRing></outerBoundaryIs></Polygon></Placemark><Placemark><name>Province Papua Barat - Bagian 1116</name><visibility>1</visibility><styleUrl>#papua-barat-google-earth</styleUrl><Polygon><extrude>0</extrude><tessellate>1</tessellate><altitudeMode>clampToGround</altitudeMode><outerBoundaryIs><LinearRing><coordinates>132.01664978,-2.74241724,0 132.01670689,-2.74214598,0 132.01652129,-2.74210315,0 132.01664978,-2.74241724,0</coordinates></LinearRing></outerBoundaryIs></Polygon></Placemark><Placemark><name>Province Papua Barat - Bagian 1117</name><visibility>1</visibility><styleUrl>#papua-barat-google-earth</styleUrl><Polygon><extrude>0</extrude><tessellate>1</tessellate><altitudeMode>clampToGround</altitudeMode><outerBoundaryIs><LinearRing><coordinates>134.16536690,-4.01131024,0 134.16536577,-4.01104206,0 134.16516918,-4.01104540,0 134.16536690,-4.01131024,0</coordinates></LinearRing></outerBoundaryIs></Polygon></Placemark><Placemark><name>Province Papua Barat - Bagian 1118</name><visibility>1</visibility><styleUrl>#papua-barat-google-earth</styleUrl><Polygon><extrude>0</extrude><tessellate>1</tessellate><altitudeMode>clampToGround</altitudeMode><outerBoundaryIs><LinearRing><coordinates>133.76538041,-3.08758631,0 133.76557076,-3.08763390,0 133.76568498,-3.08738644,0 133.76538041,-3.08758631,0</coordinates></LinearRing></outerBoundaryIs></Polygon></Placemark><Placemark><name>Province Papua Barat - Bagian 1119</name><visibility>1</visibility><styleUrl>#papua-barat-google-earth</styleUrl><Polygon><extrude>0</extrude><tessellate>1</tessellate><altitudeMode>clampToGround</altitudeMode><outerBoundaryIs><LinearRing><coordinates>134.00172287,-3.81319259,0 134.00165148,-3.81336629,0 134.00190846,-3.81347574,0 134.00172287,-3.81319259,0</coordinates></LinearRing></outerBoundaryIs></Polygon></Placemark><Placemark><name>Province Papua Barat - Bagian 1120</name><visibility>1</visibility><styleUrl>#papua-barat-google-earth</styleUrl><Polygon><extrude>0</extrude><tessellate>1</tessellate><altitudeMode>clampToGround</altitudeMode><outerBoundaryIs><LinearRing><coordinates>134.16251354,-4.00902317,0 134.16284210,-4.00899591,0 134.16284043,-4.00883709,0 134.16251354,-4.00902317,0</coordinates></LinearRing></outerBoundaryIs></Polygon></Placemark><Placemark><name>Province Papua Barat - Bagian 1121</name><visibility>1</visibility><styleUrl>#papua-barat-google-earth</styleUrl><Polygon><extrude>0</extrude><tessellate>1</tessellate><altitudeMode>clampToGround</altitudeMode><outerBoundaryIs><LinearRing><coordinates>134.15686645,-2.00176212,0 134.15673678,-2.00155152,0 134.15659214,-2.00171699,0 134.15686645,-2.00176212,0</coordinates></LinearRing></outerBoundaryIs></Polygon></Placemark><Placemark><name>Province Papua Barat - Bagian 1122</name><visibility>1</visibility><styleUrl>#papua-barat-google-earth</styleUrl><Polygon><extrude>0</extrude><tessellate>1</tessellate><altitudeMode>clampToGround</altitudeMode><outerBoundaryIs><LinearRing><coordinates>134.15633920,-3.77233342,0 134.15640111,-3.77242518,0 134.15658937,-3.77186829,0 134.15633920,-3.77233342,0</coordinates></LinearRing></outerBoundaryIs></Polygon></Placemark><Placemark><name>Province Papua Barat - Bagian 1123</name><visibility>1</visibility><styleUrl>#papua-barat-google-earth</styleUrl><Polygon><extrude>0</extrude><tessellate>1</tessellate><altitudeMode>clampToGround</altitudeMode><outerBoundaryIs><LinearRing><coordinates>133.05486112,-4.09751267,0 133.05503244,-4.09752694,0 133.05478973,-4.09720572,0 133.05486112,-4.09751267,0</coordinates></LinearRing></outerBoundaryIs></Polygon></Placemark><Placemark><name>Province Papua Barat - Bagian 1124</name><visibility>1</visibility><styleUrl>#papua-barat-google-earth</styleUrl><Polygon><extrude>0</extrude><tessellate>1</tessellate><altitudeMode>clampToGround</altitudeMode><outerBoundaryIs><LinearRing><coordinates>134.15266683,-1.94812507,0 134.15264983,-1.94792207,0 134.15239883,-1.94793007,0 134.15266683,-1.94812507,0</coordinates></LinearRing></outerBoundaryIs></Polygon></Placemark><Placemark><name>Province Papua Barat - Bagian 1125</name><visibility>1</visibility><styleUrl>#papua-barat-google-earth</styleUrl><Polygon><extrude>0</extrude><tessellate>1</tessellate><altitudeMode>clampToGround</altitudeMode><outerBoundaryIs><LinearRing><coordinates>132.75311156,-3.27435128,0 132.75305207,-3.27452379,0 132.75333166,-3.27456543,0 132.75311156,-3.27435128,0</coordinates></LinearRing></outerBoundaryIs></Polygon></Placemark><Placemark><name>Province Papua Barat - Bagian 1126</name><visibility>1</visibility><styleUrl>#papua-barat-google-earth</styleUrl><Polygon><extrude>0</extrude><tessellate>1</tessellate><altitudeMode>clampToGround</altitudeMode><outerBoundaryIs><LinearRing><coordinates>134.15677581,-1.96571426,0 134.15684721,-1.96551327,0 134.15664729,-1.96536970,0 134.15677581,-1.96571426,0</coordinates></LinearRing></outerBoundaryIs></Polygon></Placemark><Placemark><name>Province Papua Barat - Bagian 1127</name><visibility>1</visibility><styleUrl>#papua-barat-google-earth</styleUrl><Polygon><extrude>0</extrude><tessellate>1</tessellate><altitudeMode>clampToGround</altitudeMode><outerBoundaryIs><LinearRing><coordinates>132.79754808,-3.84014016,0 132.79738151,-3.84020559,0 132.79751238,-3.84045544,0 132.79754808,-3.84014016,0</coordinates></LinearRing></outerBoundaryIs></Polygon></Placemark><Placemark><name>Province Papua Barat - Bagian 1128</name><visibility>1</visibility><styleUrl>#papua-barat-google-earth</styleUrl><Polygon><extrude>0</extrude><tessellate>1</tessellate><altitudeMode>clampToGround</altitudeMode><outerBoundaryIs><LinearRing><coordinates>132.65359274,-3.30458828,0 132.65368792,-3.30461207,0 132.65358085,-3.30405885,0 132.65359274,-3.30458828,0</coordinates></LinearRing></outerBoundaryIs></Polygon></Placemark><Placemark><name>Province Papua Barat - Bagian 1129</name><visibility>1</visibility><styleUrl>#papua-barat-google-earth</styleUrl><Polygon><extrude>0</extrude><tessellate>1</tessellate><altitudeMode>clampToGround</altitudeMode><outerBoundaryIs><LinearRing><coordinates>134.40266813,-1.99995090,0 134.40298965,-2.00013983,0 134.40287787,-1.99991884,0 134.40266813,-1.99995090,0</coordinates></LinearRing></outerBoundaryIs></Polygon></Placemark><Placemark><name>Province Papua Barat - Bagian 1130</name><visibility>1</visibility><styleUrl>#papua-barat-google-earth</styleUrl><Polygon><extrude>0</extrude><tessellate>1</tessellate><altitudeMode>clampToGround</altitudeMode><outerBoundaryIs><LinearRing><coordinates>132.89765060,-3.53081837,0 132.89772674,-3.53047573,0 132.89757445,-3.53051380,0 132.89765060,-3.53081837,0</coordinates></LinearRing></outerBoundaryIs></Polygon></Placemark><Placemark><name>Province Papua Barat - Bagian 1131</name><visibility>1</visibility><styleUrl>#papua-barat-google-earth</styleUrl><Polygon><extrude>0</extrude><tessellate>1</tessellate><altitudeMode>clampToGround</altitudeMode><outerBoundaryIs><LinearRing><coordinates>134.22037889,-2.41233796,0 134.22029322,-2.41253070,0 134.22045027,-2.41275199,0 134.22037889,-2.41233796,0</coordinates></LinearRing></outerBoundaryIs></Polygon></Placemark><Placemark><name>Province Papua Barat - Bagian 1132</name><visibility>1</visibility><styleUrl>#papua-barat-google-earth</styleUrl><Polygon><extrude>0</extrude><tessellate>1</tessellate><altitudeMode>clampToGround</altitudeMode><outerBoundaryIs><LinearRing><coordinates>134.40281581,-3.99457782,0 134.40300022,-3.99460162,0 134.40292289,-3.99432501,0 134.40281581,-3.99457782,0</coordinates></LinearRing></outerBoundaryIs></Polygon></Placemark><Placemark><name>Province Papua Barat - Bagian 1133</name><visibility>1</visibility><styleUrl>#papua-barat-google-earth</styleUrl><Polygon><extrude>0</extrude><tessellate>1</tessellate><altitudeMode>clampToGround</altitudeMode><outerBoundaryIs><LinearRing><coordinates>133.92698201,-3.87358362,0 133.92709623,-3.87324098,0 133.92696774,-3.87319815,0 133.92698201,-3.87358362,0</coordinates></LinearRing></outerBoundaryIs></Polygon></Placemark><Placemark><name>Province Papua Barat - Bagian 1134</name><visibility>1</visibility><styleUrl>#papua-barat-google-earth</styleUrl><Polygon><extrude>0</extrude><tessellate>1</tessellate><altitudeMode>clampToGround</altitudeMode><outerBoundaryIs><LinearRing><coordinates>134.35869864,-4.02350517,0 134.35864021,-4.02333608,0 134.35839492,-4.02345716,0 134.35869864,-4.02350517,0</coordinates></LinearRing></outerBoundaryIs></Polygon></Placemark><Placemark><name>Province Papua Barat - Bagian 1135</name><visibility>1</visibility><styleUrl>#papua-barat-google-earth</styleUrl><Polygon><extrude>0</extrude><tessellate>1</tessellate><altitudeMode>clampToGround</altitudeMode><outerBoundaryIs><LinearRing><coordinates>133.92590388,-3.87710784,0 133.92596812,-3.87726845,0 133.92620012,-3.87709356,0 133.92590388,-3.87710784,0</coordinates></LinearRing></outerBoundaryIs></Polygon></Placemark><Placemark><name>Province Papua Barat - Bagian 1136</name><visibility>1</visibility><styleUrl>#papua-barat-google-earth</styleUrl><Polygon><extrude>0</extrude><tessellate>1</tessellate><altitudeMode>clampToGround</altitudeMode><outerBoundaryIs><LinearRing><coordinates>134.01935558,-3.84913249,0 134.01961524,-3.84920997,0 134.01965934,-3.84903730,0 134.01935558,-3.84913249,0</coordinates></LinearRing></outerBoundaryIs></Polygon></Placemark><Placemark><name>Province Papua Barat - Bagian 1137</name><visibility>1</visibility><styleUrl>#papua-barat-google-earth</styleUrl><Polygon><extrude>0</extrude><tessellate>1</tessellate><altitudeMode>clampToGround</altitudeMode><outerBoundaryIs><LinearRing><coordinates>133.98227709,-3.82876432,0 133.98245652,-3.82874757,0 133.98244977,-3.82847987,0 133.98227709,-3.82876432,0</coordinates></LinearRing></outerBoundaryIs></Polygon></Placemark><Placemark><name>Province Papua Barat - Bagian 1138</name><visibility>1</visibility><styleUrl>#papua-barat-google-earth</styleUrl><Polygon><extrude>0</extrude><tessellate>1</tessellate><altitudeMode>clampToGround</altitudeMode><outerBoundaryIs><LinearRing><coordinates>134.62761356,-3.96294945,0 134.62781344,-3.96293875,0 134.62773135,-3.96270318,0 134.62761356,-3.96294945,0</coordinates></LinearRing></outerBoundaryIs></Polygon></Placemark><Placemark><name>Province Papua Barat - Bagian 1139</name><visibility>1</visibility><styleUrl>#papua-barat-google-earth</styleUrl><Polygon><extrude>0</extrude><tessellate>1</tessellate><altitudeMode>clampToGround</altitudeMode><outerBoundaryIs><LinearRing><coordinates>132.52009029,-2.64160763,0 132.52028621,-2.64143320,0 132.52015694,-2.64130373,0 132.52009029,-2.64160763,0</coordinates></LinearRing></outerBoundaryIs></Polygon></Placemark><Placemark><name>Province Papua Barat - Bagian 1140</name><visibility>1</visibility><styleUrl>#papua-barat-google-earth</styleUrl><Polygon><extrude>0</extrude><tessellate>1</tessellate><altitudeMode>clampToGround</altitudeMode><outerBoundaryIs><LinearRing><coordinates>134.32427867,-3.96543487,0 134.32404311,-3.96539204,0 134.32399314,-3.96558478,0 134.32427867,-3.96543487,0</coordinates></LinearRing></outerBoundaryIs></Polygon></Placemark><Placemark><name>Province Papua Barat - Bagian 1141</name><visibility>1</visibility><styleUrl>#papua-barat-google-earth</styleUrl><Polygon><extrude>0</extrude><tessellate>1</tessellate><altitudeMode>clampToGround</altitudeMode><outerBoundaryIs><LinearRing><coordinates>134.25418586,-4.04232688,0 134.25413589,-4.04247678,0 134.25441786,-4.04258029,0 134.25418586,-4.04232688,0</coordinates></LinearRing></outerBoundaryIs></Polygon></Placemark><Placemark><name>Province Papua Barat - Bagian 1142</name><visibility>1</visibility><styleUrl>#papua-barat-google-earth</styleUrl><Polygon><extrude>0</extrude><tessellate>1</tessellate><altitudeMode>clampToGround</altitudeMode><outerBoundaryIs><LinearRing><coordinates>132.78603743,-3.81142363,0 132.78550443,-3.81114761,0 132.78559010,-3.81128086,0 132.78603743,-3.81142363,0</coordinates></LinearRing></outerBoundaryIs></Polygon></Placemark><Placemark><name>Province Papua Barat - Bagian 1143</name><visibility>1</visibility><styleUrl>#papua-barat-google-earth</styleUrl><Polygon><extrude>0</extrude><tessellate>1</tessellate><altitudeMode>clampToGround</altitudeMode><outerBoundaryIs><LinearRing><coordinates>132.04500215,-2.80608722,0 132.04517067,-2.80619310,0 132.04515203,-2.80590146,0 132.04500215,-2.80608722,0</coordinates></LinearRing></outerBoundaryIs></Polygon></Placemark><Placemark><name>Province Papua Barat - Bagian 1144</name><visibility>1</visibility><styleUrl>#papua-barat-google-earth</styleUrl><Polygon><extrude>0</extrude><tessellate>1</tessellate><altitudeMode>clampToGround</altitudeMode><outerBoundaryIs><LinearRing><coordinates>132.77640329,-3.27701009,0 132.77616653,-3.27701009,0 132.77620519,-3.27720819,0 132.77640329,-3.27701009,0</coordinates></LinearRing></outerBoundaryIs></Polygon></Placemark><Placemark><name>Province Papua Barat - Bagian 1145</name><visibility>1</visibility><styleUrl>#papua-barat-google-earth</styleUrl><Polygon><extrude>0</extrude><tessellate>1</tessellate><altitudeMode>clampToGround</altitudeMode><outerBoundaryIs><LinearRing><coordinates>134.16001585,-2.02354485,0 134.15999205,-2.02378891,0 134.16018245,-2.02379848,0 134.16001585,-2.02354485,0</coordinates></LinearRing></outerBoundaryIs></Polygon></Placemark><Placemark><name>Province Papua Barat - Bagian 1146</name><visibility>1</visibility><styleUrl>#papua-barat-google-earth</styleUrl><Polygon><extrude>0</extrude><tessellate>1</tessellate><altitudeMode>clampToGround</altitudeMode><outerBoundaryIs><LinearRing><coordinates>134.00081301,-3.81826092,0 134.00086060,-3.81809912,0 134.00058934,-3.81804201,0 134.00081301,-3.81826092,0</coordinates></LinearRing></outerBoundaryIs></Polygon></Placemark><Placemark><name>Province Papua Barat - Bagian 1147</name><visibility>1</visibility><styleUrl>#papua-barat-google-earth</styleUrl><Polygon><extrude>0</extrude><tessellate>1</tessellate><altitudeMode>clampToGround</altitudeMode><outerBoundaryIs><LinearRing><coordinates>132.91554360,-4.04689510,0 132.91537704,-4.04700217,0 132.91546032,-4.04722822,0 132.91554360,-4.04689510,0</coordinates></LinearRing></outerBoundaryIs></Polygon></Placemark><Placemark><name>Province Papua Barat - Bagian 1148</name><visibility>1</visibility><styleUrl>#papua-barat-google-earth</styleUrl><Polygon><extrude>0</extrude><tessellate>1</tessellate><altitudeMode>clampToGround</altitudeMode><outerBoundaryIs><LinearRing><coordinates>132.51146699,-2.64310016,0 132.51193203,-2.64309673,0 132.51198004,-2.64299630,0 132.51146699,-2.64310016,0</coordinates></LinearRing></outerBoundaryIs></Polygon></Placemark><Placemark><name>Province Papua Barat - Bagian 1149</name><visibility>1</visibility><styleUrl>#papua-barat-google-earth</styleUrl><Polygon><extrude>0</extrude><tessellate>1</tessellate><altitudeMode>clampToGround</altitudeMode><outerBoundaryIs><LinearRing><coordinates>134.04661280,-3.79488497,0 134.04657651,-3.79462402,0 134.04640452,-3.79466425,0 134.04661280,-3.79488497,0</coordinates></LinearRing></outerBoundaryIs></Polygon></Placemark><Placemark><name>Province Papua Barat - Bagian 1150</name><visibility>1</visibility><styleUrl>#papua-barat-google-earth</styleUrl><Polygon><extrude>0</extrude><tessellate>1</tessellate><altitudeMode>clampToGround</altitudeMode><outerBoundaryIs><LinearRing><coordinates>132.44479604,-2.61730866,0 132.44484952,-2.61753422,0 132.44503966,-2.61747486,0 132.44479604,-2.61730866,0</coordinates></LinearRing></outerBoundaryIs></Polygon></Placemark><Placemark><name>Province Papua Barat - Bagian 1151</name><visibility>1</visibility><styleUrl>#papua-barat-google-earth</styleUrl><Polygon><extrude>0</extrude><tessellate>1</tessellate><altitudeMode>clampToGround</altitudeMode><outerBoundaryIs><LinearRing><coordinates>134.14113083,-3.75717913,0 134.14087028,-3.75701852,0 134.14080961,-3.75715772,0 134.14113083,-3.75717913,0</coordinates></LinearRing></outerBoundaryIs></Polygon></Placemark><Placemark><name>Province Papua Barat - Bagian 1152</name><visibility>1</visibility><styleUrl>#papua-barat-google-earth</styleUrl><Polygon><extrude>0</extrude><tessellate>1</tessellate><altitudeMode>clampToGround</altitudeMode><outerBoundaryIs><LinearRing><coordinates>134.10414616,-3.76968617,0 134.10391676,-3.76967773,0 134.10399597,-3.76988078,0 134.10414616,-3.76968617,0</coordinates></LinearRing></outerBoundaryIs></Polygon></Placemark><Placemark><name>Province Papua Barat - Bagian 1153</name><visibility>1</visibility><styleUrl>#papua-barat-google-earth</styleUrl><Polygon><extrude>0</extrude><tessellate>1</tessellate><altitudeMode>clampToGround</altitudeMode><outerBoundaryIs><LinearRing><coordinates>133.38364621,-3.99951497,0 133.38359228,-3.99976389,0 133.38378311,-3.99971825,0 133.38364621,-3.99951497,0</coordinates></LinearRing></outerBoundaryIs></Polygon></Placemark><Placemark><name>Province Papua Barat - Bagian 1154</name><visibility>1</visibility><styleUrl>#papua-barat-google-earth</styleUrl><Polygon><extrude>0</extrude><tessellate>1</tessellate><altitudeMode>clampToGround</altitudeMode><outerBoundaryIs><LinearRing><coordinates>134.12132933,-2.03090113,0 134.12127578,-2.03098487,0 134.12185889,-2.03091309,0 134.12132933,-2.03090113,0</coordinates></LinearRing></outerBoundaryIs></Polygon></Placemark><Placemark><name>Province Papua Barat - Bagian 1155</name><visibility>1</visibility><styleUrl>#papua-barat-google-earth</styleUrl><Polygon><extrude>0</extrude><tessellate>1</tessellate><altitudeMode>clampToGround</altitudeMode><outerBoundaryIs><LinearRing><coordinates>134.36229359,-4.02893364,0 134.36211437,-4.02880854,0 134.36200811,-4.02898487,0 134.36229359,-4.02893364,0</coordinates></LinearRing></outerBoundaryIs></Polygon></Placemark><Placemark><name>Province Papua Barat - Bagian 1156</name><visibility>1</visibility><styleUrl>#papua-barat-google-earth</styleUrl><Polygon><extrude>0</extrude><tessellate>1</tessellate><altitudeMode>clampToGround</altitudeMode><outerBoundaryIs><LinearRing><coordinates>134.54469966,-2.27783841,0 134.54450693,-2.27793121,0 134.54464970,-2.27809539,0 134.54469966,-2.27783841,0</coordinates></LinearRing></outerBoundaryIs></Polygon></Placemark><Placemark><name>Province Papua Barat - Bagian 1157</name><visibility>1</visibility><styleUrl>#papua-barat-google-earth</styleUrl><Polygon><extrude>0</extrude><tessellate>1</tessellate><altitudeMode>clampToGround</altitudeMode><outerBoundaryIs><LinearRing><coordinates>134.11080978,-3.89884549,0 134.11076219,-3.89907867,0 134.11097158,-3.89898349,0 134.11080978,-3.89884549,0</coordinates></LinearRing></outerBoundaryIs></Polygon></Placemark><Placemark><name>Province Papua Barat - Bagian 1158</name><visibility>1</visibility><styleUrl>#papua-barat-google-earth</styleUrl><Polygon><extrude>0</extrude><tessellate>1</tessellate><altitudeMode>clampToGround</altitudeMode><outerBoundaryIs><LinearRing><coordinates>134.05379293,-3.81314279,0 134.05375297,-3.81288918,0 134.05361371,-3.81311319,0 134.05379293,-3.81314279,0</coordinates></LinearRing></outerBoundaryIs></Polygon></Placemark><Placemark><name>Province Papua Barat - Bagian 1159</name><visibility>1</visibility><styleUrl>#papua-barat-google-earth</styleUrl><Polygon><extrude>0</extrude><tessellate>1</tessellate><altitudeMode>clampToGround</altitudeMode><outerBoundaryIs><LinearRing><coordinates>132.41303268,-2.68083226,0 132.41312394,-2.68099975,0 132.41333310,-2.68090050,0 132.41303268,-2.68083226,0</coordinates></LinearRing></outerBoundaryIs></Polygon></Placemark><Placemark><name>Province Papua Barat - Bagian 1160</name><visibility>1</visibility><styleUrl>#papua-barat-google-earth</styleUrl><Polygon><extrude>0</extrude><tessellate>1</tessellate><altitudeMode>clampToGround</altitudeMode><outerBoundaryIs><LinearRing><coordinates>132.10685699,-2.73416363,0 132.10658838,-2.73373921,0 132.10652790,-2.73380705,0 132.10685699,-2.73416363,0</coordinates></LinearRing></outerBoundaryIs></Polygon></Placemark><Placemark><name>Province Papua Barat - Bagian 1161</name><visibility>1</visibility><styleUrl>#papua-barat-google-earth</styleUrl><Polygon><extrude>0</extrude><tessellate>1</tessellate><altitudeMode>clampToGround</altitudeMode><outerBoundaryIs><LinearRing><coordinates>134.30572489,-3.98027479,0 134.30556309,-3.98055081,0 134.30567730,-3.98062695,0 134.30572489,-3.98027479,0</coordinates></LinearRing></outerBoundaryIs></Polygon></Placemark><Placemark><name>Province Papua Barat - Bagian 1162</name><visibility>1</visibility><styleUrl>#papua-barat-google-earth</styleUrl><Polygon><extrude>0</extrude><tessellate>1</tessellate><altitudeMode>clampToGround</altitudeMode><outerBoundaryIs><LinearRing><coordinates>134.12544517,-3.99665338,0 134.12540056,-3.99730476,0 134.12546897,-3.99728692,0 134.12544517,-3.99665338,0</coordinates></LinearRing></outerBoundaryIs></Polygon></Placemark><Placemark><name>Province Papua Barat - Bagian 1163</name><visibility>1</visibility><styleUrl>#papua-barat-google-earth</styleUrl><Polygon><extrude>0</extrude><tessellate>1</tessellate><altitudeMode>clampToGround</altitudeMode><outerBoundaryIs><LinearRing><coordinates>132.82217431,-3.89031466,0 132.82185070,-3.89001485,0 132.82186022,-3.89015762,0 132.82217431,-3.89031466,0</coordinates></LinearRing></outerBoundaryIs></Polygon></Placemark><Placemark><name>Province Papua Barat - Bagian 1164</name><visibility>1</visibility><styleUrl>#papua-barat-google-earth</styleUrl><Polygon><extrude>0</extrude><tessellate>1</tessellate><altitudeMode>clampToGround</altitudeMode><outerBoundaryIs><LinearRing><coordinates>134.00687739,-3.80914684,0 134.00670607,-3.80904405,0 134.00666039,-3.80926962,0 134.00687739,-3.80914684,0</coordinates></LinearRing></outerBoundaryIs></Polygon></Placemark><Placemark><name>Province Papua Barat - Bagian 1165</name><visibility>1</visibility><styleUrl>#papua-barat-google-earth</styleUrl><Polygon><extrude>0</extrude><tessellate>1</tessellate><altitudeMode>clampToGround</altitudeMode><outerBoundaryIs><LinearRing><coordinates>132.56730462,-2.64434756,0 132.56716914,-2.64419798,0 132.56704080,-2.64437605,0 132.56730462,-2.64434756,0</coordinates></LinearRing></outerBoundaryIs></Polygon></Placemark><Placemark><name>Province Papua Barat - Bagian 1166</name><visibility>1</visibility><styleUrl>#papua-barat-google-earth</styleUrl><Polygon><extrude>0</extrude><tessellate>1</tessellate><altitudeMode>clampToGround</altitudeMode><outerBoundaryIs><LinearRing><coordinates>133.89806615,-3.76721152,0 133.89825181,-3.76725840,0 133.89832594,-3.76704438,0 133.89806615,-3.76721152,0</coordinates></LinearRing></outerBoundaryIs></Polygon></Placemark><Placemark><name>Province Papua Barat - Bagian 1167</name><visibility>1</visibility><styleUrl>#papua-barat-google-earth</styleUrl><Polygon><extrude>0</extrude><tessellate>1</tessellate><altitudeMode>clampToGround</altitudeMode><outerBoundaryIs><LinearRing><coordinates>134.10494165,-3.79551086,0 134.10459960,-3.79544542,0 134.10472155,-3.79559414,0 134.10494165,-3.79551086,0</coordinates></LinearRing></outerBoundaryIs></Polygon></Placemark><Placemark><name>Province Papua Barat - Bagian 1168</name><visibility>1</visibility><styleUrl>#papua-barat-google-earth</styleUrl><Polygon><extrude>0</extrude><tessellate>1</tessellate><altitudeMode>clampToGround</altitudeMode><outerBoundaryIs><LinearRing><coordinates>134.06198921,-3.93257470,0 134.06196839,-3.93227429,0 134.06182860,-3.93230106,0 134.06198921,-3.93257470,0</coordinates></LinearRing></outerBoundaryIs></Polygon></Placemark><Placemark><name>Province Papua Barat - Bagian 1169</name><visibility>1</visibility><styleUrl>#papua-barat-google-earth</styleUrl><Polygon><extrude>0</extrude><tessellate>1</tessellate><altitudeMode>clampToGround</altitudeMode><outerBoundaryIs><LinearRing><coordinates>134.00637772,-3.84941991,0 134.00657998,-3.84940801,0 134.00655023,-3.84919981,0 134.00637772,-3.84941991,0</coordinates></LinearRing></outerBoundaryIs></Polygon></Placemark><Placemark><name>Province Papua Barat - Bagian 1170</name><visibility>1</visibility><styleUrl>#papua-barat-google-earth</styleUrl><Polygon><extrude>0</extrude><tessellate>1</tessellate><altitudeMode>clampToGround</altitudeMode><outerBoundaryIs><LinearRing><coordinates>132.56638480,-2.64351419,0 132.56624932,-2.64342159,0 132.56605680,-2.64359966,0 132.56638480,-2.64351419,0</coordinates></LinearRing></outerBoundaryIs></Polygon></Placemark><Placemark><name>Province Papua Barat - Bagian 1171</name><visibility>1</visibility><styleUrl>#papua-barat-google-earth</styleUrl><Polygon><extrude>0</extrude><tessellate>1</tessellate><altitudeMode>clampToGround</altitudeMode><outerBoundaryIs><LinearRing><coordinates>132.60626185,-3.16628806,0 132.60621903,-3.16603168,0 132.60605794,-3.16604471,0 132.60626185,-3.16628806,0</coordinates></LinearRing></outerBoundaryIs></Polygon></Placemark><Placemark><name>Province Papua Barat - Bagian 1172</name><visibility>1</visibility><styleUrl>#papua-barat-google-earth</styleUrl><Polygon><extrude>0</extrude><tessellate>1</tessellate><altitudeMode>clampToGround</altitudeMode><outerBoundaryIs><LinearRing><coordinates>134.14596811,-3.76879082,0 134.14592531,-3.76852608,0 134.14577544,-3.76857091,0 134.14596811,-3.76879082,0</coordinates></LinearRing></outerBoundaryIs></Polygon></Placemark><Placemark><name>Province Papua Barat - Bagian 1173</name><visibility>1</visibility><styleUrl>#papua-barat-google-earth</styleUrl><Polygon><extrude>0</extrude><tessellate>1</tessellate><altitudeMode>clampToGround</altitudeMode><outerBoundaryIs><LinearRing><coordinates>132.08018645,-2.71210851,0 132.08007005,-2.71219652,0 132.08036695,-2.71232836,0 132.08018645,-2.71210851,0</coordinates></LinearRing></outerBoundaryIs></Polygon></Placemark><Placemark><name>Province Papua Barat - Bagian 1174</name><visibility>1</visibility><styleUrl>#papua-barat-google-earth</styleUrl><Polygon><extrude>0</extrude><tessellate>1</tessellate><altitudeMode>clampToGround</altitudeMode><outerBoundaryIs><LinearRing><coordinates>131.61024502,-2.67274704,0 131.61011150,-2.67294665,0 131.61026859,-2.67302230,0 131.61024502,-2.67274704,0</coordinates></LinearRing></outerBoundaryIs></Polygon></Placemark><Placemark><name>Province Papua Barat - Bagian 1175</name><visibility>1</visibility><styleUrl>#papua-barat-google-earth</styleUrl><Polygon><extrude>0</extrude><tessellate>1</tessellate><altitudeMode>clampToGround</altitudeMode><outerBoundaryIs><LinearRing><coordinates>134.31856808,-3.99349189,0 134.31861567,-3.99327179,0 134.31843721,-3.99323015,0 134.31856808,-3.99349189,0</coordinates></LinearRing></outerBoundaryIs></Polygon></Placemark><Placemark><name>Province Papua Barat - Bagian 1176</name><visibility>1</visibility><styleUrl>#papua-barat-google-earth</styleUrl><Polygon><extrude>0</extrude><tessellate>1</tessellate><altitudeMode>clampToGround</altitudeMode><outerBoundaryIs><LinearRing><coordinates>134.01663196,-3.80639339,0 134.01684135,-3.80625824,0 134.01671952,-3.80614022,0 134.01663196,-3.80639339,0</coordinates></LinearRing></outerBoundaryIs></Polygon></Placemark><Placemark><name>Province Papua Barat - Bagian 1177</name><visibility>1</visibility><styleUrl>#papua-barat-google-earth</styleUrl><Polygon><extrude>0</extrude><tessellate>1</tessellate><altitudeMode>clampToGround</altitudeMode><outerBoundaryIs><LinearRing><coordinates>132.64920987,-2.73606949,0 132.64930352,-2.73575062,0 132.64916705,-2.73577575,0 132.64920987,-2.73606949,0</coordinates></LinearRing></outerBoundaryIs></Polygon></Placemark><Placemark><name>Province Papua Barat - Bagian 1178</name><visibility>1</visibility><styleUrl>#papua-barat-google-earth</styleUrl><Polygon><extrude>0</extrude><tessellate>1</tessellate><altitudeMode>clampToGround</altitudeMode><outerBoundaryIs><LinearRing><coordinates>134.11944043,-2.04070628,0 134.11960228,-2.04062493,0 134.11942139,-2.04046222,0 134.11944043,-2.04070628,0</coordinates></LinearRing></outerBoundaryIs></Polygon></Placemark><Placemark><name>Province Papua Barat - Bagian 1179</name><visibility>1</visibility><styleUrl>#papua-barat-google-earth</styleUrl><Polygon><extrude>0</extrude><tessellate>1</tessellate><altitudeMode>clampToGround</altitudeMode><outerBoundaryIs><LinearRing><coordinates>134.14106189,-3.89491742,0 134.14111186,-3.89461761,0 134.14096909,-3.89465330,0 134.14106189,-3.89491742,0</coordinates></LinearRing></outerBoundaryIs></Polygon></Placemark><Placemark><name>Province Papua Barat - Bagian 1180</name><visibility>1</visibility><styleUrl>#papua-barat-google-earth</styleUrl><Polygon><extrude>0</extrude><tessellate>1</tessellate><altitudeMode>clampToGround</altitudeMode><outerBoundaryIs><LinearRing><coordinates>133.92648827,-3.87456277,0 133.92671670,-3.87446640,0 133.92661320,-3.87433077,0 133.92648827,-3.87456277,0</coordinates></LinearRing></outerBoundaryIs></Polygon></Placemark><Placemark><name>Province Papua Barat - Bagian 1181</name><visibility>1</visibility><styleUrl>#papua-barat-google-earth</styleUrl><Polygon><extrude>0</extrude><tessellate>1</tessellate><altitudeMode>clampToGround</altitudeMode><outerBoundaryIs><LinearRing><coordinates>133.93280041,-3.75255905,0 133.93261254,-3.75259274,0 133.93279592,-3.75277740,0 133.93280041,-3.75255905,0</coordinates></LinearRing></outerBoundaryIs></Polygon></Placemark><Placemark><name>Province Papua Barat - Bagian 1182</name><visibility>1</visibility><styleUrl>#papua-barat-google-earth</styleUrl><Polygon><extrude>0</extrude><tessellate>1</tessellate><altitudeMode>clampToGround</altitudeMode><outerBoundaryIs><LinearRing><coordinates>134.34828664,-3.96671193,0 134.34814982,-3.96671193,0 134.34826285,-3.96700936,0 134.34828664,-3.96671193,0</coordinates></LinearRing></outerBoundaryIs></Polygon></Placemark><Placemark><name>Province Papua Barat - Bagian 1183</name><visibility>1</visibility><styleUrl>#papua-barat-google-earth</styleUrl><Polygon><extrude>0</extrude><tessellate>1</tessellate><altitudeMode>clampToGround</altitudeMode><outerBoundaryIs><LinearRing><coordinates>134.01736427,-3.85006359,0 134.01711550,-3.85005227,0 134.01708238,-3.85021392,0 134.01736427,-3.85006359,0</coordinates></LinearRing></outerBoundaryIs></Polygon></Placemark><Placemark><name>Province Papua Barat - Bagian 1184</name><visibility>1</visibility><styleUrl>#papua-barat-google-earth</styleUrl><Polygon><extrude>0</extrude><tessellate>1</tessellate><altitudeMode>clampToGround</altitudeMode><outerBoundaryIs><LinearRing><coordinates>132.81182484,-3.87746319,0 132.81197951,-3.87733232,0 132.81171182,-3.87729663,0 132.81182484,-3.87746319,0</coordinates></LinearRing></outerBoundaryIs></Polygon></Placemark><Placemark><name>Province Papua Barat - Bagian 1185</name><visibility>1</visibility><styleUrl>#papua-barat-google-earth</styleUrl><Polygon><extrude>0</extrude><tessellate>1</tessellate><altitudeMode>clampToGround</altitudeMode><outerBoundaryIs><LinearRing><coordinates>133.92764565,-3.81699650,0 133.92779528,-3.81717264,0 133.92783566,-3.81695010,0 133.92764565,-3.81699650,0</coordinates></LinearRing></outerBoundaryIs></Polygon></Placemark><Placemark><name>Province Papua Barat - Bagian 1186</name><visibility>1</visibility><styleUrl>#papua-barat-google-earth</styleUrl><Polygon><extrude>0</extrude><tessellate>1</tessellate><altitudeMode>clampToGround</altitudeMode><outerBoundaryIs><LinearRing><coordinates>134.17684322,-4.00047694,0 134.17673855,-4.00035477,0 134.17663457,-4.00061940,0 134.17684322,-4.00047694,0</coordinates></LinearRing></outerBoundaryIs></Polygon></Placemark><Placemark><name>Province Papua Barat - Bagian 1187</name><visibility>1</visibility><styleUrl>#papua-barat-google-earth</styleUrl><Polygon><extrude>0</extrude><tessellate>1</tessellate><altitudeMode>clampToGround</altitudeMode><outerBoundaryIs><LinearRing><coordinates>131.59909415,-2.67569107,0 131.59893422,-2.67564948,0 131.59884382,-2.67587843,0 131.59909415,-2.67569107,0</coordinates></LinearRing></outerBoundaryIs></Polygon></Placemark><Placemark><name>Province Papua Barat - Bagian 1188</name><visibility>1</visibility><styleUrl>#papua-barat-google-earth</styleUrl><Polygon><extrude>0</extrude><tessellate>1</tessellate><altitudeMode>clampToGround</altitudeMode><outerBoundaryIs><LinearRing><coordinates>132.42710435,-2.61565020,0 132.42691421,-2.61577366,0 132.42696174,-2.61595411,0 132.42710435,-2.61565020,0</coordinates></LinearRing></outerBoundaryIs></Polygon></Placemark><Placemark><name>Province Papua Barat - Bagian 1189</name><visibility>1</visibility><styleUrl>#papua-barat-google-earth</styleUrl><Polygon><extrude>0</extrude><tessellate>1</tessellate><altitudeMode>clampToGround</altitudeMode><outerBoundaryIs><LinearRing><coordinates>134.13924856,-3.75256785,0 134.13951030,-3.75249052,0 134.13952517,-3.75233288,0 134.13924856,-3.75256785,0</coordinates></LinearRing></outerBoundaryIs></Polygon></Placemark><Placemark><name>Province Papua Barat - Bagian 1190</name><visibility>1</visibility><styleUrl>#papua-barat-google-earth</styleUrl><Polygon><extrude>0</extrude><tessellate>1</tessellate><altitudeMode>clampToGround</altitudeMode><outerBoundaryIs><LinearRing><coordinates>134.12384983,-3.93547795,0 134.12382009,-3.93576944,0 134.12396285,-3.93571590,0 134.12384983,-3.93547795,0</coordinates></LinearRing></outerBoundaryIs></Polygon></Placemark><Placemark><name>Province Papua Barat - Bagian 1191</name><visibility>1</visibility><styleUrl>#papua-barat-google-earth</styleUrl><Polygon><extrude>0</extrude><tessellate>1</tessellate><altitudeMode>clampToGround</altitudeMode><outerBoundaryIs><LinearRing><coordinates>133.60820211,-3.63662800,0 133.60835103,-3.63660977,0 133.60824253,-3.63635469,0 133.60820211,-3.63662800,0</coordinates></LinearRing></outerBoundaryIs></Polygon></Placemark><Placemark><name>Province Papua Barat - Bagian 1192</name><visibility>1</visibility><styleUrl>#papua-barat-google-earth</styleUrl><Polygon><extrude>0</extrude><tessellate>1</tessellate><altitudeMode>clampToGround</altitudeMode><outerBoundaryIs><LinearRing><coordinates>132.47154589,-2.70795378,0 132.47165703,-2.70817082,0 132.47179301,-2.70807716,0 132.47154589,-2.70795378,0</coordinates></LinearRing></outerBoundaryIs></Polygon></Placemark><Placemark><name>Province Papua Barat - Bagian 1193</name><visibility>1</visibility><styleUrl>#papua-barat-google-earth</styleUrl><Polygon><extrude>0</extrude><tessellate>1</tessellate><altitudeMode>clampToGround</altitudeMode><outerBoundaryIs><LinearRing><coordinates>134.15185808,-3.76819687,0 134.15195078,-3.76850490,0 134.15207823,-3.76849810,0 134.15185808,-3.76819687,0</coordinates></LinearRing></outerBoundaryIs></Polygon></Placemark><Placemark><name>Province Papua Barat - Bagian 1194</name><visibility>1</visibility><styleUrl>#papua-barat-google-earth</styleUrl><Polygon><extrude>0</extrude><tessellate>1</tessellate><altitudeMode>clampToGround</altitudeMode><outerBoundaryIs><LinearRing><coordinates>134.04708670,-3.79372803,0 134.04711995,-3.79343041,0 134.04698827,-3.79341190,0 134.04708670,-3.79372803,0</coordinates></LinearRing></outerBoundaryIs></Polygon></Placemark><Placemark><name>Province Papua Barat - Bagian 1195</name><visibility>1</visibility><styleUrl>#papua-barat-google-earth</styleUrl><Polygon><extrude>0</extrude><tessellate>1</tessellate><altitudeMode>clampToGround</altitudeMode><outerBoundaryIs><LinearRing><coordinates>134.00624090,-3.84876258,0 134.00635690,-3.84887263,0 134.00651752,-3.84868228,0 134.00624090,-3.84876258,0</coordinates></LinearRing></outerBoundaryIs></Polygon></Placemark><Placemark><name>Province Papua Barat - Bagian 1196</name><visibility>1</visibility><styleUrl>#papua-barat-google-earth</styleUrl><Polygon><extrude>0</extrude><tessellate>1</tessellate><altitudeMode>clampToGround</altitudeMode><outerBoundaryIs><LinearRing><coordinates>134.40027098,-3.99358987,0 134.40023766,-3.99340665,0 134.40002351,-3.99342093,0 134.40027098,-3.99358987,0</coordinates></LinearRing></outerBoundaryIs></Polygon></Placemark><Placemark><name>Province Papua Barat - Bagian 1197</name><visibility>1</visibility><styleUrl>#papua-barat-google-earth</styleUrl><Polygon><extrude>0</extrude><tessellate>1</tessellate><altitudeMode>clampToGround</altitudeMode><outerBoundaryIs><LinearRing><coordinates>134.15688113,-3.77619885,0 134.15705245,-3.77622383,0 134.15712026,-3.77600254,0 134.15688113,-3.77619885,0</coordinates></LinearRing></outerBoundaryIs></Polygon></Placemark><Placemark><name>Province Papua Barat - Bagian 1198</name><visibility>1</visibility><styleUrl>#papua-barat-google-earth</styleUrl><Polygon><extrude>0</extrude><tessellate>1</tessellate><altitudeMode>clampToGround</altitudeMode><outerBoundaryIs><LinearRing><coordinates>134.10339490,-3.77096425,0 134.10339881,-3.77071803,0 134.10323784,-3.77072889,0 134.10339490,-3.77096425,0</coordinates></LinearRing></outerBoundaryIs></Polygon></Placemark><Placemark><name>Province Papua Barat - Bagian 1199</name><visibility>1</visibility><styleUrl>#papua-barat-google-earth</styleUrl><Polygon><extrude>0</extrude><tessellate>1</tessellate><altitudeMode>clampToGround</altitudeMode><outerBoundaryIs><LinearRing><coordinates>133.83926271,-3.58869084,0 133.83937312,-3.58874414,0 133.83945116,-3.58842434,0 133.83926271,-3.58869084,0</coordinates></LinearRing></outerBoundaryIs></Polygon></Placemark><Placemark><name>Province Papua Barat - Bagian 1200</name><visibility>1</visibility><styleUrl>#papua-barat-google-earth</styleUrl><Polygon><extrude>0</extrude><tessellate>1</tessellate><altitudeMode>clampToGround</altitudeMode><outerBoundaryIs><LinearRing><coordinates>132.78475728,-3.82205863,0 132.78433850,-3.82208719,0 132.78431946,-3.82218237,0 132.78475728,-3.82205863,0</coordinates></LinearRing></outerBoundaryIs></Polygon></Placemark><Placemark><name>Province Papua Barat - Bagian 1201</name><visibility>1</visibility><styleUrl>#papua-barat-google-earth</styleUrl><Polygon><extrude>0</extrude><tessellate>1</tessellate><altitudeMode>clampToGround</altitudeMode><outerBoundaryIs><LinearRing><coordinates>132.45539240,-2.71304778,0 132.45516652,-2.71291647,0 132.45512961,-2.71306834,0 132.45539240,-2.71304778,0</coordinates></LinearRing></outerBoundaryIs></Polygon></Placemark><Placemark><name>Province Papua Barat - Bagian 1202</name><visibility>1</visibility><styleUrl>#papua-barat-google-earth</styleUrl><Polygon><extrude>0</extrude><tessellate>1</tessellate><altitudeMode>clampToGround</altitudeMode><outerBoundaryIs><LinearRing><coordinates>134.09465957,-1.71583845,0 134.09481665,-1.71572359,0 134.09470241,-1.71555849,0 134.09465957,-1.71583845,0</coordinates></LinearRing></outerBoundaryIs></Polygon></Placemark><Placemark><name>Province Papua Barat - Bagian 1203</name><visibility>1</visibility><styleUrl>#papua-barat-google-earth</styleUrl><Polygon><extrude>0</extrude><tessellate>1</tessellate><altitudeMode>clampToGround</altitudeMode><outerBoundaryIs><LinearRing><coordinates>134.37472473,-4.02259888,0 134.37453798,-4.02274207,0 134.37464035,-4.02287077,0 134.37472473,-4.02259888,0</coordinates></LinearRing></outerBoundaryIs></Polygon></Placemark><Placemark><name>Province Papua Barat - Bagian 1204</name><visibility>1</visibility><styleUrl>#papua-barat-google-earth</styleUrl><Polygon><extrude>0</extrude><tessellate>1</tessellate><altitudeMode>clampToGround</altitudeMode><outerBoundaryIs><LinearRing><coordinates>132.23330379,-2.92115083,0 132.23320394,-2.92134270,0 132.23336100,-2.92142762,0 132.23330379,-2.92115083,0</coordinates></LinearRing></outerBoundaryIs></Polygon></Placemark><Placemark><name>Province Papua Barat - Bagian 1205</name><visibility>1</visibility><styleUrl>#papua-barat-google-earth</styleUrl><Polygon><extrude>0</extrude><tessellate>1</tessellate><altitudeMode>clampToGround</altitudeMode><outerBoundaryIs><LinearRing><coordinates>132.46002180,-2.63072823,0 132.46018343,-2.63093242,0 132.46031177,-2.63085644,0 132.46002180,-2.63072823,0</coordinates></LinearRing></outerBoundaryIs></Polygon></Placemark><Placemark><name>Province Papua Barat - Bagian 1206</name><visibility>1</visibility><styleUrl>#papua-barat-google-earth</styleUrl><Polygon><extrude>0</extrude><tessellate>1</tessellate><altitudeMode>clampToGround</altitudeMode><outerBoundaryIs><LinearRing><coordinates>134.13219302,-3.86595707,0 134.13255470,-3.86594279,0 134.13251187,-3.86583810,0 134.13219302,-3.86595707,0</coordinates></LinearRing></outerBoundaryIs></Polygon></Placemark><Placemark><name>Province Papua Barat - Bagian 1207</name><visibility>1</visibility><styleUrl>#papua-barat-google-earth</styleUrl><Polygon><extrude>0</extrude><tessellate>1</tessellate><altitudeMode>clampToGround</altitudeMode><outerBoundaryIs><LinearRing><coordinates>133.97221433,-3.85069810,0 133.97216755,-3.85099484,0 133.97229630,-3.85099712,0 133.97221433,-3.85069810,0</coordinates></LinearRing></outerBoundaryIs></Polygon></Placemark><Placemark><name>Province Papua Barat - Bagian 1208</name><visibility>1</visibility><styleUrl>#papua-barat-google-earth</styleUrl><Polygon><extrude>0</extrude><tessellate>1</tessellate><altitudeMode>clampToGround</altitudeMode><outerBoundaryIs><LinearRing><coordinates>132.06677999,-2.74694423,0 132.06695825,-2.74679585,0 132.06677999,-2.74673056,0 132.06677999,-2.74694423,0</coordinates></LinearRing></outerBoundaryIs></Polygon></Placemark><Placemark><name>Province Papua Barat - Bagian 1209</name><visibility>1</visibility><styleUrl>#papua-barat-google-earth</styleUrl><Polygon><extrude>0</extrude><tessellate>1</tessellate><altitudeMode>clampToGround</altitudeMode><outerBoundaryIs><LinearRing><coordinates>132.78095372,-3.81933891,0 132.78078120,-3.81933891,0 132.78072172,-3.81955901,0 132.78095372,-3.81933891,0</coordinates></LinearRing></outerBoundaryIs></Polygon></Placemark><Placemark><name>Province Papua Barat - Bagian 1210</name><visibility>1</visibility><styleUrl>#papua-barat-google-earth</styleUrl><Polygon><extrude>0</extrude><tessellate>1</tessellate><altitudeMode>clampToGround</altitudeMode><outerBoundaryIs><LinearRing><coordinates>134.23020953,-4.01751840,0 134.22997292,-4.01737195,0 134.22998404,-4.01753895,0 134.23020953,-4.01751840,0</coordinates></LinearRing></outerBoundaryIs></Polygon></Placemark><Placemark><name>Province Papua Barat - Bagian 1211</name><visibility>1</visibility><styleUrl>#papua-barat-google-earth</styleUrl><Polygon><extrude>0</extrude><tessellate>1</tessellate><altitudeMode>clampToGround</altitudeMode><outerBoundaryIs><LinearRing><coordinates>134.44627242,-3.97902272,0 134.44633428,-3.97886568,0 134.44609158,-3.97887043,0 134.44627242,-3.97902272,0</coordinates></LinearRing></outerBoundaryIs></Polygon></Placemark><Placemark><name>Province Papua Barat - Bagian 1212</name><visibility>1</visibility><styleUrl>#papua-barat-google-earth</styleUrl><Polygon><extrude>0</extrude><tessellate>1</tessellate><altitudeMode>clampToGround</altitudeMode><outerBoundaryIs><LinearRing><coordinates>134.33017153,-4.01623636,0 134.33030954,-4.01626016,0 134.33020960,-4.01596986,0 134.33017153,-4.01623636,0</coordinates></LinearRing></outerBoundaryIs></Polygon></Placemark><Placemark><name>Province Papua Barat - Bagian 1213</name><visibility>1</visibility><styleUrl>#papua-barat-google-earth</styleUrl><Polygon><extrude>0</extrude><tessellate>1</tessellate><altitudeMode>clampToGround</altitudeMode><outerBoundaryIs><LinearRing><coordinates>134.31323837,-3.98668835,0 134.31331451,-3.98668835,0 134.31313843,-3.98619343,0 134.31323837,-3.98668835,0</coordinates></LinearRing></outerBoundaryIs></Polygon></Placemark><Placemark><name>Province Papua Barat - Bagian 1214</name><visibility>1</visibility><styleUrl>#papua-barat-google-earth</styleUrl><Polygon><extrude>0</extrude><tessellate>1</tessellate><altitudeMode>clampToGround</altitudeMode><outerBoundaryIs><LinearRing><coordinates>132.82169126,-3.63825705,0 132.82177454,-3.63836413,0 132.82194111,-3.63812618,0 132.82169126,-3.63825705,0</coordinates></LinearRing></outerBoundaryIs></Polygon></Placemark><Placemark><name>Province Papua Barat - Bagian 1215</name><visibility>1</visibility><styleUrl>#papua-barat-google-earth</styleUrl><Polygon><extrude>0</extrude><tessellate>1</tessellate><altitudeMode>clampToGround</altitudeMode><outerBoundaryIs><LinearRing><coordinates>133.85478135,-3.65060931,0 133.85499312,-3.65060456,0 133.85491936,-3.65043085,0 133.85478135,-3.65060931,0</coordinates></LinearRing></outerBoundaryIs></Polygon></Placemark><Placemark><name>Province Papua Barat - Bagian 1216</name><visibility>1</visibility><styleUrl>#papua-barat-google-earth</styleUrl><Polygon><extrude>0</extrude><tessellate>1</tessellate><altitudeMode>clampToGround</altitudeMode><outerBoundaryIs><LinearRing><coordinates>134.24925798,-4.04209706,0 134.24910898,-4.04220400,0 134.24912708,-4.04243987,0 134.24925798,-4.04209706,0</coordinates></LinearRing></outerBoundaryIs></Polygon></Placemark><Placemark><name>Province Papua Barat - Bagian 1217</name><visibility>1</visibility><styleUrl>#papua-barat-google-earth</styleUrl><Polygon><extrude>0</extrude><tessellate>1</tessellate><altitudeMode>clampToGround</altitudeMode><outerBoundaryIs><LinearRing><coordinates>133.92601595,-3.87508982,0 133.92569472,-3.87526828,0 133.92575183,-3.87535156,0 133.92601595,-3.87508982,0</coordinates></LinearRing></outerBoundaryIs></Polygon></Placemark><Placemark><name>Province Papua Barat - Bagian 1218</name><visibility>1</visibility><styleUrl>#papua-barat-google-earth</styleUrl><Polygon><extrude>0</extrude><tessellate>1</tessellate><altitudeMode>clampToGround</altitudeMode><outerBoundaryIs><LinearRing><coordinates>134.12440305,-3.93603713,0 134.12423649,-3.93593600,0 134.12414131,-3.93609661,0 134.12440305,-3.93603713,0</coordinates></LinearRing></outerBoundaryIs></Polygon></Placemark><Placemark><name>Province Papua Barat - Bagian 1219</name><visibility>1</visibility><styleUrl>#papua-barat-google-earth</styleUrl><Polygon><extrude>0</extrude><tessellate>1</tessellate><altitudeMode>clampToGround</altitudeMode><outerBoundaryIs><LinearRing><coordinates>134.10905188,-3.89734485,0 134.10902118,-3.89705677,0 134.10889971,-3.89708778,0 134.10905188,-3.89734485,0</coordinates></LinearRing></outerBoundaryIs></Polygon></Placemark><Placemark><name>Province Papua Barat - Bagian 1220</name><visibility>1</visibility><styleUrl>#papua-barat-google-earth</styleUrl><Polygon><extrude>0</extrude><tessellate>1</tessellate><altitudeMode>clampToGround</altitudeMode><outerBoundaryIs><LinearRing><coordinates>134.05906128,-3.92739045,0 134.05927901,-3.92739402,0 134.05930042,-3.92722983,0 134.05906128,-3.92739045,0</coordinates></LinearRing></outerBoundaryIs></Polygon></Placemark><Placemark><name>Province Papua Barat - Bagian 1221</name><visibility>1</visibility><styleUrl>#papua-barat-google-earth</styleUrl><Polygon><extrude>0</extrude><tessellate>1</tessellate><altitudeMode>clampToGround</altitudeMode><outerBoundaryIs><LinearRing><coordinates>134.14082423,-1.94750801,0 134.14069928,-1.94770541,0 134.14085993,-1.94772934,0 134.14082423,-1.94750801,0</coordinates></LinearRing></outerBoundaryIs></Polygon></Placemark><Placemark><name>Province Papua Barat - Bagian 1222</name><visibility>1</visibility><styleUrl>#papua-barat-google-earth</styleUrl><Polygon><extrude>0</extrude><tessellate>1</tessellate><altitudeMode>clampToGround</altitudeMode><outerBoundaryIs><LinearRing><coordinates>133.63389950,-3.45126873,0 133.63373888,-3.45132227,0 133.63379242,-3.45151857,0 133.63389950,-3.45126873,0</coordinates></LinearRing></outerBoundaryIs></Polygon></Placemark><Placemark><name>Province Papua Barat - Bagian 1223</name><visibility>1</visibility><styleUrl>#papua-barat-google-earth</styleUrl><Polygon><extrude>0</extrude><tessellate>1</tessellate><altitudeMode>clampToGround</altitudeMode><outerBoundaryIs><LinearRing><coordinates>132.15310333,-2.93855043,0 132.15292276,-2.93857417,0 132.15305349,-2.93874628,0 132.15310333,-2.93855043,0</coordinates></LinearRing></outerBoundaryIs></Polygon></Placemark><Placemark><name>Province Papua Barat - Bagian 1224</name><visibility>1</visibility><styleUrl>#papua-barat-google-earth</styleUrl><Polygon><extrude>0</extrude><tessellate>1</tessellate><altitudeMode>clampToGround</altitudeMode><outerBoundaryIs><LinearRing><coordinates>132.05016849,-2.78339056,0 132.05019796,-2.78366749,0 132.05031228,-2.78359191,0 132.05016849,-2.78339056,0</coordinates></LinearRing></outerBoundaryIs></Polygon></Placemark><Placemark><name>Province Papua Barat - Bagian 1225</name><visibility>1</visibility><styleUrl>#papua-barat-google-earth</styleUrl><Polygon><extrude>0</extrude><tessellate>1</tessellate><altitudeMode>clampToGround</altitudeMode><outerBoundaryIs><LinearRing><coordinates>133.99741517,-3.83217409,0 133.99738118,-3.83236273,0 133.99756483,-3.83233962,0 133.99741517,-3.83217409,0</coordinates></LinearRing></outerBoundaryIs></Polygon></Placemark><Placemark><name>Province Papua Barat - Bagian 1226</name><visibility>1</visibility><styleUrl>#papua-barat-google-earth</styleUrl><Polygon><extrude>0</extrude><tessellate>1</tessellate><altitudeMode>clampToGround</altitudeMode><outerBoundaryIs><LinearRing><coordinates>134.32108589,-2.52627984,0 134.32094312,-2.52627984,0 134.32095740,-2.52651540,0 134.32108589,-2.52627984,0</coordinates></LinearRing></outerBoundaryIs></Polygon></Placemark><Placemark><name>Province Papua Barat - Bagian 1227</name><visibility>1</visibility><styleUrl>#papua-barat-google-earth</styleUrl><Polygon><extrude>0</extrude><tessellate>1</tessellate><altitudeMode>clampToGround</altitudeMode><outerBoundaryIs><LinearRing><coordinates>132.72857694,-3.28148014,0 132.72843417,-3.28152297,0 132.72856742,-3.28171809,0 132.72857694,-3.28148014,0</coordinates></LinearRing></outerBoundaryIs></Polygon></Placemark><Placemark><name>Province Papua Barat - Bagian 1228</name><visibility>1</visibility><styleUrl>#papua-barat-google-earth</styleUrl><Polygon><extrude>0</extrude><tessellate>1</tessellate><altitudeMode>clampToGround</altitudeMode><outerBoundaryIs><LinearRing><coordinates>134.25616578,-4.01586209,0 134.25632045,-4.01596619,0 134.25635912,-4.01577583,0 134.25616578,-4.01586209,0</coordinates></LinearRing></outerBoundaryIs></Polygon></Placemark><Placemark><name>Province Papua Barat - Bagian 1229</name><visibility>1</visibility><styleUrl>#papua-barat-google-earth</styleUrl><Polygon><extrude>0</extrude><tessellate>1</tessellate><altitudeMode>clampToGround</altitudeMode><outerBoundaryIs><LinearRing><coordinates>134.17761607,-3.81767039,0 134.17761310,-3.81751573,0 134.17739597,-3.81746814,0 134.17761607,-3.81767039,0</coordinates></LinearRing></outerBoundaryIs></Polygon></Placemark><Placemark><name>Province Papua Barat - Bagian 1230</name><visibility>1</visibility><styleUrl>#papua-barat-google-earth</styleUrl><Polygon><extrude>0</extrude><tessellate>1</tessellate><altitudeMode>clampToGround</altitudeMode><outerBoundaryIs><LinearRing><coordinates>134.15202289,-1.96191957,0 134.15238703,-1.96201289,0 134.15240845,-1.96192675,0 134.15202289,-1.96191957,0</coordinates></LinearRing></outerBoundaryIs></Polygon></Placemark><Placemark><name>Province Papua Barat - Bagian 1231</name><visibility>1</visibility><styleUrl>#papua-barat-google-earth</styleUrl><Polygon><extrude>0</extrude><tessellate>1</tessellate><altitudeMode>clampToGround</altitudeMode><outerBoundaryIs><LinearRing><coordinates>134.14265129,-2.22617298,0 134.14249515,-2.22599608,0 134.14247291,-2.22618265,0 134.14265129,-2.22617298,0</coordinates></LinearRing></outerBoundaryIs></Polygon></Placemark><Placemark><name>Province Papua Barat - Bagian 1232</name><visibility>1</visibility><styleUrl>#papua-barat-google-earth</styleUrl><Polygon><extrude>0</extrude><tessellate>1</tessellate><altitudeMode>clampToGround</altitudeMode><outerBoundaryIs><LinearRing><coordinates>134.04052118,-3.82121975,0 134.04059794,-3.82127864,0 134.04063497,-3.82087813,0 134.04052118,-3.82121975,0</coordinates></LinearRing></outerBoundaryIs></Polygon></Placemark><Placemark><name>Province Papua Barat - Bagian 1233</name><visibility>1</visibility><styleUrl>#papua-barat-google-earth</styleUrl><Polygon><extrude>0</extrude><tessellate>1</tessellate><altitudeMode>clampToGround</altitudeMode><outerBoundaryIs><LinearRing><coordinates>134.20989725,-2.40855184,0 134.20971165,-2.40853042,0 134.20966168,-2.40870175,0 134.20989725,-2.40855184,0</coordinates></LinearRing></outerBoundaryIs></Polygon></Placemark><Placemark><name>Province Papua Barat - Bagian 1234</name><visibility>1</visibility><styleUrl>#papua-barat-google-earth</styleUrl><Polygon><extrude>0</extrude><tessellate>1</tessellate><altitudeMode>clampToGround</altitudeMode><outerBoundaryIs><LinearRing><coordinates>132.82698556,-3.63533032,0 132.82693797,-3.63524704,0 132.82664054,-3.63541360,0 132.82698556,-3.63533032,0</coordinates></LinearRing></outerBoundaryIs></Polygon></Placemark><Placemark><name>Province Papua Barat - Bagian 1235</name><visibility>1</visibility><styleUrl>#papua-barat-google-earth</styleUrl><Polygon><extrude>0</extrude><tessellate>1</tessellate><altitudeMode>clampToGround</altitudeMode><outerBoundaryIs><LinearRing><coordinates>132.80160446,-3.30931670,0 132.80166834,-3.30949705,0 132.80181685,-3.30940613,0 132.80160446,-3.30931670,0</coordinates></LinearRing></outerBoundaryIs></Polygon></Placemark><Placemark><name>Province Papua Barat - Bagian 1236</name><visibility>1</visibility><styleUrl>#papua-barat-google-earth</styleUrl><Polygon><extrude>0</extrude><tessellate>1</tessellate><altitudeMode>clampToGround</altitudeMode><outerBoundaryIs><LinearRing><coordinates>134.86461622,-3.99438310,0 134.86397376,-3.99556808,0 134.86424502,-3.99511836,0 134.86461622,-3.99438310,0</coordinates></LinearRing></outerBoundaryIs></Polygon></Placemark><Placemark><name>Province Papua Barat - Bagian 1237</name><visibility>1</visibility><styleUrl>#papua-barat-google-earth</styleUrl><Polygon><extrude>0</extrude><tessellate>1</tessellate><altitudeMode>clampToGround</altitudeMode><outerBoundaryIs><LinearRing><coordinates>132.49654452,-2.67300780,0 132.49673080,-2.67313229,0 132.49679521,-2.67300168,0 132.49654452,-2.67300780,0</coordinates></LinearRing></outerBoundaryIs></Polygon></Placemark><Placemark><name>Province Papua Barat - Bagian 1238</name><visibility>1</visibility><styleUrl>#papua-barat-google-earth</styleUrl><Polygon><extrude>0</extrude><tessellate>1</tessellate><altitudeMode>clampToGround</altitudeMode><outerBoundaryIs><LinearRing><coordinates>134.36340538,-4.02757717,0 134.36348972,-4.02736040,0 134.36336534,-4.02729783,0 134.36340538,-4.02757717,0</coordinates></LinearRing></outerBoundaryIs></Polygon></Placemark><Placemark><name>Province Papua Barat - Bagian 1239</name><visibility>1</visibility><styleUrl>#papua-barat-google-earth</styleUrl><Polygon><extrude>0</extrude><tessellate>1</tessellate><altitudeMode>clampToGround</altitudeMode><outerBoundaryIs><LinearRing><coordinates>134.15082817,-1.94085306,0 134.15060207,-1.94070351,0 134.15054257,-1.94080521,0 134.15082817,-1.94085306,0</coordinates></LinearRing></outerBoundaryIs></Polygon></Placemark><Placemark><name>Province Papua Barat - Bagian 1240</name><visibility>1</visibility><styleUrl>#papua-barat-google-earth</styleUrl><Polygon><extrude>0</extrude><tessellate>1</tessellate><altitudeMode>clampToGround</altitudeMode><outerBoundaryIs><LinearRing><coordinates>132.50469408,-2.68140561,0 132.50476750,-2.68153506,0 132.50494288,-2.68141204,0 132.50469408,-2.68140561,0</coordinates></LinearRing></outerBoundaryIs></Polygon></Placemark><Placemark><name>Province Papua Barat - Bagian 1241</name><visibility>1</visibility><styleUrl>#papua-barat-google-earth</styleUrl><Polygon><extrude>0</extrude><tessellate>1</tessellate><altitudeMode>clampToGround</altitudeMode><outerBoundaryIs><LinearRing><coordinates>134.13661448,-2.04242809,0 134.13640028,-2.04252380,0 134.13648953,-2.04263148,0 134.13661448,-2.04242809,0</coordinates></LinearRing></outerBoundaryIs></Polygon></Placemark><Placemark><name>Province Papua Barat - Bagian 1242</name><visibility>1</visibility><styleUrl>#papua-barat-google-earth</styleUrl><Polygon><extrude>0</extrude><tessellate>1</tessellate><altitudeMode>clampToGround</altitudeMode><outerBoundaryIs><LinearRing><coordinates>134.16355239,-3.91649062,0 134.16351670,-3.91611883,0 134.16343640,-3.91616641,0 134.16355239,-3.91649062,0</coordinates></LinearRing></outerBoundaryIs></Polygon></Placemark><Placemark><name>Province Papua Barat - Bagian 1243</name><visibility>1</visibility><styleUrl>#papua-barat-google-earth</styleUrl><Polygon><extrude>0</extrude><tessellate>1</tessellate><altitudeMode>clampToGround</altitudeMode><outerBoundaryIs><LinearRing><coordinates>132.54278320,-2.64752681,0 132.54256335,-2.64747933,0 132.54253364,-2.64761585,0 132.54278320,-2.64752681,0</coordinates></LinearRing></outerBoundaryIs></Polygon></Placemark><Placemark><name>Province Papua Barat - Bagian 1244</name><visibility>1</visibility><styleUrl>#papua-barat-google-earth</styleUrl><Polygon><extrude>0</extrude><tessellate>1</tessellate><altitudeMode>clampToGround</altitudeMode><outerBoundaryIs><LinearRing><coordinates>134.11010904,-3.89693595,0 134.11006011,-3.89678280,0 134.10987145,-3.89683450,0 134.11010904,-3.89693595,0</coordinates></LinearRing></outerBoundaryIs></Polygon></Placemark><Placemark><name>Province Papua Barat - Bagian 1245</name><visibility>1</visibility><styleUrl>#papua-barat-google-earth</styleUrl><Polygon><extrude>0</extrude><tessellate>1</tessellate><altitudeMode>clampToGround</altitudeMode><outerBoundaryIs><LinearRing><coordinates>134.11924253,-3.91001748,0 134.11934246,-3.91011028,0 134.11943883,-3.90988542,0 134.11924253,-3.91001748,0</coordinates></LinearRing></outerBoundaryIs></Polygon></Placemark><Placemark><name>Province Papua Barat - Bagian 1246</name><visibility>1</visibility><styleUrl>#papua-barat-google-earth</styleUrl><Polygon><extrude>0</extrude><tessellate>1</tessellate><altitudeMode>clampToGround</altitudeMode><outerBoundaryIs><LinearRing><coordinates>134.05400192,-3.80938002,0 134.05410092,-3.80917801,0 134.05398026,-3.80911541,0 134.05400192,-3.80938002,0</coordinates></LinearRing></outerBoundaryIs></Polygon></Placemark><Placemark><name>Province Papua Barat - Bagian 1247</name><visibility>1</visibility><styleUrl>#papua-barat-google-earth</styleUrl><Polygon><extrude>0</extrude><tessellate>1</tessellate><altitudeMode>clampToGround</altitudeMode><outerBoundaryIs><LinearRing><coordinates>132.65314659,-3.30470725,0 132.65329531,-3.30471320,0 132.65322393,-3.30450500,0 132.65314659,-3.30470725,0</coordinates></LinearRing></outerBoundaryIs></Polygon></Placemark><Placemark><name>Province Papua Barat - Bagian 1248</name><visibility>1</visibility><styleUrl>#papua-barat-google-earth</styleUrl><Polygon><extrude>0</extrude><tessellate>1</tessellate><altitudeMode>clampToGround</altitudeMode><outerBoundaryIs><LinearRing><coordinates>134.12221566,-3.90450159,0 134.12231203,-3.90441950,0 134.12210859,-3.90427674,0 134.12221566,-3.90450159,0</coordinates></LinearRing></outerBoundaryIs></Polygon></Placemark><Placemark><name>Province Papua Barat - Bagian 1249</name><visibility>1</visibility><styleUrl>#papua-barat-google-earth</styleUrl><Polygon><extrude>0</extrude><tessellate>1</tessellate><altitudeMode>clampToGround</altitudeMode><outerBoundaryIs><LinearRing><coordinates>134.36636405,-4.02538547,0 134.36625061,-4.02536701,0 134.36615893,-4.02562051,0 134.36636405,-4.02538547,0</coordinates></LinearRing></outerBoundaryIs></Polygon></Placemark><Placemark><name>Province Papua Barat - Bagian 1250</name><visibility>1</visibility><styleUrl>#papua-barat-google-earth</styleUrl><Polygon><extrude>0</extrude><tessellate>1</tessellate><altitudeMode>clampToGround</altitudeMode><outerBoundaryIs><LinearRing><coordinates>133.96879195,-3.85152500,0 133.96880915,-3.85126849,0 133.96869094,-3.85127684,0 133.96879195,-3.85152500,0</coordinates></LinearRing></outerBoundaryIs></Polygon></Placemark><Placemark><name>Province Papua Barat - Bagian 1251</name><visibility>1</visibility><styleUrl>#papua-barat-google-earth</styleUrl><Polygon><extrude>0</extrude><tessellate>1</tessellate><altitudeMode>clampToGround</altitudeMode><outerBoundaryIs><LinearRing><coordinates>134.32710962,-4.00959656,0 134.32714971,-4.00978035,0 134.32730346,-4.00973270,0 134.32710962,-4.00959656,0</coordinates></LinearRing></outerBoundaryIs></Polygon></Placemark><Placemark><name>Province Papua Barat - Bagian 1252</name><visibility>1</visibility><styleUrl>#papua-barat-google-earth</styleUrl><Polygon><extrude>0</extrude><tessellate>1</tessellate><altitudeMode>clampToGround</altitudeMode><outerBoundaryIs><LinearRing><coordinates>132.68783814,-3.44214587,0 132.68782624,-3.44228863,0 132.68804040,-3.44225294,0 132.68783814,-3.44214587,0</coordinates></LinearRing></outerBoundaryIs></Polygon></Placemark><Placemark><name>Province Papua Barat - Bagian 1253</name><visibility>1</visibility><styleUrl>#papua-barat-google-earth</styleUrl><Polygon><extrude>0</extrude><tessellate>1</tessellate><altitudeMode>clampToGround</altitudeMode><outerBoundaryIs><LinearRing><coordinates>134.23062939,-4.02491808,0 134.23049234,-4.02484465,0 134.23041984,-4.02502553,0 134.23062939,-4.02491808,0</coordinates></LinearRing></outerBoundaryIs></Polygon></Placemark><Placemark><name>Province Papua Barat - Bagian 1254</name><visibility>1</visibility><styleUrl>#papua-barat-google-earth</styleUrl><Polygon><extrude>0</extrude><tessellate>1</tessellate><altitudeMode>clampToGround</altitudeMode><outerBoundaryIs><LinearRing><coordinates>134.32569570,-2.10510397,0 134.32573378,-2.10459670,0 134.32567666,-2.10456799,0 134.32569570,-2.10510397,0</coordinates></LinearRing></outerBoundaryIs></Polygon></Placemark><Placemark><name>Province Papua Barat - Bagian 1255</name><visibility>1</visibility><styleUrl>#papua-barat-google-earth</styleUrl><Polygon><extrude>0</extrude><tessellate>1</tessellate><altitudeMode>clampToGround</altitudeMode><outerBoundaryIs><LinearRing><coordinates>133.99629441,-3.83224396,0 133.99633724,-3.83201553,0 133.99621232,-3.83197984,0 133.99629441,-3.83224396,0</coordinates></LinearRing></outerBoundaryIs></Polygon></Placemark><Placemark><name>Province Papua Barat - Bagian 1256</name><visibility>1</visibility><styleUrl>#papua-barat-google-earth</styleUrl><Polygon><extrude>0</extrude><tessellate>1</tessellate><altitudeMode>clampToGround</altitudeMode><outerBoundaryIs><LinearRing><coordinates>134.18177632,-3.82355123,0 134.18190005,-3.82354647,0 134.18190957,-3.82330377,0 134.18177632,-3.82355123,0</coordinates></LinearRing></outerBoundaryIs></Polygon></Placemark><Placemark><name>Province Papua Barat - Bagian 1257</name><visibility>1</visibility><styleUrl>#papua-barat-google-earth</styleUrl><Polygon><extrude>0</extrude><tessellate>1</tessellate><altitudeMode>clampToGround</altitudeMode><outerBoundaryIs><LinearRing><coordinates>134.24125603,-4.04087985,0 134.24138779,-4.04063042,0 134.24123601,-4.04069019,0 134.24125603,-4.04087985,0</coordinates></LinearRing></outerBoundaryIs></Polygon></Placemark><Placemark><name>Province Papua Barat - Bagian 1258</name><visibility>1</visibility><styleUrl>#papua-barat-google-earth</styleUrl><Polygon><extrude>0</extrude><tessellate>1</tessellate><altitudeMode>clampToGround</altitudeMode><outerBoundaryIs><LinearRing><coordinates>134.70335158,-1.98407396,0 134.70316738,-1.98406591,0 134.70315232,-1.98422796,0 134.70335158,-1.98407396,0</coordinates></LinearRing></outerBoundaryIs></Polygon></Placemark><Placemark><name>Province Papua Barat - Bagian 1259</name><visibility>1</visibility><styleUrl>#papua-barat-google-earth</styleUrl><Polygon><extrude>0</extrude><tessellate>1</tessellate><altitudeMode>clampToGround</altitudeMode><outerBoundaryIs><LinearRing><coordinates>132.64376676,-3.28066875,0 132.64382387,-3.28058785,0 132.64360496,-3.28037369,0 132.64376676,-3.28066875,0</coordinates></LinearRing></outerBoundaryIs></Polygon></Placemark><Placemark><name>Province Papua Barat - Bagian 1260</name><visibility>1</visibility><styleUrl>#papua-barat-google-earth</styleUrl><Polygon><extrude>0</extrude><tessellate>1</tessellate><altitudeMode>clampToGround</altitudeMode><outerBoundaryIs><LinearRing><coordinates>134.38898738,-2.68604994,0 134.38886365,-2.68587862,0 134.38897786,-2.68627836,0 134.38898738,-2.68604994,0</coordinates></LinearRing></outerBoundaryIs></Polygon></Placemark><Placemark><name>Province Papua Barat - Bagian 1261</name><visibility>1</visibility><styleUrl>#papua-barat-google-earth</styleUrl><Polygon><extrude>0</extrude><tessellate>1</tessellate><altitudeMode>clampToGround</altitudeMode><outerBoundaryIs><LinearRing><coordinates>134.14362153,-3.75979951,0 134.14372266,-3.75986197,0 134.14385948,-3.75965377,0 134.14362153,-3.75979951,0</coordinates></LinearRing></outerBoundaryIs></Polygon></Placemark><Placemark><name>Province Papua Barat - Bagian 1262</name><visibility>1</visibility><styleUrl>#papua-barat-google-earth</styleUrl><Polygon><extrude>0</extrude><tessellate>1</tessellate><altitudeMode>clampToGround</altitudeMode><outerBoundaryIs><LinearRing><coordinates>133.92364792,-3.86586493,0 133.92393917,-3.86588016,0 133.92395059,-3.86577927,0 133.92364792,-3.86586493,0</coordinates></LinearRing></outerBoundaryIs></Polygon></Placemark><Placemark><name>Province Papua Barat - Bagian 1263</name><visibility>1</visibility><styleUrl>#papua-barat-google-earth</styleUrl><Polygon><extrude>0</extrude><tessellate>1</tessellate><altitudeMode>clampToGround</altitudeMode><outerBoundaryIs><LinearRing><coordinates>134.10720066,-3.98810101,0 134.10702220,-3.98842223,0 134.10709001,-3.98846506,0 134.10720066,-3.98810101,0</coordinates></LinearRing></outerBoundaryIs></Polygon></Placemark><Placemark><name>Province Papua Barat - Bagian 1264</name><visibility>1</visibility><styleUrl>#papua-barat-google-earth</styleUrl><Polygon><extrude>0</extrude><tessellate>1</tessellate><altitudeMode>clampToGround</altitudeMode><outerBoundaryIs><LinearRing><coordinates>132.73305634,-3.67459856,0 132.73291357,-3.67464853,0 132.73299209,-3.67482699,0 132.73305634,-3.67459856,0</coordinates></LinearRing></outerBoundaryIs></Polygon></Placemark><Placemark><name>Province Papua Barat - Bagian 1265</name><visibility>1</visibility><styleUrl>#papua-barat-google-earth</styleUrl><Polygon><extrude>0</extrude><tessellate>1</tessellate><altitudeMode>clampToGround</altitudeMode><outerBoundaryIs><LinearRing><coordinates>134.44462610,-2.80592140,0 134.44460707,-2.80614982,0 134.44474031,-2.80609272,0 134.44462610,-2.80592140,0</coordinates></LinearRing></outerBoundaryIs></Polygon></Placemark><Placemark><name>Province Papua Barat - Bagian 1266</name><visibility>1</visibility><styleUrl>#papua-barat-google-earth</styleUrl><Polygon><extrude>0</extrude><tessellate>1</tessellate><altitudeMode>clampToGround</altitudeMode><outerBoundaryIs><LinearRing><coordinates>134.06228664,-3.93204527,0 134.06211413,-3.93195604,0 134.06210224,-3.93211963,0 134.06228664,-3.93204527,0</coordinates></LinearRing></outerBoundaryIs></Polygon></Placemark><Placemark><name>Province Papua Barat - Bagian 1267</name><visibility>1</visibility><styleUrl>#papua-barat-google-earth</styleUrl><Polygon><extrude>0</extrude><tessellate>1</tessellate><altitudeMode>clampToGround</altitudeMode><outerBoundaryIs><LinearRing><coordinates>133.83904761,-3.58862992,0 133.83903238,-3.58880886,0 133.83919418,-3.58881838,0 133.83904761,-3.58862992,0</coordinates></LinearRing></outerBoundaryIs></Polygon></Placemark><Placemark><name>Province Papua Barat - Bagian 1268</name><visibility>1</visibility><styleUrl>#papua-barat-google-earth</styleUrl><Polygon><extrude>0</extrude><tessellate>1</tessellate><altitudeMode>clampToGround</altitudeMode><outerBoundaryIs><LinearRing><coordinates>134.12242625,-3.90455513,0 134.12234415,-3.90461224,0 134.12275461,-3.90468005,0 134.12242625,-3.90455513,0</coordinates></LinearRing></outerBoundaryIs></Polygon></Placemark><Placemark><name>Province Papua Barat - Bagian 1269</name><visibility>1</visibility><styleUrl>#papua-barat-google-earth</styleUrl><Polygon><extrude>0</extrude><tessellate>1</tessellate><altitudeMode>clampToGround</altitudeMode><outerBoundaryIs><LinearRing><coordinates>132.06760439,-2.74687444,0 132.06765187,-2.74670306,0 132.06748042,-2.74671155,0 132.06760439,-2.74687444,0</coordinates></LinearRing></outerBoundaryIs></Polygon></Placemark><Placemark><name>Province Papua Barat - Bagian 1270</name><visibility>1</visibility><styleUrl>#papua-barat-google-earth</styleUrl><Polygon><extrude>0</extrude><tessellate>1</tessellate><altitudeMode>clampToGround</altitudeMode><outerBoundaryIs><LinearRing><coordinates>134.04580536,-3.79121310,0 134.04584105,-3.79097753,0 134.04571970,-3.79097039,0 134.04580536,-3.79121310,0</coordinates></LinearRing></outerBoundaryIs></Polygon></Placemark><Placemark><name>Province Papua Barat - Bagian 1271</name><visibility>1</visibility><styleUrl>#papua-barat-google-earth</styleUrl><Polygon><extrude>0</extrude><tessellate>1</tessellate><altitudeMode>clampToGround</altitudeMode><outerBoundaryIs><LinearRing><coordinates>134.00382719,-3.92205571,0 134.00368447,-3.92207024,0 134.00368423,-3.92227234,0 134.00382719,-3.92205571,0</coordinates></LinearRing></outerBoundaryIs></Polygon></Placemark><Placemark><name>Province Papua Barat - Bagian 1272</name><visibility>1</visibility><styleUrl>#papua-barat-google-earth</styleUrl><Polygon><extrude>0</extrude><tessellate>1</tessellate><altitudeMode>clampToGround</altitudeMode><outerBoundaryIs><LinearRing><coordinates>134.17820475,-3.82103971,0 134.17842247,-3.82096476,0 134.17831896,-3.82086839,0 134.17820475,-3.82103971,0</coordinates></LinearRing></outerBoundaryIs></Polygon></Placemark><Placemark><name>Province Papua Barat - Bagian 1273</name><visibility>1</visibility><styleUrl>#papua-barat-google-earth</styleUrl><Polygon><extrude>0</extrude><tessellate>1</tessellate><altitudeMode>clampToGround</altitudeMode><outerBoundaryIs><LinearRing><coordinates>132.82964506,-3.95362261,0 132.82976284,-3.95377965,0 132.82986992,-3.95367971,0 132.82964506,-3.95362261,0</coordinates></LinearRing></outerBoundaryIs></Polygon></Placemark><Placemark><name>Province Papua Barat - Bagian 1274</name><visibility>1</visibility><styleUrl>#papua-barat-google-earth</styleUrl><Polygon><extrude>0</extrude><tessellate>1</tessellate><altitudeMode>clampToGround</altitudeMode><outerBoundaryIs><LinearRing><coordinates>134.40123485,-3.92157358,0 134.40104244,-3.92149868,0 134.40101502,-3.92163387,0 134.40123485,-3.92157358,0</coordinates></LinearRing></outerBoundaryIs></Polygon></Placemark><Placemark><name>Province Papua Barat - Bagian 1275</name><visibility>1</visibility><styleUrl>#papua-barat-google-earth</styleUrl><Polygon><extrude>0</extrude><tessellate>1</tessellate><altitudeMode>clampToGround</altitudeMode><outerBoundaryIs><LinearRing><coordinates>134.49280653,-4.03010376,0 134.49289576,-4.03002167,0 134.49267447,-4.02991102,0 134.49280653,-4.03010376,0</coordinates></LinearRing></outerBoundaryIs></Polygon></Placemark><Placemark><name>Province Papua Barat - Bagian 1276</name><visibility>1</visibility><styleUrl>#papua-barat-google-earth</styleUrl><Polygon><extrude>0</extrude><tessellate>1</tessellate><altitudeMode>clampToGround</altitudeMode><outerBoundaryIs><LinearRing><coordinates>133.99379277,-0.74317604,0 133.99370947,-0.74302649,0 133.99379872,-0.74352300,0 133.99379277,-0.74317604,0</coordinates></LinearRing></outerBoundaryIs></Polygon></Placemark><Placemark><name>Province Papua Barat - Bagian 1277</name><visibility>1</visibility><styleUrl>#papua-barat-google-earth</styleUrl><Polygon><extrude>0</extrude><tessellate>1</tessellate><altitudeMode>clampToGround</altitudeMode><outerBoundaryIs><LinearRing><coordinates>134.33676892,-2.54770212,0 134.33673085,-2.54777827,0 134.33699735,-2.54797814,0 134.33676892,-2.54770212,0</coordinates></LinearRing></outerBoundaryIs></Polygon></Placemark><Placemark><name>Province Papua Barat - Bagian 1278</name><visibility>1</visibility><styleUrl>#papua-barat-google-earth</styleUrl><Polygon><extrude>0</extrude><tessellate>1</tessellate><altitudeMode>clampToGround</altitudeMode><outerBoundaryIs><LinearRing><coordinates>134.28143226,-2.46763865,0 134.28149889,-2.46780998,0 134.28154648,-2.46751492,0 134.28143226,-2.46763865,0</coordinates></LinearRing></outerBoundaryIs></Polygon></Placemark><Placemark><name>Province Papua Barat - Bagian 1279</name><visibility>1</visibility><styleUrl>#papua-barat-google-earth</styleUrl><Polygon><extrude>0</extrude><tessellate>1</tessellate><altitudeMode>clampToGround</altitudeMode><outerBoundaryIs><LinearRing><coordinates>134.11308597,-3.90646921,0 134.11324956,-3.90613609,0 134.11316330,-3.90614203,0 134.11308597,-3.90646921,0</coordinates></LinearRing></outerBoundaryIs></Polygon></Placemark><Placemark><name>Province Papua Barat - Bagian 1280</name><visibility>1</visibility><styleUrl>#papua-barat-google-earth</styleUrl><Polygon><extrude>0</extrude><tessellate>1</tessellate><altitudeMode>clampToGround</altitudeMode><outerBoundaryIs><LinearRing><coordinates>134.05747208,-3.81825032,0 134.05752918,-3.81830029,0 134.05768623,-3.81795408,0 134.05747208,-3.81825032,0</coordinates></LinearRing></outerBoundaryIs></Polygon></Placemark><Placemark><name>Province Papua Barat - Bagian 1281</name><visibility>1</visibility><styleUrl>#papua-barat-google-earth</styleUrl><Polygon><extrude>0</extrude><tessellate>1</tessellate><altitudeMode>clampToGround</altitudeMode><outerBoundaryIs><LinearRing><coordinates>132.41751792,-2.67768476,0 132.41761691,-2.67759691,0 132.41743775,-2.67747727,0 132.41751792,-2.67768476,0</coordinates></LinearRing></outerBoundaryIs></Polygon></Placemark><Placemark><name>Province Papua Barat - Bagian 1282</name><visibility>1</visibility><styleUrl>#papua-barat-google-earth</styleUrl><Polygon><extrude>0</extrude><tessellate>1</tessellate><altitudeMode>clampToGround</altitudeMode><outerBoundaryIs><LinearRing><coordinates>134.15423000,-3.92193424,0 134.15434898,-3.92206214,0 134.15444713,-3.92193721,0 134.15423000,-3.92193424,0</coordinates></LinearRing></outerBoundaryIs></Polygon></Placemark><Placemark><name>Province Papua Barat - Bagian 1283</name><visibility>1</visibility><styleUrl>#papua-barat-google-earth</styleUrl><Polygon><extrude>0</extrude><tessellate>1</tessellate><altitudeMode>clampToGround</altitudeMode><outerBoundaryIs><LinearRing><coordinates>132.72539448,-3.63635111,0 132.72553011,-3.63635824,0 132.72543731,-3.63615123,0 132.72539448,-3.63635111,0</coordinates></LinearRing></outerBoundaryIs></Polygon></Placemark><Placemark><name>Province Papua Barat - Bagian 1284</name><visibility>1</visibility><styleUrl>#papua-barat-google-earth</styleUrl><Polygon><extrude>0</extrude><tessellate>1</tessellate><altitudeMode>clampToGround</altitudeMode><outerBoundaryIs><LinearRing><coordinates>134.10912604,-3.99038251,0 134.10929022,-3.99048602,0 134.10935090,-3.99035753,0 134.10912604,-3.99038251,0</coordinates></LinearRing></outerBoundaryIs></Polygon></Placemark><Placemark><name>Province Papua Barat - Bagian 1285</name><visibility>1</visibility><styleUrl>#papua-barat-google-earth</styleUrl><Polygon><extrude>0</extrude><tessellate>1</tessellate><altitudeMode>clampToGround</altitudeMode><outerBoundaryIs><LinearRing><coordinates>133.83666220,-3.61752047,0 133.83654025,-3.61752642,0 133.83658784,-3.61774652,0 133.83666220,-3.61752047,0</coordinates></LinearRing></outerBoundaryIs></Polygon></Placemark><Placemark><name>Province Papua Barat - Bagian 1286</name><visibility>1</visibility><styleUrl>#papua-barat-google-earth</styleUrl><Polygon><extrude>0</extrude><tessellate>1</tessellate><altitudeMode>clampToGround</altitudeMode><outerBoundaryIs><LinearRing><coordinates>134.40368769,-2.71752545,0 134.40363772,-2.71728988,0 134.40355920,-2.71746120,0 134.40368769,-2.71752545,0</coordinates></LinearRing></outerBoundaryIs></Polygon></Placemark><Placemark><name>Province Papua Barat - Bagian 1287</name><visibility>1</visibility><styleUrl>#papua-barat-google-earth</styleUrl><Polygon><extrude>0</extrude><tessellate>1</tessellate><altitudeMode>clampToGround</altitudeMode><outerBoundaryIs><LinearRing><coordinates>134.41217262,-2.04440382,0 134.41220727,-2.04425147,0 134.41200601,-2.04435580,0 134.41217262,-2.04440382,0</coordinates></LinearRing></outerBoundaryIs></Polygon></Placemark><Placemark><name>Province Papua Barat - Bagian 1288</name><visibility>1</visibility><styleUrl>#papua-barat-google-earth</styleUrl><Polygon><extrude>0</extrude><tessellate>1</tessellate><altitudeMode>clampToGround</altitudeMode><outerBoundaryIs><LinearRing><coordinates>134.01925020,-3.85421976,0 134.01914430,-3.85404325,0 134.01903081,-3.85410926,0 134.01925020,-3.85421976,0</coordinates></LinearRing></outerBoundaryIs></Polygon></Placemark><Placemark><name>Province Papua Barat - Bagian 1289</name><visibility>1</visibility><styleUrl>#papua-barat-google-earth</styleUrl><Polygon><extrude>0</extrude><tessellate>1</tessellate><altitudeMode>clampToGround</altitudeMode><outerBoundaryIs><LinearRing><coordinates>134.22692121,-2.40159708,0 134.22706398,-2.40174579,0 134.22702829,-2.40151974,0 134.22692121,-2.40159708,0</coordinates></LinearRing></outerBoundaryIs></Polygon></Placemark><Placemark><name>Province Papua Barat - Bagian 1290</name><visibility>1</visibility><styleUrl>#papua-barat-google-earth</styleUrl><Polygon><extrude>0</extrude><tessellate>1</tessellate><altitudeMode>clampToGround</altitudeMode><outerBoundaryIs><LinearRing><coordinates>134.17985129,-4.00390569,0 134.17962384,-4.00393964,0 134.17965237,-4.00405304,0 134.17985129,-4.00390569,0</coordinates></LinearRing></outerBoundaryIs></Polygon></Placemark><Placemark><name>Province Papua Barat - Bagian 1291</name><visibility>1</visibility><styleUrl>#papua-barat-google-earth</styleUrl><Polygon><extrude>0</extrude><tessellate>1</tessellate><altitudeMode>clampToGround</altitudeMode><outerBoundaryIs><LinearRing><coordinates>132.13300188,-2.95599833,0 132.13280837,-2.95596696,0 132.13280936,-2.95610425,0 132.13300188,-2.95599833,0</coordinates></LinearRing></outerBoundaryIs></Polygon></Placemark><Placemark><name>Province Papua Barat - Bagian 1292</name><visibility>1</visibility><styleUrl>#papua-barat-google-earth</styleUrl><Polygon><extrude>0</extrude><tessellate>1</tessellate><altitudeMode>clampToGround</altitudeMode><outerBoundaryIs><LinearRing><coordinates>132.09550296,-2.73742987,0 132.09558838,-2.73732663,0 132.09535378,-2.73730169,0 132.09550296,-2.73742987,0</coordinates></LinearRing></outerBoundaryIs></Polygon></Placemark><Placemark><name>Province Papua Barat - Bagian 1293</name><visibility>1</visibility><styleUrl>#papua-barat-google-earth</styleUrl><Polygon><extrude>0</extrude><tessellate>1</tessellate><altitudeMode>clampToGround</altitudeMode><outerBoundaryIs><LinearRing><coordinates>134.24864989,-4.04286210,0 134.24855789,-4.04278701,0 134.24847924,-4.04300865,0 134.24864989,-4.04286210,0</coordinates></LinearRing></outerBoundaryIs></Polygon></Placemark><Placemark><name>Province Papua Barat - Bagian 1294</name><visibility>1</visibility><styleUrl>#papua-barat-google-earth</styleUrl><Polygon><extrude>0</extrude><tessellate>1</tessellate><altitudeMode>clampToGround</altitudeMode><outerBoundaryIs><LinearRing><coordinates>133.98135974,-3.83514695,0 133.98136569,-3.83502203,0 133.98116046,-3.83504582,0 133.98135974,-3.83514695,0</coordinates></LinearRing></outerBoundaryIs></Polygon></Placemark><Placemark><name>Province Papua Barat - Bagian 1295</name><visibility>1</visibility><styleUrl>#papua-barat-google-earth</styleUrl><Polygon><extrude>0</extrude><tessellate>1</tessellate><altitudeMode>clampToGround</altitudeMode><outerBoundaryIs><LinearRing><coordinates>132.80644898,-3.29653511,0 132.80619914,-3.29654225,0 132.80627052,-3.29664219,0 132.80644898,-3.29653511,0</coordinates></LinearRing></outerBoundaryIs></Polygon></Placemark><Placemark><name>Province Papua Barat - Bagian 1296</name><visibility>1</visibility><styleUrl>#papua-barat-google-earth</styleUrl><Polygon><extrude>0</extrude><tessellate>1</tessellate><altitudeMode>clampToGround</altitudeMode><outerBoundaryIs><LinearRing><coordinates>133.77849599,-3.10848908,0 133.77835323,-3.10827969,0 133.77827708,-3.10834632,0 133.77849599,-3.10848908,0</coordinates></LinearRing></outerBoundaryIs></Polygon></Placemark><Placemark><name>Province Papua Barat - Bagian 1297</name><visibility>1</visibility><styleUrl>#papua-barat-google-earth</styleUrl><Polygon><extrude>0</extrude><tessellate>1</tessellate><altitudeMode>clampToGround</altitudeMode><outerBoundaryIs><LinearRing><coordinates>133.91414654,-3.73910308,0 133.91406850,-3.73916209,0 133.91427789,-3.73932960,0 133.91414654,-3.73910308,0</coordinates></LinearRing></outerBoundaryIs></Polygon></Placemark><Placemark><name>Province Papua Barat - Bagian 1298</name><visibility>1</visibility><styleUrl>#papua-barat-google-earth</styleUrl><Polygon><extrude>0</extrude><tessellate>1</tessellate><altitudeMode>clampToGround</altitudeMode><outerBoundaryIs><LinearRing><coordinates>132.77863475,-3.28517318,0 132.77866806,-3.28507325,0 132.77842536,-3.28504469,0 132.77863475,-3.28517318,0</coordinates></LinearRing></outerBoundaryIs></Polygon></Placemark><Placemark><name>Province Papua Barat - Bagian 1299</name><visibility>1</visibility><styleUrl>#papua-barat-google-earth</styleUrl><Polygon><extrude>0</extrude><tessellate>1</tessellate><altitudeMode>clampToGround</altitudeMode><outerBoundaryIs><LinearRing><coordinates>134.14695347,-1.94398163,0 134.14690587,-1.94388114,0 134.14668691,-1.94394814,0 134.14695347,-1.94398163,0</coordinates></LinearRing></outerBoundaryIs></Polygon></Placemark><Placemark><name>Province Papua Barat - Bagian 1300</name><visibility>1</visibility><styleUrl>#papua-barat-google-earth</styleUrl><Polygon><extrude>0</extrude><tessellate>1</tessellate><altitudeMode>clampToGround</altitudeMode><outerBoundaryIs><LinearRing><coordinates>134.51861909,-2.44994410,0 134.51831452,-2.44998217,0 134.51836211,-2.45005832,0 134.51861909,-2.44994410,0</coordinates></LinearRing></outerBoundaryIs></Polygon></Placemark><Placemark><name>Province Papua Barat - Bagian 1301</name><visibility>1</visibility><styleUrl>#papua-barat-google-earth</styleUrl><Polygon><extrude>0</extrude><tessellate>1</tessellate><altitudeMode>clampToGround</altitudeMode><outerBoundaryIs><LinearRing><coordinates>132.86156389,-3.64418905,0 132.86143064,-3.64423664,0 132.86149727,-3.64439844,0 132.86156389,-3.64418905,0</coordinates></LinearRing></outerBoundaryIs></Polygon></Placemark><Placemark><name>Province Papua Barat - Bagian 1302</name><visibility>1</visibility><styleUrl>#papua-barat-google-earth</styleUrl><Polygon><extrude>0</extrude><tessellate>1</tessellate><altitudeMode>clampToGround</altitudeMode><outerBoundaryIs><LinearRing><coordinates>134.51495098,-2.34054711,0 134.51470827,-2.34051856,0 134.51474158,-2.34062325,0 134.51495098,-2.34054711,0</coordinates></LinearRing></outerBoundaryIs></Polygon></Placemark><Placemark><name>Province Papua Barat - Bagian 1303</name><visibility>1</visibility><styleUrl>#papua-barat-google-earth</styleUrl><Polygon><extrude>0</extrude><tessellate>1</tessellate><altitudeMode>clampToGround</altitudeMode><outerBoundaryIs><LinearRing><coordinates>132.79867705,-3.29777945,0 132.79865325,-3.29760099,0 132.79852238,-3.29764263,0 132.79867705,-3.29777945,0</coordinates></LinearRing></outerBoundaryIs></Polygon></Placemark><Placemark><name>Province Papua Barat - Bagian 1304</name><visibility>1</visibility><styleUrl>#papua-barat-google-earth</styleUrl><Polygon><extrude>0</extrude><tessellate>1</tessellate><altitudeMode>clampToGround</altitudeMode><outerBoundaryIs><LinearRing><coordinates>132.40057984,-2.60058717,0 132.40030057,-2.60061685,0 132.40033028,-2.60069995,0 132.40057984,-2.60058717,0</coordinates></LinearRing></outerBoundaryIs></Polygon></Placemark><Placemark><name>Province Papua Barat - Bagian 1305</name><visibility>1</visibility><styleUrl>#papua-barat-google-earth</styleUrl><Polygon><extrude>0</extrude><tessellate>1</tessellate><altitudeMode>clampToGround</altitudeMode><outerBoundaryIs><LinearRing><coordinates>134.19293753,-4.02297771,0 134.19307706,-4.02296512,0 134.19291783,-4.02280703,0 134.19293753,-4.02297771,0</coordinates></LinearRing></outerBoundaryIs></Polygon></Placemark><Placemark><name>Province Papua Barat - Bagian 1306</name><visibility>1</visibility><styleUrl>#papua-barat-google-earth</styleUrl><Polygon><extrude>0</extrude><tessellate>1</tessellate><altitudeMode>clampToGround</altitudeMode><outerBoundaryIs><LinearRing><coordinates>132.45125744,-2.70893249,0 132.45108198,-2.70912877,0 132.45119870,-2.70913525,0 132.45125744,-2.70893249,0</coordinates></LinearRing></outerBoundaryIs></Polygon></Placemark><Placemark><name>Province Papua Barat - Bagian 1307</name><visibility>1</visibility><styleUrl>#papua-barat-google-earth</styleUrl><Polygon><extrude>0</extrude><tessellate>1</tessellate><altitudeMode>clampToGround</altitudeMode><outerBoundaryIs><LinearRing><coordinates>134.24712171,-4.04244131,0 134.24709783,-4.04235308,0 134.24691714,-4.04269067,0 134.24712171,-4.04244131,0</coordinates></LinearRing></outerBoundaryIs></Polygon></Placemark><Placemark><name>Province Papua Barat - Bagian 1308</name><visibility>1</visibility><styleUrl>#papua-barat-google-earth</styleUrl><Polygon><extrude>0</extrude><tessellate>1</tessellate><altitudeMode>clampToGround</altitudeMode><outerBoundaryIs><LinearRing><coordinates>132.72825809,-3.28136593,0 132.72819622,-3.28150394,0 132.72834851,-3.28155153,0 132.72825809,-3.28136593,0</coordinates></LinearRing></outerBoundaryIs></Polygon></Placemark><Placemark><name>Province Papua Barat - Bagian 1309</name><visibility>1</visibility><styleUrl>#papua-barat-google-earth</styleUrl><Polygon><extrude>0</extrude><tessellate>1</tessellate><altitudeMode>clampToGround</altitudeMode><outerBoundaryIs><LinearRing><coordinates>134.14865882,-3.77525556,0 134.14876748,-3.77509132,0 134.14865041,-3.77504795,0 134.14865882,-3.77525556,0</coordinates></LinearRing></outerBoundaryIs></Polygon></Placemark><Placemark><name>Province Papua Barat - Bagian 1310</name><visibility>1</visibility><styleUrl>#papua-barat-google-earth</styleUrl><Polygon><extrude>0</extrude><tessellate>1</tessellate><altitudeMode>clampToGround</altitudeMode><outerBoundaryIs><LinearRing><coordinates>132.51259429,-2.67796491,0 132.51264457,-2.67789693,0 132.51238782,-2.67777220,0 132.51259429,-2.67796491,0</coordinates></LinearRing></outerBoundaryIs></Polygon></Placemark><Placemark><name>Province Papua Barat - Bagian 1311</name><visibility>1</visibility><styleUrl>#papua-barat-google-earth</styleUrl><Polygon><extrude>0</extrude><tessellate>1</tessellate><altitudeMode>clampToGround</altitudeMode><outerBoundaryIs><LinearRing><coordinates>134.40231017,-3.99494367,0 134.40239584,-3.99495318,0 134.40243391,-3.99468193,0 134.40231017,-3.99494367,0</coordinates></LinearRing></outerBoundaryIs></Polygon></Placemark><Placemark><name>Province Papua Barat - Bagian 1312</name><visibility>1</visibility><styleUrl>#papua-barat-google-earth</styleUrl><Polygon><extrude>0</extrude><tessellate>1</tessellate><altitudeMode>clampToGround</altitudeMode><outerBoundaryIs><LinearRing><coordinates>133.89907612,-3.77130225,0 133.89904419,-3.77151845,0 133.89915819,-3.77148255,0 133.89907612,-3.77130225,0</coordinates></LinearRing></outerBoundaryIs></Polygon></Placemark><Placemark><name>Province Papua Barat - Bagian 1313</name><visibility>1</visibility><styleUrl>#papua-barat-google-earth</styleUrl><Polygon><extrude>0</extrude><tessellate>1</tessellate><altitudeMode>clampToGround</altitudeMode><outerBoundaryIs><LinearRing><coordinates>134.16667300,-4.00863102,0 134.16664569,-4.00855627,0 134.16642274,-4.00880615,0 134.16667300,-4.00863102,0</coordinates></LinearRing></outerBoundaryIs></Polygon></Placemark><Placemark><name>Province Papua Barat - Bagian 1314</name><visibility>1</visibility><styleUrl>#papua-barat-google-earth</styleUrl><Polygon><extrude>0</extrude><tessellate>1</tessellate><altitudeMode>clampToGround</altitudeMode><outerBoundaryIs><LinearRing><coordinates>134.40243899,-2.07853877,0 134.40235887,-2.07837391,0 134.40227863,-2.07850185,0 134.40243899,-2.07853877,0</coordinates></LinearRing></outerBoundaryIs></Polygon></Placemark><Placemark><name>Province Papua Barat - Bagian 1315</name><visibility>1</visibility><styleUrl>#papua-barat-google-earth</styleUrl><Polygon><extrude>0</extrude><tessellate>1</tessellate><altitudeMode>clampToGround</altitudeMode><outerBoundaryIs><LinearRing><coordinates>134.00705487,-3.80990012,0 134.00706439,-3.80966693,0 134.00696445,-3.80965979,0 134.00705487,-3.80990012,0</coordinates></LinearRing></outerBoundaryIs></Polygon></Placemark><Placemark><name>Province Papua Barat - Bagian 1316</name><visibility>1</visibility><styleUrl>#papua-barat-google-earth</styleUrl><Polygon><extrude>0</extrude><tessellate>1</tessellate><altitudeMode>clampToGround</altitudeMode><outerBoundaryIs><LinearRing><coordinates>134.13979599,-1.96956915,0 134.13996735,-1.96953086,0 134.13992451,-1.96940644,0 134.13979599,-1.96956915,0</coordinates></LinearRing></outerBoundaryIs></Polygon></Placemark><Placemark><name>Province Papua Barat - Bagian 1317</name><visibility>1</visibility><styleUrl>#papua-barat-google-earth</styleUrl><Polygon><extrude>0</extrude><tessellate>1</tessellate><altitudeMode>clampToGround</altitudeMode><outerBoundaryIs><LinearRing><coordinates>134.22866894,-4.00623843,0 134.22864276,-4.00611576,0 134.22847209,-4.00618842,0 134.22866894,-4.00623843,0</coordinates></LinearRing></outerBoundaryIs></Polygon></Placemark><Placemark><name>Province Papua Barat - Bagian 1318</name><visibility>1</visibility><styleUrl>#papua-barat-google-earth</styleUrl><Polygon><extrude>0</extrude><tessellate>1</tessellate><altitudeMode>clampToGround</altitudeMode><outerBoundaryIs><LinearRing><coordinates>134.15876871,-2.02407126,0 134.15894007,-2.02413826,0 134.15891151,-2.02399469,0 134.15876871,-2.02407126,0</coordinates></LinearRing></outerBoundaryIs></Polygon></Placemark><Placemark><name>Province Papua Barat - Bagian 1319</name><visibility>1</visibility><styleUrl>#papua-barat-google-earth</styleUrl><Polygon><extrude>0</extrude><tessellate>1</tessellate><altitudeMode>clampToGround</altitudeMode><outerBoundaryIs><LinearRing><coordinates>134.15524049,-2.00419908,0 134.15529536,-2.00414392,0 134.15503101,-2.00399851,0 134.15524049,-2.00419908,0</coordinates></LinearRing></outerBoundaryIs></Polygon></Placemark><Placemark><name>Province Papua Barat - Bagian 1320</name><visibility>1</visibility><styleUrl>#papua-barat-google-earth</styleUrl><Polygon><extrude>0</extrude><tessellate>1</tessellate><altitudeMode>clampToGround</altitudeMode><outerBoundaryIs><LinearRing><coordinates>134.70139981,-1.98772669,0 134.70138081,-1.98764009,0 134.70116802,-1.98785273,0 134.70139981,-1.98772669,0</coordinates></LinearRing></outerBoundaryIs></Polygon></Placemark><Placemark><name>Province Papua Barat - Bagian 1321</name><visibility>1</visibility><styleUrl>#papua-barat-google-earth</styleUrl><Polygon><extrude>0</extrude><tessellate>1</tessellate><altitudeMode>clampToGround</altitudeMode><outerBoundaryIs><LinearRing><coordinates>134.14067954,-1.98558240,0 134.14080449,-1.98558240,0 134.14079854,-1.98540294,0 134.14067954,-1.98558240,0</coordinates></LinearRing></outerBoundaryIs></Polygon></Placemark><Placemark><name>Province Papua Barat - Bagian 1322</name><visibility>1</visibility><styleUrl>#papua-barat-google-earth</styleUrl><Polygon><extrude>0</extrude><tessellate>1</tessellate><altitudeMode>clampToGround</altitudeMode><outerBoundaryIs><LinearRing><coordinates>133.83728276,-3.61086048,0 133.83735414,-3.61090569,0 133.83742791,-3.61064157,0 133.83728276,-3.61086048,0</coordinates></LinearRing></outerBoundaryIs></Polygon></Placemark><Placemark><name>Province Papua Barat - Bagian 1323</name><visibility>1</visibility><styleUrl>#papua-barat-google-earth</styleUrl><Polygon><extrude>0</extrude><tessellate>1</tessellate><altitudeMode>clampToGround</altitudeMode><outerBoundaryIs><LinearRing><coordinates>132.72830092,-3.28033324,0 132.72811532,-3.28045222,0 132.72810104,-3.28058071,0 132.72830092,-3.28033324,0</coordinates></LinearRing></outerBoundaryIs></Polygon></Placemark><Placemark><name>Province Papua Barat - Bagian 1324</name><visibility>1</visibility><styleUrl>#papua-barat-google-earth</styleUrl><Polygon><extrude>0</extrude><tessellate>1</tessellate><altitudeMode>clampToGround</altitudeMode><outerBoundaryIs><LinearRing><coordinates>133.99501635,-3.82867481,0 133.99502034,-3.82886562,0 133.99513641,-3.82888272,0 133.99501635,-3.82867481,0</coordinates></LinearRing></outerBoundaryIs></Polygon></Placemark><Placemark><name>Province Papua Barat - Bagian 1325</name><visibility>1</visibility><styleUrl>#papua-barat-google-earth</styleUrl><Polygon><extrude>0</extrude><tessellate>1</tessellate><altitudeMode>clampToGround</altitudeMode><outerBoundaryIs><LinearRing><coordinates>134.22110700,-2.41381561,0 134.22109272,-2.41358718,0 134.22100706,-2.41375136,0 134.22110700,-2.41381561,0</coordinates></LinearRing></outerBoundaryIs></Polygon></Placemark><Placemark><name>Province Papua Barat - Bagian 1326</name><visibility>1</visibility><styleUrl>#papua-barat-google-earth</styleUrl><Polygon><extrude>0</extrude><tessellate>1</tessellate><altitudeMode>clampToGround</altitudeMode><outerBoundaryIs><LinearRing><coordinates>134.43341408,-2.79330073,0 134.43333794,-2.79344350,0 134.43349022,-2.79344350,0 134.43341408,-2.79330073,0</coordinates></LinearRing></outerBoundaryIs></Polygon></Placemark><Placemark><name>Province Papua Barat - Bagian 1327</name><visibility>1</visibility><styleUrl>#papua-barat-google-earth</styleUrl><Polygon><extrude>0</extrude><tessellate>1</tessellate><altitudeMode>clampToGround</altitudeMode><outerBoundaryIs><LinearRing><coordinates>134.38546934,-2.52925885,0 134.38548362,-2.52938735,0 134.38564066,-2.52928027,0 134.38546934,-2.52925885,0</coordinates></LinearRing></outerBoundaryIs></Polygon></Placemark><Placemark><name>Province Papua Barat - Bagian 1328</name><visibility>1</visibility><styleUrl>#papua-barat-google-earth</styleUrl><Polygon><extrude>0</extrude><tessellate>1</tessellate><altitudeMode>clampToGround</altitudeMode><outerBoundaryIs><LinearRing><coordinates>134.37493316,-4.02281954,0 134.37501375,-4.02271670,0 134.37486743,-4.02263574,0 134.37493316,-4.02281954,0</coordinates></LinearRing></outerBoundaryIs></Polygon></Placemark><Placemark><name>Province Papua Barat - Bagian 1329</name><visibility>1</visibility><styleUrl>#papua-barat-google-earth</styleUrl><Polygon><extrude>0</extrude><tessellate>1</tessellate><altitudeMode>clampToGround</altitudeMode><outerBoundaryIs><LinearRing><coordinates>132.73075176,-3.27987639,0 132.73056616,-3.27990018,0 132.73061851,-3.28000964,0 132.73075176,-3.27987639,0</coordinates></LinearRing></outerBoundaryIs></Polygon></Placemark><Placemark><name>Province Papua Barat - Bagian 1330</name><visibility>1</visibility><styleUrl>#papua-barat-google-earth</styleUrl><Polygon><extrude>0</extrude><tessellate>1</tessellate><altitudeMode>clampToGround</altitudeMode><outerBoundaryIs><LinearRing><coordinates>134.01733770,-3.81638457,0 134.01721694,-3.81641016,0 134.01723870,-3.81658289,0 134.01733770,-3.81638457,0</coordinates></LinearRing></outerBoundaryIs></Polygon></Placemark><Placemark><name>Province Papua Barat - Bagian 1331</name><visibility>1</visibility><styleUrl>#papua-barat-google-earth</styleUrl><Polygon><extrude>0</extrude><tessellate>1</tessellate><altitudeMode>clampToGround</altitudeMode><outerBoundaryIs><LinearRing><coordinates>134.19338178,-4.02262705,0 134.19343002,-4.02257064,0 134.19312868,-4.02248288,0 134.19338178,-4.02262705,0</coordinates></LinearRing></outerBoundaryIs></Polygon></Placemark><Placemark><name>Province Papua Barat - Bagian 1332</name><visibility>1</visibility><styleUrl>#papua-barat-google-earth</styleUrl><Polygon><extrude>0</extrude><tessellate>1</tessellate><altitudeMode>clampToGround</altitudeMode><outerBoundaryIs><LinearRing><coordinates>132.57091822,-3.13411882,0 132.57094705,-3.13396039,0 132.57082179,-3.13391683,0 132.57091822,-3.13411882,0</coordinates></LinearRing></outerBoundaryIs></Polygon></Placemark><Placemark><name>Province Papua Barat - Bagian 1333</name><visibility>1</visibility><styleUrl>#papua-barat-google-earth</styleUrl><Polygon><extrude>0</extrude><tessellate>1</tessellate><altitudeMode>clampToGround</altitudeMode><outerBoundaryIs><LinearRing><coordinates>134.25513883,-4.04287297,0 134.25526019,-4.04289438,0 134.25518166,-4.04270878,0 134.25513883,-4.04287297,0</coordinates></LinearRing></outerBoundaryIs></Polygon></Placemark><Placemark><name>Province Papua Barat - Bagian 1334</name><visibility>1</visibility><styleUrl>#papua-barat-google-earth</styleUrl><Polygon><extrude>0</extrude><tessellate>1</tessellate><altitudeMode>clampToGround</altitudeMode><outerBoundaryIs><LinearRing><coordinates>134.02517600,-3.86592736,0 134.02510285,-3.86590155,0 134.02498550,-3.86614395,0 134.02517600,-3.86592736,0</coordinates></LinearRing></outerBoundaryIs></Polygon></Placemark><Placemark><name>Province Papua Barat - Bagian 1335</name><visibility>1</visibility><styleUrl>#papua-barat-google-earth</styleUrl><Polygon><extrude>0</extrude><tessellate>1</tessellate><altitudeMode>clampToGround</altitudeMode><outerBoundaryIs><LinearRing><coordinates>132.60473436,-3.16310762,0 132.60468659,-3.16320531,0 132.60488518,-3.16323201,0 132.60473436,-3.16310762,0</coordinates></LinearRing></outerBoundaryIs></Polygon></Placemark><Placemark><name>Province Papua Barat - Bagian 1336</name><visibility>1</visibility><styleUrl>#papua-barat-google-earth</styleUrl><Polygon><extrude>0</extrude><tessellate>1</tessellate><altitudeMode>clampToGround</altitudeMode><outerBoundaryIs><LinearRing><coordinates>132.73271370,-3.67075097,0 132.73260662,-3.67104365,0 132.73267087,-3.67105792,0 132.73271370,-3.67075097,0</coordinates></LinearRing></outerBoundaryIs></Polygon></Placemark><Placemark><name>Province Papua Barat - Bagian 1337</name><visibility>1</visibility><styleUrl>#papua-barat-google-earth</styleUrl><Polygon><extrude>0</extrude><tessellate>1</tessellate><altitudeMode>clampToGround</altitudeMode><outerBoundaryIs><LinearRing><coordinates>132.48080442,-2.68130117,0 132.48090079,-2.68139618,0 132.48105278,-2.68133510,0 132.48080442,-2.68130117,0</coordinates></LinearRing></outerBoundaryIs></Polygon></Placemark><Placemark><name>Province Papua Barat - Bagian 1338</name><visibility>1</visibility><styleUrl>#papua-barat-google-earth</styleUrl><Polygon><extrude>0</extrude><tessellate>1</tessellate><altitudeMode>clampToGround</altitudeMode><outerBoundaryIs><LinearRing><coordinates>132.72946335,-3.64935248,0 132.72941576,-3.64915261,0 132.72933010,-3.64921923,0 132.72946335,-3.64935248,0</coordinates></LinearRing></outerBoundaryIs></Polygon></Placemark><Placemark><name>Province Papua Barat - Bagian 1339</name><visibility>1</visibility><styleUrl>#papua-barat-google-earth</styleUrl><Polygon><extrude>0</extrude><tessellate>1</tessellate><altitudeMode>clampToGround</altitudeMode><outerBoundaryIs><LinearRing><coordinates>134.17642433,-4.00127124,0 134.17625846,-4.00130471,0 134.17632695,-4.00141272,0 134.17642433,-4.00127124,0</coordinates></LinearRing></outerBoundaryIs></Polygon></Placemark><Placemark><name>Province Papua Barat - Bagian 1340</name><visibility>1</visibility><styleUrl>#papua-barat-google-earth</styleUrl><Polygon><extrude>0</extrude><tessellate>1</tessellate><altitudeMode>clampToGround</altitudeMode><outerBoundaryIs><LinearRing><coordinates>134.37707463,-4.02202371,0 134.37705650,-4.02180685,0 134.37696501,-4.02181046,0 134.37707463,-4.02202371,0</coordinates></LinearRing></outerBoundaryIs></Polygon></Placemark><Placemark><name>Province Papua Barat - Bagian 1341</name><visibility>1</visibility><styleUrl>#papua-barat-google-earth</styleUrl><Polygon><extrude>0</extrude><tessellate>1</tessellate><altitudeMode>clampToGround</altitudeMode><outerBoundaryIs><LinearRing><coordinates>133.93163677,-3.75149338,0 133.93160309,-3.75141490,0 133.93139825,-3.75152064,0 133.93163677,-3.75149338,0</coordinates></LinearRing></outerBoundaryIs></Polygon></Placemark><Placemark><name>Province Papua Barat - Bagian 1342</name><visibility>1</visibility><styleUrl>#papua-barat-google-earth</styleUrl><Polygon><extrude>0</extrude><tessellate>1</tessellate><altitudeMode>clampToGround</altitudeMode><outerBoundaryIs><LinearRing><coordinates>132.35874300,-2.66898262,0 132.35865759,-2.66912563,0 132.35875111,-2.66919766,0 132.35874300,-2.66898262,0</coordinates></LinearRing></outerBoundaryIs></Polygon></Placemark><Placemark><name>Province Papua Barat - Bagian 1343</name><visibility>1</visibility><styleUrl>#papua-barat-google-earth</styleUrl><Polygon><extrude>0</extrude><tessellate>1</tessellate><altitudeMode>clampToGround</altitudeMode><outerBoundaryIs><LinearRing><coordinates>132.85388299,-3.64072456,0 132.85401624,-3.64077214,0 132.85402576,-3.64062938,0 132.85388299,-3.64072456,0</coordinates></LinearRing></outerBoundaryIs></Polygon></Placemark><Placemark><name>Province Papua Barat - Bagian 1344</name><visibility>1</visibility><styleUrl>#papua-barat-google-earth</styleUrl><Polygon><extrude>0</extrude><tessellate>1</tessellate><altitudeMode>clampToGround</altitudeMode><outerBoundaryIs><LinearRing><coordinates>134.70123065,-1.98823907,0 134.70121983,-1.98810125,0 134.70108438,-1.98815628,0 134.70123065,-1.98823907,0</coordinates></LinearRing></outerBoundaryIs></Polygon></Placemark><Placemark><name>Province Papua Barat - Bagian 1345</name><visibility>1</visibility><styleUrl>#papua-barat-google-earth</styleUrl><Polygon><extrude>0</extrude><tessellate>1</tessellate><altitudeMode>clampToGround</altitudeMode><outerBoundaryIs><LinearRing><coordinates>134.18182474,-4.02156460,0 134.18183315,-4.02142799,0 134.18168841,-4.02149238,0 134.18182474,-4.02156460,0</coordinates></LinearRing></outerBoundaryIs></Polygon></Placemark><Placemark><name>Province Papua Barat - Bagian 1346</name><visibility>1</visibility><styleUrl>#papua-barat-google-earth</styleUrl><Polygon><extrude>0</extrude><tessellate>1</tessellate><altitudeMode>clampToGround</altitudeMode><outerBoundaryIs><LinearRing><coordinates>133.97116892,-3.84770971,0 133.97113544,-3.84746799,0 133.97105734,-3.84747638,0 133.97116892,-3.84770971,0</coordinates></LinearRing></outerBoundaryIs></Polygon></Placemark><Placemark><name>Province Papua Barat - Bagian 1347</name><visibility>1</visibility><styleUrl>#papua-barat-google-earth</styleUrl><Polygon><extrude>0</extrude><tessellate>1</tessellate><altitudeMode>clampToGround</altitudeMode><outerBoundaryIs><LinearRing><coordinates>134.17895127,-4.00128192,0 134.17895740,-4.00109369,0 134.17885528,-4.00112288,0 134.17895127,-4.00128192,0</coordinates></LinearRing></outerBoundaryIs></Polygon></Placemark><Placemark><name>Province Papua Barat - Bagian 1348</name><visibility>1</visibility><styleUrl>#papua-barat-google-earth</styleUrl><Polygon><extrude>0</extrude><tessellate>1</tessellate><altitudeMode>clampToGround</altitudeMode><outerBoundaryIs><LinearRing><coordinates>134.11054566,-3.89628185,0 134.11068842,-3.89621523,0 134.11060752,-3.89612005,0 134.11054566,-3.89628185,0</coordinates></LinearRing></outerBoundaryIs></Polygon></Placemark><Placemark><name>Province Papua Barat - Bagian 1349</name><visibility>1</visibility><styleUrl>#papua-barat-google-earth</styleUrl><Polygon><extrude>0</extrude><tessellate>1</tessellate><altitudeMode>clampToGround</altitudeMode><outerBoundaryIs><LinearRing><coordinates>133.66186055,-3.37382142,0 133.66190338,-3.37365962,0 133.66179393,-3.37364534,0 133.66186055,-3.37382142,0</coordinates></LinearRing></outerBoundaryIs></Polygon></Placemark><Placemark><name>Province Papua Barat - Bagian 1350</name><visibility>1</visibility><styleUrl>#papua-barat-google-earth</styleUrl><Polygon><extrude>0</extrude><tessellate>1</tessellate><altitudeMode>clampToGround</altitudeMode><outerBoundaryIs><LinearRing><coordinates>134.05849826,-3.82267308,0 134.05860443,-3.82260337,0 134.05848380,-3.82251137,0 134.05849826,-3.82267308,0</coordinates></LinearRing></outerBoundaryIs></Polygon></Placemark><Placemark><name>Province Papua Barat - Bagian 1351</name><visibility>1</visibility><styleUrl>#papua-barat-google-earth</styleUrl><Polygon><extrude>0</extrude><tessellate>1</tessellate><altitudeMode>clampToGround</altitudeMode><outerBoundaryIs><LinearRing><coordinates>134.73762517,-2.01597825,0 134.73755349,-2.01602995,0 134.73779187,-2.01611146,0 134.73762517,-2.01597825,0</coordinates></LinearRing></outerBoundaryIs></Polygon></Placemark><Placemark><name>Province Papua Barat - Bagian 1352</name><visibility>1</visibility><styleUrl>#papua-barat-google-earth</styleUrl><Polygon><extrude>0</extrude><tessellate>1</tessellate><altitudeMode>clampToGround</altitudeMode><outerBoundaryIs><LinearRing><coordinates>134.15088552,-3.92366475,0 134.15098368,-3.92366475,0 134.15097773,-3.92348034,0 134.15088552,-3.92366475,0</coordinates></LinearRing></outerBoundaryIs></Polygon></Placemark><Placemark><name>Province Papua Barat - Bagian 1353</name><visibility>1</visibility><styleUrl>#papua-barat-google-earth</styleUrl><Polygon><extrude>0</extrude><tessellate>1</tessellate><altitudeMode>clampToGround</altitudeMode><outerBoundaryIs><LinearRing><coordinates>134.16164403,-3.97515082,0 134.16150602,-3.97511275,0 134.16146319,-3.97523172,0 134.16164403,-3.97515082,0</coordinates></LinearRing></outerBoundaryIs></Polygon></Placemark><Placemark><name>Province Papua Barat - Bagian 1354</name><visibility>1</visibility><styleUrl>#papua-barat-google-earth</styleUrl><Polygon><extrude>0</extrude><tessellate>1</tessellate><altitudeMode>clampToGround</altitudeMode><outerBoundaryIs><LinearRing><coordinates>134.31478760,-3.98919839,0 134.31493393,-3.98928762,0 134.31496606,-3.98918411,0 134.31478760,-3.98919839,0</coordinates></LinearRing></outerBoundaryIs></Polygon></Placemark><Placemark><name>Province Papua Barat - Bagian 1355</name><visibility>1</visibility><styleUrl>#papua-barat-google-earth</styleUrl><Polygon><extrude>0</extrude><tessellate>1</tessellate><altitudeMode>clampToGround</altitudeMode><outerBoundaryIs><LinearRing><coordinates>134.73740229,-2.01641065,0 134.73746932,-2.01623675,0 134.73733975,-2.01630544,0 134.73740229,-2.01641065,0</coordinates></LinearRing></outerBoundaryIs></Polygon></Placemark><Placemark><name>Province Papua Barat - Bagian 1356</name><visibility>1</visibility><styleUrl>#papua-barat-google-earth</styleUrl><Polygon><extrude>0</extrude><tessellate>1</tessellate><altitudeMode>clampToGround</altitudeMode><outerBoundaryIs><LinearRing><coordinates>134.22148533,-2.41555024,0 134.22148533,-2.41575725,0 134.22157100,-2.41562162,0 134.22148533,-2.41555024,0</coordinates></LinearRing></outerBoundaryIs></Polygon></Placemark><Placemark><name>Province Papua Barat - Bagian 1357</name><visibility>1</visibility><styleUrl>#papua-barat-google-earth</styleUrl><Polygon><extrude>0</extrude><tessellate>1</tessellate><altitudeMode>clampToGround</altitudeMode><outerBoundaryIs><LinearRing><coordinates>134.15272149,-3.77026726,0 134.15257160,-3.77032939,0 134.15262834,-3.77042287,0 134.15272149,-3.77026726,0</coordinates></LinearRing></outerBoundaryIs></Polygon></Placemark><Placemark><name>Province Papua Barat - Bagian 1358</name><visibility>1</visibility><styleUrl>#papua-barat-google-earth</styleUrl><Polygon><extrude>0</extrude><tessellate>1</tessellate><altitudeMode>clampToGround</altitudeMode><outerBoundaryIs><LinearRing><coordinates>134.17521534,-4.00030822,0 134.17529133,-4.00026933,0 134.17521689,-4.00007741,0 134.17521534,-4.00030822,0</coordinates></LinearRing></outerBoundaryIs></Polygon></Placemark><Placemark><name>Province Papua Barat - Bagian 1359</name><visibility>1</visibility><styleUrl>#papua-barat-google-earth</styleUrl><Polygon><extrude>0</extrude><tessellate>1</tessellate><altitudeMode>clampToGround</altitudeMode><outerBoundaryIs><LinearRing><coordinates>132.76254552,-3.26576820,0 132.76255752,-3.26593869,0 132.76265551,-3.26588338,0 132.76254552,-3.26576820,0</coordinates></LinearRing></outerBoundaryIs></Polygon></Placemark><Placemark><name>Province Papua Barat - Bagian 1360</name><visibility>1</visibility><styleUrl>#papua-barat-google-earth</styleUrl><Polygon><extrude>0</extrude><tessellate>1</tessellate><altitudeMode>clampToGround</altitudeMode><outerBoundaryIs><LinearRing><coordinates>134.11258657,-3.90896382,0 134.11262916,-3.90908583,0 134.11275882,-3.90905267,0 134.11258657,-3.90896382,0</coordinates></LinearRing></outerBoundaryIs></Polygon></Placemark><Placemark><name>Province Papua Barat - Bagian 1361</name><visibility>1</visibility><styleUrl>#papua-barat-google-earth</styleUrl><Polygon><extrude>0</extrude><tessellate>1</tessellate><altitudeMode>clampToGround</altitudeMode><outerBoundaryIs><LinearRing><coordinates>132.76717774,-3.26563055,0 132.76713015,-3.26580188,0 132.76722533,-3.26582091,0 132.76717774,-3.26563055,0</coordinates></LinearRing></outerBoundaryIs></Polygon></Placemark><Placemark><name>Province Papua Barat - Bagian 1362</name><visibility>1</visibility><styleUrl>#papua-barat-google-earth</styleUrl><Polygon><extrude>0</extrude><tessellate>1</tessellate><altitudeMode>clampToGround</altitudeMode><outerBoundaryIs><LinearRing><coordinates>134.15299519,-3.77085444,0 134.15295014,-3.77069091,0 134.15285667,-3.77073018,0 134.15299519,-3.77085444,0</coordinates></LinearRing></outerBoundaryIs></Polygon></Placemark><Placemark><name>Province Papua Barat - Bagian 1363</name><visibility>1</visibility><styleUrl>#papua-barat-google-earth</styleUrl><Polygon><extrude>0</extrude><tessellate>1</tessellate><altitudeMode>clampToGround</altitudeMode><outerBoundaryIs><LinearRing><coordinates>132.83232909,-3.95545717,0 132.83219703,-3.95546431,0 132.83226484,-3.95558923,0 132.83232909,-3.95545717,0</coordinates></LinearRing></outerBoundaryIs></Polygon></Placemark><Placemark><name>Province Papua Barat - Bagian 1364</name><visibility>1</visibility><styleUrl>#papua-barat-google-earth</styleUrl><Polygon><extrude>0</extrude><tessellate>1</tessellate><altitudeMode>clampToGround</altitudeMode><outerBoundaryIs><LinearRing><coordinates>134.21848721,-2.40787647,0 134.21846580,-2.40809062,0 134.21854432,-2.40809062,0 134.21848721,-2.40787647,0</coordinates></LinearRing></outerBoundaryIs></Polygon></Placemark><Placemark><name>Province Papua Barat - Bagian 1365</name><visibility>1</visibility><styleUrl>#papua-barat-google-earth</styleUrl><Polygon><extrude>0</extrude><tessellate>1</tessellate><altitudeMode>clampToGround</altitudeMode><outerBoundaryIs><LinearRing><coordinates>133.96473050,-3.85197798,0 133.96474118,-3.85186139,0 133.96459339,-3.85190149,0 133.96473050,-3.85197798,0</coordinates></LinearRing></outerBoundaryIs></Polygon></Placemark><Placemark><name>Province Papua Barat - Bagian 1366</name><visibility>1</visibility><styleUrl>#papua-barat-google-earth</styleUrl><Polygon><extrude>0</extrude><tessellate>1</tessellate><altitudeMode>clampToGround</altitudeMode><outerBoundaryIs><LinearRing><coordinates>132.79972581,-3.28206491,0 132.79971454,-3.28196779,0 132.79955279,-3.28204191,0 132.79972581,-3.28206491,0</coordinates></LinearRing></outerBoundaryIs></Polygon></Placemark><Placemark><name>Province Papua Barat - Bagian 1367</name><visibility>1</visibility><styleUrl>#papua-barat-google-earth</styleUrl><Polygon><extrude>0</extrude><tessellate>1</tessellate><altitudeMode>clampToGround</altitudeMode><outerBoundaryIs><LinearRing><coordinates>134.36726052,-2.66015664,0 134.36718200,-2.66026372,0 134.36730335,-2.66030655,0 134.36726052,-2.66015664,0</coordinates></LinearRing></outerBoundaryIs></Polygon></Placemark><Placemark><name>Province Papua Barat - Bagian 1368</name><visibility>1</visibility><styleUrl>#papua-barat-google-earth</styleUrl><Polygon><extrude>0</extrude><tessellate>1</tessellate><altitudeMode>clampToGround</altitudeMode><outerBoundaryIs><LinearRing><coordinates>134.21795897,-2.40826908,0 134.21780907,-2.40831905,0 134.21780907,-2.40842613,0 134.21795897,-2.40826908,0</coordinates></LinearRing></outerBoundaryIs></Polygon></Placemark><Placemark><name>Province Papua Barat - Bagian 1369</name><visibility>1</visibility><styleUrl>#papua-barat-google-earth</styleUrl><Polygon><extrude>0</extrude><tessellate>1</tessellate><altitudeMode>clampToGround</altitudeMode><outerBoundaryIs><LinearRing><coordinates>132.82136291,-3.88528805,0 132.82138671,-3.88513339,0 132.82127963,-3.88516908,0 132.82136291,-3.88528805,0</coordinates></LinearRing></outerBoundaryIs></Polygon></Placemark><Placemark><name>Province Papua Barat - Bagian 1370</name><visibility>1</visibility><styleUrl>#papua-barat-google-earth</styleUrl><Polygon><extrude>0</extrude><tessellate>1</tessellate><altitudeMode>clampToGround</altitudeMode><outerBoundaryIs><LinearRing><coordinates>134.00650859,-3.84836700,0 134.00657105,-3.84814690,0 134.00649967,-3.84814690,0 134.00650859,-3.84836700,0</coordinates></LinearRing></outerBoundaryIs></Polygon></Placemark><Placemark><name>Province Papua Barat - Bagian 1371</name><visibility>1</visibility><styleUrl>#papua-barat-google-earth</styleUrl><Polygon><extrude>0</extrude><tessellate>1</tessellate><altitudeMode>clampToGround</altitudeMode><outerBoundaryIs><LinearRing><coordinates>134.37058847,-3.97064076,0 134.37056468,-3.97043375,0 134.37048853,-3.97042899,0 134.37058847,-3.97064076,0</coordinates></LinearRing></outerBoundaryIs></Polygon></Placemark><Placemark><name>Province Papua Barat - Bagian 1372</name><visibility>1</visibility><styleUrl>#papua-barat-google-earth</styleUrl><Polygon><extrude>0</extrude><tessellate>1</tessellate><altitudeMode>clampToGround</altitudeMode><outerBoundaryIs><LinearRing><coordinates>134.05600389,-3.81868316,0 134.05598910,-3.81882279,0 134.05610256,-3.81878249,0 134.05600389,-3.81868316,0</coordinates></LinearRing></outerBoundaryIs></Polygon></Placemark><Placemark><name>Province Papua Barat - Bagian 1373</name><visibility>1</visibility><styleUrl>#papua-barat-google-earth</styleUrl><Polygon><extrude>0</extrude><tessellate>1</tessellate><altitudeMode>clampToGround</altitudeMode><outerBoundaryIs><LinearRing><coordinates>132.40228821,-2.60509479,0 132.40233099,-2.60489891,0 132.40222760,-2.60501644,0 132.40228821,-2.60509479,0</coordinates></LinearRing></outerBoundaryIs></Polygon></Placemark><Placemark><name>Province Papua Barat - Bagian 1374</name><visibility>1</visibility><styleUrl>#papua-barat-google-earth</styleUrl><Polygon><extrude>0</extrude><tessellate>1</tessellate><altitudeMode>clampToGround</altitudeMode><outerBoundaryIs><LinearRing><coordinates>134.17566868,-3.99861311,0 134.17563655,-3.99867379,0 134.17585071,-3.99873803,0 134.17566868,-3.99861311,0</coordinates></LinearRing></outerBoundaryIs></Polygon></Placemark><Placemark><name>Province Papua Barat - Bagian 1375</name><visibility>1</visibility><styleUrl>#papua-barat-google-earth</styleUrl><Polygon><extrude>0</extrude><tessellate>1</tessellate><altitudeMode>clampToGround</altitudeMode><outerBoundaryIs><LinearRing><coordinates>132.77932955,-3.28632009,0 132.77924389,-3.28619635,0 132.77919154,-3.28629629,0 132.77932955,-3.28632009,0</coordinates></LinearRing></outerBoundaryIs></Polygon></Placemark><Placemark><name>Province Papua Barat - Bagian 1376</name><visibility>1</visibility><styleUrl>#papua-barat-google-earth</styleUrl><Polygon><extrude>0</extrude><tessellate>1</tessellate><altitudeMode>clampToGround</altitudeMode><outerBoundaryIs><LinearRing><coordinates>134.04611607,-3.79696987,0 134.04609791,-3.79685225,0 134.04597350,-3.79686681,0 134.04611607,-3.79696987,0</coordinates></LinearRing></outerBoundaryIs></Polygon></Placemark><Placemark><name>Province Papua Barat - Bagian 1377</name><visibility>1</visibility><styleUrl>#papua-barat-google-earth</styleUrl><Polygon><extrude>0</extrude><tessellate>1</tessellate><altitudeMode>clampToGround</altitudeMode><outerBoundaryIs><LinearRing><coordinates>134.24284679,-4.04205791,0 134.24298852,-4.04200837,0 134.24296540,-4.04191146,0 134.24284679,-4.04205791,0</coordinates></LinearRing></outerBoundaryIs></Polygon></Placemark><Placemark><name>Province Papua Barat - Bagian 1378</name><visibility>1</visibility><styleUrl>#papua-barat-google-earth</styleUrl><Polygon><extrude>0</extrude><tessellate>1</tessellate><altitudeMode>clampToGround</altitudeMode><outerBoundaryIs><LinearRing><coordinates>134.22727813,-2.40158518,0 134.22723054,-2.40166251,0 134.22743875,-2.40163277,0 134.22727813,-2.40158518,0</coordinates></LinearRing></outerBoundaryIs></Polygon></Placemark><Placemark><name>Province Papua Barat - Bagian 1379</name><visibility>1</visibility><styleUrl>#papua-barat-google-earth</styleUrl><Polygon><extrude>0</extrude><tessellate>1</tessellate><altitudeMode>clampToGround</altitudeMode><outerBoundaryIs><LinearRing><coordinates>133.66675524,-3.21897798,0 133.66692656,-3.21818324,0 133.66684566,-3.21847353,0 133.66675524,-3.21897798,0</coordinates></LinearRing></outerBoundaryIs></Polygon></Placemark><Placemark><name>Province Papua Barat - Bagian 1380</name><visibility>1</visibility><styleUrl>#papua-barat-google-earth</styleUrl><Polygon><extrude>0</extrude><tessellate>1</tessellate><altitudeMode>clampToGround</altitudeMode><outerBoundaryIs><LinearRing><coordinates>134.01430564,-3.80770960,0 134.01421407,-3.80780136,0 134.01423953,-3.80793369,0 134.01430564,-3.80770960,0</coordinates></LinearRing></outerBoundaryIs></Polygon></Placemark><Placemark><name>Province Papua Barat - Bagian 1381</name><visibility>1</visibility><styleUrl>#papua-barat-google-earth</styleUrl><Polygon><extrude>0</extrude><tessellate>1</tessellate><altitudeMode>clampToGround</altitudeMode><outerBoundaryIs><LinearRing><coordinates>133.97107865,-3.84730044,0 133.97114202,-3.84726235,0 133.97096909,-3.84713918,0 133.97107865,-3.84730044,0</coordinates></LinearRing></outerBoundaryIs></Polygon></Placemark><Placemark><name>Province Papua Barat - Bagian 1382</name><visibility>1</visibility><styleUrl>#papua-barat-google-earth</styleUrl><Polygon><extrude>0</extrude><tessellate>1</tessellate><altitudeMode>clampToGround</altitudeMode><outerBoundaryIs><LinearRing><coordinates>134.18387500,-3.82511097,0 134.18404989,-3.82509312,0 134.18410343,-3.82500746,0 134.18387500,-3.82511097,0</coordinates></LinearRing></outerBoundaryIs></Polygon></Placemark><Placemark><name>Province Papua Barat - Bagian 1383</name><visibility>1</visibility><styleUrl>#papua-barat-google-earth</styleUrl><Polygon><extrude>0</extrude><tessellate>1</tessellate><altitudeMode>clampToGround</altitudeMode><outerBoundaryIs><LinearRing><coordinates>134.09135531,-3.91485329,0 134.09145941,-3.91493062,0 134.09149213,-3.91482057,0 134.09135531,-3.91485329,0</coordinates></LinearRing></outerBoundaryIs></Polygon></Placemark><Placemark><name>Province Papua Barat - Bagian 1384</name><visibility>1</visibility><styleUrl>#papua-barat-google-earth</styleUrl><Polygon><extrude>0</extrude><tessellate>1</tessellate><altitudeMode>clampToGround</altitudeMode><outerBoundaryIs><LinearRing><coordinates>132.80071157,-3.85372926,0 132.80080199,-3.85374829,0 132.80083054,-3.85360077,0 132.80071157,-3.85372926,0</coordinates></LinearRing></outerBoundaryIs></Polygon></Placemark><Placemark><name>Province Papua Barat - Bagian 1385</name><visibility>1</visibility><styleUrl>#papua-barat-google-earth</styleUrl><Polygon><extrude>0</extrude><tessellate>1</tessellate><altitudeMode>clampToGround</altitudeMode><outerBoundaryIs><LinearRing><coordinates>132.78118571,-3.81923778,0 132.78106079,-3.81918424,0 132.78102510,-3.81927942,0 132.78118571,-3.81923778,0</coordinates></LinearRing></outerBoundaryIs></Polygon></Placemark><Placemark><name>Province Papua Barat - Bagian 1386</name><visibility>1</visibility><styleUrl>#papua-barat-google-earth</styleUrl><Polygon><extrude>0</extrude><tessellate>1</tessellate><altitudeMode>clampToGround</altitudeMode><outerBoundaryIs><LinearRing><coordinates>134.03222423,-3.78860321,0 134.03221531,-3.78849613,0 134.03209039,-3.78853182,0 134.03222423,-3.78860321,0</coordinates></LinearRing></outerBoundaryIs></Polygon></Placemark><Placemark><name>Province Papua Barat - Bagian 1387</name><visibility>1</visibility><styleUrl>#papua-barat-google-earth</styleUrl><Polygon><extrude>0</extrude><tessellate>1</tessellate><altitudeMode>clampToGround</altitudeMode><outerBoundaryIs><LinearRing><coordinates>134.10033959,-3.91803641,0 134.10037172,-3.91819345,0 134.10045381,-3.91817560,0 134.10033959,-3.91803641,0</coordinates></LinearRing></outerBoundaryIs></Polygon></Placemark><Placemark><name>Province Papua Barat - Bagian 1388</name><visibility>1</visibility><styleUrl>#papua-barat-google-earth</styleUrl><Polygon><extrude>0</extrude><tessellate>1</tessellate><altitudeMode>clampToGround</altitudeMode><outerBoundaryIs><LinearRing><coordinates>134.21687394,-2.40817629,0 134.21705954,-2.40819056,0 134.21698101,-2.40811204,0 134.21687394,-2.40817629,0</coordinates></LinearRing></outerBoundaryIs></Polygon></Placemark><Placemark><name>Province Papua Barat - Bagian 1389</name><visibility>1</visibility><styleUrl>#papua-barat-google-earth</styleUrl><Polygon><extrude>0</extrude><tessellate>1</tessellate><altitudeMode>clampToGround</altitudeMode><outerBoundaryIs><LinearRing><coordinates>132.74922590,-3.27786931,0 132.74921400,-3.27795854,0 132.74936272,-3.27797044,0 132.74922590,-3.27786931,0</coordinates></LinearRing></outerBoundaryIs></Polygon></Placemark><Placemark><name>Province Papua Barat - Bagian 1390</name><visibility>1</visibility><styleUrl>#papua-barat-google-earth</styleUrl><Polygon><extrude>0</extrude><tessellate>1</tessellate><altitudeMode>clampToGround</altitudeMode><outerBoundaryIs><LinearRing><coordinates>134.01579629,-3.80677411,0 134.01588956,-3.80683502,0 134.01596571,-3.80674175,0 134.01579629,-3.80677411,0</coordinates></LinearRing></outerBoundaryIs></Polygon></Placemark><Placemark><name>Province Papua Barat - Bagian 1391</name><visibility>1</visibility><styleUrl>#papua-barat-google-earth</styleUrl><Polygon><extrude>0</extrude><tessellate>1</tessellate><altitudeMode>clampToGround</altitudeMode><outerBoundaryIs><LinearRing><coordinates>133.33664903,-4.05344194,0 133.33649913,-4.05349905,0 133.33655623,-4.05356329,0 133.33664903,-4.05344194,0</coordinates></LinearRing></outerBoundaryIs></Polygon></Placemark><Placemark><name>Province Papua Barat - Bagian 1392</name><visibility>1</visibility><styleUrl>#papua-barat-google-earth</styleUrl><Polygon><extrude>0</extrude><tessellate>1</tessellate><altitudeMode>clampToGround</altitudeMode><outerBoundaryIs><LinearRing><coordinates>132.83873774,-3.92120958,0 132.83880317,-3.92134640,0 132.83887456,-3.92129881,0 132.83873774,-3.92120958,0</coordinates></LinearRing></outerBoundaryIs></Polygon></Placemark><Placemark><name>Province Papua Barat - Bagian 1393</name><visibility>1</visibility><styleUrl>#papua-barat-google-earth</styleUrl><Polygon><extrude>0</extrude><tessellate>1</tessellate><altitudeMode>clampToGround</altitudeMode><outerBoundaryIs><LinearRing><coordinates>134.01665276,-3.84680681,0 134.01668580,-3.84670395,0 134.01657609,-3.84666340,0 134.01665276,-3.84680681,0</coordinates></LinearRing></outerBoundaryIs></Polygon></Placemark><Placemark><name>Province Papua Barat - Bagian 1394</name><visibility>1</visibility><styleUrl>#papua-barat-google-earth</styleUrl><Polygon><extrude>0</extrude><tessellate>1</tessellate><altitudeMode>clampToGround</altitudeMode><outerBoundaryIs><LinearRing><coordinates>134.69522495,-1.97517257,0 134.69510189,-1.97541361,0 134.69515868,-1.97540251,0 134.69522495,-1.97517257,0</coordinates></LinearRing></outerBoundaryIs></Polygon></Placemark><Placemark><name>Province Papua Barat - Bagian 1395</name><visibility>1</visibility><styleUrl>#papua-barat-google-earth</styleUrl><Polygon><extrude>0</extrude><tessellate>1</tessellate><altitudeMode>clampToGround</altitudeMode><outerBoundaryIs><LinearRing><coordinates>132.59308999,-3.16711602,0 132.59306047,-3.16721337,0 132.59318018,-3.16722684,0 132.59308999,-3.16711602,0</coordinates></LinearRing></outerBoundaryIs></Polygon></Placemark><Placemark><name>Province Papua Barat - Bagian 1396</name><visibility>1</visibility><styleUrl>#papua-barat-google-earth</styleUrl><Polygon><extrude>0</extrude><tessellate>1</tessellate><altitudeMode>clampToGround</altitudeMode><outerBoundaryIs><LinearRing><coordinates>134.40782774,-2.72265930,0 134.40778491,-2.72255936,0 134.40769925,-2.72263788,0 134.40782774,-2.72265930,0</coordinates></LinearRing></outerBoundaryIs></Polygon></Placemark><Placemark><name>Province Papua Barat - Bagian 1397</name><visibility>1</visibility><styleUrl>#papua-barat-google-earth</styleUrl><Polygon><extrude>0</extrude><tessellate>1</tessellate><altitudeMode>clampToGround</altitudeMode><outerBoundaryIs><LinearRing><coordinates>134.22672073,-4.00613729,0 134.22679042,-4.00620637,0 134.22682826,-4.00607565,0 134.22672073,-4.00613729,0</coordinates></LinearRing></outerBoundaryIs></Polygon></Placemark><Placemark><name>Province Papua Barat - Bagian 1398</name><visibility>1</visibility><styleUrl>#papua-barat-google-earth</styleUrl><Polygon><extrude>0</extrude><tessellate>1</tessellate><altitudeMode>clampToGround</altitudeMode><outerBoundaryIs><LinearRing><coordinates>134.15193237,-3.96674299,0 134.15187883,-3.96682924,0 134.15198888,-3.96687088,0 134.15193237,-3.96674299,0</coordinates></LinearRing></outerBoundaryIs></Polygon></Placemark><Placemark><name>Province Papua Barat - Bagian 1399</name><visibility>1</visibility><styleUrl>#papua-barat-google-earth</styleUrl><Polygon><extrude>0</extrude><tessellate>1</tessellate><altitudeMode>clampToGround</altitudeMode><outerBoundaryIs><LinearRing><coordinates>132.09728037,-2.71630120,0 132.09731602,-2.71617371,0 132.09723092,-2.71614993,0 132.09728037,-2.71630120,0</coordinates></LinearRing></outerBoundaryIs></Polygon></Placemark><Placemark><name>Province Papua Barat - Bagian 1400</name><visibility>1</visibility><styleUrl>#papua-barat-google-earth</styleUrl><Polygon><extrude>0</extrude><tessellate>1</tessellate><altitudeMode>clampToGround</altitudeMode><outerBoundaryIs><LinearRing><coordinates>132.59582974,-3.16608808,0 132.59568714,-3.16608334,0 132.59565861,-3.16616402,0 132.59582974,-3.16608808,0</coordinates></LinearRing></outerBoundaryIs></Polygon></Placemark><Placemark><name>Province Papua Barat - Bagian 1401</name><visibility>1</visibility><styleUrl>#papua-barat-google-earth</styleUrl><Polygon><extrude>0</extrude><tessellate>1</tessellate><altitudeMode>clampToGround</altitudeMode><outerBoundaryIs><LinearRing><coordinates>132.50405920,-2.67468917,0 132.50393116,-2.67467485,0 132.50395539,-2.67476837,0 132.50405920,-2.67468917,0</coordinates></LinearRing></outerBoundaryIs></Polygon></Placemark><Placemark><name>Province Papua Barat - Bagian 1402</name><visibility>1</visibility><styleUrl>#papua-barat-google-earth</styleUrl><Polygon><extrude>0</extrude><tessellate>1</tessellate><altitudeMode>clampToGround</altitudeMode><outerBoundaryIs><LinearRing><coordinates>132.75391463,-3.27461302,0 132.75404550,-3.27462492,0 132.75402765,-3.27453569,0 132.75391463,-3.27461302,0</coordinates></LinearRing></outerBoundaryIs></Polygon></Placemark><Placemark><name>Province Papua Barat - Bagian 1403</name><visibility>1</visibility><styleUrl>#papua-barat-google-earth</styleUrl><Polygon><extrude>0</extrude><tessellate>1</tessellate><altitudeMode>clampToGround</altitudeMode><outerBoundaryIs><LinearRing><coordinates>133.69004211,-3.15173162,0 133.69024198,-3.15177921,0 133.69024198,-3.15172211,0 133.69004211,-3.15173162,0</coordinates></LinearRing></outerBoundaryIs></Polygon></Placemark><Placemark><name>Province Papua Barat - Bagian 1404</name><visibility>1</visibility><styleUrl>#papua-barat-google-earth</styleUrl><Polygon><extrude>0</extrude><tessellate>1</tessellate><altitudeMode>clampToGround</altitudeMode><outerBoundaryIs><LinearRing><coordinates>132.78540926,-3.81438368,0 132.78528433,-3.81444912,0 132.78534382,-3.81450860,0 132.78540926,-3.81438368,0</coordinates></LinearRing></outerBoundaryIs></Polygon></Placemark><Placemark><name>Province Papua Barat - Bagian 1405</name><visibility>1</visibility><styleUrl>#papua-barat-google-earth</styleUrl><Polygon><extrude>0</extrude><tessellate>1</tessellate><altitudeMode>clampToGround</altitudeMode><outerBoundaryIs><LinearRing><coordinates>132.59621206,-3.22901999,0 132.59613871,-3.22893366,0 132.59608377,-3.22902233,0 132.59621206,-3.22901999,0</coordinates></LinearRing></outerBoundaryIs></Polygon></Placemark><Placemark><name>Province Papua Barat - Bagian 1406</name><visibility>1</visibility><styleUrl>#papua-barat-google-earth</styleUrl><Polygon><extrude>0</extrude><tessellate>1</tessellate><altitudeMode>clampToGround</altitudeMode><outerBoundaryIs><LinearRing><coordinates>132.81388308,-3.87961066,0 132.81380574,-3.87953927,0 132.81375221,-3.87963445,0 132.81388308,-3.87961066,0</coordinates></LinearRing></outerBoundaryIs></Polygon></Placemark><Placemark><name>Province Papua Barat - Bagian 1407</name><visibility>1</visibility><styleUrl>#papua-barat-google-earth</styleUrl><Polygon><extrude>0</extrude><tessellate>1</tessellate><altitudeMode>clampToGround</altitudeMode><outerBoundaryIs><LinearRing><coordinates>133.83938739,-3.58904395,0 133.83934019,-3.58893350,0 133.83928365,-3.58903729,0 133.83938739,-3.58904395,0</coordinates></LinearRing></outerBoundaryIs></Polygon></Placemark><Placemark><name>Province Papua Barat - Bagian 1408</name><visibility>1</visibility><styleUrl>#papua-barat-google-earth</styleUrl><Polygon><extrude>0</extrude><tessellate>1</tessellate><altitudeMode>clampToGround</altitudeMode><outerBoundaryIs><LinearRing><coordinates>134.13580768,-2.01588432,0 134.13573637,-2.01584584,0 134.13568646,-2.01597410,0 134.13580768,-2.01588432,0</coordinates></LinearRing></outerBoundaryIs></Polygon></Placemark><Placemark><name>Province Papua Barat - Bagian 1409</name><visibility>1</visibility><styleUrl>#papua-barat-google-earth</styleUrl><Polygon><extrude>0</extrude><tessellate>1</tessellate><altitudeMode>clampToGround</altitudeMode><outerBoundaryIs><LinearRing><coordinates>132.69743669,-3.33042566,0 132.69730820,-3.33042566,0 132.69735579,-3.33051132,0 132.69743669,-3.33042566,0</coordinates></LinearRing></outerBoundaryIs></Polygon></Placemark><Placemark><name>Province Papua Barat - Bagian 1410</name><visibility>1</visibility><styleUrl>#papua-barat-google-earth</styleUrl><Polygon><extrude>0</extrude><tessellate>1</tessellate><altitudeMode>clampToGround</altitudeMode><outerBoundaryIs><LinearRing><coordinates>134.01432221,-3.80746403,0 134.01431626,-3.80736291,0 134.01421514,-3.80741942,0 134.01432221,-3.80746403,0</coordinates></LinearRing></outerBoundaryIs></Polygon></Placemark><Placemark><name>Province Papua Barat - Bagian 1411</name><visibility>1</visibility><styleUrl>#papua-barat-google-earth</styleUrl><Polygon><extrude>0</extrude><tessellate>1</tessellate><altitudeMode>clampToGround</altitudeMode><outerBoundaryIs><LinearRing><coordinates>134.11649128,-3.90344105,0 134.11657337,-3.90336610,0 134.11647700,-3.90332684,0 134.11649128,-3.90344105,0</coordinates></LinearRing></outerBoundaryIs></Polygon></Placemark><Placemark><name>Province Papua Barat - Bagian 1412</name><visibility>1</visibility><styleUrl>#papua-barat-google-earth</styleUrl><Polygon><extrude>0</extrude><tessellate>1</tessellate><altitudeMode>clampToGround</altitudeMode><outerBoundaryIs><LinearRing><coordinates>134.18337477,-4.00966073,0 134.18322764,-4.00967630,0 134.18321446,-4.00974803,0 134.18337477,-4.00966073,0</coordinates></LinearRing></outerBoundaryIs></Polygon></Placemark><Placemark><name>Province Papua Barat - Bagian 1413</name><visibility>1</visibility><styleUrl>#papua-barat-google-earth</styleUrl><Polygon><extrude>0</extrude><tessellate>1</tessellate><altitudeMode>clampToGround</altitudeMode><outerBoundaryIs><LinearRing><coordinates>134.45377032,-2.84547111,0 134.45369180,-2.84554249,0 134.45378460,-2.84558533,0 134.45377032,-2.84547111,0</coordinates></LinearRing></outerBoundaryIs></Polygon></Placemark><Placemark><name>Province Papua Barat - Bagian 1414</name><visibility>1</visibility><styleUrl>#papua-barat-google-earth</styleUrl><Polygon><extrude>0</extrude><tessellate>1</tessellate><altitudeMode>clampToGround</altitudeMode><outerBoundaryIs><LinearRing><coordinates>134.39614242,-2.71210741,0 134.39604248,-2.71216452,0 134.39611350,-2.71222386,0 134.39614242,-2.71210741,0</coordinates></LinearRing></outerBoundaryIs></Polygon></Placemark><Placemark><name>Province Papua Barat - Bagian 1415</name><visibility>1</visibility><styleUrl>#papua-barat-google-earth</styleUrl><Polygon><extrude>0</extrude><tessellate>1</tessellate><altitudeMode>clampToGround</altitudeMode><outerBoundaryIs><LinearRing><coordinates>134.41061640,-3.99941539,0 134.41062592,-3.99948201,0 134.41076868,-3.99943918,0 134.41061640,-3.99941539,0</coordinates></LinearRing></outerBoundaryIs></Polygon></Placemark><Placemark><name>Province Papua Barat - Bagian 1416</name><visibility>1</visibility><styleUrl>#papua-barat-google-earth</styleUrl><Polygon><extrude>0</extrude><tessellate>1</tessellate><altitudeMode>clampToGround</altitudeMode><outerBoundaryIs><LinearRing><coordinates>132.72800111,-3.28120889,0 132.72794876,-3.28123268,0 132.72798683,-3.28139924,0 132.72800111,-3.28120889,0</coordinates></LinearRing></outerBoundaryIs></Polygon></Placemark><Placemark><name>Province Papua Barat - Bagian 1417</name><visibility>1</visibility><styleUrl>#papua-barat-google-earth</styleUrl><Polygon><extrude>0</extrude><tessellate>1</tessellate><altitudeMode>clampToGround</altitudeMode><outerBoundaryIs><LinearRing><coordinates>134.31877002,-3.96313209,0 134.31887948,-3.96312257,0 134.31885568,-3.96303691,0 134.31877002,-3.96313209,0</coordinates></LinearRing></outerBoundaryIs></Polygon></Placemark><Placemark><name>Province Papua Barat - Bagian 1418</name><visibility>1</visibility><styleUrl>#papua-barat-google-earth</styleUrl><Polygon><extrude>0</extrude><tessellate>1</tessellate><altitudeMode>clampToGround</altitudeMode><outerBoundaryIs><LinearRing><coordinates>132.73148940,-3.28067113,0 132.73156078,-3.28059974,0 132.73145132,-3.28057595,0 132.73148940,-3.28067113,0</coordinates></LinearRing></outerBoundaryIs></Polygon></Placemark><Placemark><name>Province Papua Barat - Bagian 1419</name><visibility>1</visibility><styleUrl>#papua-barat-google-earth</styleUrl><Polygon><extrude>0</extrude><tessellate>1</tessellate><altitudeMode>clampToGround</altitudeMode><outerBoundaryIs><LinearRing><coordinates>132.72866735,-3.28364545,0 132.72864832,-3.28354552,0 132.72856266,-3.28356455,0 132.72866735,-3.28364545,0</coordinates></LinearRing></outerBoundaryIs></Polygon></Placemark><Placemark><name>Province Papua Barat - Bagian 1420</name><visibility>1</visibility><styleUrl>#papua-barat-google-earth</styleUrl><Polygon><extrude>0</extrude><tessellate>1</tessellate><altitudeMode>clampToGround</altitudeMode><outerBoundaryIs><LinearRing><coordinates>132.76287867,-3.26503389,0 132.76288922,-3.26519149,0 132.76294367,-3.26517661,0 132.76287867,-3.26503389,0</coordinates></LinearRing></outerBoundaryIs></Polygon></Placemark><Placemark><name>Province Papua Barat - Bagian 1421</name><visibility>1</visibility><styleUrl>#papua-barat-google-earth</styleUrl><Polygon><extrude>0</extrude><tessellate>1</tessellate><altitudeMode>clampToGround</altitudeMode><outerBoundaryIs><LinearRing><coordinates>134.11562753,-3.90303416,0 134.11568464,-3.90299847,0 134.11561325,-3.90289139,0 134.11562753,-3.90303416,0</coordinates></LinearRing></outerBoundaryIs></Polygon></Placemark><Placemark><name>Province Papua Barat - Bagian 1422</name><visibility>1</visibility><styleUrl>#papua-barat-google-earth</styleUrl><Polygon><extrude>0</extrude><tessellate>1</tessellate><altitudeMode>clampToGround</altitudeMode><outerBoundaryIs><LinearRing><coordinates>134.20513449,-4.02549224,0 134.20515056,-4.02538942,0 134.20506694,-4.02539359,0 134.20513449,-4.02549224,0</coordinates></LinearRing></outerBoundaryIs></Polygon></Placemark><Placemark><name>Province Papua Barat - Bagian 1423</name><visibility>1</visibility><styleUrl>#papua-barat-google-earth</styleUrl><Polygon><extrude>0</extrude><tessellate>1</tessellate><altitudeMode>clampToGround</altitudeMode><outerBoundaryIs><LinearRing><coordinates>132.75472959,-3.27372667,0 132.75469985,-3.27378616,0 132.75481882,-3.27382780,0 132.75472959,-3.27372667,0</coordinates></LinearRing></outerBoundaryIs></Polygon></Placemark><Placemark><name>Province Papua Barat - Bagian 1424</name><visibility>1</visibility><styleUrl>#papua-barat-google-earth</styleUrl><Polygon><extrude>0</extrude><tessellate>1</tessellate><altitudeMode>clampToGround</altitudeMode><outerBoundaryIs><LinearRing><coordinates>134.18199916,-4.02188969,0 134.18202967,-4.02182028,0 134.18191769,-4.02181564,0 134.18199916,-4.02188969,0</coordinates></LinearRing></outerBoundaryIs></Polygon></Placemark><Placemark><name>Province Papua Barat - Bagian 1425</name><visibility>1</visibility><styleUrl>#papua-barat-google-earth</styleUrl><Polygon><extrude>0</extrude><tessellate>1</tessellate><altitudeMode>clampToGround</altitudeMode><outerBoundaryIs><LinearRing><coordinates>132.83460837,-3.95943492,0 132.83453699,-3.95944919,0 132.83457268,-3.95954913,0 132.83460837,-3.95943492,0</coordinates></LinearRing></outerBoundaryIs></Polygon></Placemark><Placemark><name>Province Papua Barat - Bagian 1426</name><visibility>1</visibility><styleUrl>#papua-barat-google-earth</styleUrl><Polygon><extrude>0</extrude><tessellate>1</tessellate><altitudeMode>clampToGround</altitudeMode><outerBoundaryIs><LinearRing><coordinates>132.69932122,-3.33180099,0 132.69934026,-3.33167725,0 132.69927839,-3.33168677,0 132.69932122,-3.33180099,0</coordinates></LinearRing></outerBoundaryIs></Polygon></Placemark><Placemark><name>Province Papua Barat - Bagian 1427</name><visibility>1</visibility><styleUrl>#papua-barat-google-earth</styleUrl><Polygon><extrude>0</extrude><tessellate>1</tessellate><altitudeMode>clampToGround</altitudeMode><outerBoundaryIs><LinearRing><coordinates>132.01607887,-2.74170444,0 132.01610382,-2.74175429,0 132.01619652,-2.74164390,0 132.01607887,-2.74170444,0</coordinates></LinearRing></outerBoundaryIs></Polygon></Placemark><Placemark><name>Province Papua Barat - Bagian 1428</name><visibility>1</visibility><styleUrl>#papua-barat-google-earth</styleUrl><Polygon><extrude>0</extrude><tessellate>1</tessellate><altitudeMode>clampToGround</altitudeMode><outerBoundaryIs><LinearRing><coordinates>132.82669228,-3.96431853,0 132.82672303,-3.96431361,0 132.82650040,-3.96410943,0 132.82669228,-3.96431853,0</coordinates></LinearRing></outerBoundaryIs></Polygon></Placemark><Placemark><name>Province Papua Barat - Bagian 1429</name><visibility>1</visibility><styleUrl>#papua-barat-google-earth</styleUrl><Polygon><extrude>0</extrude><tessellate>1</tessellate><altitudeMode>clampToGround</altitudeMode><outerBoundaryIs><LinearRing><coordinates>134.19117416,-4.01065704,0 134.19115857,-4.01046288,0 134.19118540,-4.01126529,0 134.19117416,-4.01065704,0</coordinates></LinearRing></outerBoundaryIs></Polygon></Placemark><Placemark><name>Province Papua Barat - Bagian 1430</name><visibility>1</visibility><styleUrl>#papua-barat-google-earth</styleUrl><Polygon><extrude>0</extrude><tessellate>1</tessellate><altitudeMode>clampToGround</altitudeMode><outerBoundaryIs><LinearRing><coordinates>132.83913630,-3.92262536,0 132.83926122,-3.92264916,0 132.83925527,-3.92258967,0 132.83913630,-3.92262536,0</coordinates></LinearRing></outerBoundaryIs></Polygon></Placemark><Placemark><name>Province Papua Barat - Bagian 1431</name><visibility>1</visibility><styleUrl>#papua-barat-google-earth</styleUrl><Polygon><extrude>0</extrude><tessellate>1</tessellate><altitudeMode>clampToGround</altitudeMode><outerBoundaryIs><LinearRing><coordinates>134.41098521,-4.00082998,0 134.41091621,-4.00082284,0 134.41093049,-4.00092754,0 134.41098521,-4.00082998,0</coordinates></LinearRing></outerBoundaryIs></Polygon></Placemark><Placemark><name>Province Papua Barat - Bagian 1432</name><visibility>1</visibility><styleUrl>#papua-barat-google-earth</styleUrl><Polygon><extrude>0</extrude><tessellate>1</tessellate><altitudeMode>clampToGround</altitudeMode><outerBoundaryIs><LinearRing><coordinates>134.33794194,-2.57813649,0 134.33792772,-2.57824727,0 134.33799144,-2.57825075,0 134.33794194,-2.57813649,0</coordinates></LinearRing></outerBoundaryIs></Polygon></Placemark><Placemark><name>Province Papua Barat - Bagian 1433</name><visibility>1</visibility><styleUrl>#papua-barat-google-earth</styleUrl><Polygon><extrude>0</extrude><tessellate>1</tessellate><altitudeMode>clampToGround</altitudeMode><outerBoundaryIs><LinearRing><coordinates>132.44193794,-2.61480969,0 132.44201519,-2.61478595,0 132.44202707,-2.61469097,0 132.44193794,-2.61480969,0</coordinates></LinearRing></outerBoundaryIs></Polygon></Placemark><Placemark><name>Province Papua Barat - Bagian 1434</name><visibility>1</visibility><styleUrl>#papua-barat-google-earth</styleUrl><Polygon><extrude>0</extrude><tessellate>1</tessellate><altitudeMode>clampToGround</altitudeMode><outerBoundaryIs><LinearRing><coordinates>134.70141881,-1.98760062,0 134.70148719,-1.98758408,0 134.70145934,-1.98748856,0 134.70141881,-1.98760062,0</coordinates></LinearRing></outerBoundaryIs></Polygon></Placemark><Placemark><name>Province Papua Barat - Bagian 1435</name><visibility>1</visibility><styleUrl>#papua-barat-google-earth</styleUrl><Polygon><extrude>0</extrude><tessellate>1</tessellate><altitudeMode>clampToGround</altitudeMode><outerBoundaryIs><LinearRing><coordinates>134.17702553,-4.00101802,0 134.17709141,-4.00100745,0 134.17699979,-4.00091629,0 134.17702553,-4.00101802,0</coordinates></LinearRing></outerBoundaryIs></Polygon></Placemark><Placemark><name>Province Papua Barat - Bagian 1436</name><visibility>1</visibility><styleUrl>#papua-barat-google-earth</styleUrl><Polygon><extrude>0</extrude><tessellate>1</tessellate><altitudeMode>clampToGround</altitudeMode><outerBoundaryIs><LinearRing><coordinates>134.15271730,-1.99446967,0 134.15256260,-1.99449359,0 134.15256855,-1.99453547,0 134.15271730,-1.99446967,0</coordinates></LinearRing></outerBoundaryIs></Polygon></Placemark><Placemark><name>Province Papua Barat - Bagian 1437</name><visibility>1</visibility><styleUrl>#papua-barat-google-earth</styleUrl><Polygon><extrude>0</extrude><tessellate>1</tessellate><altitudeMode>clampToGround</altitudeMode><outerBoundaryIs><LinearRing><coordinates>132.80940850,-3.91824002,0 132.80946204,-3.91815792,0 132.80939779,-3.91813294,0 132.80940850,-3.91824002,0</coordinates></LinearRing></outerBoundaryIs></Polygon></Placemark><Placemark><name>Province Papua Barat - Bagian 1438</name><visibility>1</visibility><styleUrl>#papua-barat-google-earth</styleUrl><Polygon><extrude>0</extrude><tessellate>1</tessellate><altitudeMode>clampToGround</altitudeMode><outerBoundaryIs><LinearRing><coordinates>134.20074207,-1.75691296,0 134.20078252,-1.75697244,0 134.20083487,-1.75689392,0 134.20074207,-1.75691296,0</coordinates></LinearRing></outerBoundaryIs></Polygon></Placemark><Placemark><name>Province Papua Barat - Bagian 1439</name><visibility>1</visibility><styleUrl>#papua-barat-google-earth</styleUrl><Polygon><extrude>0</extrude><tessellate>1</tessellate><altitudeMode>clampToGround</altitudeMode><outerBoundaryIs><LinearRing><coordinates>132.10300846,-2.73617891,0 132.10313167,-2.73612624,0 132.10312778,-2.73607695,0 132.10300846,-2.73617891,0</coordinates></LinearRing></outerBoundaryIs></Polygon></Placemark><Placemark><name>Province Papua Barat - Bagian 1440</name><visibility>1</visibility><styleUrl>#papua-barat-google-earth</styleUrl><Polygon><extrude>0</extrude><tessellate>1</tessellate><altitudeMode>clampToGround</altitudeMode><outerBoundaryIs><LinearRing><coordinates>134.20970241,-4.02613548,0 134.20966815,-4.02619686,0 134.20974210,-4.02624415,0 134.20970241,-4.02613548,0</coordinates></LinearRing></outerBoundaryIs></Polygon></Placemark><Placemark><name>Province Papua Barat - Bagian 1441</name><visibility>1</visibility><styleUrl>#papua-barat-google-earth</styleUrl><Polygon><extrude>0</extrude><tessellate>1</tessellate><altitudeMode>clampToGround</altitudeMode><outerBoundaryIs><LinearRing><coordinates>134.13733881,-2.01377455,0 134.13735307,-2.01358928,0 134.13731996,-2.01358754,0 134.13733881,-2.01377455,0</coordinates></LinearRing></outerBoundaryIs></Polygon></Placemark><Placemark><name>Province Papua Barat - Bagian 1442</name><visibility>1</visibility><styleUrl>#papua-barat-google-earth</styleUrl><Polygon><extrude>0</extrude><tessellate>1</tessellate><altitudeMode>clampToGround</altitudeMode><outerBoundaryIs><LinearRing><coordinates>134.62805649,-2.47415197,0 134.62800890,-2.47410438,0 134.62794228,-2.47416149,0 134.62805649,-2.47415197,0</coordinates></LinearRing></outerBoundaryIs></Polygon></Placemark><Placemark><name>Province Papua Barat - Bagian 1443</name><visibility>1</visibility><styleUrl>#papua-barat-google-earth</styleUrl><Polygon><extrude>0</extrude><tessellate>1</tessellate><altitudeMode>clampToGround</altitudeMode><outerBoundaryIs><LinearRing><coordinates>134.36660501,-3.96458861,0 134.36657884,-3.96465761,0 134.36665260,-3.96468616,0 134.36660501,-3.96458861,0</coordinates></LinearRing></outerBoundaryIs></Polygon></Placemark><Placemark><name>Province Papua Barat - Bagian 1444</name><visibility>1</visibility><styleUrl>#papua-barat-google-earth</styleUrl><Polygon><extrude>0</extrude><tessellate>1</tessellate><altitudeMode>clampToGround</altitudeMode><outerBoundaryIs><LinearRing><coordinates>134.29885750,-3.96903454,0 134.29885750,-3.96895602,0 134.29878612,-3.96895602,0 134.29885750,-3.96903454,0</coordinates></LinearRing></outerBoundaryIs></Polygon></Placemark><Placemark><name>Province Papua Barat - Bagian 1445</name><visibility>1</visibility><styleUrl>#papua-barat-google-earth</styleUrl><Polygon><extrude>0</extrude><tessellate>1</tessellate><altitudeMode>clampToGround</altitudeMode><outerBoundaryIs><LinearRing><coordinates>132.83020899,-3.95349769,0 132.83012690,-3.95348341,0 132.83013047,-3.95355122,0 132.83020899,-3.95349769,0</coordinates></LinearRing></outerBoundaryIs></Polygon></Placemark><Placemark><name>Province Papua Barat - Bagian 1446</name><visibility>1</visibility><styleUrl>#papua-barat-google-earth</styleUrl><Polygon><extrude>0</extrude><tessellate>1</tessellate><altitudeMode>clampToGround</altitudeMode><outerBoundaryIs><LinearRing><coordinates>134.62808504,-2.47478015,0 134.62812312,-2.47484677,0 134.62818974,-2.47484677,0 134.62808504,-2.47478015,0</coordinates></LinearRing></outerBoundaryIs></Polygon></Placemark><Placemark><name>Province Papua Barat - Bagian 1447</name><visibility>1</visibility><styleUrl>#papua-barat-google-earth</styleUrl><Polygon><extrude>0</extrude><tessellate>1</tessellate><altitudeMode>clampToGround</altitudeMode><outerBoundaryIs><LinearRing><coordinates>133.83687806,-3.61616260,0 133.83698276,-3.61625207,0 133.83699989,-3.61622542,0 133.83687806,-3.61616260,0</coordinates></LinearRing></outerBoundaryIs></Polygon></Placemark><Placemark><name>Province Papua Barat - Bagian 1448</name><visibility>1</visibility><styleUrl>#papua-barat-google-earth</styleUrl><Polygon><extrude>0</extrude><tessellate>1</tessellate><altitudeMode>clampToGround</altitudeMode><outerBoundaryIs><LinearRing><coordinates>132.73151081,-3.32300769,0 132.73155364,-3.32298270,0 132.73147869,-3.32292917,0 132.73151081,-3.32300769,0</coordinates></LinearRing></outerBoundaryIs></Polygon></Placemark><Placemark><name>Province Papua Barat - Bagian 1449</name><visibility>1</visibility><styleUrl>#papua-barat-google-earth</styleUrl><Polygon><extrude>0</extrude><tessellate>1</tessellate><altitudeMode>clampToGround</altitudeMode><outerBoundaryIs><LinearRing><coordinates>134.17628189,-4.00112780,0 134.17631644,-4.00120618,0 134.17635702,-4.00117847,0 134.17628189,-4.00112780,0</coordinates></LinearRing></outerBoundaryIs></Polygon></Placemark><Placemark><name>Province Papua Barat - Bagian 1450</name><visibility>1</visibility><styleUrl>#papua-barat-google-earth</styleUrl><Polygon><extrude>0</extrude><tessellate>1</tessellate><altitudeMode>clampToGround</altitudeMode><outerBoundaryIs><LinearRing><coordinates>133.99754744,-3.83162780,0 133.99757028,-3.83167348,0 133.99765594,-3.83167348,0 133.99754744,-3.83162780,0</coordinates></LinearRing></outerBoundaryIs></Polygon></Placemark><Placemark><name>Province Papua Barat - Bagian 1451</name><visibility>1</visibility><styleUrl>#papua-barat-google-earth</styleUrl><Polygon><extrude>0</extrude><tessellate>1</tessellate><altitudeMode>clampToGround</altitudeMode><outerBoundaryIs><LinearRing><coordinates>132.82402582,-3.31114505,0 132.82396872,-3.31103084,0 132.82394016,-3.31104154,0 132.82402582,-3.31114505,0</coordinates></LinearRing></outerBoundaryIs></Polygon></Placemark><Placemark><name>Province Papua Barat - Bagian 1452</name><visibility>1</visibility><styleUrl>#papua-barat-google-earth</styleUrl><Polygon><extrude>0</extrude><tessellate>1</tessellate><altitudeMode>clampToGround</altitudeMode><outerBoundaryIs><LinearRing><coordinates>132.64366682,-3.28134927,0 132.64373821,-3.28130168,0 132.64371441,-3.28127313,0 132.64366682,-3.28134927,0</coordinates></LinearRing></outerBoundaryIs></Polygon></Placemark><Placemark><name>Province Papua Barat - Bagian 1453</name><visibility>1</visibility><styleUrl>#papua-barat-google-earth</styleUrl><Polygon><extrude>0</extrude><tessellate>1</tessellate><altitudeMode>clampToGround</altitudeMode><outerBoundaryIs><LinearRing><coordinates>134.17605862,-4.00093298,0 134.17604488,-4.00097344,0 134.17612032,-4.00097845,0 134.17605862,-4.00093298,0</coordinates></LinearRing></outerBoundaryIs></Polygon></Placemark><Placemark><name>Province Papua Barat - Bagian 1454</name><visibility>1</visibility><styleUrl>#papua-barat-google-earth</styleUrl><Polygon><extrude>0</extrude><tessellate>1</tessellate><altitudeMode>clampToGround</altitudeMode><outerBoundaryIs><LinearRing><coordinates>134.20955353,-4.02606599,0 134.20951534,-4.02611845,0 134.20954227,-4.02614655,0 134.20955353,-4.02606599,0</coordinates></LinearRing></outerBoundaryIs></Polygon></Placemark><Placemark><name>Province Papua Barat - Bagian 1455</name><visibility>1</visibility><styleUrl>#papua-barat-google-earth</styleUrl><Polygon><extrude>0</extrude><tessellate>1</tessellate><altitudeMode>clampToGround</altitudeMode><outerBoundaryIs><LinearRing><coordinates>132.83485822,-3.96090542,0 132.83487606,-3.96090542,0 132.83484037,-3.96076979,0 132.83485822,-3.96090542,0</coordinates></LinearRing></outerBoundaryIs></Polygon></Placemark></Folder></Document></kml>